{"type":"FeatureCollection","features":[{"type":"Feature","properties":{"id":"370832","name":"梁山县","adminCode":"370832","cityName":"济宁市","provinceName":"山东省","analysisUnitType":"黄河滩区涉及县域筛查单元","sourceNote":"用户提供的黄河滩区中下游涉及县区边界；表示涉及县域，不等同于精确滩区或湿地管理单元"},"geometry":{"type":"Polygon","coordinates":[[[116.32678019999997,35.61474465000002],[116.32544207999999,35.61491646000001],[116.32411404,35.61542801999998],[116.32214699999999,35.61725988000001],[116.32080888000002,35.61835121999998],[116.32003991999999,35.61938171999995],[116.31926088,35.620242389999994],[116.31821256,35.62132328999999],[116.31708395999998,35.62246431],[116.31568607999999,35.623335869999956],[116.31392855999998,35.624018070000005],[116.3128104,35.62406954999997],[116.31119292,35.62419185999998],[116.3093058,35.624014650000014],[116.30817755999999,35.624126159999975],[116.30621088000001,35.622919529999976],[116.30502324000001,35.62137206999999],[116.30439468,35.61960384],[116.30362607999999,35.61862536000002],[116.30214828,35.61868746000001],[116.30158884,35.620627320000004],[116.30066975999999,35.62205786999997],[116.29765008000003,35.62337825999999],[116.29617983999998,35.623488150000014],[116.29232856,35.62375805999994],[116.29385928000002,35.62219881000001],[116.29572047999999,35.61978006],[116.29266948000001,35.619889950000015],[116.29070892000001,35.61995996999999],[116.28740807999998,35.62020980999998],[116.28432719999999,35.62033977],[116.28003564000002,35.620479719999985],[116.27505431999998,35.62068959999999],[116.27042291999997,35.621129339999975],[116.26740215999999,35.62107939000003],[116.26516151999999,35.62103943000002],[116.25729947999997,35.62115931000001],[116.25048756000002,35.62103942999997],[116.24994719999998,35.62103942999997],[116.24634647999997,35.62106939999999],[116.24439564000001,35.62113933000002],[116.23863419999998,35.621359200000015],[116.23569336,35.621209349999994],[116.234073,35.62115931000001],[116.22932136,35.62148915999998],[116.22119903999999,35.622188819999955],[116.2182582,35.62225875],[116.20664496,35.62391798999997],[116.20497456000003,35.62432776000001],[116.20393416,35.62442774999998],[116.20140336000001,35.62456761000002],[116.19699696,35.62465364999998],[116.19119519999998,35.62557551999997],[116.19012312,35.62576407000001],[116.18893044000001,35.62605234],[116.18354951999999,35.62718462999998],[116.17676567999997,35.62901459999997],[116.17172531999998,35.630377200000005],[116.1674262,35.63138097000003],[116.16455051999998,35.631856889999995],[116.16432983999998,35.63189658],[116.1594198,35.63269965000002],[116.15585256,35.63364438000002],[116.15151347999998,35.63453808000001],[116.14611239999999,35.63532044999997],[116.14198391999997,35.63585469000001],[116.14159332,35.63592408],[116.13726432,35.636627880000006],[116.13455856000002,35.637283890000006],[116.13134196000001,35.637929279999994],[116.12910743999998,35.63875584000001],[116.12692295999999,35.63922258],[116.12620115999998,35.640620820000024],[116.12526876,35.64233865000001],[116.12502828,35.64262809000002],[116.12386583999998,35.643995820000015],[116.12232216,35.645982570000044],[116.1210492,35.64787976999999],[116.12020715999999,35.649937439999995],[116.11942524,35.65194525000003],[116.11921464,35.65248461999998],[116.11858320000002,35.65417275],[116.11794131999999,35.65611081000002],[116.11743983999999,35.65845872999999],[116.11708920000001,35.65956762],[116.1168084,35.66045672999997],[116.1165978,35.66165571],[116.11813031999999,35.664186329999964],[116.11868111999999,35.66618594999998],[116.11878119999999,35.66661578999996],[116.11879127999998,35.66667582000001],[116.1191016,35.66807540999999],[116.11921176000001,35.66894507999999],[116.11937195999998,35.67014460000001],[116.11921140000001,35.67104388000001],[116.1190908,35.67174326999997],[116.11887012,35.67345200999998],[116.11759715999999,35.67517920000003],[116.11493136,35.67728429999999],[116.11232568000001,35.67892977000001],[116.11014084000001,35.68064580000004],[116.10781560000002,35.682081659999994],[116.10564084000004,35.683647750000006],[116.10423791999999,35.68326605999999],[116.10234432,35.68263380999999],[116.10105156,35.68203242999999],[116.09954028000003,35.681302170000016],[116.09792352,35.68084569],[116.09638704000002,35.680509090000015],[116.09351279999998,35.68067477999996],[116.09120735999998,35.68124916],[116.08966043999997,35.68222178999999],[116.08951068,35.68247199000002],[116.08867224,35.68365297000003],[116.08880148,35.68590143999999],[116.08908047999998,35.68782978000001],[116.08949951999999,35.68966784999999],[116.08955892,35.69120685000001],[116.08983828000001,35.692235729999986],[116.08968816000001,35.69356529999996],[116.08857035999999,35.69515668000003],[116.08709327999999,35.69624919000001],[116.08547652000001,35.69785163999998],[116.08392923999999,35.69939406],[116.08355988,35.70093423000004],[116.08259220000002,35.701576109999955],[116.08234236000001,35.70246639],[116.08053623999999,35.70347996999999],[116.07782183999998,35.704255410000016],[116.07592572,35.705109149999984],[116.07521723999997,35.70552045],[116.07465816000001,35.70580151999999],[116.07276239999997,35.706315329999995],[116.07086628,35.706819150000015],[116.06981832000001,35.707341150000005],[116.06839127999999,35.70844383000002],[116.06819148000001,35.70860420999998],[116.06714352000002,35.71002593999998],[116.06706360000001,35.71157565000001],[116.06708339999999,35.71165557000001],[116.06741279999999,35.71329438000004],[116.06748228000001,35.71484381999996],[116.06879952,35.71686054000001],[116.06791104,35.71769205],[116.06518656000001,35.71949709000003],[116.06339016,35.72042049000001],[116.06281127999998,35.72071154999998],[116.05639391999999,35.72516312999999],[116.043309,35.73214703999997],[116.04052439999998,35.734291830000004],[116.03651183999999,35.737388640000034],[116.03476476,35.73874151999999],[116.03224943999999,35.74107558000001],[116.03095164,35.74229768999995],[116.02256652000001,35.75004084],[116.00001539999998,35.76660650999996],[115.99544268,35.76995324999997],[115.99436411999997,35.7712146],[115.9924968,35.773397009999975],[115.99186787999999,35.77443768000002],[115.98853356,35.77459374000002],[115.98585840000001,35.774698590000014],[115.98381215999999,35.77446252000001],[115.98149627999997,35.77404698999998],[115.97881104,35.774831610000035],[115.97342004000002,35.77804010999999],[115.96694111999999,35.783419769999995],[115.96308767999997,35.78547609000002],[115.96048236,35.786670480000005],[115.95801671999997,35.787294810000006],[115.9558308,35.78780871],[115.95521195999999,35.78794982999996],[115.95210768000003,35.78865534],[115.94887343999999,35.789561009999986],[115.94632823999997,35.7905754],[115.94401236000002,35.79177933000003],[115.942455,35.79303176999996],[115.93922112,35.79455727],[115.93696535999999,35.79553115999995],[115.93477943999997,35.79604514999995],[115.93162548000001,35.79666083999999],[115.92825156,35.79693714000003],[115.92650483999999,35.79729029999999],[115.92579635999999,35.79744158999998],[115.92396971999999,35.797615020000045],[115.92214308,35.79783839999999],[115.91897904,35.79840414000001],[115.91813087999999,35.799545429999995],[115.91809092,35.79960546000002],[115.91731224,35.80082648999999],[115.91728236000002,35.80086653999998],[115.91686296,35.80206686999998],[115.91586432000003,35.80354808999998],[115.91424719999999,35.80458075000002],[115.9136784,35.80549155000003],[115.91324856,35.80744158000001],[115.91240004,35.80823285999997],[115.91085312,35.80885556999998],[115.90952544,35.80919793000002],[115.90797851999999,35.809140870000014],[115.90644131999997,35.808853859999985],[115.90482456,35.80844714999999],[115.90328736,35.80805025000003],[115.90201979999999,35.80787267999997],[115.89985367999999,35.807526540000005],[115.89809976000001,35.80728444000001],[115.89591456,35.80699166999998],[115.89415056,35.807049360000036],[115.89232644000002,35.80731684000002],[115.89035184,35.808173910000015],[115.88865768,35.808671519999976],[115.88703408,35.80895925000001],[115.88485895999999,35.80946621999999],[115.88281416,35.81031320999999],[115.88119019999999,35.81093079],[115.87949640000002,35.811218519999976],[115.87788252,35.81160623999999],[115.87639896000003,35.812453860000026],[115.8749856,35.812931850000005],[115.87470515999999,35.81303139],[115.87301099999999,35.813988810000026],[115.87152744,35.81501642999997],[115.87011408000002,35.81603414999997],[115.87087548,35.81816418],[115.87163688,35.82033425999999],[115.87141584,35.82257300999999],[115.87144572000001,35.824292369999974],[115.87147559999998,35.82469223999999],[115.87173588,35.826111900000015],[115.87194612000002,35.82779148000002],[115.87235687999998,35.829381329999975],[115.87241664000003,35.830810799999995],[115.87240619999999,35.833319729999964],[115.87240620000001,35.83352970000003],[115.87240619999999,35.83361961],[115.87218552000002,35.83492874999996],[115.87167396,35.83693719000001],[115.87187411999999,35.83900664999995],[115.87214448,35.84071620000001],[115.87220423999997,35.84243556],[115.87167251999999,35.84499381000002],[115.87110084000001,35.84703212999996],[115.87047912,35.848980450000006],[115.87035888,35.85041973000001],[115.87081968000003,35.85177971999999],[115.87183164000002,35.85319047],[115.87186152,35.85348035999996],[115.87220207999998,35.854910280000034],[115.87240223999997,35.85663981000001],[115.8727428,35.858179620000016],[115.87295304,35.85926942999997],[115.87213116,35.86031784000004],[115.87165992000001,35.86112685000001],[115.87132908000001,35.86198607999998],[115.87109831999999,35.86281534],[115.87071743999999,35.86373441999998],[115.87176971999999,35.864175689999996],[115.87286196000001,35.86528673999999],[115.87370364,35.86592762999995],[115.87498631999999,35.86698891],[115.87505651999999,35.86704894],[115.87598820000001,35.86774994999998],[115.87717079999999,35.86881114],[115.87843331999998,35.87000228999999],[115.87978620000001,35.87115366000001],[115.88203079999998,35.87310594000004],[115.88375448000001,35.87450777999998],[115.88543784000002,35.87618934000001],[115.88634972000001,35.87726016],[115.88678064000003,35.877870540000025],[115.88829371999998,35.87960187000003],[115.88974667999997,35.880843330000005],[115.89060816,35.881824150000014],[115.89096888000002,35.88264432],[115.89045767999998,35.88351326999999],[115.88967575999999,35.88476165999998],[115.88889384000001,35.88557021999999],[115.88804172,35.886528719999966],[115.88725980000002,35.88761718],[115.88605704,35.888924970000005],[115.88443308,35.88989228999996],[115.88225795999999,35.89143858000001],[115.88030352,35.892585449999984],[115.87836924000001,35.89335243],[115.87594356,35.894108700000025],[115.87498127999997,35.89464717],[115.87350815999999,35.89546473000002],[115.87156343999999,35.89681149],[115.86961907999999,35.89797824999996],[115.86944879999999,35.898087960000005],[115.86791519999998,35.899135380000004],[115.86572027999999,35.90068185000001],[115.86279383999998,35.90261748000001],[115.86181140000002,35.90417592],[115.86105972000001,35.90574461999998],[115.86078936,35.90789391000003],[115.86124043999999,35.91005427000005],[115.86194171999999,35.912025000000014],[115.86261312,35.913155759999995],[115.86317435999999,35.914016429999975],[115.86380579999998,35.9152272],[115.86455748,35.91653805000004],[115.86466764,35.91664820999999],[115.86484836000001,35.916828389999985],[115.86539952,35.917399169999996],[115.86624119999999,35.91810026999998],[115.86757427999997,35.91901196999999],[115.86868667999998,35.91970344000001],[115.86944844,35.920134540000014],[115.87002947999999,35.920455299999986],[115.87128228,35.92113696000002],[115.87318667999999,35.92154960999996],[115.87498056,35.92197216],[115.87571208,35.92213317000002],[115.87812732,35.92239651000001],[115.88253696,35.92297277999997],[115.88429088,35.92331522999998],[115.88591448,35.92349747999997],[115.88726735999998,35.92361943],[115.88873075999999,35.9238015],[115.89007355999999,35.92380338999998],[115.89133643999998,35.923975109999986],[115.8932808,35.924117939999995],[115.89512472,35.924510520000034],[115.89697872,35.924653080000006],[115.89889284,35.924925780000024],[115.90080371999998,35.92594557000002],[115.90224119999999,35.927522549999985],[115.90337915999999,35.928650250000025],[115.90389828000002,35.930199060000035],[115.90438715999997,35.93106801000001],[115.90472663999999,35.932037220000005],[115.90493616,35.93294666999998],[115.90492608000001,35.93421657],[115.90492608000001,35.93432655000001],[115.90463663999999,35.935696979999975],[115.90420752000001,35.93666772000001],[115.9035786,35.93867877000004],[115.90283987999999,35.94005010000003],[115.90245071999999,35.940670829999995],[115.90229088000001,35.94142098],[115.90166232,35.94236219999999],[115.90110324,35.943293159999996],[115.90071407999997,35.94416391000003],[115.90031484,35.94479463000002],[115.89999515999999,35.94566510999999],[115.89951419999997,35.946914400000004],[115.89935399999999,35.947794150000036],[115.89902315999998,35.949223530000005],[115.89885287999999,35.95029318000004],[115.89837191999999,35.95147235999998],[115.89805115999998,35.95266180000001],[115.89804107999998,35.95341168000001],[115.89795107999998,35.954671409999996],[115.89801119999998,35.95560138000001],[115.89815123999999,35.95648149000002],[115.89860232,35.95730211000003],[115.89944435999999,35.958123179999994],[115.90089372000001,35.95914198000001],[115.90218108000002,35.95989932999999],[115.90409771999998,35.96041538999999],[115.90532531999999,35.96086287000001],[115.9067826,35.96130990000001],[115.90845947999998,35.961756390000005],[115.91014643999998,35.96215292999999],[115.9118334,35.962659449999975],[115.91351999999999,35.96292603],[115.91520695999999,35.96319261000003],[115.91682407999998,35.963449289999964],[115.91859059999997,35.96371569000003],[115.92127547999999,35.964050219999976],[115.92312228,35.96424642],[115.92588708000002,35.96446080000005],[115.93126692,35.964699839999994],[115.93595843999998,35.9652402],[115.94149775999999,35.96590890000001],[115.94748672000003,35.96717645999999],[115.9536852,35.968613579999975],[115.96093128000001,35.970468389999965],[115.96628124000001,35.971387289999996],[115.97020380000001,35.97236910000002],[115.97385707999997,35.973051390000016],[115.97653188,35.97372575999999],[115.98010524,35.974268370000026],[115.98279011999999,35.97436278000001],[115.98609420000001,35.97454601999998],[115.98895871999999,35.97465014999999],[115.99433856000002,35.97440912999999],[115.99889004000003,35.97400998],[116.00000819999998,35.97384771],[116.00311284000001,35.97340257000001],[116.00669663999999,35.97270650999998],[116.01135864,35.97173873999999],[116.01575100000002,35.97090147000003],[116.01978408000002,35.97007473000001],[116.02363752,35.96937821999997],[116.02820987999999,35.96855057999997],[116.03198339999997,35.967714210000025],[116.03565683999999,35.96738796000004],[116.03788308000001,35.96730416999996],[116.03854188000001,35.96778288000001],[116.03953007999999,35.96824107000003],[116.0405784,35.96909904],[116.04113748000003,35.96989787999999],[116.04219551999999,35.971215660000006],[116.04261455999999,35.97213473999997],[116.04281436000001,35.973174059999984],[116.04365279999998,35.97535206000001],[116.04428171999999,35.97655068000005],[116.0447706,35.97763958999997],[116.04532968000004,35.97924824999998],[116.04581856000001,35.980157160000026],[116.0458884,35.98124678999996],[116.04747599999997,35.98027425],[116.04897324,35.97953184000001],[116.04923280000001,35.979371459999996],[116.05052088000002,35.978619419999994],[116.05221792000002,35.97707690999999],[116.05313627999999,35.976395520000004],[116.05419468,35.97548390999998],[116.05525271999998,35.97439238999998],[116.05582187999998,35.973761489999966],[116.05617108000001,35.973370979999984],[116.05702967999999,35.971879860000016],[116.05780836000002,35.970798779999974],[116.0585172,35.96936795999998],[116.05908636000002,35.96828724000001],[116.05943592000001,35.96696693999997],[116.06000507999998,35.96605613999998],[116.05994496,35.96455664999997],[116.05985532,35.96401691999998],[116.05966559999999,35.963017470000004],[116.05868748,35.961469560000005],[116.05826807999999,35.96038055999999],[116.05742963999998,35.959052340000014],[116.05602203999999,35.95745511],[116.05542335999999,35.95656645000002],[116.05533336000002,35.956486620000014],[116.05399596000001,35.95550913],[116.05294763999997,35.95453119],[116.05182984,35.953603380000025],[116.05042224000002,35.95274603999997],[116.04844583999999,35.95164984],[116.04640932000001,35.950333680000014],[116.04479219999999,35.948896919999996],[116.04367404000001,35.94826898999998],[116.04269591999997,35.947110960000025],[116.04278591999997,35.94697092],[116.04354443999999,35.94522996000003],[116.04436308,35.94452877000002],[116.04439332000001,35.94448871999998],[116.04602015999998,35.94386600999999],[116.04734783999999,35.943693750000016],[116.04840623999999,35.943361920000015],[116.0499636,35.943419160000005],[116.05017312,35.94342879000001],[116.05179023999999,35.943355980000014],[116.05312799999999,35.94279384000001],[116.05440564000001,35.9420517],[116.05517423999999,35.94108060000002],[116.05968647999998,35.94115269000001],[116.06074451999997,35.94144077999997],[116.06222196000002,35.94144816000002],[116.06390892000002,35.94006549000005],[116.06525676000003,35.93835351],[116.06582591999998,35.937322829999964],[116.06646455999997,35.93601197999996],[116.07025823999999,35.93261610000002],[116.07370199999998,35.92835090999999],[116.07606792,35.92363779],[116.07674687999997,35.91969749999998],[116.07661728,35.91669843000001],[116.07664716,35.91654840000001],[116.07687684000003,35.91558819000001],[116.07758568,35.91450711],[116.07800472000002,35.913306689999985],[116.07857388000002,35.911985940000015],[116.07914303999998,35.910495269999984],[116.07999156000001,35.90935398000003],[116.08132896,35.90803188],[116.08267679999999,35.90665974000001],[116.084214,35.90534727000004],[116.085771,35.904374730000015],[116.08738812,35.90346204000003],[116.08893539999998,35.903409209999985],[116.09111159999998,35.90392526999997],[116.09307792,35.90535141000003],[116.0939466,35.90609967000002],[116.09419608000002,35.90632917000002],[116.09517419999997,35.90735724000002],[116.09600292000002,35.90844552000001],[116.09713079999999,35.90901342000001],[116.09881775999999,35.90942031],[116.10035640000002,35.90856900000002],[116.10184967999999,35.90714124],[116.10234036000001,35.906282010000005],[116.10298188,35.90507312999996],[116.10308196,35.90497323],[116.10348264,35.903644020000016],[116.10398376,35.90095518000003],[116.10469548000002,35.89809704999998],[116.10519659999997,35.89632846],[116.10625895999999,35.89501041000001],[116.10704052000001,35.89393184999997],[116.10709055999997,35.89389189000005],[116.10716075999997,35.89383204000001],[116.1080928,35.89312356],[116.11020708,35.89187678999998],[116.11177020000002,35.89125911999999],[116.11380419999998,35.89046207999999],[116.11564811999999,35.88913503000004],[116.1164898,35.888226570000036],[116.11825343999999,35.887549140000026],[116.11919555999998,35.887840290000014],[116.11973628000003,35.88801083999998],[116.12015711999997,35.88887106000001],[116.12000664,35.88984045],[116.12028743999998,35.89082046000001],[116.12126916,35.89145144999996],[116.12463587999997,35.89082612999999],[116.12967624000002,35.88805385999999],[116.12980655999998,35.88802407000002],[116.13097871999997,35.88841547999997],[116.13214115999999,35.88905673000001],[116.13339359999999,35.88975801],[116.13802248000002,35.892362969999986],[116.13957552000001,35.89256492999999],[116.14040747999998,35.8921062],[116.14103892,35.89044777000001],[116.14139963999997,35.889178770000015],[116.14197096000001,35.888149979999966],[116.14295304000002,35.88684183000001],[116.14407515999997,35.885923739999996],[116.14534776,35.88518574],[116.14724172000001,35.88523820999998],[116.14857443999998,35.88593958],[116.14941576000001,35.886910319999984],[116.14998672000002,35.88799050000003],[116.15011704000001,35.888910300000006],[116.15074811999999,35.890060590000004],[116.15123915999997,35.89148060999999],[116.15162976,35.892260730000004],[116.15208048000004,35.893150920000004],[116.15277167999999,35.89418142000003],[116.15341284000002,35.89566155999999],[116.15410404000002,35.89755156],[116.15550660000002,35.90030223000003],[116.15640876,35.901333270000045],[116.15711004,35.902084140000014],[116.15796179999998,35.90299503000004],[116.15964515999998,35.903797110000035],[116.16132851999998,35.90448921000001],[116.16406416000001,35.90466282000001],[116.16540695999997,35.904444569999995],[116.16673931999999,35.90392635],[116.16683976,35.903856509999976],[116.16773147999999,35.903287710000015],[116.16864299999997,35.902379069999945],[116.17011611999999,35.90169102],[116.17321211999999,35.901235170000014],[116.1754668,35.900948159999984],[116.17772112000002,35.90089101000001],[116.1787734,35.90068248000002],[116.17975512000001,35.90043371999998],[116.18025623999999,35.89917489000001],[116.18054711999999,35.89797582000001],[116.18131860000001,35.89562790000001],[116.18202024,35.89431948000001],[116.18266175999999,35.893340819999935],[116.18449524000002,35.89248357000001],[116.18610876000004,35.8924257],[116.18772191999999,35.89253774999999],[116.18997623999998,35.892370800000016],[116.19285228000004,35.89220465999998],[116.19555767999998,35.89188831000002],[116.197722,35.89160130000002],[116.19931500000001,35.891423460000006],[116.19947556000001,35.89127379000001],[116.19984636000001,35.890784460000006],[116.19997631999999,35.89062471],[116.2006668,35.88978509999998],[116.20306763999999,35.88912539999999],[116.20394784,35.88954525000001],[116.20494792000001,35.88997500000003],[116.20606824000002,35.89111440000002],[116.20796868,35.89168409999999],[116.20887911999998,35.89117433999996],[116.2092294,35.88962508000001],[116.20867932,35.88842574000003],[116.20863935999999,35.88830576999997],[116.20790928000001,35.88734628],[116.20699919999998,35.88504741000002],[116.20699920000001,35.88361812000001],[116.20727928000001,35.88264855000002],[116.20729944,35.882568630000016],[116.20762956,35.881729019999966],[116.20847987999998,35.88080949000004],[116.20982052000001,35.87994981000002],[116.21165111999997,35.87875037999999],[116.21241143999998,35.87938011000003],[116.21290139999998,35.87977989000003],[116.21297123999999,35.88075935999997],[116.21290139999998,35.88172893],[116.212851,35.882558549999985],[116.21282112,35.88269840999998],[116.21297087999997,35.88372791999998],[116.21290103999999,35.88515720999998],[116.21282076000001,35.886536550000024],[116.21290067999999,35.88717627000001],[116.2128906,35.887855949999974],[116.21296043999999,35.88905537999995],[116.21549123999998,35.89034471999998],[116.21604132,35.89063452000001],[116.22011256000002,35.89162407000004],[116.22138263999999,35.891913870000025],[116.22293316000004,35.89208378999996],[116.22433356000002,35.89226370000001],[116.22545388,35.891913870000025],[116.22672431999997,35.89139412000002],[116.22742452000001,35.89059447],[116.22806496,35.88945498000002],[116.22841524000002,35.88836553000002],[116.22834539999998,35.88687620999999],[116.22834539999998,35.88572672999999],[116.22827555999997,35.88435738000001],[116.2281456,35.883108],[116.22779567999997,35.881728660000014],[116.2275858,35.880349320000015],[116.22751595999999,35.878810050000034],[116.22730608000002,35.87715080999998],[116.22717612000001,35.87486192999998],[116.22710628,35.873482589999995],[116.22706631999998,35.87266296000003],[116.22703644,35.871883290000014],[116.22689639999997,35.870623919999986],[116.22697667999999,35.869474440000054],[116.22683699999999,35.86730544000001],[116.22663683999998,35.86633595999998],[116.22634703999998,35.86501656000003],[116.22614688000002,35.86398705000005],[116.22557699999999,35.86283766000001],[116.22544703999999,35.86191804],[116.22523715999998,35.86095855000002],[116.22544704,35.85996900000003],[116.22586752,35.85888953999999],[116.2265778,35.857630079999986],[116.22721788,35.85671045999997],[116.22770819999998,35.855281169999984],[116.22805848,35.85397176],[116.22861900000001,35.85264236999998],[116.22826907999998,35.85070323],[116.22848903999999,35.84904398999999],[116.22925943999999,35.84744477999997],[116.23025015999998,35.84606535000002],[116.23124051999999,35.84532564000002],[116.23257108,35.84366630999998],[116.23265100000002,35.841947130000015],[116.23307148,35.840347830000034],[116.23353156,35.839398239999966],[116.23392179999999,35.83856862],[116.23455215999999,35.83747908000001],[116.23464215999999,35.83736909999999],[116.23525236000002,35.836559460000004],[116.23645296000001,35.83610964000002],[116.23764311999997,35.835429869999984],[116.23864356000001,35.83459017000001],[116.23905395999999,35.83422036],[116.23983407999998,35.83353060000002],[116.24001407999998,35.833330619999984],[116.24059439999999,35.832670920000005],[116.24123484,35.83142145000003],[116.241525,35.830321919999996],[116.24200523999998,35.829242370000024],[116.24257547999997,35.82798291000001],[116.24356583999999,35.82666351],[116.24437619999999,35.82587375999997],[116.24461631999999,35.82563382000003],[116.24574672,35.82431433000002],[116.24687712000002,35.82305486999999],[116.24834772000003,35.82169533000001],[116.24975819999997,35.82082565999997],[116.24994828,35.82066573000001],[116.25109884,35.81969607],[116.2524294,35.81848647000002],[116.25293952,35.81809659000002],[116.25335963999999,35.817756749999965],[116.25355979999998,35.81760681000001],[116.25377975999999,35.81742680999997],[116.25413004000002,35.817166889999974],[116.25518052,35.81591742],[116.25609096000001,35.815107690000005],[116.25708131999998,35.814417930000005],[116.2580616,35.81356814999996],[116.25912180000002,35.81281845000003],[116.26018236000002,35.81219862000001],[116.26208315999997,35.81104896000002],[116.26355376000001,35.80967943000003],[116.26482419999998,35.807900040000014],[116.26546463999999,35.80636067999999],[116.26588476,35.80545105000002],[116.26679519999999,35.804881169999994],[116.26784531999998,35.80447131000001],[116.26918595999997,35.80430121000002],[116.27045639999999,35.80397126999999],[116.27298684,35.80408098000004],[116.27432748000003,35.804080799999994],[116.27601804,35.80385075999999],[116.27659800000002,35.80387065000004],[116.27804843999998,35.80391051999998],[116.2819296,35.80352028],[116.28516060000003,35.80329005999998],[116.28776160000001,35.80305992999998],[116.28836172,35.80295994000003],[116.28960228,35.8027299],[116.29150272,35.80255979999998],[116.29326311999998,35.80232966999999],[116.29438343999999,35.80204967999999],[116.29587420000001,35.80187966999999],[116.2972746,35.80153964999998],[116.29811484,35.80067988000001],[116.29847519999998,35.79942033000001],[116.29706472000001,35.79873066],[116.29537415999998,35.79810101999996],[116.29333367999999,35.797691339999986],[116.29207331999999,35.79678171000004],[116.29178315999998,35.79557210999999],[116.29165319999998,35.79368265000001],[116.29172304,35.793102780000005],[116.29179323999999,35.7927129],[116.29186308000001,35.79133328999996],[116.29179324,35.790193619999975],[116.29229328000002,35.78870403],[116.29257336,35.78727447],[116.29278359999999,35.786134799999985],[116.29320371999998,35.78504507999997],[116.29377360000001,35.78332554000001],[116.29390392,35.78160599999996],[116.29412387999997,35.78068629000001],[116.29475388000003,35.77937660999998],[116.29546415999998,35.778176909999964],[116.2963044,35.7770871],[116.297865,35.77657716000001],[116.29933524,35.77600719000004],[116.30074427999999,35.77538628000002],[116.30285099999999,35.77464369],[116.30383955999999,35.77406246999999],[116.30412935999999,35.773352370000005],[116.30504772,35.77170159],[116.30533752000004,35.77136130000002],[116.30680523999997,35.76963978000001],[116.30690495999998,35.76952970999999],[116.30699496000001,35.76941955000002],[116.30778371999997,35.768798640000014],[116.3085624,35.768847600000036],[116.30953116,35.768916270000005],[116.30979072,35.76871593000003],[116.31093912,35.767824659999995],[116.3121372,35.767143180000005],[116.31340548,35.76622176],[116.31395448,35.76530123999998],[116.31494304000003,35.76427020000002],[116.31629088000003,35.76312863999998],[116.31678011999999,35.76152835000001],[116.31736944000002,35.76028788],[116.31754908,35.75992769999996],[116.31759912000003,35.75870802000001],[116.31802823999998,35.7575877],[116.31811823999998,35.75735765999999],[116.31937643999998,35.75632616999999],[116.32064435999997,35.75494476000001],[116.32198247999999,35.75374317000001],[116.32325039999998,35.75243177999999],[116.32429908,35.75129058],[116.32486823999997,35.75021004000003],[116.32483836,35.749990170000004],[116.32489811999999,35.749150290000024],[116.32507776,35.74745046000001],[116.32598639999999,35.746589430000014],[116.32718484000002,35.74521809999999],[116.32810319999999,35.743617180000015],[116.32887216,35.74218644999997],[116.32937148000002,35.74080602999995],[116.33028012000001,35.73948510000004],[116.33154803999999,35.73892341],[116.33288616000002,35.73886149000001],[116.33498316,35.73897849000004],[116.33681016000001,35.739265859999996],[116.33814827999997,35.73972386999999],[116.34025499999998,35.741050559999984],[116.34131339999998,35.74172888999997],[116.34251183999999,35.74259703],[116.34356015999998,35.74379529000001],[116.34481835999999,35.74465335000004],[116.34602652000002,35.745111539999996],[116.34721452,35.745449759999985],[116.34876215999999,35.74596752999997],[116.34995052000002,35.74602584999999],[116.35156799999999,35.74563362999995],[116.3530458,35.744591789999994],[116.35381476,35.743800869999994],[116.35444368000002,35.74288008000003],[116.35536239999999,35.74195901999999],[116.35550208,35.74080900000005],[116.35628112,35.739258210000024],[116.35691003999999,35.73811754999999],[116.35753931999999,35.736746849999975],[116.35887707999998,35.73566514000004],[116.35990559999998,35.73388404000001],[116.35952616000002,35.73127502999999],[116.3587374,35.729196570000006],[116.35732943999999,35.727928830000025],[116.35550208,35.7265017],[116.35255656000002,35.72437635],[116.35246691999998,35.724326489999974],[116.35242695999999,35.724296610000025],[116.35211736,35.72409708000002],[116.35010027999998,35.72283024000003],[116.34848279999997,35.72192276999999],[116.34693516000003,35.720825309999974],[116.34412932,35.719449659999995],[116.34383988000002,35.71932006000003],[116.34279120000001,35.71877178],[116.34124356,35.71750431000003],[116.33900688,35.71612785000001],[116.33773896,35.71373025000001],[116.33759891999998,35.71253073],[116.33690015999998,35.71093215000002],[116.33676048000001,35.70937272000001],[116.33697,35.70801264000003],[116.33697000000002,35.70691293000002],[116.33690015999998,35.70531336000001],[116.33697,35.70405354],[116.33724972,35.702733420000044],[116.33724972,35.70101388000001],[116.33766912,35.69999346],[116.33843807999997,35.698902839999995],[116.33900723999999,35.697412800000016],[116.33907744,35.69621337000002],[116.33845859999998,35.69507486999998],[116.33854859999998,35.694674999999975],[116.33836896,35.69415552],[116.33754024000004,35.693986860000024],[116.33627196,35.693638919999984],[116.33556348,35.692720469999976],[116.33529383999999,35.69238108000002],[116.33480495999997,35.690542740000055],[116.33452559999998,35.68939379999999],[116.33396652000003,35.68773555000004],[116.33339772,35.686537019999975],[116.33304852,35.68516829999998],[116.33233968,35.683560180000036],[116.33172083999999,35.68178205],[116.33157143999999,35.68023306000003],[116.33115240000001,35.678404619999974],[116.33121252000002,35.67774492],[116.33130252000001,35.677025190000016],[116.33144255999997,35.67554576999997],[116.3311632,35.67365721000001],[116.33052455999999,35.67195899999999],[116.3298258,35.670160979999984],[116.32877783999997,35.66821356000002],[116.32849848000001,35.66684465999999],[116.32838868,35.66668491000001],[116.32709087999997,35.66472785999997],[116.32555332,35.66398049999997],[116.32407588,35.66329299],[116.32295771999998,35.66242511999998],[116.32210919999999,35.661456900000005],[116.32148027999999,35.66037834000001],[116.32113108000001,35.65915947],[116.32204008000002,35.657449020000044],[116.3228886,35.65707804000002],[116.32337783999999,35.65687742999996],[116.32391712000002,35.65660679999997],[116.32538520000001,35.65587501],[116.32884983999998,35.655350219999974],[116.33177520000001,35.65489625999997],[116.33380235999999,35.65398375000001],[116.33475132000001,35.65265309999996],[116.33510088000003,35.65161315],[116.33532047999998,35.65041344999999],[116.33552064,35.64915390000001],[116.33552064,35.64789452999996],[116.33545115999998,35.646695279999996],[116.33538132000001,35.64555596999999],[116.33538168000001,35.64440657999998],[116.33525171999999,35.643427289999984],[116.33538168000001,35.64239769],[116.33560164,35.64119798999999],[116.33595156,35.63987823000001],[116.33700995999999,35.63844741],[116.33847768,35.637305940000005],[116.34086448,35.635813380000016],[116.34276167999998,35.633751749999995],[116.34374015999998,35.63313066000001],[116.34465888,35.632209870000025],[116.34640632000001,35.630838090000026],[116.34746508,35.62975718999999],[116.34907283999999,35.627975819999996],[116.35048079999999,35.62585505999997],[116.35069068000001,35.62493526000001],[116.35062083999999,35.62368596999996],[116.34985223999999,35.62253774999998],[116.34838488,35.62110063],[116.34542963999999,35.61932573999997],[116.34206543999998,35.61801128999999],[116.34010848000004,35.617384350000016],[116.33722307999999,35.616688829999994],[116.33414831999998,35.616003570000025],[116.33208156,35.61549677999998],[116.33091336000003,35.61519852000001],[116.32873680000002,35.614921770000024],[116.32678019999997,35.61474465000002]]]}},{"type":"Feature","properties":{"id":"370923","name":"东平县","adminCode":"370923","cityName":"泰安市","provinceName":"山东省","analysisUnitType":"黄河滩区涉及县域筛查单元","sourceNote":"用户提供的黄河滩区中下游涉及县区边界；表示涉及县域，不等同于精确滩区或湿地管理单元"},"geometry":{"type":"Polygon","coordinates":[[[116.30383955999999,35.77406246999999],[116.30285099999999,35.77464369],[116.30074427999999,35.77538628000002],[116.29933524,35.77600719000004],[116.297865,35.77657716000001],[116.2963044,35.7770871],[116.29546415999998,35.778176909999964],[116.29475388000003,35.77937660999998],[116.29412387999997,35.78068629000001],[116.29390392,35.78160599999996],[116.29377360000001,35.78332554000001],[116.29320371999998,35.78504507999997],[116.29278359999999,35.786134799999985],[116.29257336,35.78727447],[116.29229328000002,35.78870403],[116.29179324,35.790193619999975],[116.29186308000001,35.79133328999996],[116.29179323999999,35.7927129],[116.29172304,35.793102780000005],[116.29165319999998,35.79368265000001],[116.29178315999998,35.79557210999999],[116.29207331999999,35.79678171000004],[116.29333367999999,35.797691339999986],[116.29537415999998,35.79810101999996],[116.29706472000001,35.79873066],[116.29847519999998,35.79942033000001],[116.29811484,35.80067988000001],[116.2972746,35.80153964999998],[116.29587420000001,35.80187966999999],[116.29438343999999,35.80204967999999],[116.29326311999998,35.80232966999999],[116.29150272,35.80255979999998],[116.28960228,35.8027299],[116.28836172,35.80295994000003],[116.28776160000001,35.80305992999998],[116.28516060000003,35.80329005999998],[116.2819296,35.80352028],[116.27804843999998,35.80391051999998],[116.27659800000002,35.80387065000004],[116.27601804,35.80385075999999],[116.27432748000003,35.804080799999994],[116.27298684,35.80408098000004],[116.27045639999999,35.80397126999999],[116.26918595999997,35.80430121000002],[116.26784531999998,35.80447131000001],[116.26679519999999,35.804881169999994],[116.26588476,35.80545105000002],[116.26546463999999,35.80636067999999],[116.26482419999998,35.807900040000014],[116.26355376000001,35.80967943000003],[116.26208315999997,35.81104896000002],[116.26018236000002,35.81219862000001],[116.25912180000002,35.81281845000003],[116.2580616,35.81356814999996],[116.25708131999998,35.814417930000005],[116.25609096000001,35.815107690000005],[116.25518052,35.81591742],[116.25413004000002,35.817166889999974],[116.25377975999999,35.81742680999997],[116.25355979999998,35.81760681000001],[116.25335963999999,35.817756749999965],[116.25293952,35.81809659000002],[116.2524294,35.81848647000002],[116.25109884,35.81969607],[116.24994828,35.82066573000001],[116.24975819999997,35.82082565999997],[116.24834772000003,35.82169533000001],[116.24687712000002,35.82305486999999],[116.24574672,35.82431433000002],[116.24461631999999,35.82563382000003],[116.24437619999999,35.82587375999997],[116.24356583999999,35.82666351],[116.24257547999997,35.82798291000001],[116.24200523999998,35.829242370000024],[116.241525,35.830321919999996],[116.24123484,35.83142145000003],[116.24059439999999,35.832670920000005],[116.24001407999998,35.833330619999984],[116.23983407999998,35.83353060000002],[116.23905395999999,35.83422036],[116.23864356000001,35.83459017000001],[116.23764311999997,35.835429869999984],[116.23645296000001,35.83610964000002],[116.23525236000002,35.836559460000004],[116.23464215999999,35.83736909999999],[116.23455215999999,35.83747908000001],[116.23392179999999,35.83856862],[116.23353156,35.839398239999966],[116.23307148,35.840347830000034],[116.23265100000002,35.841947130000015],[116.23257108,35.84366630999998],[116.23124051999999,35.84532564000002],[116.23025015999998,35.84606535000002],[116.22925943999999,35.84744477999997],[116.22848903999999,35.84904398999999],[116.22826907999998,35.85070323],[116.22861900000001,35.85264236999998],[116.22805848,35.85397176],[116.22770819999998,35.855281169999984],[116.22721788,35.85671045999997],[116.2265778,35.857630079999986],[116.22586752,35.85888953999999],[116.22544704,35.85996900000003],[116.22523715999998,35.86095855000002],[116.22544703999999,35.86191804],[116.22557699999999,35.86283766000001],[116.22614688000002,35.86398705000005],[116.22634703999998,35.86501656000003],[116.22663683999998,35.86633595999998],[116.22683699999999,35.86730544000001],[116.22697667999999,35.869474440000054],[116.22689639999997,35.870623919999986],[116.22703644,35.871883290000014],[116.22706631999998,35.87266296000003],[116.22710628,35.873482589999995],[116.22717612000001,35.87486192999998],[116.22730608000002,35.87715080999998],[116.22751595999999,35.878810050000034],[116.2275858,35.880349320000015],[116.22779567999997,35.881728660000014],[116.2281456,35.883108],[116.22827555999997,35.88435738000001],[116.22834539999998,35.88572672999999],[116.22834539999998,35.88687620999999],[116.22841524000002,35.88836553000002],[116.22806496,35.88945498000002],[116.22742452000001,35.89059447],[116.22672431999997,35.89139412000002],[116.22545388,35.891913870000025],[116.22433356000002,35.89226370000001],[116.22293316000004,35.89208378999996],[116.22138263999999,35.891913870000025],[116.22011256000002,35.89162407000004],[116.21604132,35.89063452000001],[116.21549123999998,35.89034471999998],[116.21296043999999,35.88905537999995],[116.2128906,35.887855949999974],[116.21290067999999,35.88717627000001],[116.21282076000001,35.886536550000024],[116.21290103999999,35.88515720999998],[116.21297087999997,35.88372791999998],[116.21282112,35.88269840999998],[116.212851,35.882558549999985],[116.21290139999998,35.88172893],[116.21297123999999,35.88075935999997],[116.21290139999998,35.87977989000003],[116.21241143999998,35.87938011000003],[116.21165111999997,35.87875037999999],[116.20982052000001,35.87994981000002],[116.20847987999998,35.88080949000004],[116.20762956,35.881729019999966],[116.20729944,35.882568630000016],[116.20727928000001,35.88264855000002],[116.20699920000001,35.88361812000001],[116.20699919999998,35.88504741000002],[116.20790928000001,35.88734628],[116.20863935999999,35.88830576999997],[116.20867932,35.88842574000003],[116.2092294,35.88962508000001],[116.20887911999998,35.89117433999996],[116.20796868,35.89168409999999],[116.20606824000002,35.89111440000002],[116.20494792000001,35.88997500000003],[116.20394784,35.88954525000001],[116.20306763999999,35.88912539999999],[116.2006668,35.88978509999998],[116.19997631999999,35.89062471],[116.19984636000001,35.890784460000006],[116.19947556000001,35.89127379000001],[116.19931500000001,35.891423460000006],[116.197722,35.89160130000002],[116.19555767999998,35.89188831000002],[116.19285228000004,35.89220465999998],[116.18997623999998,35.892370800000016],[116.18772191999999,35.89253774999999],[116.18610876000004,35.8924257],[116.18449524000002,35.89248357000001],[116.18266175999999,35.893340819999935],[116.18202024,35.89431948000001],[116.18131860000001,35.89562790000001],[116.18054711999999,35.89797582000001],[116.18025623999999,35.89917489000001],[116.17975512000001,35.90043371999998],[116.1787734,35.90068248000002],[116.17772112000002,35.90089101000001],[116.1754668,35.900948159999984],[116.17321211999999,35.901235170000014],[116.17011611999999,35.90169102],[116.16864299999997,35.902379069999945],[116.16773147999999,35.903287710000015],[116.16683976,35.903856509999976],[116.16673931999999,35.90392635],[116.16540695999997,35.904444569999995],[116.16406416000001,35.90466282000001],[116.16132851999998,35.90448921000001],[116.15964515999998,35.903797110000035],[116.15796179999998,35.90299503000004],[116.15711004,35.902084140000014],[116.15640876,35.901333270000045],[116.15550660000002,35.90030223000003],[116.15410404000002,35.89755156],[116.15341284000002,35.89566155999999],[116.15277167999999,35.89418142000003],[116.15208048000004,35.893150920000004],[116.15162976,35.892260730000004],[116.15123915999997,35.89148060999999],[116.15074811999999,35.890060590000004],[116.15011704000001,35.888910300000006],[116.14998672000002,35.88799050000003],[116.14941576000001,35.886910319999984],[116.14857443999998,35.88593958],[116.14724172000001,35.88523820999998],[116.14534776,35.88518574],[116.14407515999997,35.885923739999996],[116.14295304000002,35.88684183000001],[116.14197096000001,35.888149979999966],[116.14139963999997,35.889178770000015],[116.14103892,35.89044777000001],[116.14040747999998,35.8921062],[116.13957552000001,35.89256492999999],[116.13802248000002,35.892362969999986],[116.13339359999999,35.88975801],[116.13214115999999,35.88905673000001],[116.13097871999997,35.88841547999997],[116.12980655999998,35.88802407000002],[116.12967624000002,35.88805385999999],[116.12463587999997,35.89082612999999],[116.12126916,35.89145144999996],[116.12028743999998,35.89082046000001],[116.12000664,35.88984045],[116.12015711999997,35.88887106000001],[116.11973628000003,35.88801083999998],[116.11919555999998,35.887840290000014],[116.11825343999999,35.887549140000026],[116.1164898,35.888226570000036],[116.11564811999999,35.88913503000004],[116.11380419999998,35.89046207999999],[116.11177020000002,35.89125911999999],[116.11020708,35.89187678999998],[116.1080928,35.89312356],[116.10716075999997,35.89383204000001],[116.10709055999997,35.89389189000005],[116.10704052000001,35.89393184999997],[116.10625895999999,35.89501041000001],[116.10519659999997,35.89632846],[116.10469548000002,35.89809704999998],[116.10398376,35.90095518000003],[116.10348264,35.903644020000016],[116.10308196,35.90497323],[116.10298188,35.90507312999996],[116.10234036000001,35.906282010000005],[116.10184967999999,35.90714124],[116.10035640000002,35.90856900000002],[116.09881775999999,35.90942031],[116.09713079999999,35.90901342000001],[116.09600292000002,35.90844552000001],[116.09517419999997,35.90735724000002],[116.09419608000002,35.90632917000002],[116.0939466,35.90609967000002],[116.09307792,35.90535141000003],[116.09111159999998,35.90392526999997],[116.08893539999998,35.903409209999985],[116.08738812,35.90346204000003],[116.085771,35.904374730000015],[116.084214,35.90534727000004],[116.08267679999999,35.90665974000001],[116.08132896,35.90803188],[116.07999156000001,35.90935398000003],[116.07914303999998,35.910495269999984],[116.07857388000002,35.911985940000015],[116.07800472000002,35.913306689999985],[116.07758568,35.91450711],[116.07687684000003,35.91558819000001],[116.07664716,35.91654840000001],[116.07661728,35.91669843000001],[116.07674687999997,35.91969749999998],[116.07606792,35.92363779],[116.07370199999998,35.92835090999999],[116.07025823999999,35.93261610000002],[116.06646455999997,35.93601197999996],[116.06582591999998,35.937322829999964],[116.06525676000003,35.93835351],[116.06390892000002,35.94006549000005],[116.06222196000002,35.94144816000002],[116.06074451999997,35.94144077999997],[116.05968647999998,35.94115269000001],[116.05517423999999,35.94108060000002],[116.05440564000001,35.9420517],[116.05312799999999,35.94279384000001],[116.05179023999999,35.943355980000014],[116.05017312,35.94342879000001],[116.0499636,35.943419160000005],[116.04840623999999,35.943361920000015],[116.04734783999999,35.943693750000016],[116.04602015999998,35.94386600999999],[116.04439332000001,35.94448871999998],[116.04436308,35.94452877000002],[116.04354443999999,35.94522996000003],[116.04278591999997,35.94697092],[116.04269591999997,35.947110960000025],[116.04367404000001,35.94826898999998],[116.04479219999999,35.948896919999996],[116.04640932000001,35.950333680000014],[116.04844583999999,35.95164984],[116.05042224000002,35.95274603999997],[116.05182984,35.953603380000025],[116.05294763999997,35.95453119],[116.05399596000001,35.95550913],[116.05533336000002,35.956486620000014],[116.05542335999999,35.95656645000002],[116.05602203999999,35.95745511],[116.05742963999998,35.959052340000014],[116.05826807999999,35.96038055999999],[116.05868748,35.961469560000005],[116.05966559999999,35.963017470000004],[116.05985532,35.96401691999998],[116.05994496,35.96455664999997],[116.06000507999998,35.96605613999998],[116.05943592000001,35.96696693999997],[116.05908636000002,35.96828724000001],[116.0585172,35.96936795999998],[116.05780836000002,35.970798779999974],[116.05702967999999,35.971879860000016],[116.05617108000001,35.973370979999984],[116.05582187999998,35.973761489999966],[116.05525271999998,35.97439238999998],[116.05419468,35.97548390999998],[116.05313627999999,35.976395520000004],[116.05221792000002,35.97707690999999],[116.05052088000002,35.978619419999994],[116.04923280000001,35.979371459999996],[116.04897324,35.97953184000001],[116.04747599999997,35.98027425],[116.0458884,35.98124678999996],[116.04604823999998,35.982216270000016],[116.04629772,35.98353549],[116.04635748000003,35.98508493000002],[116.04649715999999,35.98640442],[116.04676679999997,35.98760367000002],[116.04697632,35.988852959999974],[116.04718584000001,35.99012232],[116.04739536,35.99103167999999],[116.04746519999998,35.99212131000005],[116.04773484000002,35.993220570000034],[116.04836340000001,35.99504900999999],[116.04829355999999,35.99600895],[116.04821364,35.99692883999999],[116.04827339999999,35.99859824999999],[116.04867264000002,35.999907300000004],[116.04871259999999,36.000037170000006],[116.04877271999999,36.00026702999998],[116.04966047999999,36.00422478000001],[116.05095756000001,36.00965141999999],[116.05289291999999,36.01735659000003],[116.05526820000001,36.02400128999999],[116.05720391999999,36.02959686000003],[116.05956948000001,36.03520169999999],[116.06194476000002,36.039926699999995],[116.066187,36.044368649999996],[116.06840315999999,36.04692437999998],[116.07357419999998,36.05111478000001],[116.0797932,36.05564330999998],[116.08597259999999,36.059951970000014],[116.08794936000002,36.061328339999996],[116.09275104,36.06577929],[116.09939952000002,36.071686800000016],[116.10274392000001,36.07479917999998],[116.10459719999999,36.078191009999976],[116.10459719999999,36.07939080000005],[116.10459719999999,36.08078058],[116.10432612,36.08313966],[116.10430632000002,36.08334962999998],[116.10425591999999,36.08375949000001],[116.10309348,36.08701722],[116.10142955999999,36.09176390999999],[116.09975664000002,36.095841450000016],[116.09757971999997,36.09964430999999],[116.09525268,36.103577130000026],[116.09392428000002,36.10683846000004],[116.09325467999999,36.1092789],[116.0935938,36.11144772000002],[116.09378352,36.11184723000004],[116.09392319999999,36.11213693999996],[116.09559000000002,36.113483700000025],[116.09943335999999,36.11550644999998],[116.10377999999999,36.11795013000001],[116.10653507999997,36.119223630000036],[116.10801755999998,36.12146507999999],[116.10814788000002,36.12192507000001],[116.10887904,36.124565309999994],[116.10983052000002,36.12664602000003],[116.11037123999999,36.127846439999985],[116.11122264,36.13042683000002],[116.11228428000003,36.13215779999999],[116.1137772,36.13335956999996],[116.1159012,36.13491207000001],[116.11814543999999,36.13642469999998],[116.11845611999999,36.13664510999998],[116.11917755999998,36.13702598999998],[116.12088072,36.13738824000003],[116.12262419999999,36.13766058000001],[116.13036995999998,36.138351240000006],[116.13565080000001,36.138768480000024],[116.13695328,36.138870270000005],[116.1435366,36.1393794],[116.15094179999998,36.13874994000001],[116.15372747999999,36.13896368999998],[116.15563116,36.14006609999996],[116.15866704,36.14320935000002],[116.15906772,36.14400971999996],[116.15947848000002,36.144870030000035],[116.16055019999999,36.14728076999999],[116.16182244,36.15038163],[116.16204203999999,36.15504057000004],[116.16205176,36.15813963],[116.16163055999999,36.16089822000004],[116.16056783999998,36.164015819999975],[116.15960556,36.16653365999999],[116.15954543999997,36.16669359000003],[116.15950548,36.16677350999999],[116.15930459999998,36.16901253],[116.16099768,36.17159408999996],[116.16461496000002,36.17261882999996],[116.16866351999998,36.173134350000005],[116.17544735999999,36.17277399],[116.18162028,36.17190288000002],[116.19075923999999,36.17101593000002],[116.19776412,36.17049591000001],[116.20169891999998,36.16992909000001],[116.20412963999998,36.16958907],[116.20455947999999,36.16960904999999],[116.20519992,36.16943913000001],[116.21072124000003,36.16924896000003],[116.21390183999999,36.16940880000001],[116.21644236000002,36.16991865000001],[116.21816243999997,36.171618119999984],[116.22161340000001,36.16950860999996],[116.22320388000001,36.169338600000025],[116.22341412,36.16929855000003],[116.22400416000002,36.16917857999999],[116.22499452,36.16888860000002],[116.22585456,36.16855865999998],[116.22645467999999,36.16819875000001],[116.226765,36.16794882000002],[116.22704508,36.16761888000002],[116.22733524000002,36.16706907],[116.22752531999998,36.166639139999994],[116.22754547999999,36.16658918999997],[116.22757535999999,36.16653915000002],[116.2277856,36.165919320000015],[116.22770567999997,36.16537950000003],[116.22793572000002,36.165099600000005],[116.22849588,36.164729609999995],[116.22910607999998,36.164399760000016],[116.22938615999998,36.16411977],[116.22946608000004,36.16388982000001],[116.2295262,36.16363988999999],[116.22974616000003,36.163189980000006],[116.23049639999999,36.16301007000002],[116.23113647999999,36.16285004999999],[116.23178664,36.16269011999996],[116.23237703999999,36.16254009000003],[116.23287707999998,36.16241013000001],[116.23341744,36.16201017000003],[116.23352724,36.16172027999999],[116.23362732,36.161400329999985],[116.23372740000002,36.161050409999966],[116.23392755999998,36.16044056999999],[116.23397759999999,36.16019064000001],[116.23404779999997,36.15973073999997],[116.234118,36.15920090999999],[116.23413779999997,36.15890103000002],[116.23419792000003,36.15844113000001],[116.23425804000001,36.15804126000004],[116.23446828000002,36.15775127999999],[116.23471812000001,36.15747138],[116.23493844000001,36.157211459999985],[116.23515839999997,36.156941460000034],[116.23545863999999,36.15657156],[116.23577868,36.156191670000034],[116.23612896,36.155791710000024],[116.23625892000003,36.15550181999998],[116.23643892000003,36.15509187000003],[116.23668912,36.15454206000002],[116.23699943999998,36.15383223000003],[116.23719924000001,36.15343226999999],[116.2372896,36.15312239999999],[116.23716935999998,36.152272619999984],[116.23711967999999,36.15186276000001],[116.23695984,36.15068303999999],[116.23685976000002,36.14999319000001],[116.23679963999997,36.14960330999999],[116.23671972,36.14910345000005],[116.23658976000003,36.148273740000015],[116.23650011999999,36.14769387000002],[116.23646988,36.14739390000003],[116.23650011999999,36.14714397000003],[116.23656996,36.14678405999996],[116.23665023999997,36.14641416000002],[116.23678020000003,36.14604426000004],[116.23696056,36.14556437999999],[116.23724064,36.14527449000001],[116.23764059999999,36.14515443],[116.238591,36.14482448999998],[116.23979123999999,36.14442452999997],[116.24075172000002,36.144114570000006],[116.24153183999998,36.14383458000001],[116.24259203999999,36.143404650000015],[116.24358240000001,36.14296473000002],[116.24435279999999,36.142614720000005],[116.24667336,36.142734599999955],[116.24913432,36.14085495000002],[116.24995440000001,36.14026499999997],[116.25016464,36.14004504],[116.25039468,36.13970511000001],[116.25044471999999,36.13938516],[116.25050483999999,36.13897529999999],[116.25058476,36.13843539000002],[116.25068520000002,36.137765610000024],[116.25071507999998,36.13753565999996],[116.25082524,36.13672584000002],[116.25079536000003,36.13635593999999],[116.25069528,36.135596159999984],[116.25060563999999,36.134756370000005],[116.25053544000002,36.13402656000004],[116.25056567999998,36.133796609999955],[116.25078563999999,36.13350662999999],[116.25127596000003,36.13307669999997],[116.25175619999999,36.132726780000006],[116.25212627999998,36.13247684999998],[116.25248627999999,36.13228685999999],[116.25273648,36.13216679999999],[116.25302663999999,36.13204682999997],[116.25339671999998,36.13190688000001],[116.25422687999998,36.13160690999999],[116.25478704,36.13141692000004],[116.25594731999998,36.131026860000006],[116.25693768000002,36.13066695000005],[116.25776820000002,36.130376970000036],[116.25838812000002,36.13018697999998],[116.25861851999998,36.12995694],[116.25872832000002,36.12951711000003],[116.25888851999999,36.128897189999996],[116.25906888000002,36.128037419999984],[116.25926904,36.12717756000002],[116.2594692,36.12637781999998],[116.25969924000003,36.12570794999999],[116.25990947999999,36.12529799999999],[116.26025976000001,36.124738109999996],[116.26063992,36.124198200000016],[116.26106003999999,36.12360833999999],[116.26150032000001,36.1233783],[116.26209035999997,36.12324834000001],[116.26322075999998,36.12302829],[116.26439112000001,36.12278825999999],[116.26538148,36.12257819999999],[116.26605179999999,36.12228821999997],[116.26616159999999,36.12180833999999],[116.26631208000002,36.12050864999998],[116.26631208,36.119358899999995],[116.26629227999999,36.118479149999985],[116.26617239999999,36.11769929999999],[116.26593264,36.11659959000001],[116.26570260000001,36.11560985999997],[116.26541280000001,36.11450016000004],[116.26517267999998,36.11369033999999],[116.26499267999998,36.11335041000001],[116.2647828,36.11314053000005],[116.26446275999999,36.11297052000002],[116.26397279999999,36.11275065000002],[116.26298244,36.11227086000001],[116.26262243999997,36.112100939999955],[116.26228223999999,36.11180106000002],[116.26217243999997,36.11141108999998],[116.26202231999999,36.11073132000003],[116.26180236,36.10988153999999],[116.26163243999999,36.109171709999984],[116.26158240000001,36.108971730000015],[116.26157268,36.108941759999965],[116.26136280000001,36.108131939999986],[116.26098264,36.10726227000002],[116.26073244000001,36.10701234000001],[116.25999264000004,36.10658250000002],[116.25891228000002,36.10591272000005],[116.25817212000001,36.105412949999995],[116.25768216,36.10501308],[116.25736211999998,36.10466315999998],[116.25702191999999,36.10395342000001],[116.25665219999998,36.10301364000003],[116.25626195999999,36.10187396999999],[116.25598223999998,36.101024190000004],[116.2559124,36.10042434000003],[116.25595236000001,36.100084409999994],[116.2560024,36.09982448999998],[116.25608231999998,36.099424619999965],[116.25628248,36.098814690000005],[116.25653268000002,36.098154900000026],[116.25662268000002,36.097904970000016],[116.25675299999997,36.09764495999997],[116.25719328000002,36.09679517999999],[116.25749316,36.09623529000002],[116.25779339999998,36.09567540000002],[116.25799355999997,36.09519552],[116.25789347999998,36.09477557999996],[116.25769367999997,36.09452574000002],[116.25738372000002,36.094145850000004],[116.2567836,36.09342603000001],[116.25621335999999,36.092636280000036],[116.25610355999999,36.09231642000002],[116.25607332,36.09198647999999],[116.25613344000001,36.09137664000001],[116.25619355999999,36.09081674999999],[116.25631379999997,36.090056969999985],[116.25635376000001,36.08957709000002],[116.25642396000002,36.08924715000001],[116.25654420000001,36.08883729000001],[116.25669431999998,36.08843733],[116.25686423999998,36.08792748000002],[116.25708456000002,36.08741754000001],[116.25728471999999,36.086997690000004],[116.25751475999999,36.086727690000004],[116.25782471999999,36.08646777],[116.25823512000002,36.08613782999998],[116.25863508000002,36.08583785999998],[116.25887519999999,36.08558793000002],[116.25899543999999,36.085377959999995],[116.25914519999999,36.08511803999999],[116.25947568,36.084438179999985],[116.25955559999998,36.08419824],[116.25974568,36.08366832000002],[116.25983568,36.083298419999984],[116.25984575999999,36.08326844999997],[116.25987600000002,36.08305848],[116.25994583999999,36.08269856999998],[116.25993611999998,36.0822987],[116.25987600000002,36.082018710000035],[116.25973595999999,36.081518849999995],[116.25964596000001,36.081188999999966],[116.25946595999999,36.08059913999999],[116.25928595999999,36.08008928999999],[116.25889607999999,36.07932951000002],[116.25873623999999,36.07908956999999],[116.25836616000001,36.07858971],[116.25818616000001,36.078339870000036],[116.25794604,36.07801991999997],[116.25768611999999,36.07771005000001],[116.2574658,36.07747010999999],[116.25724584000001,36.07718022000001],[116.25711588,36.076930289999986],[116.25700608000002,36.076670369999995],[116.25691608,36.076320450000004],[116.25685596,36.07584057000003],[116.25680627999999,36.075240719999975],[116.25685632000001,36.07485084000002],[116.2569762,36.07389108],[116.25698627999999,36.07327124999999],[116.25701651999998,36.072511380000016],[116.25698664000001,36.07211151000003],[116.25693659999997,36.071441730000004],[116.25690672,36.07106183999999],[116.25684659999997,36.07082189999996],[116.25673679999997,36.07033203000002],[116.25661692000001,36.06982218000001],[116.25651684,36.06939225000001],[116.25641676000002,36.06874245000001],[116.25633684,36.06811263],[116.25621695999999,36.067292819999984],[116.25616727999999,36.066982859999975],[116.25607727999999,36.06647301000001],[116.25610715999998,36.066203099999974],[116.25620723999998,36.065833199999986],[116.25634727999999,36.06555320999998],[116.25657731999998,36.06528329999998],[116.25685739999997,36.06505335000001],[116.25723756,36.06476336999999],[116.25752771999998,36.06456339000003],[116.25789779999998,36.06431346],[116.25838812000002,36.06398352000004],[116.25863831999999,36.063833579999994],[116.25897815999998,36.06364359000003],[116.25929856,36.063463590000005],[116.25960852,36.063293579999986],[116.2598886,36.06313364999997],[116.2602486,36.06292367999997],[116.26070904000001,36.062633700000006],[116.26093907999997,36.06245378999999],[116.26131924000002,36.062083799999975],[116.26151939999998,36.06182387999999],[116.26171919999999,36.061513920000024],[116.26186931999999,36.061244009999996],[116.26204968000003,36.06092405999997],[116.26222968000002,36.06062418000001],[116.26240968,36.06030423000001],[116.26259976000001,36.059994270000004],[116.26277976000002,36.059674410000035],[116.26305011999997,36.05918444999998],[116.26324019999998,36.05884452000004],[116.26348032,36.058414679999984],[116.26382052,36.058014719999974],[116.26416036000002,36.057634830000005],[116.26436051999998,36.05740487999999],[116.26467084000002,36.05707494000004],[116.264961,36.05675498999999],[116.26521084,36.05649507],[116.26543115999999,36.05629509000005],[116.26569107999998,36.05604516000004],[116.26595135999997,36.05577524999998],[116.26623144,36.05544531000003],[116.26648128000001,36.055145339999996],[116.26675163999998,36.05488542000003],[116.26694172,36.05470542000001],[116.26717176000001,36.05448546000003],[116.2674018,36.05427558],[116.26769196,36.053925570000025],[116.26780212,36.05372568000001],[116.26791192,36.05350572000002],[116.26804224000001,36.05314580999997],[116.26803215999999,36.05271587999999],[116.26801235999999,36.052236089999965],[116.26798211999999,36.05195610000002],[116.26795224000001,36.05154624000001],[116.26793244000004,36.05129630999999],[116.2679022,36.05096637],[116.26784244000004,36.05035652999999],[116.26791264,36.04998663000003],[116.26805268,36.04971672],[116.2682028,36.04943681999995],[116.26834283999999,36.04918688999999],[116.26851276,36.048846960000034],[116.26858295999999,36.04854699],[116.26853291999998,36.04805712000003],[116.26849295999999,36.04746726000001],[116.26848288,36.047147399999965],[116.26846308,36.04672746000001],[116.26848324,36.04629762000001],[116.26854336000002,36.045867690000016],[116.26865316,36.04511790000002],[116.26872336000002,36.04464800999999],[116.26886339999999,36.04405824000002],[116.26896348,36.043828290000015],[116.26911360000001,36.043488360000026],[116.26923384,36.04318839000003],[116.26939368000001,36.04290849000001],[116.26971407999999,36.04253859000001],[116.27010396,36.042228630000004],[116.27037431999997,36.04191866999999],[116.27047404,36.041658749999996],[116.27056440000003,36.04129884],[116.27070444,36.04082903999998],[116.27079444,36.040589100000005],[116.27102448,36.04029912],[116.27131464000001,36.039979170000024],[116.27164475999999,36.039729239999986],[116.27204472000001,36.03952925999999],[116.27236511999999,36.03941928000002],[116.27277516,36.039349349999995],[116.27313516,36.03928931999999],[116.2738854,36.039189330000035],[116.27488548,36.039059280000004],[116.27594604,36.03889935000002],[116.27689607999999,36.038669309999996],[116.2782666,36.03805946999998],[116.27902692,36.03778946999999],[116.27984700000002,36.03764952],[116.28157751999997,36.03751946999999],[116.28245771999998,36.037449450000004],[116.28328787999997,36.03727953000001],[116.28357804,36.03714948],[116.28415799999999,36.03678957000001],[116.28466811999999,36.03616974],[116.28640872000001,36.03450015],[116.28745919999999,36.03362040000004],[116.28870948000001,36.03275054999999],[116.29007999999997,36.03189078000001],[116.29014012,36.031850820000024],[116.29165032000002,36.030891060000044],[116.29291103999998,36.03008123999996],[116.29417104000002,36.02961135000001],[116.29692179999999,36.02929131],[116.29744163999999,36.03118076999999],[116.29732176000002,36.03233043000002],[116.29713131999998,36.033530039999974],[116.29872144,36.036149220000006],[116.29988171999997,36.03767867999998],[116.30089008,36.03950694000002],[116.30134944000001,36.04087592999998],[116.30068019999997,36.04334606999997],[116.3004804,36.04449600000001],[116.30237724000003,36.04785245999999],[116.30289599999999,36.04939128],[116.30265623999999,36.05214077999997],[116.30246652000002,36.05375052000001],[116.30317535999998,36.05402952],[116.30689991999999,36.05312475000003],[116.31085379999999,36.05308947000001],[116.31256128000003,36.053577000000004],[116.31589595999999,36.05503212000001],[116.31739356,36.05621975999998],[116.31853188000002,36.057127950000016],[116.31983003999999,36.05819597999999],[116.32139747999999,36.05887368],[116.32343436,36.05896088999999],[116.32506192,36.05917869000001],[116.33015412,36.059631750000015],[116.33256071999999,36.060068340000015],[116.33475708,36.06089525999996],[116.33605524000001,36.06249302999999],[116.33614488,36.06375257999999],[116.33644439999999,36.064492019999996],[116.33659416000002,36.06500169000002],[116.33681375999998,36.06546122999998],[116.33731272000003,36.066090420000016],[116.34038819999999,36.068115780000014],[116.34387264,36.06951077999999],[116.34596964000002,36.07005789000003],[116.3479464,36.070905060000015],[116.35049231999999,36.073141109999995],[116.35113132,36.074110050000016],[116.35135091999997,36.075539430000035],[116.35129079999999,36.07748901000001],[116.35122059999999,36.079378649999974],[116.35123068000001,36.08086823999999],[116.35109064,36.082298069999965],[116.35110036000003,36.08309781000001],[116.35114031999997,36.083197799999965],[116.35122024,36.08336762999999],[116.35158960000003,36.08417691000001],[116.35247843999998,36.08467559999999],[116.35342704000001,36.08463437999999],[116.35413588,36.08446346999998],[116.35525403999998,36.084232080000014],[116.3556036,36.08411165999999],[116.35624259999997,36.08406081000002],[116.35674192000002,36.08406018000001],[116.35716131999999,36.08416962000003],[116.35773048,36.084278790000006],[116.35871904000001,36.0846774],[116.36019683999999,36.08547533999999],[116.36076564,36.08587448999999],[116.36239319999999,36.086782140000004],[116.36324207999999,36.08747081999999],[116.36395092000001,36.087869790000006],[116.36507916000001,36.088328250000046],[116.36683631999998,36.08837594999999],[116.36853371999999,36.088373700000055],[116.36927279999999,36.08835273000001],[116.37155952,36.08830970999998],[116.37396575999999,36.08864649000003],[116.37424512,36.088686089999996],[116.37504395999999,36.088815059999995],[116.37651168000001,36.089063100000004],[116.38180404,36.08934605999999],[116.38406051999999,36.08942310000005],[116.38610747999999,36.08935046999997],[116.39190887999999,36.086813369999966],[116.39383632000002,36.084321360000025],[116.39443572000002,36.08335080000001],[116.39456532000003,36.083140650000026],[116.39486484,36.08265033],[116.39611332,36.081308969999995],[116.39694203999998,36.08026812000002],[116.39776103999999,36.078947279999994],[116.39817036,36.07818696000003],[116.39844035999998,36.077446710000025],[116.39854043999999,36.07509708000003],[116.39866031999999,36.07406712000002],[116.39885003999997,36.07245720000001],[116.39910996,36.07136703000004],[116.39965896000001,36.07049655],[116.40092075999999,36.070197750000005],[116.40304511999997,36.070691220000036],[116.40780504000001,36.071728829999984],[116.40977928000001,36.07154217000001],[116.41358735999998,36.07137846000001],[116.41521096,36.07102124999997],[116.41716539999999,36.070314659999994],[116.41914935999999,36.06999804000001],[116.42154444,36.06986205000005],[116.42235623999998,36.06982335000001],[116.42241635999999,36.06982353],[116.42345855999997,36.06978519000002],[116.42612435999999,36.06934977000004],[116.42808851999999,36.06869322],[116.42934131999998,36.06759558],[116.42960232,36.06667623],[116.42963256000002,36.06449688000002],[116.42954255999999,36.06341696999999],[116.42874083999997,36.06147612000001],[116.42930243999999,36.06033735],[116.42991372,36.05906870999998],[116.43003395999999,36.05901894000003],[116.43048504000002,36.05884974000002],[116.43092603999999,36.058690529999964],[116.43136704,36.05851134000001],[116.43222888000001,36.05821280999995],[116.4324492,36.058123260000016],[116.43269976,36.05801363999998],[116.433612,36.057675329999995],[116.43402276000002,36.05752601999998],[116.43447384,36.05756679],[116.43616727999999,36.05773958999998],[116.43674868,36.05779052999999],[116.43807131999999,36.05793273000001],[116.43822180000001,36.057952979999996],[116.43958476,36.05843511000001],[116.44102764000002,36.059397300000015],[116.44184916,36.05988852000001],[116.44262063999997,36.06044966999999],[116.44423416,36.061132229999984],[116.44572708000001,36.06176448],[116.44673939999998,36.06235605],[116.44759116000002,36.06284726999997],[116.44869347999997,36.06310908000001],[116.45239139999998,36.062955270000025],[116.45619948,36.06279173999997],[116.45907552,36.06263657999996],[116.46367524000001,36.063214110000004],[116.46740304,36.064229939999976],[116.46749340000001,36.064250099999995],[116.46800423999997,36.06432093000002],[116.46947735999998,36.06451335],[116.47201284,36.064647539999996],[116.47426787999997,36.06472124999999],[116.47528992,36.06468299999997],[116.47737431999998,36.064916370000006],[116.48027052,36.065560949999984],[116.48522088,36.06634899000001],[116.48607228000003,36.06721001999997],[116.48680379999999,36.068850630000014],[116.48777508000002,36.07153128000003],[116.48779524000001,36.0716013],[116.488386,36.07364151000001],[116.49272543999999,36.07385858999997],[116.49442895999998,36.073751400000035],[116.49477960000002,36.073721970000044],[116.49956004,36.07285023000001],[116.50001111999998,36.07281099000001],[116.50158431999999,36.07270415999999],[116.50841892000001,36.072207809999995],[116.51679684,36.07157456999998],[116.52128676000001,36.07111359000002],[116.52466392,36.070610399999964],[116.52894288,36.070618859999975],[116.53372368,36.06898886999998],[116.53802280000002,36.06893730000001],[116.54132976000002,36.068883839999984],[116.54386523999999,36.068798879999974],[116.54864567999998,36.06787863],[116.55011879999999,36.06763157999997],[116.55166212000002,36.06720480000001],[116.5519026,36.06708527999999],[116.55326592,36.066378239999985],[116.55486936000003,36.06516180000001],[116.55738611999999,36.06037838999999],[116.55753732000002,36.05767956000001],[116.55723671999999,36.056479409999994],[116.55707688000001,36.05539941000001],[116.557137,36.054879749999984],[116.55782855999999,36.05412132000002],[116.56217844000001,36.05292027000003],[116.56696859999998,36.05245974000004],[116.56921356000001,36.051914339999996],[116.5702662,36.051506459999985],[116.57199023999998,36.049710420000004],[116.57252195999999,36.04792202999997],[116.57222243999998,36.04383278999998],[116.57213243999998,36.04254309000001],[116.57073023999999,36.03947138999999],[116.56888848000001,36.03171032999996],[116.56895976000001,36.027921779999986],[116.57148515999998,36.02714688],[116.57585483999998,36.02703528000001],[116.58276,36.02677869000003],[116.58455351999999,36.027901799999995],[116.58572532,36.03029327999998],[116.58608604,36.03069386999999],[116.58779928,36.03147695999999],[116.58929255999998,36.03179970000001],[116.59218875999998,36.03204522],[116.59347143999997,36.03266747999997],[116.595495,36.03470076000003],[116.59620636,36.035271989999984],[116.59769963999997,36.03565476],[116.59851144000001,36.03564629999999],[116.60179068000002,36.03576644999999],[116.60468435999998,36.03567222000001],[116.60816700000002,36.03539718000002],[116.60827680000001,36.035387010000015],[116.60887548000001,36.03532617],[116.61058188,36.03535370999996],[116.61214860000001,36.03567131999998],[116.61320627999999,36.03610961999996],[116.61413399999998,36.03661812000001],[116.61471252000001,36.03740706000005],[116.61585984,36.038245139999994],[116.61690779999999,36.037893690000026],[116.61921324,36.036940589999986],[116.61962255999998,36.036730080000005],[116.62193771999999,36.03552695999997],[116.62459236000002,36.03434346000002],[116.62499159999997,36.03429288000001],[116.62732655999999,36.03395952],[116.62866396000003,36.03394754999998],[116.63023032,36.03426525000002],[116.63114832,36.03471372],[116.63243568,36.03532166999995],[116.63427132000002,36.03603878999997],[116.63689572000001,36.03641489999997],[116.64073764000003,36.03593942999998],[116.64461987999998,36.03477402000002],[116.64647603999998,36.03358161],[116.64703476,36.03323088000002],[116.64781379999998,36.03057039000002],[116.64828324,36.029130030000005],[116.64876204,36.02830959],[116.64962028,36.02798837999999],[116.65075787999997,36.028076670000004],[116.653761,36.02998179000003],[116.65540727999998,36.03139901999997],[116.65662479999999,36.03229704000001],[116.65813139999997,36.03318461999998],[116.65925892000001,36.03357287999999],[116.65996739999999,36.03362184000002],[116.66087531999997,36.03344048999999],[116.66192328,36.03296907000002],[116.66330063999999,36.03099752999997],[116.66355047999998,36.02950758000001],[116.66322143999997,36.02738852999998],[116.66159567999999,36.023581799999995],[116.66108664000001,36.02312271],[116.65923083999999,36.02200572000001],[116.65792404000004,36.02047797000004],[116.65652759999999,36.01717082999996],[116.65243692,36.014257619999995],[116.64916451999997,36.01269287999999],[116.64552276,36.01021896000001],[116.64414612000002,36.00864135000001],[116.64260028,36.00556451999998],[116.64249084000001,36.00328517999996],[116.64231192,36.00162594],[116.64190295999998,36.00023688000001],[116.64177336,36.00012708000002],[116.64163367999998,35.99999738999998],[116.64023651999999,35.998719659999956],[116.63952804000002,35.99798076000003],[116.63860032000002,35.99694233999998],[116.63761247999999,35.99574398999998],[116.6364846,35.994545819999985],[116.63477855999999,35.99236862999999],[116.63380044,35.991340290000025],[116.63322192000003,35.99008127999998],[116.63266284000002,35.98917218999997],[116.63258292,35.98728264],[116.63279243999999,35.98545249],[116.63279243999999,35.98425269999998],[116.63306171999999,35.98310241000001],[116.63327124,35.982082260000006],[116.63234316000002,35.98036389000001],[116.63199395999999,35.97921450000001],[116.63128547999999,35.97835571999998],[116.63065691999999,35.97755669999999],[116.62987859999998,35.97646806],[116.62930980000002,35.97537896999999],[116.62909019999998,35.97435944999997],[116.62838171999998,35.972700750000016],[116.62845119999997,35.970920819999975],[116.62823159999999,35.97000128999998],[116.62795223999998,35.96909184],[116.62759296000002,35.96777253],[116.62730352,35.96589314999999],[116.6272236,35.96485338],[116.62729343999997,35.96370345000003],[116.62729343999997,35.962623630000024],[116.62693416000003,35.960794380000024],[116.62679448000002,35.95982472000002],[116.62664472000002,35.958795029999976],[116.62663463999999,35.95695524999998],[116.62727328000001,35.95586444999997],[116.62812144000002,35.955233369999995],[116.62895952000004,35.95449221999999],[116.63007732000003,35.95380066000003],[116.63106516,35.95327929000002],[116.63239212,35.95275747000001],[116.63373924000003,35.952415560000006],[116.63492688,35.95167396],[116.63661348,35.95045166999997],[116.63718192000002,35.949660929999986],[116.6378508,35.948770109999984],[116.63829971999999,35.94816953999997],[116.6387886,35.94707891999999],[116.63899812,35.94615875999998],[116.63899812,35.94517892999997],[116.63841923999998,35.94426983999997],[116.63744148,35.94324141000001],[116.63679276,35.94221253],[116.63559504000001,35.94090437999997],[116.63489663999998,35.94048543000003],[116.62764155999999,35.93828619],[116.62329059999999,35.93774250000003],[116.62067592,35.93802627000001],[116.61962831999999,35.93818773000002],[116.61765228,35.93809053000004],[116.61453863999999,35.93763513],[116.61230339999999,35.93618847],[116.60697395999999,35.93063673000003],[116.60531723999998,35.92891925999999],[116.60403960000002,35.928051210000014],[116.60327099999998,35.92726236000004],[116.60242283999999,35.926403670000006],[116.60164416,35.925144929999995],[116.60072615999998,35.92389636],[116.59924584000001,35.92212624000001],[116.59840343999998,35.91686519999998],[116.59307112000002,35.90866584000001],[116.5921488,35.90734427999999],[116.59143707999999,35.906552999999946],[116.59044492,35.905581179999984],[116.58931236000001,35.90471916],[116.58775896000002,35.90374625999999],[116.58593484,35.90340281999999],[116.58431123999999,35.903059830000004],[116.58282804,35.90311698000005],[116.57596284,35.902593990000035],[116.56756404,35.89975844999997],[116.55601920000004,35.89526853000002],[116.55365435999998,35.89360479000002],[116.55238176,35.89200306000004],[116.55168047999997,35.89100216999997],[116.55161027999999,35.889942510000004],[116.55132984000001,35.888912460000014],[116.55124992000003,35.887542930000016],[116.55103967999999,35.885993219999996],[116.55117035999999,35.88508385999999],[116.55131075999999,35.883994679999994],[116.55096012,35.883014400000036],[116.55041903999998,35.88231375000003],[116.55024875999999,35.88210350999997],[116.54961732,35.88136262999996],[116.54778384000001,35.87919021],[116.54736299999998,35.87770008],[116.54749368,35.87656086],[116.54749367999999,35.87524145999999],[116.54748396,35.87382207000002],[116.54707319999997,35.87255181000001],[116.54656272,35.86946228999996],[116.5467834,35.86809330000002],[116.54679347999999,35.86706379],[116.54677367999999,35.86677389999999],[116.54698427999999,35.864945100000014],[116.54613287999999,35.863624170000044],[116.54564183999997,35.86237379999999],[116.54501112000001,35.86055346],[116.54338788,35.85943098000002],[116.5427766,35.85888008999998],[116.54168471999999,35.85748869],[116.54122392000002,35.85508892999999],[116.54090351999999,35.85352904999999],[116.54003196000002,35.85214809000001],[116.53909056,35.85060702000001],[116.53722684000002,35.84946410999999],[116.53609463999999,35.84908215000002],[116.53514279999999,35.84879054999998],[116.53395048,35.84853845999997],[116.53282800000001,35.84843649000002],[116.53181603999998,35.84843460000003],[116.52869951999998,35.84847878999999],[116.52735671999999,35.84837637000001],[116.52644519999998,35.84809484999998],[116.52574356000002,35.84779371000003],[116.52480179999999,35.8472322],[116.52440112,35.84661173999998],[116.52376032000002,35.845621020000024],[116.52286860000001,35.84463984000001],[116.52239771999999,35.84419919999999],[116.52155604000001,35.84367792000002],[116.52111539999997,35.843667119999985],[116.51978232000002,35.84411442000002],[116.51912099999998,35.844483060000016],[116.51893055999997,35.84468259000002],[116.51865984000001,35.84514186000002],[116.51848919999998,35.845941149999994],[116.51832864,35.84721023999998],[116.51829876,35.847560069999965],[116.5183488,35.847740070000015],[116.51865912000004,35.84845026],[116.51909975999999,35.84924073],[116.51913972000001,35.849520629999965],[116.51917967999998,35.84976066000001],[116.51909975999999,35.85011031],[116.51884920000003,35.85034971000001],[116.51837796,35.8506387],[116.51800716000002,35.850717989999985],[116.51732567999998,35.85062682000002],[116.51689511999997,35.85040605000001],[116.51589324,35.849714579999976],[116.51540219999998,35.84948373],[116.51421995999999,35.84890188000001],[116.51382935999999,35.84865122999999],[116.51318819999999,35.84751066000003],[116.5131684,35.846541089999995],[116.51350932000003,35.84538225000002],[116.51365979999997,35.84497274999997],[116.51390027999999,35.84440349999999],[116.51392044,35.84383379999999],[116.51391072,35.84305413000001],[116.51418144000002,35.84235501000001],[116.51415155999999,35.84212506000001],[116.51409144000002,35.841944969999986],[116.51334012,35.841323970000005],[116.51297939999999,35.84094344999996],[116.51236848,35.84004273000001],[116.51218812000002,35.83952270999996],[116.51190768000001,35.83937222999998],[116.5112766,35.83922112000001],[116.51066532,35.83907010000004],[116.51034456,35.83904948999998],[116.50988376000001,35.83904867999998],[116.50968324,35.839128239999994],[116.50947264,35.839297800000026],[116.50917204,35.83968704999999],[116.50893155999998,35.83978659],[116.50848083999999,35.83976580000002],[116.50766904,35.83948437],[116.50644683999998,35.83881252000004],[116.50544495999998,35.838700739999986],[116.50384152000001,35.838537840000015],[116.50311036,35.83850652000004],[116.50241879999999,35.838675180000045],[116.50187772000002,35.83893402000002],[116.50158683999997,35.83941327000002],[116.50149647999999,35.839762920000005],[116.50160663999999,35.84037285000003],[116.50189715999998,35.84105298],[116.50260816000001,35.84233367999995],[116.50272804000001,35.843073569999994],[116.50267799999999,35.84361321],[116.50223663999998,35.84421206999998],[116.50161527999998,35.84458070999999],[116.50101408000003,35.84473956],[116.5006134,35.84479877999999],[116.49989195999999,35.84474748000003],[116.49948084000002,35.84465676000002],[116.49914027999999,35.844476310000005],[116.49785759999999,35.843494409999984],[116.49714623999999,35.84293344000002],[116.49688560000001,35.842723109999966],[116.4967254,35.84250288000001],[116.49652524000001,35.84167298999999],[116.49638483999999,35.84136285000003],[116.49627467999997,35.84122271999999],[116.4956436,35.84070189],[116.49489191999997,35.84018078999999],[116.49445091999999,35.83992015000001],[116.49398004000003,35.83947950999998],[116.49365963999999,35.83876922999996],[116.49348936000003,35.83850913000004],[116.49331908,35.83836882000002],[116.49316860000003,35.83828863000003],[116.49282768,35.83827801000003],[116.49259728,35.83835757000001],[116.49225635999998,35.83843695],[116.49202596000002,35.838436500000014],[116.4916854,35.83825596],[116.49122423999998,35.83795527000001],[116.49010212000002,35.836983719999985],[116.48968128000003,35.83671318],[116.48890943999999,35.83659177000003],[116.48837807999999,35.83667078999997],[116.48773691999997,35.83677959999999],[116.48686464000001,35.83716785999997],[116.48569176000002,35.83780541999998],[116.48428847999999,35.83830267000001],[116.48318580000002,35.838530550000016],[116.48164248,35.838567720000015],[116.48044979999999,35.83824579],[116.47937771999999,35.83779407999997],[116.47774403999999,35.83724138999995],[116.47715256,35.83715039999999],[116.47642103999998,35.837209079999965],[116.47536876,35.83743705000002],[116.47470708,35.83786562999999],[116.47346400000002,35.83877292],[116.47268207999998,35.83905138000002],[116.47197036000003,35.83921004999999],[116.47170972000002,35.83917963000001],[116.47149947999998,35.83905930000004],[116.47130904,35.83858914000003],[116.47072799999998,35.837578620000016],[116.47066824000001,35.83670894999999],[116.47082879999998,35.83620944999999],[116.47190160000002,35.834572259999995],[116.47250316,35.833373909999985],[116.47251324,35.833323960000016],[116.47270404,35.83259468999999],[116.47272419999999,35.83191500999997],[116.47262411999999,35.83152503999997],[116.47237355999998,35.83120473000002],[116.47176227999998,35.83066391999998],[116.47095047999997,35.83048256999998],[116.46985787999999,35.830690469999986],[116.4697578,35.830710270000026],[116.46968759999997,35.83076013000003],[116.46897588000002,35.83121868000001],[116.46845460000002,35.83173744000001],[116.46762228,35.833315140000025],[116.46757187999998,35.83350495000001],[116.46738144,35.834524110000004],[116.46725075999997,35.83546344000001],[116.46683963999999,35.83598246999998],[116.46575712,35.83656018000002],[116.46484487999999,35.83685843999999],[116.46425375999998,35.836827389999975],[116.46369252000001,35.83665638999999],[116.46242963999998,35.83615436999993],[116.46180828000001,35.83591344000005],[116.46146771999999,35.835702930000004],[116.46092664,35.83505223000004],[116.46001475999999,35.834460930000006],[116.45952372000004,35.83428011999996],[116.45886203999999,35.83413900000002],[116.45812044,35.83387781999996],[116.45747927999999,35.83355678999996],[116.4570984,35.833296239999996],[116.45697815999998,35.83313613000001],[116.45673768,35.83242603000001],[116.45660772000002,35.831356379999995],[116.45672832000001,35.83090673999997],[116.45693856000003,35.83056735],[116.45737992,35.83007838000002],[116.45832204,35.829360449999996],[116.45957519999997,35.82844317000001],[116.46005652000002,35.827944209999956],[116.46000647999998,35.827314480000005],[116.45992655999997,35.827084439999986],[116.45959571999998,35.826764039999986],[116.45920475999999,35.82655344000002],[116.45866367999999,35.82642248999999],[116.45766144,35.82642069000003],[116.45636832000001,35.826928110000004],[116.45468424,35.827664760000026],[116.45398259999999,35.82799326000001],[116.45332127999998,35.827932149999995],[116.45247924000002,35.82746081999999],[116.45167787999999,35.82670977],[116.45128691999997,35.826199379999984],[116.45102663999998,35.82572913000002],[116.45052551999997,35.82455877],[116.45050572,35.823719159999975],[116.45079696,35.82165078],[116.45090748000003,35.82037160999999],[116.45086751999997,35.81967186000001],[116.45085780000002,35.81851239000002],[116.45120879999999,35.817683489999986],[116.45176032,35.81711478000002],[116.45237196000002,35.816686019999985],[116.45297351999999,35.81606745000002],[116.45332452,35.815498379999994],[116.45375544,35.814729509999985],[116.45378567999998,35.81448966000003],[116.45368560000001,35.81429958000005],[116.45344512,35.81420921999998],[116.45312435999998,35.81418860999998],[116.45230247999997,35.81422712999996],[116.45059823999998,35.81432405999998],[116.44925543999999,35.81417169000003],[116.44805267999999,35.813829690000006],[116.44730135999998,35.813128679999984],[116.44576776,35.81303597999999],[116.44450488000003,35.812753829999984],[116.44310159999999,35.81234153999997],[116.4417588,35.811319680000025],[116.44007544000002,35.81040708],[116.4400254,35.81036702999998],[116.43874235999998,35.80965504000002],[116.43690815999999,35.80950186000001],[116.43678792,35.80945163999998],[116.43529464000002,35.80869932999999],[116.43423227999997,35.80834761],[116.43134615999998,35.80720299000002],[116.43121620000001,35.80555355999997],[116.43092568,35.80423370999996],[116.43085584000002,35.80303418999999],[116.43085620000001,35.80194473999999],[116.43069599999998,35.80071506999998],[116.43064595999999,35.80050509999999],[116.43015492,35.79942456],[116.42888196000001,35.79839243999997],[116.42726843999999,35.79741962999999],[116.42537411999997,35.79667631999997],[116.42534388000001,35.79667631999997],[116.42304888,35.79633215999999],[116.42249736,35.79663113999999],[116.42206644000004,35.79685037999997],[116.42164559999999,35.79704955],[116.42108435999998,35.797308479999984],[116.41995143999999,35.79798636],[116.41895928000002,35.79845453999995],[116.41685436,35.799020639999945],[116.41559147999997,35.79919838999998],[116.41340663999999,35.798844420000016],[116.41214375999999,35.798392259999986],[116.41016915999998,35.79758873999996],[116.40955788000001,35.79719769],[116.40933720000001,35.79705738],[116.40925692000002,35.79700725000001],[116.40799403999999,35.79638498999999],[116.40732264,35.79606386999999],[116.40644064,35.79564231],[116.40509747999998,35.79494994000004],[116.40376439999997,35.79460757999996],[116.40256163999997,35.794315440000005],[116.40030660000001,35.79397136999997],[116.39848788,35.79397262999996],[116.39659067999999,35.79426512999999],[116.39511287999999,35.79449696999997],[116.39433419999999,35.794917990000016],[116.3932956,35.79546924000002],[116.39146824000001,35.79679152000004],[116.38993067999999,35.79771338999994],[116.38972079999998,35.79793361999999],[116.38866239999999,35.79891489],[116.38789379999999,35.79960581999998],[116.38782396,35.79968591999997],[116.38704492000002,35.80051662],[116.384868,35.80154891999998],[116.38262123999999,35.80195166999996],[116.38149299999999,35.801903160000016],[116.37995543999999,35.80166528999999],[116.37868716000003,35.80092729000003],[116.37781884,35.80034868000001],[116.37770903999998,35.80029881999997],[116.37659052,35.79938055],[116.37552239999998,35.79846210000003],[116.3750328,35.798132790000004],[116.37383471999998,35.79737445],[116.37229715999997,35.79657659999998],[116.37095904000002,35.79623837999999],[116.36929151999999,35.79598061999999],[116.36913168000001,35.79595083000001],[116.36562708000004,35.796245309999996],[116.36448875999997,35.79595686000001],[116.36210231999999,35.795660039999966],[116.35978572,35.79584301000003],[116.35866756000001,35.79595442999998],[116.35791876,35.795925450000006],[116.35730964,35.795906280000004],[116.3572596,35.79589629],[116.35620119999997,35.79634763999999],[116.35570188,35.79671817000003],[116.35507295999999,35.797158900000035],[116.353665,35.79859052999999],[116.35254683999999,35.799551730000026],[116.35001027999998,35.80047476999998],[116.34867251999998,35.80053651000003],[116.34720444,35.80058834999999],[116.34494795999998,35.80036137000002],[116.34480828,35.80034156999999],[116.34457860000002,35.80032185999998],[116.34368004,35.80024310999998],[116.34164315999999,35.80006581000001],[116.33972580000002,35.80001829000001],[116.33967612000002,35.80000838999999],[116.33699988,35.799152039999996],[116.33468328,35.79858521999998],[116.33278643999998,35.79783785999999],[116.33102892000004,35.79669045],[116.32990068,35.795492189999976],[116.32863239999999,35.79411420000001],[116.32766399999998,35.79302574000001],[116.32645584000001,35.79124770000002],[116.32428900000004,35.78758146000005],[116.32344011999999,35.7867828],[116.32307076,35.78649335999998],[116.32182263999998,35.78552532000003],[116.32084416,35.784886770000014],[116.31978575999999,35.784488250000024],[116.31844764,35.78403015000002],[116.31697992000002,35.78334227999999],[116.31606119999998,35.78308362000001],[116.31514284000001,35.78282487000002],[116.31367476000003,35.78191713],[116.31240684,35.78110901999996],[116.31099888000001,35.780251140000004],[116.30952107999998,35.77898349],[116.30904191999998,35.777834460000015],[116.30713464000003,35.77652739000002],[116.30629583999999,35.77554872999996],[116.30544732000001,35.77475016],[116.30383955999999,35.77406246999999]]]}},{"type":"Feature","properties":{"id":"371725","name":"郓城县","adminCode":"371725","cityName":"菏泽市","provinceName":"山东省","analysisUnitType":"黄河滩区涉及县域筛查单元","sourceNote":"用户提供的黄河滩区中下游涉及县区边界；表示涉及县域，不等同于精确滩区或湿地管理单元"},"geometry":{"type":"Polygon","coordinates":[[[115.88456592,35.360232839999995],[115.88260175999997,35.360509679999986],[115.88092812000001,35.36106678],[115.87861296000003,35.36192259000002],[115.87706964000002,35.36271962999997],[115.87601700000002,35.36396694000001],[115.87498488000003,35.36484462000004],[115.874604,35.36516376000002],[115.87376196000001,35.366191560000004],[115.87291991999997,35.36733923999999],[115.87221827999998,35.368077510000006],[115.87136652000001,35.368935479999976],[115.87073508,35.37007353],[115.86995316000001,35.371570949999985],[115.86951215999999,35.37182007000003],[115.86827915999997,35.37252765],[115.8663852,35.37344402999998],[115.86533256000001,35.37384209999999],[115.86414024,35.37394019999999],[115.86294756,35.374627799999956],[115.86141395999998,35.37485531999998],[115.85966004000002,35.37553211999998],[115.85812680000002,35.37609929999999],[115.85678363999999,35.37677673],[115.8561522,35.377634969999974],[115.85517012,35.37877247999997],[115.85460852,35.37969074999998],[115.85396700000001,35.38048905000001],[115.85319515999997,35.38168677000001],[115.85262383999999,35.38352420999998],[115.85246328,35.38512243000003],[115.85190168000003,35.38660023],[115.85098943999998,35.387348130000014],[115.84944612000001,35.387575650000024],[115.84805292000003,35.387913239999996],[115.84682028000002,35.38798137000001],[115.84644948,35.38801080000001],[115.84518659999998,35.38812878999998],[115.84378367999999,35.38806678],[115.8407874,35.38748286000001],[115.83933443999997,35.386391790000005],[115.83772091999998,35.385230429999986],[115.83283032,35.38504340999996],[115.82995391999998,35.384969159999976],[115.82783927999998,35.38510595999999],[115.82483291999999,35.38537118999999],[115.82466227999998,35.38538091000002],[115.82230716000002,35.385847020000014],[115.81867908000002,35.38639107],[115.81543187999999,35.38685582999998],[115.81305660000004,35.387371800000025],[115.81148303999998,35.38773908999999],[115.80957899999999,35.388075869999994],[115.80768468000002,35.388412739999964],[115.80536952000001,35.38875896999999],[115.80319475999998,35.389225260000025],[115.80302448000002,35.38925496],[115.80157116000002,35.38949255999997],[115.79930748000001,35.389859849999965],[115.79672664000002,35.39026971000001],[115.79661648000003,35.39028969000001],[115.79648652,35.39031966000002],[115.79481575999998,35.390729430000015],[115.79358527999997,35.390919329999974],[115.79177483999997,35.39117924999999],[115.78989419999998,35.39137922999998],[115.78720320000002,35.39172905999999],[115.78641300000001,35.391829049999984],[115.78369212,35.39209904999998],[115.78125132,35.392528889999966],[115.77922055999997,35.39255903999998],[115.77664980000002,35.392948920000045],[115.77393899999997,35.393178870000014],[115.77055788,35.39321919],[115.76831723999999,35.39334923999997],[115.76472588,35.3933496],[115.76309544,35.39330982000001],[115.76085480000003,35.39339990999998],[115.75903428000002,35.393589899999974],[115.75694340000001,35.39395971000002],[115.75445255999998,35.39456937],[115.75271195999998,35.395109010000006],[115.75007135999999,35.39573873999998],[115.74991116,35.395778699999966],[115.74860076000002,35.39602854000001],[115.74741024,35.395978770000006],[115.7455098,35.396128799999964],[115.74433943999998,35.39608893000001],[115.74151848,35.39600928000004],[115.74047807999999,35.39636901],[115.73929763999999,35.39660894999999],[115.73797752,35.397018630000005],[115.73623692000002,35.39766825000002],[115.73505648000003,35.398027979999995],[115.73296559999999,35.3986776],[115.73115515999999,35.39927718000003],[115.72997471999997,35.399636999999956],[115.72843391999999,35.399996819999984],[115.72634339999999,35.40042666000002],[115.72473276,35.400436830000004],[115.7228424,35.400287159999976],[115.72151183999999,35.400187349999975],[115.72009163999999,35.39986776000001],[115.71993144000001,35.400976830000005],[115.71999084,35.40195594000001],[115.72019064000003,35.403034949999956],[115.7202108,35.40315483],[115.72032060000001,35.40430385999997],[115.72039007999997,35.40545279999996],[115.72050995999997,35.40642192000001],[115.72063956,35.407451070000015],[115.72056935999997,35.40860001000003],[115.71993900000001,35.40950928],[115.71774768,35.41137786],[115.71655716,35.41240701000001],[115.71563663999999,35.413136459999976],[115.71394536,35.414735220000004],[115.71358500000004,35.415824310000026],[115.71354468,35.41669353],[115.71352487999998,35.41700321999999],[115.71350472000002,35.41753277999999],[115.71356448,35.41850189999998],[115.71341399999999,35.419940639999986],[115.71368363999997,35.42113953000001],[115.71374339999998,35.42142932999998],[115.71415308,35.42297787],[115.71449292,35.42446655999998],[115.71469271999999,35.425565550000016],[115.71517259999999,35.42664456000001],[115.71530183999998,35.428992480000005],[115.71305075999999,35.43041141999999],[115.71199019999997,35.43081111],[115.71072983999997,35.43114096000004],[115.70939928,35.43142077],[115.70826887999999,35.43170058000002],[115.70623812,35.43225020999998],[115.70491727999999,35.432789850000034],[115.70434704,35.432989740000025],[115.70405688,35.43309963000002],[115.70159592000002,35.434048950000026],[115.7003352,35.43444864000003],[115.69924583999999,35.43549876000002],[115.70316480000002,35.43915428999999],[115.70353488,35.439493950000035],[115.70547491999999,35.441532],[115.709715,35.44601777999998],[115.70992523999999,35.44622757000002],[115.71094511999999,35.44752635999997],[115.71201504000001,35.448875099999974],[115.71134436000001,35.450183970000026],[115.71119388000002,35.451782550000004],[115.71083352000002,35.453041469999995],[115.71054300000002,35.45407053],[115.70997239999998,35.45514962999997],[115.70961204,35.456238629999994],[115.70891148,35.457267779999974],[115.70868144,35.457717419999966],[115.70818104000001,35.45870651999997],[115.70727024,35.459825580000015],[115.70613947999998,35.4607848],[115.70473872000001,35.461873890000014],[115.70422823999998,35.46318267000002],[115.70408784,35.464271759999995],[115.70463756,35.465480639999996],[115.70497739999998,35.466389819999996],[115.70607719999998,35.468857529999994],[115.70739695999998,35.47064592],[115.70822712,35.471625029999984],[115.70870699999998,35.47260413999999],[115.70891688,35.47357326000002],[115.70931648,35.47524176999998],[115.70979636,35.476440659999994],[115.71006600000001,35.47815912000003],[115.709625,35.48077686],[115.70926463999999,35.481985740000034],[115.70841395999999,35.482835069999965],[115.70728319999999,35.483744249999994],[115.70608259999999,35.484933240000004],[115.7043114,35.48641193999999],[115.70220000000003,35.48829024000002],[115.70155956000002,35.489149469999965],[115.70084892,35.49010860000004],[115.7006286,35.491077719999986],[115.70039784000001,35.493085979999975],[115.70109768000002,35.49458457000003],[115.70227776,35.49607325999999],[115.70303772000003,35.49711231000003],[115.70331780000002,35.49754196999998],[115.70365763999997,35.49808142999999],[115.70421743999998,35.499010590000026],[115.70441723999998,35.499919860000034],[115.70441723999998,35.50000977],[115.70440715999999,35.50025961000003],[115.70440715999999,35.50118895],[115.70446727999999,35.502098309999994],[115.70445684,35.50374711000003],[115.70467716000002,35.50451661000001],[115.70472684,35.50472639999999],[115.70499684,35.50582566],[115.70532696,35.50793418000003],[115.70636735999997,35.509203270000015],[115.70775767999999,35.51156162999999],[115.70893776000003,35.51312061],[115.70955803999999,35.51454953999999],[115.71003792000002,35.515758690000006],[115.71002784000002,35.517067830000016],[115.71000768000003,35.51861673000001],[115.71006779999999,35.51969601],[115.71027768000002,35.520725249999984],[115.71026760000002,35.52182450999997],[115.71005736,35.52273387000001],[115.70975711999999,35.52405290999998],[115.70862636,35.525651849999974],[115.7078358,35.52838992000001],[115.70747580000003,35.52947910000004],[115.70662512,35.53038845999998],[115.70591483999999,35.53117794000001],[115.70513435999999,35.53219719000002],[115.70456412,35.53386606000001],[115.70440391999998,35.534895299999974],[115.70419368000002,35.535804750000004],[115.70397336,35.536953869999984],[115.70389344000003,35.53831296000002],[115.70388336,35.53935218999999],[115.70440283999999,35.544438629999995],[115.70446296000001,35.54593758000001],[115.70375231999999,35.54729666999998],[115.70164163999999,35.54751653999998],[115.70038091999997,35.54750655],[115.69942151999999,35.54763722999999],[115.69883255999997,35.54772803999998],[115.69750416,35.54800973999997],[115.69602636,35.54806185000001],[115.69455864,35.54833374000002],[115.69468823999999,35.54959265999997],[115.69473828,35.54979246],[115.69477823999999,35.55003222000004],[115.69501764000002,35.55108116999998],[115.69591619999998,35.554117770000005],[115.69611563999997,35.55538659000001],[115.69658471999998,35.55675495000003],[115.69679424,35.55779391000003],[115.69726368000002,35.559671939999994],[115.69697387999999,35.56100142],[115.6965444,35.56260099000002],[115.69597488000004,35.56368099],[115.69519620000001,35.56494125999998],[115.69496615999999,35.56676034000001],[115.69504608,35.56761965999997],[115.69510584,35.56785942000001],[115.69558500000001,35.56871811000002],[115.69582475999998,35.57032659],[115.69584456,35.57054646],[115.69590432,35.571525660000034],[115.69659336000001,35.57318354999999],[115.69706243999998,35.57388231],[115.69756175999999,35.574621119999975],[115.69798080000001,35.575709669999995],[115.69814064000002,35.57629908000003],[115.69838003999999,35.57713815000002],[115.69840019999998,35.577537840000005],[115.69844015999999,35.578107360000025],[115.69847003999999,35.57894669999998],[115.69849955999997,35.58017582999999],[115.69841964000003,35.58114531000001],[115.69861943999999,35.58292371],[115.69803011999998,35.58332429999998],[115.69772052,35.583534629999996],[115.69721111999998,35.58388517999998],[115.69602311999999,35.583996870000014],[115.694685,35.58392883],[115.69306752,35.584041149999976],[115.69262796000001,35.584101810000014],[115.69152960000004,35.58426326999999],[115.68957263999998,35.58436614000002],[115.68844404,35.58434778000001],[115.68682656,35.58508974000002],[115.68581784000001,35.58611051999998],[115.68614724000001,35.587419120000014],[115.6870458,35.588207249999954],[115.68726575999999,35.58840677999999],[115.68935232,35.589962609999986],[115.69107959999998,35.59135905000001],[115.69151915999997,35.591698170000015],[115.69325615999999,35.59318460999997],[115.69499352000003,35.59440114000001],[115.69590216,35.59526918999997],[115.69750955999999,35.596415969999995],[115.69952663999997,35.59746221999999],[115.70232671999999,35.59903047000002],[115.70378724,35.599949820000006],[115.70539752,35.60064947999998],[115.70706791999999,35.602098749999996],[115.70732819999999,35.60238863999998],[115.70829803999999,35.60365800000001],[115.70987844,35.60599674],[115.70997816,35.60627664000001],[115.71145811999997,35.610494489999965],[115.71146819999997,35.610554429999986],[115.71202727999999,35.615072070000004],[115.71190739999997,35.61568182000002],[115.71040512000002,35.62282818000001],[115.71036515999998,35.62302807],[115.71134507999999,35.62508699999999],[115.71150528,35.625406860000055],[115.71322572000001,35.62644626999995],[115.71741720000001,35.62670601000001],[115.71972804,35.62677594000002],[115.72316964000001,35.62690572000001],[115.72428996000002,35.62714556999995],[115.72548012,35.62772525999997],[115.72532999999999,35.628644789999974],[115.7254596,35.63018396999996],[115.72550928000001,35.632422810000016],[115.72506864,35.634651659999975],[115.72493688,35.642767409999976],[115.72493688,35.64394676999998],[115.72489583999999,35.64787472999999],[115.72460567999998,35.64901413],[115.72389504000002,35.64998361],[115.72241471999997,35.65009368000002],[115.72073388,35.65042361999998],[115.71792264000003,35.65006388999997],[115.71582204000002,35.6494743],[115.71229079999998,35.648874810000024],[115.71190056000002,35.64881486999999],[115.70901948,35.64817533],[115.70642856,35.64781559999999],[115.70325731999999,35.64776582999999],[115.70193648,35.64879534000001],[115.70041583999998,35.65001484000005],[115.69854743999998,35.65158606000003],[115.69715928,35.652687569999976],[115.69543164,35.65418930999999],[115.69266503999998,35.656781939999966],[115.69259520000001,35.656832069999986],[115.69254516000001,35.65688210999999],[115.69246560000002,35.656962119999996],[115.69222583999999,35.657262359999976],[115.69185612,35.65773261000004],[115.69148676,35.658202950000046],[115.69111704000002,35.65864322999996],[115.69069764000001,35.65917360000004],[115.6904478,35.659483739999985],[115.69019831999998,35.65978398000001],[115.68994848000003,35.66008421999998],[115.68978864,35.660284289999964],[115.68963887999999,35.660464469999994],[115.68947903999998,35.66066453999999],[115.68938940000002,35.660764620000016],[115.68922955999999,35.66094479999998],[115.68913955999999,35.66104488],[115.68907980000002,35.66112489000001],[115.68696263999999,35.66296701000002],[115.68655295999999,35.66385710999998],[115.68573396000002,35.665077689999954],[115.68462516,35.66634858],[115.68443544,35.66665872000001],[115.68431555999997,35.666848800000004],[115.68388607999998,35.66754908999999],[115.68278772000001,35.668879920000045],[115.68194856000001,35.66969072999999],[115.68119976000001,35.67039146999999],[115.68054024,35.67145184999998],[115.68024035999997,35.674030890000026],[115.68030012000001,35.675020350000004],[115.68179664000003,35.6804154],[115.68187656,35.68104494999998],[115.68195612000002,35.681364629999955],[115.68197628000001,35.68204431],[115.68193596000002,35.68253409000004],[115.68192623999998,35.682753960000014],[115.68188591999997,35.68456314000004],[115.68186576000001,35.685012870000016],[115.68189563999998,35.68550265000004],[115.68185568000001,35.68592249999997],[115.68179555999998,35.68671215999999],[115.68181535999999,35.687261790000036],[115.68177539999999,35.68788152999997],[115.68178511999997,35.688181410000006],[115.68081672000002,35.68866246],[115.67982779999998,35.68949343000002],[115.67883923999999,35.69051429999999],[115.67686176,35.69204627999999],[115.67608271999998,35.69324678999997],[115.67522376,35.694157499999996],[115.67466467999999,35.69494788],[115.67422511999999,35.69597793000003],[115.67420495999998,35.69625783000003],[115.67414484,35.697067469999986],[115.67414484,35.698036949999995],[115.67447388000002,35.69930585999998],[115.67482308,35.70067485000003],[115.67544227999997,35.70222366],[115.67592144000001,35.703602730000014],[115.67674043999999,35.704931309999985],[115.67757923999997,35.70589998000002],[115.67918664000004,35.70717744],[115.68009527999997,35.70786602999998],[115.68128363999998,35.70861429000002],[115.68225203999998,35.709132780000004],[115.68358008,35.71011072000001],[115.68504779999999,35.711148509999994],[115.68609648000002,35.711966879999984],[115.68714480000001,35.71294517999999],[115.68762396000002,35.71385436000001],[115.68780396000002,35.714553930000044],[115.68789360000001,35.71483373999999],[115.68816324,35.715863160000005],[115.6878738,35.71741322999998],[115.6868154,35.71877448000001],[115.68595643999998,35.71946558999999],[115.68550715999999,35.71998606],[115.68437892000001,35.720607510000015],[115.68328055999999,35.72092899000002],[115.68261168,35.72111987999998],[115.68095423999999,35.721132210000015],[115.67859768,35.720805599999984],[115.67730960000002,35.72064737999999],[115.67629116000002,35.720178929999996],[115.67542248,35.72003015999999],[115.67395439999999,35.72002224000002],[115.67254679999998,35.720404109999976],[115.66916171999999,35.7217686],[115.66641600000001,35.72318213999998],[115.66492812000001,35.724084030000014],[115.66460844000001,35.72421443999999],[115.66352016000002,35.72464590000003],[115.66239191999999,35.72504739000002],[115.66071431999998,35.72497971000001],[115.65837792000002,35.72599284000001],[115.65724968000002,35.726734259999986],[115.65612144,35.72736570000004],[115.65527256000003,35.727976800000015],[115.65406440000001,35.72957817000001],[115.65377495999999,35.73071829000002],[115.65362519999998,35.731808280000024],[115.65354527999999,35.73317817],[115.65367488,35.734267710000005],[115.65394451999998,35.736326910000045],[115.65421416000002,35.73735633],[115.65441396,35.738285940000054],[115.65439379999998,35.74084544999997],[115.65445392000002,35.742115079999955],[115.65359495999999,35.744505839999995],[115.65308592000001,35.745486299999975],[115.65251676000001,35.74644696000001],[115.65173771999999,35.74713789000002],[115.65013032000002,35.747819999999955],[115.64888219999999,35.74841166000001],[115.64789363999999,35.749002870000005],[115.64664552,35.74969452000002],[115.6460364,35.74998531000001],[115.64556696000001,35.75020589999999],[115.64540747999999,35.750276100000015],[115.64425908000001,35.75092761000002],[115.64520767999998,35.750716290000035],[115.64563715999999,35.75143556999999],[115.64599644000002,35.75174499000003],[115.64673552000001,35.751953879999974],[115.64747424,35.75236283999999],[115.64808336,35.75257191000001],[115.64882208000002,35.75278080000003],[115.64980092,35.75308940999999],[115.65102888000001,35.75340764999998],[115.65163800000002,35.753616720000025],[115.65261647999999,35.75403530999999],[115.65420408000003,35.75465288999999],[115.65568187999999,35.75507075999999],[115.65825803999999,35.75550707999996],[115.66096415999999,35.75603322000002],[115.66378979999999,35.75646917999999],[115.66625615999997,35.75679560999998],[115.66871244,35.75713211999998],[115.67153808000002,35.75735811000002],[115.67400444,35.75749464000001],[115.6764708,35.75772117000003],[115.67819807999999,35.757838710000016],[115.68041496000001,35.75796560999999],[115.68287124000004,35.75830211999998],[115.68508776,35.75851893000002],[115.68766391999999,35.759055239999974],[115.68976092000001,35.75938221],[115.69107887999998,35.759650320000034],[115.69122863999999,35.75970008999999],[115.69331555999999,35.76032712000001],[115.69441391999999,35.76093543000002],[115.69600152,35.76146310000001],[115.69710996000002,35.761771529999976],[115.69784867999999,35.76218040000004],[115.69869755999997,35.76278907000001],[115.69954608000002,35.76330783],[115.70015555999998,35.76371715000003],[115.70064588,35.76422700000002],[115.70031576000001,35.76590667000001],[115.69994567999998,35.767446479999975],[115.69972607999999,35.768766419999984],[115.69957632000002,35.77007637000005],[115.69942655999998,35.77167629999999],[115.69913675999997,35.77316643],[115.69926672,35.77454595000002],[115.69911696,35.775915839999946],[115.69888727999998,35.77729590000002],[115.69861764,35.778925980000004],[115.69841783999999,35.77961610000001],[115.69826807999998,35.78029614000001],[115.69819824000002,35.78102613000003],[115.69785876000002,35.782536329999985],[115.69769891999998,35.78360634000002],[115.69734935999999,35.78492655000003],[115.69695012000001,35.78673672],[115.69655087999999,35.788536900000004],[115.69615128000001,35.790437069999996],[115.69600152,35.79204699000004],[115.69572179999999,35.79394698000004],[115.69568183999999,35.79655652999996],[115.69527251999999,35.79936651000002],[115.69512275999998,35.80067628],[115.69509251999999,35.80268535000001],[115.69494275999999,35.80398494999999],[115.69480272000001,35.80528445999998],[115.69489236,35.80709346],[115.69487220000003,35.80850277],[115.69497191999999,35.80991190000002],[115.69494204000002,35.81162118],[115.69492188,35.813220389999984],[115.69526099999999,35.81503901999998],[115.69535063999999,35.81724780000002],[115.69569012,35.81905644000001],[115.69602960000002,35.82056520000003],[115.69613903999998,35.82167445000001],[115.69636872,35.82267363000004],[115.69646843999998,35.82398286],[115.69668804,35.82569169000001],[115.69703724000001,35.827100459999976],[115.69725684000001,35.82850949999999],[115.69760604000001,35.82981837000001],[115.69771583999999,35.83102760999999],[115.69771583999999,35.831117520000014],[115.69789547999997,35.83334619000001],[115.69791527999999,35.83343609999998],[115.69846428,35.835034500000006],[115.69861404,35.836363620000036],[115.69896324,35.83737260999998],[115.69981211999999,35.83818108],[115.70054184,35.83879047000003],[115.70083199999999,35.83927026000003],[115.70159195999999,35.84150919000001],[115.70207220000002,35.84259864],[115.70297255999998,35.84380796999998],[115.70409287999999,35.84523726],[115.70478299999999,35.84610684000001],[115.70568336,35.847026369999995],[115.70652360000001,35.847506160000016],[115.70679360000003,35.84795589000004],[115.70718348000001,35.84842569],[115.70789375999999,35.84892545999999],[115.70880419999997,35.84945519999999],[115.70999472000001,35.84982501000002],[115.71134507999999,35.84989494000003],[115.7125158,35.84972501999996],[115.71365627999998,35.84946518999998],[115.71488675999998,35.849165310000004],[115.71599699999997,35.84874554999997],[115.71694740000001,35.848275750000006],[115.71752772000002,35.84788596000001],[115.71818832000002,35.84743623000001],[115.71875856000001,35.84704635000001],[115.71887843999998,35.84681649000003],[115.71998904000002,35.84619684000002],[115.72162992000003,35.84471750999998],[115.72255007999999,35.843868000000015],[115.72418088,35.84245869000003],[115.72524143999999,35.84142918000003],[115.72606187999999,35.84036970000002],[115.72641216000001,35.839630080000006],[115.72663247999999,35.83922030999997],[115.72675235999999,35.838730530000035],[115.72704251999998,35.83783098000001],[115.72722287999997,35.837201340000036],[115.72745292,35.83675152000001],[115.72779311999999,35.835901919999976],[115.72808327999998,35.83545219],[115.72871364000002,35.83433276999997],[115.72921404,35.833713030000034],[115.72937388000001,35.833433219999996],[115.7294142,35.83337319000002],[115.72972416,35.832833459999975],[115.73035451999998,35.832073859999966],[115.73091468,35.83140416999999],[115.73153531999999,35.83074456],[115.73220563999999,35.83020483],[115.73276580000002,35.82962505000001],[115.73328599999999,35.82890540999999],[115.73400636000001,35.82846567000003],[115.73479692000004,35.82775602000003],[115.73563716,35.82695646000003],[115.7363676,35.82659664],[115.73709768000002,35.82624681000001],[115.73814816,35.82607689],[115.73925876,35.825866920000024],[115.74059940000002,35.82569708999999],[115.74181979999997,35.825397209999984],[115.74282023999999,35.82531719999999],[115.74386064,35.825367239999984],[115.74428075999998,35.825397209999984],[115.74541115999999,35.82547713000002],[115.74629172000002,35.825667030000005],[115.74751212,35.82572706000001],[115.74883259999997,35.826106859999975],[115.74960263999999,35.82637668000002],[115.74988307999998,35.82647666999995],[115.75005299999998,35.82656657999998],[115.75076328000002,35.82695646000003],[115.75142351999999,35.82727623],[115.75202364000003,35.82782594999999],[115.75262375999999,35.82832571999998],[115.75305396000002,35.82878553000001],[115.7534442,35.82923526],[115.7537142,35.829605069999985],[115.75387403999999,35.830054889999985],[115.75419408,35.830554659999976],[115.75446443999999,35.83100439],[115.75506456000001,35.831913930000006],[115.75527443999998,35.832413700000004],[115.75554443999998,35.832913469999994],[115.75572443999998,35.833383180000006],[115.75574459999997,35.833433219999996],[115.75580471999997,35.83359306],[115.75634472,35.834742540000036],[115.7567148,35.83604187000002],[115.75740491999998,35.837541090000016],[115.75817495999998,35.83891044],[115.75826495999998,35.83941021],[115.75824479999999,35.84057958000001],[115.75843488000004,35.84251863000002],[115.75858464,35.84368809000003],[115.75867464,35.84486744999999],[115.75871459999999,35.84594690999997],[115.75875455999999,35.84703636000001],[115.75879416000001,35.84806587000004],[115.75883411999999,35.84888549999998],[115.75893419999998,35.84960513999996],[115.75898424,35.850234779999994],[115.75908395999998,35.85104442],[115.75929419999997,35.851684049999996],[115.75945403999998,35.85217383000004],[115.75966428000002,35.8526736],[115.75998432,35.85317328],[115.76041451999998,35.853902999999974],[115.76129472000002,35.854582589999964],[115.76184480000002,35.85504240000002],[115.76244492,35.85541220999999],[115.76320524,35.855911979999945],[115.76398572000001,35.85628179],[115.76468592000002,35.856871469999966],[115.76540591999999,35.85724127999999],[115.76628647999999,35.857571130000025],[115.76722679999997,35.85771107999999],[115.76798712000002,35.8579809],[115.76887740000002,35.85808088999998],[115.76981772000002,35.85823083000003],[115.77108816000002,35.85829077],[115.77202847999997,35.85843071999999],[115.77287879999999,35.85844071000002],[115.77551003999999,35.85883049999999],[115.77705047999999,35.85912038999997],[115.77894119999998,35.85948021],[115.78069188,35.85965013],[115.78252248000003,35.85965013],[115.78484375999999,35.859540150000015],[115.78750451999998,35.859440159999956],[115.79012567999997,35.859680100000006],[115.79289696000002,35.859710069999984],[115.7964984,35.85959010000003],[115.79955947999999,35.85931029000001],[115.80317711999997,35.858515049999994],[115.80615359999999,35.85801932999996],[115.80892992000001,35.85751334999999],[115.81125515999999,35.857316610000005],[115.81376075999998,35.85658032],[115.81682796,35.85548502000001],[115.81999524,35.85437982000001],[115.82269128,35.85342393000001],[115.82427492,35.853026310000025],[115.82520696,35.85250781999999],[115.82595863999998,35.85205898999999],[115.82735183999999,35.85132126000002],[115.82866512,35.85050343000002],[115.82996796000002,35.849835450000015],[115.83146160000001,35.84924775000001],[115.83321552,35.84858040000002],[115.83452843999999,35.84807244],[115.83619235999998,35.84778479999995],[115.83832715999999,35.847727739999975],[115.84063224,35.84805066000004],[115.84293731999999,35.848523519999986],[115.84515239999998,35.84914622999999],[115.84956204,35.851461119999996],[115.8508746,35.85210264000001],[115.85404152,35.85397608],[115.85489327999998,35.85443706000001],[115.85636675999999,35.85497877000001],[115.85848104,35.85603123],[115.86117708000002,35.85788406000001],[115.86387275999999,35.85952701],[115.86675887999999,35.86104026999999],[115.86856284,35.86209218999997],[115.86945456000001,35.86277312999997],[115.87071743999999,35.86373441999998],[115.87109831999999,35.86281534],[115.87132908000001,35.86198607999998],[115.87165992000001,35.86112685000001],[115.87213116,35.86031784000004],[115.87295304,35.85926942999997],[115.8727428,35.858179620000016],[115.87240223999997,35.85663981000001],[115.87220207999998,35.854910280000034],[115.87186152,35.85348035999996],[115.87183164000002,35.85319047],[115.87081968000003,35.85177971999999],[115.87035888,35.85041973000001],[115.87047912,35.848980450000006],[115.87110084000001,35.84703212999996],[115.87167251999999,35.84499381000002],[115.87220423999997,35.84243556],[115.87214448,35.84071620000001],[115.87187411999999,35.83900664999995],[115.87167396,35.83693719000001],[115.87218552000002,35.83492874999996],[115.87240619999999,35.83361961],[115.87240620000001,35.83352970000003],[115.87240619999999,35.833319729999964],[115.87241664000003,35.830810799999995],[115.87235687999998,35.829381329999975],[115.87194612000002,35.82779148000002],[115.87173588,35.826111900000015],[115.87147559999998,35.82469223999999],[115.87144572000001,35.824292369999974],[115.87141584,35.82257300999999],[115.87163688,35.82033425999999],[115.87087548,35.81816418],[115.87011408000002,35.81603414999997],[115.87152744,35.81501642999997],[115.87301099999999,35.813988810000026],[115.87470515999999,35.81303139],[115.8749856,35.812931850000005],[115.87639896000003,35.812453860000026],[115.87788252,35.81160623999999],[115.87949640000002,35.811218519999976],[115.88119019999999,35.81093079],[115.88281416,35.81031320999999],[115.88485895999999,35.80946621999999],[115.88703408,35.80895925000001],[115.88865768,35.808671519999976],[115.89035184,35.808173910000015],[115.89232644000002,35.80731684000002],[115.89415056,35.807049360000036],[115.89591456,35.80699166999998],[115.89809976000001,35.80728444000001],[115.89985367999999,35.807526540000005],[115.90201979999999,35.80787267999997],[115.90328736,35.80805025000003],[115.90482456,35.80844714999999],[115.90644131999997,35.808853859999985],[115.90797851999999,35.809140870000014],[115.90952544,35.80919793000002],[115.91085312,35.80885556999998],[115.91240004,35.80823285999997],[115.91324856,35.80744158000001],[115.9136784,35.80549155000003],[115.91424719999999,35.80458075000002],[115.91586432000003,35.80354808999998],[115.91686296,35.80206686999998],[115.91728236000002,35.80086653999998],[115.91731224,35.80082648999999],[115.91809092,35.79960546000002],[115.91813087999999,35.799545429999995],[115.91897904,35.79840414000001],[115.92214308,35.79783839999999],[115.92396971999999,35.797615020000045],[115.92579635999999,35.79744158999998],[115.92650483999999,35.79729029999999],[115.92825156,35.79693714000003],[115.93162548000001,35.79666083999999],[115.93477943999997,35.79604514999995],[115.93696535999999,35.79553115999995],[115.93922112,35.79455727],[115.942455,35.79303176999996],[115.94401236000002,35.79177933000003],[115.94632823999997,35.7905754],[115.94887343999999,35.789561009999986],[115.95210768000003,35.78865534],[115.95521195999999,35.78794982999996],[115.9558308,35.78780871],[115.95801671999997,35.787294810000006],[115.96048236,35.786670480000005],[115.96308767999997,35.78547609000002],[115.96694111999999,35.783419769999995],[115.97342004000002,35.77804010999999],[115.97881104,35.774831610000035],[115.98149627999997,35.77404698999998],[115.98381215999999,35.77446252000001],[115.98585840000001,35.774698590000014],[115.98853356,35.77459374000002],[115.99186787999999,35.77443768000002],[115.9924968,35.773397009999975],[115.99436411999997,35.7712146],[115.99544268,35.76995324999997],[116.00001539999998,35.76660650999996],[116.02256652000001,35.75004084],[116.03095164,35.74229768999995],[116.03224943999999,35.74107558000001],[116.03476476,35.73874151999999],[116.03651183999999,35.737388640000034],[116.04052439999998,35.734291830000004],[116.043309,35.73214703999997],[116.05639391999999,35.72516312999999],[116.06281127999998,35.72071154999998],[116.06339016,35.72042049000001],[116.06518656000001,35.71949709000003],[116.06791104,35.71769205],[116.06879952,35.71686054000001],[116.06748228000001,35.71484381999996],[116.06741279999999,35.71329438000004],[116.06708339999999,35.71165557000001],[116.06706360000001,35.71157565000001],[116.06714352000002,35.71002593999998],[116.06819148000001,35.70860420999998],[116.06839127999999,35.70844383000002],[116.06981832000001,35.707341150000005],[116.07086628,35.706819150000015],[116.07276239999997,35.706315329999995],[116.07465816000001,35.70580151999999],[116.07521723999997,35.70552045],[116.07592572,35.705109149999984],[116.07782183999998,35.704255410000016],[116.08053623999999,35.70347996999999],[116.08234236000001,35.70246639],[116.08259220000002,35.701576109999955],[116.08355988,35.70093423000004],[116.08392923999999,35.69939406],[116.08547652000001,35.69785163999998],[116.08709327999999,35.69624919000001],[116.08857035999999,35.69515668000003],[116.08968816000001,35.69356529999996],[116.08983828000001,35.692235729999986],[116.08955892,35.69120685000001],[116.08949951999999,35.68966784999999],[116.08908047999998,35.68782978000001],[116.08880148,35.68590143999999],[116.08867224,35.68365297000003],[116.08951068,35.68247199000002],[116.08966043999997,35.68222178999999],[116.09120735999998,35.68124916],[116.09351279999998,35.68067477999996],[116.09638704000002,35.680509090000015],[116.09792352,35.68084569],[116.09954028000003,35.681302170000016],[116.10105156,35.68203242999999],[116.10234432,35.68263380999999],[116.10423791999999,35.68326605999999],[116.10564084000004,35.683647750000006],[116.10781560000002,35.682081659999994],[116.11014084000001,35.68064580000004],[116.11232568000001,35.67892977000001],[116.11493136,35.67728429999999],[116.11759715999999,35.67517920000003],[116.11887012,35.67345200999998],[116.1190908,35.67174326999997],[116.11921140000001,35.67104388000001],[116.11937195999998,35.67014460000001],[116.11921176000001,35.66894507999999],[116.1191016,35.66807540999999],[116.11879127999998,35.66667582000001],[116.11878119999999,35.66661578999996],[116.11868111999999,35.66618594999998],[116.11813031999999,35.664186329999964],[116.1165978,35.66165571],[116.1168084,35.66045672999997],[116.11708920000001,35.65956762],[116.11743983999999,35.65845872999999],[116.11794131999999,35.65611081000002],[116.11858320000002,35.65417275],[116.11921464,35.65248461999998],[116.11942524,35.65194525000003],[116.12020715999999,35.649937439999995],[116.1210492,35.64787976999999],[116.12232216,35.645982570000044],[116.12386583999998,35.643995820000015],[116.12502828,35.64262809000002],[116.12526876,35.64233865000001],[116.12620115999998,35.640620820000024],[116.12692295999999,35.63922258],[116.12634191999999,35.636663339999984],[116.12564099999999,35.635203179999976],[116.12551067999998,35.634893219999974],[116.12501963999999,35.63437284],[116.12459916000002,35.63391257999999],[116.12312603999997,35.632881180000005],[116.12215440000001,35.63202042000001],[116.12117268,35.63104968000003],[116.11976975999998,35.63012834999999],[116.11921895999998,35.629657829999985],[116.11718495999999,35.62794612000003],[116.11620324,35.626965389999995],[116.11529172000002,35.62593479999998],[116.11455011999999,35.62493445000002],[116.11346831999998,35.62341389999997],[116.11270692,35.622603359999985],[116.11214604000003,35.62175313000002],[116.11116431999999,35.62072245],[116.11067328000003,35.619622379999996],[116.11044324000002,35.618922539999986],[116.11019268,35.61837255000007],[116.11012283999999,35.617103189999995],[116.11027332,35.61638382000001],[116.1103032,35.616213899999984],[116.11034351999999,35.61601409999996],[116.11041372000001,35.614585079999976],[116.11041408,35.61350571],[116.11028412000002,35.61230619000002],[116.11028412000002,35.61126678000004],[116.11029456,35.60995764000005],[116.11022435999999,35.60892812999999],[116.11036512000004,35.60794884000001],[116.11051559999999,35.606809709999986],[116.11057607999997,35.605260720000025],[116.11072655999999,35.60417154000002],[116.11115748000002,35.603252640000015],[116.1116388,35.60194404000001],[116.11235016,35.60079564000002],[116.11292148,35.599777020000005],[116.11301183999998,35.59966722000003],[116.11397376,35.59856913000003],[116.11516644,35.597551319999994],[116.11529675999998,35.597461500000016],[116.11622844000001,35.596913039999954],[116.11727064000002,35.59617486000005],[116.11846331999999,35.595087120000024],[116.11877363999997,35.594897669999966],[116.11922472000002,35.594628390000004],[116.12015676000001,35.594059949999995],[116.12128895999999,35.592982109999994],[116.12219076,35.5920039],[116.12283227999998,35.59023584999998],[116.12289276,35.589256559999974],[116.12249207999999,35.58759705],[116.12209139999999,35.58701690999997],[116.12185092000001,35.586676799999985],[116.12109924000002,35.58575636999999],[116.12063844000001,35.58525606000004],[116.12010743999998,35.58472569000004],[116.1192258,35.58421485000003],[116.11891512,35.584044569999975],[116.11789307999997,35.58335364000002],[116.11786320000002,35.583323580000034],[116.11760256,35.58325329000001],[116.11661075999999,35.58323205000003],[116.114787,35.58327957],[116.11366487999997,35.58321810000004],[116.11149047999999,35.58253571999999],[116.11157075999998,35.58149639999999],[116.11143071999999,35.58023702999998],[116.11136052000002,35.579157569999985],[116.11140047999999,35.57903769000001],[116.11186163999997,35.57749923000003],[116.11250315999999,35.57584115999998],[116.11277387999999,35.572973219999994],[116.11292436,35.57137446],[116.11314504,35.56959579000001],[116.11342583999999,35.56753740000002],[116.11336607999999,35.565708510000015],[116.11336608000002,35.56426932],[116.11364688,35.562960540000034],[116.11379735999999,35.561651580000024],[116.11358675999999,35.56043198999996],[116.11345680000001,35.56009206000002],[116.11324619999999,35.559522089999994],[116.11303595999999,35.558492490000006],[116.11282571999998,35.55740286000001],[116.11297619999999,35.556433649999974],[116.11332683999998,35.55517490999995],[116.11388808,35.55397638],[116.11444931999999,35.55265796999998],[116.11495043999997,35.55156923999999],[116.11537128,35.55036063],[116.11579248000001,35.54888211],[116.11636379999999,35.54692406999998],[116.11685483999999,35.54578539],[116.11706543999999,35.544586409999994],[116.11753667999997,35.54313794999996],[116.11784735999997,35.54218899000003],[116.11834847999998,35.54092043999997],[116.11875923999999,35.53955181000002],[116.11923048000001,35.538862860000016],[116.11961099999999,35.53829378999995],[116.11961136000001,35.53709454000003],[116.11976184000001,35.53600536],[116.11983203999998,35.53457634000001],[116.119782,35.53325711999997],[116.11967183999998,35.53154802000001],[116.11923119999999,35.53074791999998],[116.11874015999997,35.529458039999994],[116.11842983999999,35.52808851000002],[116.11831968,35.52670916999999],[116.11836000000001,35.52556995000002],[116.11867067999998,35.52340166999997],[116.11817999999998,35.52135228],[116.1173484,35.52014187000004],[116.1167274,35.518991760000006],[116.11663703999999,35.51848191],[116.11659708000002,35.518232069999996],[116.11652688,35.51779224000002],[116.11654703999999,35.51736249000003],[116.11658736000001,35.516483099999995],[116.11701828,35.51550426],[116.11807055999999,35.51458635],[116.11919268000001,35.51413814999999],[116.11923263999999,35.51411825999999],[116.12038499999997,35.51362010999997],[116.12122704,35.512302150000025],[116.12150747999998,35.51116319999999],[116.1214776,35.510223780000004],[116.12137752000004,35.50933413000001],[116.12067624000001,35.508303810000044],[116.11984463999998,35.50721336999998],[116.11935395999998,35.50560363000001],[116.11923372000003,35.50543361999998],[116.11838196,35.50422312000002],[116.11773072000001,35.50325282999997],[116.1169794,35.50216247999999],[116.11634832,35.50124213999997],[116.11572732,35.50010202000001],[116.11569708000002,35.500041989999986],[116.115687,35.50001202000001],[116.11523663999999,35.49883239000001],[116.11482623999997,35.49671370000002],[116.11456596000001,35.495494470000054],[116.11455588,35.495394570000016],[116.11462607999998,35.49425570999999],[116.11168055999998,35.49361212000002],[116.11049831999999,35.49293109],[116.10775296000003,35.49229784999998],[116.10587915999999,35.49177566999997],[116.10467676000002,35.491654079999996],[116.10285336000003,35.491072049999985],[116.10124020000002,35.490670200000004],[116.09920908000001,35.490440069999984],[116.09782163999998,35.490203009999995],[116.09587548,35.48957742],[116.09543627999997,35.48947842],[116.09411904000001,35.489231280000006],[116.09270172,35.48907423000002],[116.09250192000002,35.489054610000025],[116.09132436000002,35.48892708],[116.08971732000002,35.48859056999999],[116.08515684,35.48440332000002],[116.08006752,35.479417770000005],[116.07571656000002,35.475889499999965],[116.06411916,35.4727251],[116.06280156000003,35.47248795000001],[116.06139431999998,35.47232081999997],[116.05887935999999,35.471856150000015],[116.05726224,35.47149965999999],[116.05531608,35.47087406999999],[116.05335012,35.47074807],[116.04999636000001,35.47051479000003],[116.04726144000001,35.47045026000004],[116.04586427999999,35.47027314000001],[116.04404772000001,35.470336680000024],[116.04181211999999,35.46885230999999],[116.04096431999999,35.46625617000001],[116.03979756,35.46140255999998],[116.03980764000002,35.46127259999997],[116.03593691999998,35.45167824],[116.03544840000002,35.449181280000026],[116.03515896,35.44823259000001],[116.03489976000002,35.44729389],[116.03464020000001,35.44668495000003],[116.03451060000002,35.446645260000004],[116.03399183999997,35.44528733999999],[116.03245500000003,35.44402139999999],[116.03147724,35.44287426000001],[116.03042928,35.44218683999999],[116.02967075999997,35.44131906000002],[116.02925172,35.44085025000002],[116.02841363999998,35.43988266000001],[116.02737575999998,35.438565779999976],[116.02697651999999,35.437857119999975],[116.02688688,35.43770745000002],[116.02662731999999,35.43738822000001],[116.02625832000001,35.436959279999996],[116.02521035999999,35.435582460000006],[116.02360404,35.43339735000001],[116.02191744,35.431851870000045],[116.02164780000001,35.43162255000002],[116.02054044,35.43052563000003],[116.01928296000003,35.429269050000016],[116.01852479999998,35.427711779999996],[116.01705779999999,35.42604597000001],[116.01650915999998,35.42484797999998],[116.01581075999998,35.42341050000001],[116.01497232000001,35.42266277999998],[116.01471312000001,35.42242346999997],[116.01420407999997,35.421974819999974],[116.01350531999998,35.42122674000004],[116.01182879999999,35.420300729999994],[116.00825579999999,35.42023763999997],[116.00601983999998,35.41999212000003],[116.00440308,35.419815359999994],[116.00352468,35.41984695000001],[116.00287596000001,35.419878180000005],[116.00153856,35.41958100000001],[116.00013132000001,35.419633650000016],[116.00002151999999,35.41963392000002],[115.99853399999999,35.41968656999997],[115.99719624,35.41973904000001],[115.99593840000003,35.419501620000034],[115.99496027999999,35.41898384999997],[115.99441128000001,35.41838534999999],[115.99385220000002,35.41777686000001],[115.99367292,35.416967850000006],[115.99361280000001,35.41666823999999],[115.99357284,35.416468439999996],[115.99322399999998,35.41503024],[115.99322399999998,35.41376133000002],[115.99309475999999,35.41216284],[115.99324451999999,35.41096350000004],[115.99325496,35.40923496000003],[115.99325531999999,35.408095829999986],[115.99319556,35.406677070000015],[115.99319591999999,35.40500846999997],[115.99306632000001,35.4039795],[115.9926174,35.402931269999996],[115.99257744000002,35.40283137000001],[115.99090056000001,35.401845420000015],[115.98978240000001,35.40172761],[115.98845472000004,35.401500270000014],[115.98719688000001,35.40132278999999],[115.98537024,35.40033711000002],[115.98426215999999,35.399819609999966],[115.98363324,35.39885165999998],[115.98322356000001,35.39703384000001],[115.98315372,35.39673423000001],[115.98309396,35.395515360000026],[115.98274439999999,35.39374749000002],[115.98240492,35.39254913999995],[115.98239484,35.392519170000014],[115.98212519999998,35.39094092999998],[115.98185556,35.38991232],[115.98122663999999,35.38898424],[115.98052788,35.38801638],[115.97948928000001,35.386579530000034],[115.97843124000002,35.385822179999984],[115.97753268000002,35.38496465999999],[115.97648436000001,35.384337179999996],[115.97625504,35.384227650000035],[115.97522651999999,35.383630139999994],[115.97397876000002,35.38317294],[115.97089392000001,35.38183995000003],[115.97081435999999,35.381830050000005],[115.96928687999998,35.38161315000002],[115.96733028,35.381257200000036],[115.96579272000001,35.38147994999997],[115.96446504000001,35.38143261000002],[115.96242887999999,35.38136655000003],[115.96104107999999,35.38146905999997],[115.95957372000001,35.381292030000026],[115.95802644000001,35.38111518000003],[115.95690828000001,35.38105740000001],[115.95592008,35.38058967000002],[115.95488184000001,35.380022129999965],[115.95376368000001,35.37955467],[115.95285540000002,35.379036809999995],[115.95180708000002,35.37839942999999],[115.95090888000001,35.37777168000001],[115.94993039999999,35.377254],[115.94805372,35.37667808999996],[115.94685563999998,35.37638064000004],[115.94586743999997,35.37631259999999],[115.94490911999999,35.37609461999998],[115.94378124,35.37574704],[115.94141531999999,35.37533195999998],[115.94015748,35.375044679999995],[115.93820087999998,35.37440891999998],[115.93597499999997,35.37377379],[115.93450728000003,35.373087180000034],[115.93060415999997,35.37193572000002],[115.92787931999999,35.37095183999999],[115.92488447999999,35.37014832000004],[115.92271835999999,35.36974287000002],[115.92111096000001,35.36927630999997],[115.91979335999997,35.36886923999998],[115.91825615999998,35.368692389999985],[115.91582039999999,35.368067610000026],[115.9147026,35.36771004000004],[115.91358443999998,35.36748242999998],[115.91184743999999,35.36748576],[115.90870320000002,35.36730207000004],[115.90577819999999,35.36735760000003],[115.90362216,35.36747172],[115.90144595999998,35.367525810000004],[115.8989364,35.36791685999998],[115.89704207999998,35.36784413999997],[115.89438636,35.367950160000014],[115.89312383999999,35.36788841999998],[115.89201144,35.367996690000005],[115.89074855999998,35.367984809999975],[115.88942555999999,35.36781300000001],[115.88823324,35.36781129],[115.88691060000001,35.36637065999999],[115.88692068,35.36442243000002],[115.88693112000001,35.36207460000004],[115.88660028000001,35.36030574000003],[115.88456592,35.360232839999995]]]}},{"type":"Feature","properties":{"id":"371726","name":"鄄城县","adminCode":"371726","cityName":"菏泽市","provinceName":"山东省","analysisUnitType":"黄河滩区涉及县域筛查单元","sourceNote":"用户提供的黄河滩区中下游涉及县区边界；表示涉及县域，不等同于精确滩区或湿地管理单元"},"geometry":{"type":"Polygon","coordinates":[[[115.60532975999999,35.38056132000004],[115.60309307999998,35.38065437999998],[115.60043664000003,35.38057824000003],[115.597782,35.380884689999974],[115.59740112,35.38098386999998],[115.59652919999999,35.38107225000001],[115.59541644,35.38120004999998],[115.59422339999999,35.381377709999974],[115.59253931999999,35.38196405999995],[115.59129623999999,35.382780989999986],[115.58977236000001,35.38382724000005],[115.58914092000002,35.384275620000004],[115.58804831999998,35.38504287000001],[115.58679516000002,35.385520140000025],[115.58484035999997,35.385936209999976],[115.58315628,35.385953130000004],[115.58120148000003,35.38568988],[115.58058012000002,35.38538901000002],[115.58005884000002,35.385298109999994],[115.57893636000001,35.38496646000001],[115.57746288000001,35.38418453999999],[115.57625975999999,35.383612949999986],[115.57478628000001,35.38283103],[115.57232028,35.382167190000025],[115.5711978,35.38223505000002],[115.57007496,35.38219301999999],[115.56840095999999,35.38238984999999],[115.56609552000002,35.382525480000055],[115.56470196000002,35.38277271000001],[115.56351899999999,35.382890520000004],[115.56121355999998,35.38320597000003],[115.55932895999997,35.3834523],[115.55757467999999,35.38340919000002],[115.55604107999999,35.383436369999984],[115.5544272,35.38332360000001],[115.55310383999998,35.38318131000002],[115.55163035999998,35.383078710000014],[115.55015687999999,35.382986100000004],[115.54809192000002,35.382452850000014],[115.54383168,35.38215539999998],[115.54362108,35.382135060000024],[115.53538139999999,35.38155069000001],[115.52579820000001,35.382352499999975],[115.52531687999998,35.38246148999997],[115.51090212000001,35.38589220000001],[115.50851640000002,35.38637748000003],[115.50650148000003,35.38715310000004],[115.50538872,35.38728099],[115.50399552000002,35.38746827999997],[115.50273227999999,35.387486009999996],[115.50072743999999,35.387182620000004],[115.50015611999999,35.38755125999999],[115.50001572,35.387550990000015],[115.49918376,35.38756943999999],[115.4981916,35.38746765000001],[115.49710907999999,35.38738566],[115.49673828,35.38736505000004],[115.4956356,35.38730294999997],[115.4946636,35.387211240000006],[115.49421251999999,35.38711044000001],[115.49381147999999,35.38701981000001],[115.49295971999999,35.38692827999999],[115.49247840000001,35.38693737000002],[115.49137608,35.38694528999997],[115.49027340000002,35.38695321],[115.48918079999999,35.38696112999998],[115.48807847999997,35.38697904000001],[115.48722636000001,35.38728710999998],[115.48625399999999,35.38729529999998],[115.48539215999998,35.387393580000015],[115.48429956,35.38751139000003],[115.48345787999999,35.38771964999996],[115.48276632,35.387968139999955],[115.48175400000001,35.38833587999999],[115.48110240000001,35.38849445999999],[115.48004975999999,35.38875231000001],[115.47908783999998,35.38906020000001],[115.47822563999999,35.38906857],[115.47713340000003,35.389086479999975],[115.47628128,35.38919474999998],[115.47561959999999,35.389353330000006],[115.47456731999999,35.389611089999995],[115.47372528,35.389919250000005],[115.47287351999998,35.39032731000002],[115.47202140000002,35.39042559000003],[115.47115955999998,35.39033405999998],[115.47006696,35.39035196999997],[115.46921520000001,35.39056014000001],[115.46824283999997,35.39066822999999],[115.46739072000003,35.39087640000001],[115.46683956000003,35.39118509999997],[115.46593739999997,35.39168289000003],[115.46564688000002,35.39226177],[115.46522604000003,35.393090220000026],[115.46511552,35.39379933],[115.4647548,35.39450798999996],[115.46463456000001,35.39519711999997],[115.46427383999998,35.39590578],[115.46410320000001,35.39643497999999],[115.46401320000001,35.39670453],[115.46381268,35.39730366000005],[115.46372231999999,35.39781296999997],[115.46358192,35.398701900000006],[115.46323128000003,35.39941056000001],[115.46299079999999,35.40010950000005],[115.46262972000001,35.40081824999999],[115.46239895999999,35.40152717999999],[115.46227872000001,35.40222639000002],[115.46211815999999,35.40254588999997],[115.46170704000004,35.403374429999985],[115.46127612,35.404202969999986],[115.46085491999999,35.40504149999993],[115.46037360000001,35.40564009],[115.45988256,35.40622868999996],[115.45942139999998,35.40694724999997],[115.45880976,35.40745566000003],[115.45807787999999,35.407863900000024],[115.45746659999999,35.408292480000014],[115.45663463999999,35.40888035999996],[115.45602299999999,35.40936887999998],[115.45548156,35.409687569999996],[115.45446924000001,35.41022522999999],[115.45347672,35.41060304999998],[115.45250435999998,35.41081103999998],[115.45153236,35.411118930000036],[115.45068024000001,35.41142708999999],[115.44970788000002,35.41183488],[115.44885575999997,35.41204304999998],[115.44831432000001,35.412341850000004],[115.44739236000002,35.41284963000001],[115.44655031999997,35.41305789000003],[115.44556787999998,35.413465679999995],[115.44496631999999,35.41397417999999],[115.44411420000003,35.414282340000014],[115.44356303999999,35.41459104000001],[115.44266088000002,35.41509891],[115.44229979999999,35.41554783],[115.44169824,35.41630608000003],[115.44072587999997,35.416613969999986],[115.44030504000001,35.41671314999997],[115.43987376000001,35.41682223000002],[115.43964335999999,35.416851749999985],[115.43901192,35.41693049999999],[115.4381598,35.41692888000003],[115.43706720000002,35.41694678999997],[115.43620535999999,35.41705506],[115.435233,35.417253060000014],[115.43438088,35.417361330000034],[115.43351904,35.41756959000004],[115.4329074,35.41765833000003],[115.43182488,35.41778621999998],[115.43084243999999,35.41798413000002],[115.42970987999998,35.41812191999999],[115.42861728,35.41824971999999],[115.42753476000001,35.41838750999999],[115.42644216,35.41852538999999],[115.42558032000001,35.41861368],[115.42483836000001,35.41870214999996],[115.42448771999997,35.41874147999996],[115.42363560000001,35.418939749999964],[115.42278347999998,35.41904802000002],[115.42180103999999,35.41906610999998],[115.42151052,35.418995639999984],[115.42094928000002,35.4188547],[115.42008743999997,35.41876308000003],[115.41922523999999,35.41857165000002],[115.41830327999998,35.41829013000004],[115.41726071999997,35.41798836000001],[115.41671964,35.417797470000004],[115.41570732,35.417455829999994],[115.41468527999997,35.41711418999997],[115.41403367999999,35.41695308999997],[115.41332196,35.4168018],[115.41297132,35.41672125],[115.41276072,35.416690830000015],[115.41210912,35.41661973000001],[115.41130739999998,35.41646825999998],[115.41024504,35.416256400000016],[115.40916252,35.41604454000004],[115.40831040000002,35.415943020000014],[115.40775923999999,35.41595192999997],[115.40732832,35.415951119999995],[115.40622564,35.41595904000002],[115.40512332,35.41597695000002],[115.40427119999998,35.41587543],[115.40362968,35.41581422999998],[115.40339927999999,35.41579379999999],[115.40253707999999,35.415712259999985],[115.40143476,35.4156102],[115.40034216,35.41549823999999],[115.39995119999998,35.415457650000015],[115.39886328000001,35.41533911999997],[115.39777500000002,35.41522076999999],[115.39691639999998,35.415022050000005],[115.39630763999999,35.414433359999975],[115.39638792000001,35.413923690000026],[115.39652795999999,35.41302422999999],[115.39627847999999,35.41223519999997],[115.39577952,35.41143653999999],[115.39504080000002,35.411047830000015],[115.39419227999998,35.41085919000004],[115.39321415999997,35.41086054000002],[115.39252511999999,35.41111127999999],[115.39151675999999,35.41148244000001],[115.39052855999998,35.41148378999998],[115.38968003999999,35.411195160000034],[115.38870155999999,35.411196509999996],[115.38784331999997,35.41100786999997],[115.38698472,35.41091912999999],[115.38613620000001,35.41073049000002],[115.38527759999998,35.410731659999996],[115.3841796,35.410743180000004],[115.38321119999999,35.41085442],[115.38223271999999,35.41105566000002],[115.38137412000002,35.41116671999999],[115.3805256,35.41137777000001],[115.37991648000002,35.41188816000004],[115.37931744,35.41248846000002],[115.37883792000002,35.41308867000002],[115.37859816000002,35.413798410000005],[115.37849843999999,35.414507969999995],[115.37837819999999,35.415397439999985],[115.37801856,35.416197269999955],[115.37790876000003,35.41680693],[115.3777788,35.41759640999997],[115.37742888,35.41840622999999],[115.37718912,35.41910597999998],[115.37710919999999,35.41923602999997],[115.37670995999999,35.41971618000001],[115.37611092,35.42021658],[115.37538192,35.420717159999974],[115.37504243999999,35.42087754000003],[115.37453340000003,35.421118019999994],[115.37367479999997,35.421328980000006],[115.3727064,35.421540209999996],[115.37172792,35.42185124999997],[115.37086932000001,35.422052310000005],[115.3700208,35.42216337000001],[115.36916219999999,35.422464329999954],[115.36904232,35.42252445],[115.3684134,35.422825050000036],[115.36746480000001,35.42327594999998],[115.36649639999997,35.42348708999999],[115.36563779999999,35.42369813999999],[115.36466940000001,35.42369948999999],[115.36401060000001,35.42386023000002],[115.3629522,35.42412149999997],[115.36197408000002,35.42442254999996],[115.36113527999998,35.42463351000001],[115.36027668000001,35.424944460000006],[115.35972767999998,35.42524496999998],[115.35881903999999,35.425755810000005],[115.35821999999999,35.42625621000003],[115.357581,35.426696669999984],[115.35748127999999,35.42675679],[115.35712164,35.42720688],[115.35652260000002,35.42796702000002],[115.35555384000001,35.429177339999995],[115.35507432,35.429787539999985],[115.35504444000001,35.42982750000001],[115.35459515999999,35.43047756999997],[115.35411563999997,35.43107769000003],[115.35350688000001,35.43158816999999],[115.35277788,35.43209865],[115.35192935999999,35.432409600000014],[115.35095087999998,35.432710650000004],[115.35009227999998,35.43291170999998],[115.34924376,35.43302277000003],[115.34888448,35.43302321999996],[115.34778611999998,35.43303474],[115.34667803999997,35.43303626999996],[115.34558004,35.43304770000001],[115.34448203999999,35.43304923000001],[115.34337396000004,35.433060750000024],[115.34251536000001,35.43297200999997],[115.34166683999999,35.432973090000054],[115.34055876,35.432984610000005],[115.33971024,35.43288588000001],[115.33860215999998,35.432897400000016],[115.33750416,35.43279893999998],[115.33703507999999,35.432809559999974],[115.33639608000001,35.432810460000056],[115.33542768000001,35.4327219],[115.33444956,35.43272316000001],[115.33346100000003,35.4326346],[115.33248287999999,35.43264593999997],[115.33150476,35.432447489999944],[115.33089564,35.43244829999999],[115.32979764000001,35.43245982000004],[115.32869928,35.432471249999985],[115.32760127999998,35.43247277999999],[115.3264932,35.43247431],[115.32539519999999,35.432485740000004],[115.32453659999999,35.43259688999998],[115.3234386,35.43260832000004],[115.32234059999998,35.43260985000002],[115.321482,35.43272091000002],[115.32038363999997,35.432722439999985],[115.31940551999999,35.43283367999996],[115.31842703999999,35.432835029999985],[115.31744892,35.43304617000001],[115.31671992,35.43345675],[115.31612088000001,35.434156949999995],[115.31564171999999,35.43475707000004],[115.31502251999999,35.43526746000002],[115.31466287999999,35.43596739000002],[115.31455308000002,35.43666687000001],[115.3145628,35.43746616000002],[115.3145628,35.43836534999999],[115.3145826,35.43926453999999],[115.3147122,35.439973739999985],[115.31484144000001,35.44096266000002],[115.31485152,35.441861849999974],[115.31498111999998,35.442561059999974],[115.31511072000004,35.44337015999998],[115.31525004000002,35.44435917],[115.31526012,35.44525836000001],[115.31513987999999,35.44605782999997],[115.31514995999999,35.44675713000002],[115.31515968,35.44765631999997],[115.31507975999999,35.448165989999985],[115.31492964000002,35.44905546000003],[115.31492963999999,35.44986473999997],[115.31484971999998,35.450374320000016],[115.31469960000003,35.45126379],[115.31446991999998,35.451963449999965],[115.31424996000001,35.45269307999999],[115.31423016000001,35.45277308999999],[115.3139904,35.45347275000001],[115.31363076000001,35.45416269000001],[115.31315160000001,35.45477280000002],[115.31292192,35.45547245999997],[115.31305151999999,35.45618165999997],[115.3135404,35.45677044],[115.31427912,35.45736894],[115.31501784000002,35.45776764],[115.31587608,35.45815608000001],[115.31674439999999,35.45844471000001],[115.31701403999998,35.45867411999999],[115.31780243999998,35.4593025],[115.31859083999998,35.45993088000003],[115.31910996000002,35.460439740000005],[115.31982851999999,35.46113822999998],[115.32019787999998,35.46181710000003],[115.32044700000002,35.462526120000035],[115.32045708000001,35.46322551],[115.32046679999999,35.464124699999985],[115.32084588000001,35.46482355000004],[115.32096540000002,35.465522849999985],[115.32097548000002,35.46632213999999],[115.32110508000001,35.467021350000024],[115.32112487999999,35.46792053999997],[115.32100464000001,35.46862001999999],[115.32101472000002,35.46931940999999],[115.32102443999997,35.47022859],[115.32090456000002,35.470918170000026],[115.32091428000001,35.47161756000002],[115.32092399999999,35.47252673999999],[115.3210536,35.47322595000001],[115.32130307999999,35.473924979999985],[115.32143268000002,35.47462419000003],[115.32181175999999,35.475313139999976],[115.32230100000001,35.47601180999997],[115.32279996,35.476610669999985],[115.32341844,35.477209349999995],[115.32403727999998,35.477708039999946],[115.32455639999999,35.47820690999997],[115.32527495999999,35.47888542000002],[115.3258938,35.47958399999996],[115.32651263999999,35.480082689999975],[115.32700152000001,35.48068155],[115.32752028,35.48118041999996],[115.32823884000003,35.48186891999997],[115.32897756000001,35.48236752],[115.32967632000003,35.48274624000004],[115.33058459999998,35.48324457],[115.33106375999998,35.48265444000004],[115.33155299999999,35.48194442999998],[115.33203252000003,35.481354300000014],[115.33238171999997,35.48064446999997],[115.3325718,35.48010473999999],[115.33286124000001,35.47923506999997],[115.33295124000001,35.47873538999996],[115.33309127999999,35.47784600999999],[115.33321116000002,35.477036550000015],[115.3334412,35.476226909999966],[115.33356108000002,35.47542744000003],[115.33391063999998,35.47462770000001],[115.33439987999998,35.47392767999999],[115.33537799999999,35.47381643999998],[115.33623659999999,35.47400517000003],[115.33684536000003,35.474613839999996],[115.3370448,35.47514313],[115.33735404,35.47601190000001],[115.33744404,35.476511400000035],[115.33761324,35.47740042],[115.33761324,35.477999909999994],[115.33763304000001,35.47889910000004],[115.33764276,35.479808280000015],[115.33755276,35.48031795000003],[115.33741272,35.48120732999996],[115.33741272,35.48180682000003],[115.33742244000001,35.48270610000001],[115.33743215999999,35.483605290000014],[115.33744187999997,35.48451447000001],[115.33758155999999,35.48530359000003],[115.33759128000003,35.48600298000004],[115.33759128,35.486912250000024],[115.33772088,35.487601469999966],[115.33797000000001,35.488300499999994],[115.33809960000004,35.4889998],[115.33835916,35.48969883000002],[115.33872815999997,35.49039777000001],[115.33869791999999,35.49203639999998],[115.3389474,35.49279536999996],[115.33972571999998,35.493563700000045],[115.34325911999997,35.495127720000006],[115.34980680000001,35.49769704000001],[115.35281063999999,35.49947166000002],[115.35323976000001,35.50002057000003],[115.35330959999999,35.500100489999966],[115.35358932,35.500449869999976],[115.35342911999999,35.50184919000002],[115.35296976,35.50486779],[115.35169139999999,35.50895675999999],[115.34703839999999,35.51709761999998],[115.34536079999998,35.52139709999998],[115.34386284000001,35.525676239999996],[115.343064,35.527446180000005],[115.34080716,35.531696520000004],[115.33869036,35.536346369999976],[115.336413,35.54293518],[115.33585391999999,35.54512451999997],[115.33716071999999,35.54994968999999],[115.34023475999999,35.55353331000004],[115.34166216,35.55499040999998],[115.34207112000001,35.555849280000025],[115.34350859999999,35.55724643999998],[115.34877864000002,35.56160648999999],[115.35570576000002,35.567113409999976],[115.36184484000003,35.57020301999999],[115.36507907999999,35.57127788999996],[115.36791408,35.57122407000001],[115.36901207999999,35.57089277999996],[115.36981091999998,35.57065184999999],[115.37162784,35.56964997000002],[115.37341488,35.569247849999996],[115.37486208,35.57013525000001],[115.375032,35.57034486000003],[115.37535132,35.57073419999998],[115.37585028000004,35.57143305000003],[115.37605007999998,35.571962429999985],[115.37635931999999,35.57283138000001],[115.37673876000001,35.57353040999999],[115.37698824000002,35.57422953000003],[115.37735724000004,35.57491856999997],[115.37785656000003,35.57560743000002],[115.37810604000002,35.57631663],[115.37847504,35.57675582999998],[115.37910396,35.57750444999998],[115.3797228,35.57800323],[115.38009216000002,35.578452420000026],[115.38071099999999,35.57919104999999],[115.38132983999999,35.579689920000014],[115.38182916,35.58027879000001],[115.38243791999999,35.580877559999976],[115.38281735999998,35.58131676000001],[115.38343619999999,35.582065380000046],[115.38388511999997,35.582424480000014],[115.38467388,35.583052949999995],[115.38486359999997,35.58333248999998],[115.38516276,35.58375179999998],[115.38579168,35.584500420000026],[115.38641052000003,35.585239050000006],[115.38702936,35.585987760000016],[115.38765828,35.58673629000002],[115.38802764000002,35.58753531000003],[115.38832679999997,35.58809447999997],[115.38877608,35.588923290000004],[115.38927503999999,35.589522150000036],[115.38964440000001,35.590221179999986],[115.39014372,35.59091003999999],[115.39076256000001,35.59140881999998],[115.39126152,35.59199769000004],[115.39200023999999,35.59249628999999],[115.39248948,35.593095240000004],[115.39300824000001,35.59343427000002],[115.39385675999998,35.59400270999999],[115.39471536000003,35.59457115000002],[115.39557396000002,35.59485968999999],[115.39643219999998,35.59524822000002],[115.39705140000001,35.59574709000001],[115.39778004,35.59614579000001],[115.39852884,35.5966344],[115.39914767999998,35.59713318],[115.3998864,35.59751198999999],[115.40050739999998,35.59802246999998],[115.40115900000002,35.598643290000005],[115.40193084,35.599284270000005],[115.40236176,35.599714829999996],[115.40273255999999,35.6001552],[115.40316348,35.600455889999964],[115.40491775999998,35.60164848000002],[115.40663135999999,35.604799830000026],[115.40761343999999,35.609868719999994],[115.40820419999999,35.61501680999999],[115.40890548000002,35.61911577000005],[115.40898539999999,35.62016526],[115.40939615999999,35.62356401999997],[115.40963664,35.62386435],[115.41038832000001,35.62476524999999],[115.41101004,35.62535609999996],[115.4116314,35.62585703999999],[115.41225276,35.62644789],[115.41275388000001,35.62703846999999],[115.41317472,35.62745904000005],[115.41389652000001,35.628150060000046],[115.41460824000002,35.62884098999997],[115.41534984000002,35.62923221999998],[115.41598127999998,35.629813080000005],[115.41672324,35.63021430000004],[115.41758508,35.6306157],[115.41844728,35.63110709999998],[115.41889835999997,35.63146772999997],[115.41967992,35.63209890000002],[115.42042187999999,35.632500119999975],[115.42080276000002,35.63318042999999],[115.42141403999999,35.633681280000026],[115.42179491999998,35.63413181999999],[115.42241627999998,35.63488250999998],[115.42278708,35.635572900000035],[115.42316795999997,35.636023349999974],[115.42378932000003,35.636774130000006],[115.42440095999999,35.63726499000001],[115.42514256000001,35.63766621000004],[115.42559364000002,35.63802693000001],[115.42638527999998,35.638658100000015],[115.42724748000002,35.639139420000014],[115.42798907999999,35.639640630000024],[115.42873104000002,35.64002187000002],[115.42935240000001,35.64063269999998],[115.43021424,35.64102410999999],[115.43095620000001,35.64142533],[115.43181803999998,35.64181682999998],[115.43256,35.64230796000002],[115.43306112,35.64289863000001],[115.4336724,35.64348948000001],[115.43417352000002,35.64409005000001],[115.43467464000003,35.64479061000001],[115.4349252,35.64548073],[115.43530607999999,35.64618111],[115.43580719999997,35.64677177999995],[115.436178,35.64757197],[115.43631839999998,35.647952039999986],[115.43662907999999,35.64881217],[115.43693975999999,35.64968229000001],[115.43745095999999,35.65051280999996],[115.43806224,35.65126358999999],[115.43868359999999,35.65200438000001],[115.43930495999999,35.65275516],[115.43992631999998,35.65334609999999],[115.44041772000001,35.65394666999996],[115.44094872000002,35.65444742999999],[115.44167052000002,35.655138449999995],[115.44216156,35.65572912000004],[115.44253235999999,35.65642940999999],[115.44291323999998,35.656879950000004],[115.4435346,35.65762073999999],[115.44416603999998,35.658231660000006],[115.44489791999999,35.65891269],[115.44539904,35.65950335999999],[115.44601031999997,35.6600043],[115.44676200000002,35.660745360000014],[115.44738335999999,35.66148615],[115.44800507999997,35.66223693000001],[115.44862644000003,35.66297772],[115.44906744000002,35.663588280000006],[115.4496186,35.664368939999996],[115.44987924000003,35.66505906000001],[115.45025004000001,35.66576943000002],[115.45038036000004,35.66612943],[115.4505906,35.66669958000001],[115.45070075999999,35.666989650000005],[115.45101143999999,35.66784978],[115.45114175999998,35.66855961],[115.45139231999998,35.669249729999976],[115.45153271999999,35.66994966],[115.45190351999999,35.67064994999997],[115.45199351999999,35.671159890000006],[115.45216380000001,35.67204971999999],[115.45242443999999,35.672849819999996],[115.45261487999998,35.67337991999996],[115.45292556,35.67424004999996],[115.45305588000001,35.674939890000026],[115.45331616,35.675649990000004],[115.45344648000003,35.67633993000004],[115.45369703999998,35.677030050000035],[115.45382736,35.67772989000001],[115.45420824000001,35.67843027000001],[115.45439868000003,35.678960370000006],[115.45470936,35.67982049999998],[115.45509023999999,35.680520879999996],[115.45559136,35.68122143999998],[115.45608239999999,35.68181210999999],[115.45653348,35.682172830000034],[115.45705476,35.68258367999999],[115.45731504000001,35.68280400000001],[115.45781616000002,35.683404660000036],[115.45867836,35.68359627],[115.45941024,35.68397750999999],[115.45992108000002,35.68457825999999],[115.46054279999998,35.68507920000001],[115.46072316,35.68527945000003],[115.4609136,35.68551965999999],[115.46152487999998,35.686270529999994],[115.46214624000001,35.68676148],[115.46225676000002,35.68689162],[115.46264735999999,35.68735214999995],[115.46302823999999,35.688062520000024],[115.46326907999998,35.688352859999995],[115.46389043999997,35.68909365],[115.4645118,35.68984452],[115.46489267999999,35.69053491],[115.46538372,35.69113556999999],[115.46600507999997,35.69162652000001],[115.46638596,35.692326900000005],[115.46663652000001,35.69301701999998],[115.46701740000002,35.693717399999976],[115.46750843999999,35.694418049999996],[115.46776907999998,35.69511815999999],[115.46792928000002,35.695428390000025],[115.46838036000001,35.69624882999999],[115.46882136,35.69706927000002],[115.46885124000003,35.69708933999999],[115.46927243999998,35.6978997],[115.46976348,35.69849037],[115.47014436000002,35.69919074999998],[115.47039491999999,35.69988086999996],[115.47076572000002,35.7003315],[115.47139715999998,35.70108255],[115.47150731999999,35.701652519999975],[115.47152711999999,35.70177257999998],[115.47189791999999,35.70247304999998],[115.47208836000001,35.70300323999997],[115.47240912,35.70386363999998],[115.47287999999998,35.704474380000036],[115.47352152,35.70506550000003],[115.47426311999999,35.70545682],[115.47476423999997,35.70605756999998],[115.47561636000002,35.70643917000004],[115.47623772000003,35.70693021],[115.47643824000004,35.70702057000001],[115.47698939999998,35.70733161],[115.4774304,35.707682340000005],[115.47847259999999,35.70859413],[115.47992592,35.70987654000003],[115.47995579999997,35.7099066],[115.48019663999999,35.71019694],[115.48268207999999,35.71268093999999],[115.48328328,35.71336188000001],[115.48407491999998,35.71399323000001],[115.48486692000002,35.71461459],[115.48520748,35.71486515000003],[115.48565855999998,35.715245940000024],[115.48639044,35.71563717000003],[115.48684116000001,35.715997980000004],[115.48763315999999,35.716629240000024],[115.48836467999998,35.71702056],[115.48899612000001,35.717521589999976],[115.48972764000003,35.71800282000001],[115.49368656,35.72086940999998],[115.49416752,35.721260189999974],[115.49429784,35.72137043999998],[115.49485943999998,35.72166141000002],[115.49579148000001,35.72214300000002],[115.49640276000002,35.72264403000001],[115.49677356,35.72289458999998],[115.49689380000001,35.722974779999994],[115.49849760000002,35.72391753000003],[115.49928924000002,35.724358889999955],[115.50001067999997,35.72506998000002],[115.50071231999999,35.72573094],[115.50234599999997,35.726033699999974],[115.50337848,35.72638533],[115.50541319999999,35.727138629999956],[115.50750803999999,35.72720226000004],[115.50863052,35.727154289999966],[115.51018428,35.72687708999998],[115.51157747999999,35.72699948999998],[115.51305095999999,35.72678214],[115.51543704,35.726106599999994],[115.51691052000001,35.725939200000006],[115.51810319999998,35.72594127000003],[115.51950647999999,35.72624367000003],[115.52117003999999,35.72785601999998],[115.5217212,35.72888661000002],[115.52233248,35.73055710000001],[115.52274324000003,35.73146745000002],[115.5233646,35.732618190000004],[115.52482764000004,35.73360036],[115.52594040000001,35.73395226000003],[115.52706288000002,35.733894209999995],[115.52839631999998,35.733726630000014],[115.53099227999999,35.73357129],[115.53274656000002,35.73329444999999],[115.53534287999999,35.73279917999998],[115.53674615999999,35.73257174999997],[115.53851051999997,35.73207504000002],[115.54019423999999,35.731798109999986],[115.541748,35.73146096999998],[115.54315128,35.731023569999984],[115.54469495999997,35.73056637],[115.54651943999998,35.72999982000001],[115.54828380000002,35.729722980000034],[115.54961687999999,35.72945541000006],[115.55059932000002,35.72893728000003],[115.55194247999998,35.728659719999975],[115.5537666,35.72827299],[115.55574155999997,35.728056540000026],[115.55700444000001,35.727838829999975],[115.55764596000002,35.727799950000005],[115.55821728,35.72778095999997],[115.5584178,35.72778131999998],[115.55889876,35.727782220000044],[115.56029195999999,35.72842446],[115.56267767999998,35.72947836],[115.56470231999998,35.730401670000006],[115.56609552000002,35.731213920000044],[115.56748872,35.732016089999995],[115.56840096000002,35.732597580000004],[115.56993456,35.73353007000001],[115.57118735999998,35.734571999999986],[115.57307196,35.735445090000006],[115.57447524000003,35.73601739999998],[115.57566792,35.73642942],[115.57728180000004,35.73678221999998],[115.57889567999999,35.73708498],[115.58042927999998,35.73748764000001],[115.58211299999999,35.737850520000016],[115.58470931999999,35.738385029999954],[115.58730528,35.73873953999997],[115.58884895999998,35.73875223000001],[115.59075372000001,35.73871569000001],[115.59320928000004,35.73924993],[115.59622644,35.7393852],[115.5981312,35.73939860999997],[115.59974472000002,35.73958140000001],[115.60290120000003,35.73976769999999],[115.60632587999997,35.74001285999999],[115.60927140000003,35.740438649999994],[115.61361516000002,35.74086246000001],[115.61564196,35.74137950999999],[115.61718960000003,35.74173726000001],[115.6188672,35.74208484000001],[115.61938631999998,35.742234149999994],[115.62075432,35.742612149999985],[115.62187248000001,35.74313046000001],[115.62375995999999,35.744057639999966],[115.62497784,35.744475869999995],[115.62508763999999,35.74451564999996],[115.62599628000001,35.74504431000002],[115.62697512,35.74567278],[115.62774371999998,35.74637163000002],[115.62878231999998,35.747119979999994],[115.62975071999999,35.74820844000003],[115.63106867999998,35.74976624999998],[115.63132859999997,35.74998585000002],[115.63162812,35.75022542999999],[115.63337519999999,35.751662639999985],[115.63540235999999,35.752709609999975],[115.63659071999999,35.75310785999999],[115.63776863999998,35.75332619999997],[115.63960608000001,35.75284371000004],[115.64087400000003,35.752282019999974],[115.64207244,35.751830490000025],[115.64425908000001,35.75092761000002],[115.64540747999999,35.750276100000015],[115.64556696000001,35.75020589999999],[115.6460364,35.74998531000001],[115.64664552,35.74969452000002],[115.64789363999999,35.749002870000005],[115.64888219999999,35.74841166000001],[115.65013032000002,35.747819999999955],[115.65173771999999,35.74713789000002],[115.65251676000001,35.74644696000001],[115.65308592000001,35.745486299999975],[115.65359495999999,35.744505839999995],[115.65445392000002,35.742115079999955],[115.65439379999998,35.74084544999997],[115.65441396,35.738285940000054],[115.65421416000002,35.73735633],[115.65394451999998,35.736326910000045],[115.65367488,35.734267710000005],[115.65354527999999,35.73317817],[115.65362519999998,35.731808280000024],[115.65377495999999,35.73071829000002],[115.65406440000001,35.72957817000001],[115.65527256000003,35.727976800000015],[115.65612144,35.72736570000004],[115.65724968000002,35.726734259999986],[115.65837792000002,35.72599284000001],[115.66071431999998,35.72497971000001],[115.66239191999999,35.72504739000002],[115.66352016000002,35.72464590000003],[115.66460844000001,35.72421443999999],[115.66492812000001,35.724084030000014],[115.66641600000001,35.72318213999998],[115.66916171999999,35.7217686],[115.67254679999998,35.720404109999976],[115.67395439999999,35.72002224000002],[115.67542248,35.72003015999999],[115.67629116000002,35.720178929999996],[115.67730960000002,35.72064737999999],[115.67859768,35.720805599999984],[115.68095423999999,35.721132210000015],[115.68261168,35.72111987999998],[115.68328055999999,35.72092899000002],[115.68437892000001,35.720607510000015],[115.68550715999999,35.71998606],[115.68595643999998,35.71946558999999],[115.6868154,35.71877448000001],[115.6878738,35.71741322999998],[115.68816324,35.715863160000005],[115.68789360000001,35.71483373999999],[115.68780396000002,35.714553930000044],[115.68762396000002,35.71385436000001],[115.68714480000001,35.71294517999999],[115.68609648000002,35.711966879999984],[115.68504779999999,35.711148509999994],[115.68358008,35.71011072000001],[115.68225203999998,35.709132780000004],[115.68128363999998,35.70861429000002],[115.68009527999997,35.70786602999998],[115.67918664000004,35.70717744],[115.67757923999997,35.70589998000002],[115.67674043999999,35.704931309999985],[115.67592144000001,35.703602730000014],[115.67544227999997,35.70222366],[115.67482308,35.70067485000003],[115.67447388000002,35.69930585999998],[115.67414484,35.698036949999995],[115.67414484,35.697067469999986],[115.67420495999998,35.69625783000003],[115.67422511999999,35.69597793000003],[115.67466467999999,35.69494788],[115.67522376,35.694157499999996],[115.67608271999998,35.69324678999997],[115.67686176,35.69204627999999],[115.67883923999999,35.69051429999999],[115.67982779999998,35.68949343000002],[115.68081672000002,35.68866246],[115.68178511999997,35.688181410000006],[115.68177539999999,35.68788152999997],[115.68181535999999,35.687261790000036],[115.68179555999998,35.68671215999999],[115.68185568000001,35.68592249999997],[115.68189563999998,35.68550265000004],[115.68186576000001,35.685012870000016],[115.68188591999997,35.68456314000004],[115.68192623999998,35.682753960000014],[115.68193596000002,35.68253409000004],[115.68197628000001,35.68204431],[115.68195612000002,35.681364629999955],[115.68187656,35.68104494999998],[115.68179664000003,35.6804154],[115.68030012000001,35.675020350000004],[115.68024035999997,35.674030890000026],[115.68054024,35.67145184999998],[115.68119976000001,35.67039146999999],[115.68194856000001,35.66969072999999],[115.68278772000001,35.668879920000045],[115.68388607999998,35.66754908999999],[115.68431555999997,35.666848800000004],[115.68443544,35.66665872000001],[115.68462516,35.66634858],[115.68573396000002,35.665077689999954],[115.68655295999999,35.66385710999998],[115.68696263999999,35.66296701000002],[115.68907980000002,35.66112489000001],[115.68913955999999,35.66104488],[115.68922955999999,35.66094479999998],[115.68938940000002,35.660764620000016],[115.68947903999998,35.66066453999999],[115.68963887999999,35.660464469999994],[115.68978864,35.660284289999964],[115.68994848000003,35.66008421999998],[115.69019831999998,35.65978398000001],[115.6904478,35.659483739999985],[115.69069764000001,35.65917360000004],[115.69111704000002,35.65864322999996],[115.69148676,35.658202950000046],[115.69185612,35.65773261000004],[115.69222583999999,35.657262359999976],[115.69246560000002,35.656962119999996],[115.69254516000001,35.65688210999999],[115.69259520000001,35.656832069999986],[115.69266503999998,35.656781939999966],[115.69543164,35.65418930999999],[115.69715928,35.652687569999976],[115.69854743999998,35.65158606000003],[115.70041583999998,35.65001484000005],[115.70193648,35.64879534000001],[115.70325731999999,35.64776582999999],[115.70642856,35.64781559999999],[115.70901948,35.64817533],[115.71190056000002,35.64881486999999],[115.71229079999998,35.648874810000024],[115.71582204000002,35.6494743],[115.71792264000003,35.65006388999997],[115.72073388,35.65042361999998],[115.72241471999997,35.65009368000002],[115.72389504000002,35.64998361],[115.72460567999998,35.64901413],[115.72489583999999,35.64787472999999],[115.72493688,35.64394676999998],[115.72493688,35.642767409999976],[115.72506864,35.634651659999975],[115.72550928000001,35.632422810000016],[115.7254596,35.63018396999996],[115.72532999999999,35.628644789999974],[115.72548012,35.62772525999997],[115.72428996000002,35.62714556999995],[115.72316964000001,35.62690572000001],[115.71972804,35.62677594000002],[115.71741720000001,35.62670601000001],[115.71322572000001,35.62644626999995],[115.71150528,35.625406860000055],[115.71134507999999,35.62508699999999],[115.71036515999998,35.62302807],[115.71040512000002,35.62282818000001],[115.71190739999997,35.61568182000002],[115.71202727999999,35.615072070000004],[115.71146819999997,35.610554429999986],[115.71145811999997,35.610494489999965],[115.70997816,35.60627664000001],[115.70987844,35.60599674],[115.70829803999999,35.60365800000001],[115.70732819999999,35.60238863999998],[115.70706791999999,35.602098749999996],[115.70539752,35.60064947999998],[115.70378724,35.599949820000006],[115.70232671999999,35.59903047000002],[115.69952663999997,35.59746221999999],[115.69750955999999,35.596415969999995],[115.69590216,35.59526918999997],[115.69499352000003,35.59440114000001],[115.69325615999999,35.59318460999997],[115.69151915999997,35.591698170000015],[115.69107959999998,35.59135905000001],[115.68935232,35.589962609999986],[115.68726575999999,35.58840677999999],[115.6870458,35.588207249999954],[115.68614724000001,35.587419120000014],[115.68581784000001,35.58611051999998],[115.68682656,35.58508974000002],[115.68844404,35.58434778000001],[115.68957263999998,35.58436614000002],[115.69152960000004,35.58426326999999],[115.69262796000001,35.584101810000014],[115.69306752,35.584041149999976],[115.694685,35.58392883],[115.69602311999999,35.583996870000014],[115.69721111999998,35.58388517999998],[115.69772052,35.583534629999996],[115.69803011999998,35.58332429999998],[115.69861943999999,35.58292371],[115.69841964000003,35.58114531000001],[115.69849955999997,35.58017582999999],[115.69847003999999,35.57894669999998],[115.69844015999999,35.578107360000025],[115.69840019999998,35.577537840000005],[115.69838003999999,35.57713815000002],[115.69814064000002,35.57629908000003],[115.69798080000001,35.575709669999995],[115.69756175999999,35.574621119999975],[115.69706243999998,35.57388231],[115.69659336000001,35.57318354999999],[115.69590432,35.571525660000034],[115.69584456,35.57054646],[115.69582475999998,35.57032659],[115.69558500000001,35.56871811000002],[115.69510584,35.56785942000001],[115.69504608,35.56761965999997],[115.69496615999999,35.56676034000001],[115.69519620000001,35.56494125999998],[115.69597488000004,35.56368099],[115.6965444,35.56260099000002],[115.69697387999999,35.56100142],[115.69726368000002,35.559671939999994],[115.69679424,35.55779391000003],[115.69658471999998,35.55675495000003],[115.69611563999997,35.55538659000001],[115.69591619999998,35.554117770000005],[115.69501764000002,35.55108116999998],[115.69477823999999,35.55003222000004],[115.69473828,35.54979246],[115.69468823999999,35.54959265999997],[115.69455864,35.54833374000002],[115.69602636,35.54806185000001],[115.69750416,35.54800973999997],[115.69883255999997,35.54772803999998],[115.69942151999999,35.54763722999999],[115.70038091999997,35.54750655],[115.70164163999999,35.54751653999998],[115.70375231999999,35.54729666999998],[115.70446296000001,35.54593758000001],[115.70440283999999,35.544438629999995],[115.70388336,35.53935218999999],[115.70389344000003,35.53831296000002],[115.70397336,35.536953869999984],[115.70419368000002,35.535804750000004],[115.70440391999998,35.534895299999974],[115.70456412,35.53386606000001],[115.70513435999999,35.53219719000002],[115.70591483999999,35.53117794000001],[115.70662512,35.53038845999998],[115.70747580000003,35.52947910000004],[115.7078358,35.52838992000001],[115.70862636,35.525651849999974],[115.70975711999999,35.52405290999998],[115.71005736,35.52273387000001],[115.71026760000002,35.52182450999997],[115.71027768000002,35.520725249999984],[115.71006779999999,35.51969601],[115.71000768000003,35.51861673000001],[115.71002784000002,35.517067830000016],[115.71003792000002,35.515758690000006],[115.70955803999999,35.51454953999999],[115.70893776000003,35.51312061],[115.70775767999999,35.51156162999999],[115.70636735999997,35.509203270000015],[115.70532696,35.50793418000003],[115.70499684,35.50582566],[115.70472684,35.50472639999999],[115.70467716000002,35.50451661000001],[115.70445684,35.50374711000003],[115.70446727999999,35.502098309999994],[115.70440715999999,35.50118895],[115.70440715999999,35.50025961000003],[115.70441723999998,35.50000977],[115.70441723999998,35.499919860000034],[115.70421743999998,35.499010590000026],[115.70365763999997,35.49808142999999],[115.70331780000002,35.49754196999998],[115.70303772000003,35.49711231000003],[115.70227776,35.49607325999999],[115.70109768000002,35.49458457000003],[115.70039784000001,35.493085979999975],[115.7006286,35.491077719999986],[115.70084892,35.49010860000004],[115.70155956000002,35.489149469999965],[115.70220000000003,35.48829024000002],[115.7043114,35.48641193999999],[115.70608259999999,35.484933240000004],[115.70728319999999,35.483744249999994],[115.70841395999999,35.482835069999965],[115.70926463999999,35.481985740000034],[115.709625,35.48077686],[115.71006600000001,35.47815912000003],[115.70979636,35.476440659999994],[115.70931648,35.47524176999998],[115.70891688,35.47357326000002],[115.70870699999998,35.47260413999999],[115.70822712,35.471625029999984],[115.70739695999998,35.47064592],[115.70607719999998,35.468857529999994],[115.70497739999998,35.466389819999996],[115.70463756,35.465480639999996],[115.70408784,35.464271759999995],[115.70422823999998,35.46318267000002],[115.70473872000001,35.461873890000014],[115.70613947999998,35.4607848],[115.70727024,35.459825580000015],[115.70818104000001,35.45870651999997],[115.70868144,35.457717419999966],[115.70891148,35.457267779999974],[115.70961204,35.456238629999994],[115.70997239999998,35.45514962999997],[115.71054300000002,35.45407053],[115.71083352000002,35.453041469999995],[115.71119388000002,35.451782550000004],[115.71134436000001,35.450183970000026],[115.71201504000001,35.448875099999974],[115.71094511999999,35.44752635999997],[115.70992523999999,35.44622757000002],[115.709715,35.44601777999998],[115.70547491999999,35.441532],[115.70353488,35.439493950000035],[115.70316480000002,35.43915428999999],[115.69924583999999,35.43549876000002],[115.69750776000002,35.43688988999998],[115.69450212000001,35.43738363],[115.69303404,35.43766550999999],[115.69163579999999,35.43760746000002],[115.69044743999999,35.437599180000014],[115.68911940000002,35.43759098999999],[115.68779136,35.43752295000001],[115.68659292000001,35.43728480999998],[115.68548484,35.436996629999996],[115.68423671999999,35.43635897999998],[115.68310811999999,35.43607079999998],[115.68186036000002,35.435323170000004],[115.68095172000002,35.43445520999998],[115.68022307999998,35.434126529999986],[115.67984363999999,35.43393725999997],[115.67797703999997,35.43134219999998],[115.67700864,35.43031448999998],[115.67637971999999,35.42950610999999],[115.67555135999999,35.42789871000002],[115.67480291999998,35.42606135999997],[115.67355515999998,35.42399495999996],[115.67300615999997,35.42319647999997],[115.67197836000003,35.421229710000006],[115.67142936000002,35.420141429999994],[115.67087063999998,35.419003289999985],[115.67060099999999,35.41808448],[115.67036196000001,35.41704570000003],[115.67032199999998,35.41687595999999],[115.67026223999997,35.41666617],[115.66985292000003,35.41538789999999],[115.66972368,35.414418960000006],[115.66939464,35.41252113000001],[115.66757736000001,35.41183433999999],[115.66582956,35.411936669999974],[115.66463148,35.412018210000014],[115.66436184000001,35.41203864],[115.66212479999999,35.41186187999998],[115.65939888000004,35.41119632999999],[115.65731232,35.409480749999986],[115.65320868000002,35.40699873000002],[115.65267984,35.405810550000034],[115.65204119999999,35.40464253000001],[115.65142236000001,35.4034944],[115.65093347999998,35.401776660000046],[115.65047483999999,35.39970918000003],[115.65021528,35.39851064999999],[115.64986572000001,35.39748213000002],[115.64831808000001,35.39558610000002],[115.64723988,35.39501811000001],[115.64639099999998,35.39444985000003],[115.64416440000001,35.39342393999999],[115.64262647999999,35.392327199999976],[115.64146836,35.390960099999994],[115.64136828,35.390870369999995],[115.64025011999999,35.38978298999999],[115.6393314,35.388755280000005],[115.63848288,35.38777733999998],[115.63758396000001,35.386859519999994],[115.63679520000001,35.38601144999998],[115.63483824000001,35.384305860000005],[115.63281107999998,35.38361943000001],[115.63232183999999,35.38338030000001],[115.6321422,35.38330064999999],[115.63211196,35.383290659999986],[115.63198236,35.38322091000001],[115.62858719999998,35.38178712000001],[115.62715908,35.38122974999996],[115.62621048000001,35.38096128],[115.62499224,35.38061342999997],[115.62280523999998,35.38110600000001],[115.62070823999998,35.38134873000002],[115.61951987999998,35.38136042999997],[115.61943996000004,35.38136051999998],[115.61735304,35.38127358000004],[115.61609484000002,35.38118547],[115.61492628,35.38107720000002],[115.61461667999998,35.38108764],[115.61239008000003,35.38088099999999],[115.60910436000002,35.38081574999998],[115.6070772,35.38076867999999],[115.60532975999999,35.38056132000004]]]}},{"type":"Feature","properties":{"id":"371728","name":"东明县","adminCode":"371728","cityName":"菏泽市","provinceName":"山东省","analysisUnitType":"黄河滩区涉及县域筛查单元","sourceNote":"用户提供的黄河滩区中下游涉及县区边界；表示涉及县域，不等同于精确滩区或湿地管理单元"},"geometry":{"type":"Polygon","coordinates":[[[114.91727796000002,34.9726563],[114.91484328000003,34.97306048999999],[114.91285787999999,34.97402322],[114.91140132000001,34.975144709999974],[114.91006427999999,34.976805389999974],[114.90831791999999,34.97923610999995],[114.90728003999999,34.981725330000025],[114.90640199999997,34.98476364000004],[114.90489504,34.98792300000003],[114.90255036000002,34.99028486999999],[114.89881463999998,34.99139682000001],[114.89504867999999,34.99170093000002],[114.89115276000001,34.99229448],[114.88753727999999,34.993278000000004],[114.88427243999999,34.994891339999995],[114.88171824,34.99719498],[114.87912407999998,34.999977960000024],[114.87893399999999,35.00018747999996],[114.87843324000002,35.00064621000002],[114.87819276,35.00086562999998],[114.87771216,35.00132445],[114.87698099999997,35.00199270000003],[114.8762502,35.00267094000001],[114.87589956000004,35.00345961000007],[114.8758596,35.004088980000006],[114.87565944,35.004268440000025],[114.87529871999999,35.0050671],[114.87505859999999,35.00576603999999],[114.87496824,35.00634537],[114.87488832,35.00657495999998],[114.87486815999998,35.00750403000001],[114.87488832,35.008353270000015],[114.87496860000002,35.00851319999998],[114.87506867999998,35.009072819999965],[114.87519900000001,35.00987220000002],[114.87532931999999,35.01057167999998],[114.87569976,35.01126153000001],[114.87588012,35.01180126000003],[114.87619080000002,35.012660849999996],[114.87644099999997,35.01347040000002],[114.87644135999999,35.01426959999997],[114.87650148000002,35.01457938000002],[114.87666168000003,35.01546876000001],[114.87681179999997,35.01635814000002],[114.87706236000002,35.017167689999965],[114.87706236000002,35.01796689000002],[114.87704255999999,35.01806678999999],[114.87695219999998,35.01865602],[114.87695219999998,35.019365310000005],[114.87696227999999,35.02026440999999],[114.87671208000002,35.02096334999995],[114.87623148000002,35.02156202999999],[114.87563064000003,35.02217052000002],[114.87502980000001,35.02266912000002],[114.87496968,35.02270898999999],[114.87429863999999,35.023177530000005],[114.87344723999999,35.02347597000004],[114.87259619999999,35.02347471],[114.87150431999999,35.02348308],[114.87088332000002,35.02341215999999],[114.86980188000003,35.02328067000001],[114.86949119999997,35.02328022],[114.8689404,35.0232894],[114.86784888000001,35.02329777],[114.86709755999999,35.02287702],[114.86637648,35.022186629999986],[114.86576555999999,35.02149641999997],[114.86540483999998,35.020796580000024],[114.86521475999999,35.02043667],[114.86477376,35.01956690999999],[114.86441339999999,35.018707139999975],[114.86427300000001,35.01824742000001],[114.86417291999999,35.01790757999998],[114.86356200000002,35.01740717999999],[114.86307096,35.01680705999998],[114.86221992,35.016615989999984],[114.8613084,35.01619505999999],[114.86026691999999,35.01591371999995],[114.85934531999999,35.01564263999999],[114.85826388,35.01531134999994],[114.85722204000001,35.0150301],[114.85637100000001,35.01492893999998],[114.85567980000003,35.01468809999998],[114.85461815999999,35.01431685],[114.8535666,35.014045590000016],[114.85312596,35.013945060000005],[114.85206432000004,35.01369368999999],[114.85101276000002,35.01345231000001],[114.85017144,35.01335115000001],[114.84919007999999,35.013060000000024],[114.84833868,35.01295883999999],[114.84736704000001,35.01276759],[114.846516,35.012666430000046],[114.84554435999998,35.012375190000014],[114.84489348000001,35.012224440000026],[114.84383184,35.01198306000001],[114.84273996000002,35.01188154000002],[114.84189900000004,35.011590569999996],[114.84103752000001,35.011489409999974],[114.84015624000001,35.01130824],[114.8390946,35.011096829999985],[114.83824320000001,35.010905759999964],[114.83726184,35.01070451999998],[114.83642052,35.01061335],[114.83600004000002,35.01046287000001],[114.83556911999997,35.01030239999999],[114.83470800000002,35.010211139999974],[114.83374644000001,35.010009899999986],[114.83279495999999,35.00978867999997],[114.83094204000002,35.00910665999999],[114.83062163999999,35.011563659999986],[114.82902972000001,35.01833454000003],[114.82718687999999,35.025664410000026],[114.82338132000002,35.035888500000006],[114.81914519999998,35.04474332999998],[114.81819372000001,35.04666996000005],[114.81776316000001,35.04864735000001],[114.81810372000001,35.050006529999976],[114.81898500000001,35.051776109999984],[114.81923556,35.05256567999999],[114.81947567999998,35.05326533999997],[114.81947568000001,35.05416443999997],[114.81960600000001,35.05486391999997],[114.81985655999998,35.05567347],[114.81997679999999,35.05646285999999],[114.82022699999999,35.05726241999998],[114.82030728000001,35.05745241000002],[114.82058772000002,35.05806216000002],[114.82070796000001,35.05875164999999],[114.82096824000001,35.059481369999986],[114.82120871999997,35.060360850000016],[114.82157916000001,35.06106069000001],[114.8217696,35.061590430000024],[114.82206984000001,35.06246001000001],[114.82219008,35.06325939],[114.82256088,35.06405913000001],[114.82281107999998,35.064748889999976],[114.82305156000002,35.06554845],[114.82343208000002,35.06634819],[114.82367256,35.067047849999994],[114.82391304,35.06785740000004],[114.82404336000003,35.068217220000015],[114.82435367999999,35.069086800000036],[114.82465427999999,35.06994639],[114.82502472,35.07065621999999],[114.82502472,35.07144542999997],[114.82527528,35.07214518000001],[114.82564572000001,35.07284502],[114.82613676000003,35.07354504000003],[114.82662744000002,35.07413517000003],[114.82713828000001,35.07487524000001],[114.82772904000001,35.075635379999994],[114.82784928000001,35.076344850000005],[114.82803972,35.07687459000002],[114.82834032000002,35.07773418000005],[114.82847063999998,35.07843366000003],[114.82871075999999,35.07923322000002],[114.82896132,35.07992289000001],[114.82896131999998,35.08073208000001],[114.82909163999999,35.08143156000004],[114.82909163999999,35.08223075999998],[114.82909163999999,35.08312986000001],[114.82912152000002,35.08331975999996],[114.82922196000001,35.08392932999998],[114.82924175999999,35.08403922],[114.82935192000001,35.08462881000003],[114.82972272000002,35.085338639999996],[114.83020332000001,35.085928770000024],[114.83069436000001,35.086728689999994],[114.83078436,35.087238360000015],[114.83098488000002,35.08819766999999],[114.83144531999997,35.08901756999995],[114.83168579999999,35.08981712999997],[114.83193635999999,35.09052678],[114.83231688,35.09134650000001],[114.83247707999999,35.092235880000004],[114.83264736000001,35.093135249999996],[114.83279783999998,35.094024539999964],[114.8330484,35.09481410999996],[114.83316828,35.09551358999997],[114.83317835999999,35.09631287999999],[114.83322840000001,35.096632559999996],[114.83338896,35.09752194000004],[114.83355923999999,35.098411320000004],[114.83355923999999,35.09931041999998],[114.83346888,35.09982981],[114.83331876,35.100718650000026],[114.83331876,35.10100835999998],[114.83332848,35.10190746],[114.83332847999999,35.10280647000001],[114.83332848,35.10370556999995],[114.8333382,35.104604670000015],[114.8333382,35.10551367],[114.83334792000004,35.10641277000001],[114.83334792000001,35.10731187000001],[114.83335764000002,35.10821096999998],[114.83335764000002,35.10911007000003],[114.83335763999999,35.11001907000002],[114.83335727999997,35.11091817000002],[114.83336736000003,35.111817269999996],[114.8334876,35.11251665999998],[114.83374788,35.11321641000001],[114.83422848000001,35.113916339999975],[114.83441856,35.114446080000036],[114.83472887999999,35.11531566],[114.83520983999998,35.115905789999985],[114.83570052,35.11660571999998],[114.83607096000001,35.11730556000001],[114.83656164000001,35.117905680000014],[114.83717255999997,35.11850598],[114.83766324,35.11910609999998],[114.83801351999999,35.119386269999985],[114.83879472000002,35.12001680999999],[114.83956583999998,35.12065725000001],[114.84035711999998,35.121287790000025],[114.84119843999999,35.12178854999997],[114.84183923999997,35.12229893999998],[114.84267048000001,35.12287953],[114.84316116000001,35.12347965000002],[114.84372203999999,35.12438955000003],[114.84427283999999,35.12517947999999],[114.84475343999999,35.12576961000001],[114.84512388,35.126569350000025],[114.84573479999999,35.12716956000003],[114.84630539999999,35.127629909999975],[114.84714672000001,35.12834045999998],[114.84781776,35.12906064],[114.84805788,35.12976030000002],[114.84806796,35.130359699999985],[114.84806759999998,35.13125871000001],[114.84806759999998,35.132157810000024],[114.84806759999998,35.13305682000003],[114.84807731999999,35.13395591999999],[114.84808740000001,35.13485502000001],[114.84796716000002,35.135554139999996],[114.84760644,35.136362699999964],[114.847416,35.13727152],[114.84711539999999,35.138130120000035],[114.84682452,35.139008789999984],[114.84652392,35.13986748000001],[114.84616356000001,35.140566240000005],[114.84592308000002,35.141375069999995],[114.84568259999999,35.142073919999994],[114.84553211999999,35.142583229999985],[114.84526175999997,35.14345190999997],[114.84501119999999,35.144330580000016],[114.84489096,35.14472001],[114.84475056,35.145209339999994],[114.84447984000002,35.14607802],[114.84423935999999,35.14677696000001],[114.84387899999997,35.14747571999999],[114.84339803999998,35.14827419999999],[114.84185543999999,35.149360769999994],[114.84006263999999,35.15029721999999],[114.83862011999999,35.15124411000005],[114.83621640000003,35.15294888999998],[114.83523468000001,35.15428610999998],[114.83506403999998,35.15642360999998],[114.83569476000004,35.1592416],[114.83757684,35.16344999999998],[114.83780724000002,35.16413957999999],[114.83975987999999,35.166659760000016],[114.84027035999999,35.16730982999997],[114.84215315999998,35.16974001000001],[114.84729,35.17614063000001],[114.85237716,35.18039340000003],[114.85805508000001,35.184477149999985],[114.86260151999998,35.186980950000006],[114.86948147999999,35.189148329999995],[114.87045312000001,35.189449380000006],[114.87497939999999,35.190894149999984],[114.87819419999998,35.19191763000002],[114.88489415999999,35.193395429999974],[114.89822351999997,35.19529209],[114.91923996,35.19504810000005],[114.92382887999999,35.195408910000026],[114.92569439999998,35.1964143],[114.92671139999999,35.19808056],[114.92712036,35.20089701999998],[114.92670095999998,35.208171809999996],[114.92570303999999,35.217286200000004],[114.92556336000003,35.220284009999986],[114.92486496,35.22425201999999],[114.92440596000002,35.22870927000002],[114.92430623999998,35.23087764],[114.92435592,35.23411494000001],[114.92365751999999,35.24080076999998],[114.92389691999998,35.246855340000025],[114.92451539999999,35.24859270000002],[114.92592192,35.24997879000001],[114.92618112,35.25023807999999],[114.92706888000002,35.25059600999999],[114.93008171999999,35.25180920999997],[114.93726371999999,35.25387345000003],[114.94300968000002,35.25483140999998],[114.94583279999999,35.25526557000001],[114.9472494,35.255482560000026],[114.94901484,35.255898809999984],[114.94958364,35.256587129999964],[114.94980288,35.257465890000034],[114.95013227999999,35.25845444999999],[114.9506208,35.259152849999985],[114.95110967999997,35.259751440000024],[114.95172816,35.26034967000003],[114.95197727999998,35.26106858999999],[114.95222675999997,35.26193736000001],[114.95235636,35.26230680999998],[114.95266559999999,35.26317548999999],[114.95297484,35.26404408],[114.95309435999998,35.26484319],[114.95346371999997,35.26554186],[114.95372292,35.26624080000004],[114.95397203999998,35.26705962],[114.95421144000001,35.267948370000006],[114.95458079999997,35.26863704999998],[114.95486987999998,35.26904610000004],[114.95507940000002,35.26933544999999],[114.95544840000001,35.270034119999984],[114.95569788,35.27073306],[114.95620656,35.27137151999995],[114.95655540000001,35.272230029999996],[114.95705435999999,35.27282861999999],[114.95754288000002,35.27361692999998],[114.95806164000004,35.27426538000003],[114.95840075999999,35.27512398000002],[114.95877983999999,35.275572809999986],[114.95939832000002,35.276320979999966],[114.95997684,35.27697923999999],[114.96062520000002,35.27771732999998],[114.96099419999999,35.27816624999999],[114.96161267999999,35.278914329999985],[114.96222108,35.279402759999996],[114.96259008,35.28011141999999],[114.96307895999998,35.28069992999998],[114.96369743999998,35.28129815999999],[114.96418595999998,35.28200664],[114.96459492,35.282325510000014],[114.96537323999999,35.28296343000001],[114.96615119999998,35.28359136000002],[114.96664979999998,35.284289760000014],[114.96701880000002,35.28498843],[114.96750768000001,35.28559691999998],[114.96811608000002,35.286085260000014],[114.96849516000002,35.28678393000003],[114.96910356000002,35.28728225999998],[114.96948264000002,35.28773117999998],[114.97009103999999,35.288479259999995],[114.97070951999999,35.28906749999998],[114.97095863999999,35.28937674000004],[114.97157712,35.29012491000002],[114.97218552,35.29087298999996],[114.97268448,35.29166138999997],[114.97316292000001,35.29236978000003],[114.97379147999997,35.29296801000006],[114.97415039999998,35.29366667999999],[114.97439988,35.294465520000024],[114.97464899999999,35.29516437000001],[114.97514796,35.29576286999997],[114.97558679999999,35.29612170000001],[114.97637484,35.29675952999994],[114.97711283999999,35.297157690000006],[114.97772124,35.297746019999984],[114.97821984,35.29835451],[114.97882859999999,35.29894275000003],[114.97956660000003,35.299350900000015],[114.98018508,35.29994913000002],[114.98080319999998,35.30063718],[114.98110272000001,35.301216059999994],[114.98154156,35.30204433000002],[114.98203007999999,35.302642740000024],[114.98264855999999,35.303131080000014],[114.98313743999998,35.30372949000004],[114.9835662,35.30414816999999],[114.98427431999998,35.30483612999996],[114.98498244,35.305523999999956],[114.98572044000002,35.30612196000003],[114.98633892000002,35.30672009999999],[114.98694732,35.30741813999999],[114.98756580000003,35.30791647000002],[114.98830380000001,35.30841444000002],[114.98892227999998,35.309012669999994],[114.98919156000001,35.309241900000025],[114.9899796,35.30986964999998],[114.99075755999999,35.31049749],[114.99136596000002,35.31110562],[114.99186456000002,35.31180392999999],[114.99224364000003,35.31250251000001],[114.99281208000001,35.312960879999984],[114.99360012,35.313588719999984],[114.99428844,35.31397698000003],[114.99432839999997,35.31399686999999],[114.99505632,35.31458483999999],[114.99568488,35.31519296999999],[114.99629328,35.31568122000002],[114.99679187999999,35.31628962],[114.99752016000001,35.316777689999995],[114.99837767999999,35.31708567000002],[114.99911603999999,35.31767364000001],[115.00000379999999,35.31794157000002],[115.00009344,35.31796137],[115.0010712,35.31836925000002],[115.00193915999999,35.31846761999998],[115.00291655999999,35.318555729999986],[115.00401383999997,35.31855374999999],[115.00538076000002,35.31833153999997],[115.00643808,35.31835961999998],[115.00789463999998,35.31815721],[115.00894223999998,35.31850496999999],[115.00974036,35.31928274999999],[115.01020908,35.32058054999998],[115.01069759999999,35.32220810999999],[115.01155547999998,35.32459418999999],[115.01216351999997,35.32709060999999],[115.01237304,35.32796928000001],[115.012413,35.32809915],[115.01264232,35.32914764999998],[115.01299115999998,35.33099516999998],[115.01296128,35.33122503000001],[115.01271179999999,35.33336334000005],[115.01266175999999,35.33368310999999],[115.01265167999999,35.333793],[115.01259156000002,35.336490389999966],[115.01212247999999,35.33928848999997],[115.01158319999999,35.34532343999996],[115.01096363999997,35.35460522999998],[115.01183087999999,35.36195634000001],[115.01381556,35.367397379999986],[115.01622936000001,35.37121913999998],[115.01828423999997,35.37330336000002],[115.02010979999997,35.374409010000015],[115.02548675999999,35.37558819000003],[115.03023551999999,35.37598923000003],[115.03973267999997,35.375832270000025],[115.04553875999999,35.375921729999995],[115.06073255999999,35.37455580000002],[115.06639896,35.37474542999997],[115.0683642,35.37510156000001],[115.06953132000001,35.37598860000002],[115.07183532,35.378931509999994],[115.07565564000001,35.384289210000034],[115.0789572,35.389298339999954],[115.08136092,35.39354976000004],[115.08197940000002,35.39575646999999],[115.08193944,35.39599623],[115.08178968000001,35.39688561000002],[115.08155028000002,35.397585360000015],[115.08147035999998,35.39808504],[115.08119099999999,35.39909448000001],[115.08108119999999,35.399893949999985],[115.08072192000002,35.40059396999996],[115.08053220000001,35.40113379000001],[115.08024276,35.40200355000002],[115.0797636,35.40260394000002],[115.07951412000001,35.40330378000001],[115.07903495999999,35.40401405999999],[115.07867567999999,35.40470408999997],[115.07843628000002,35.40541392000002],[115.078077,35.40621392999999],[115.07788727999998,35.40675374999998],[115.07759748000001,35.40762351000001],[115.07753772,35.407943370000005],[115.07739768000002,35.408832839999995],[115.07723820000004,35.40972239999998],[115.07724791999999,35.41051169999998],[115.07774651999999,35.41122018000001],[115.07812523999998,35.41191894],[115.07873364000001,35.412407370000004],[115.07922252,35.41300596000001],[115.07988059999998,35.413524359999954],[115.08081839999998,35.413992269999994],[115.08163632,35.41446036000001],[115.0825338,35.414978220000016],[115.08339168,35.41537629000001],[115.08436908000003,35.415674279999976],[115.08523704000001,35.41607235000003],[115.08608484000001,35.41626063000001],[115.08718212000001,35.41624865999999],[115.08780060000001,35.41617756000006],[115.08888816000001,35.41604571000004],[115.08985583999998,35.41593402000002],[115.09083324000001,35.41572243],[115.09138224000002,35.41542165000001],[115.09229988000001,35.41492043999999],[115.09314804,35.414709119999976],[115.09388639999997,35.41430807999998],[115.0943652,35.41370777999999],[115.09465464000002,35.41345740000003],[115.09657019999999,35.41320414],[115.097877,35.41343157000005],[115.10010179999999,35.414117370000014],[115.10272583999999,35.414810459999984],[115.10600075999997,35.41583412],[115.10904527999999,35.41668758999998],[115.10928576000002,35.41674789],[115.10951616,35.416798109999995],[115.11322199999998,35.41746276000002],[115.11467387999998,35.41781448],[115.11824940000001,35.41865867999996],[115.11905076000001,35.418839670000004],[115.12503971999999,35.42024673],[115.12701288,35.420709150000036],[115.13567628,35.422679430000024],[115.1430174,35.42441814000002],[115.14945744000002,35.425486170000006],[115.15801068,35.42614757999998],[115.16392008,35.42650551000001],[115.16487156,35.42649687000002],[115.16572296,35.426298240000015],[115.16657435999998,35.42618951999998],[115.16718564000001,35.426030489999974],[115.16717591999998,35.425131300000025],[115.16717591999998,35.42468174999999],[115.16728643999998,35.423982450000004],[115.16752692000001,35.42327343000001],[115.16795783999999,35.42244480000003],[115.16838875999997,35.421616169999965],[115.16860908,35.42116689000002],[115.16897015999997,35.42036814],[115.16921064,35.41966902000002],[115.16945111999999,35.41887008999996],[115.16969195999998,35.418161069999954],[115.17004260000002,35.41736231999999],[115.17029315999999,35.41688307000002],[115.1703936,35.41668336],[115.17047351999997,35.41653369000004],[115.17076440000002,35.415964530000004],[115.17112512,35.415155789999964],[115.17160607999999,35.41444713],[115.17220728000001,35.41394844000001],[115.17305867999998,35.41336010999999],[115.17390036,35.41278177],[115.17440112,35.41243283999999],[115.17513228,35.412024240000015],[115.17573348,35.411525550000015],[115.17659495999997,35.41121702999999],[115.17735636,35.41056867],[115.17779735999999,35.41020956999999],[115.17852852000001,35.40970107000003],[115.1793,35.409062699999964],[115.17974063999999,35.40869370000002],[115.18023167999998,35.40809483999999],[115.18064279999999,35.40726620999995],[115.18094339999999,35.406687149999996],[115.18105356000001,35.40597795000004],[115.18105392,35.40518865000003],[115.18117415999998,35.404489440000035],[115.18116444,35.40359024999999],[115.18115472000002,35.40288086999998],[115.18127532000003,35.40208176],[115.18138548000002,35.40138255000001],[115.18150607999999,35.40048354],[115.18161624000001,35.39978433000001],[115.18204716000001,35.3989557],[115.18233767999999,35.39837664000001],[115.18257816000002,35.39767761000001],[115.18317899999998,35.397078930000006],[115.18341948000001,35.39636990999998],[115.18353971999998,35.395680780000006],[115.18390043999999,35.39496186000002],[115.18413084000002,35.39426283],[115.18417116,35.39406311999999],[115.18428132,35.393373899999986],[115.18443179999998,35.39248487999997],[115.18448184,35.39216529],[115.18448184,35.39126610000001],[115.18447176000001,35.390356920000045],[115.18445195999998,35.389457730000025],[115.18444188000004,35.38855854000002],[115.18444224,35.38796904000001],[115.184322,35.387259570000026],[115.18443216,35.38656035999999],[115.18442243999999,35.38567115999999],[115.18441236000001,35.384961780000005],[115.18428203999997,35.384262209999996],[115.18416216,35.38337283000001],[115.18390187999998,35.38266318000002],[115.18378163999999,35.38186370999999],[115.18341119999998,35.38107395999995],[115.18328088,35.380264499999974],[115.18320096,35.38001466000001],[115.18303067999997,35.379474839999986],[115.18280028,35.37858537000001],[115.1825202,35.37759590999999],[115.18220952,35.37670625999998],[115.18189919999999,35.37584666999998],[115.18176923999998,35.37548676],[115.18188948,35.374777650000006],[115.18211987999999,35.37407853000003],[115.18224012000003,35.37327950999999],[115.18235028,35.372580299999996],[115.18259076,35.371881269999975],[115.18295148,35.37117234000004],[115.18364267999998,35.37047394000002],[115.18416359999999,35.36996516999998],[115.18493471999997,35.369326799999996],[115.18537536000001,35.36894771999997],[115.18609679999997,35.36854911000001],[115.18695792000004,35.36825048999999],[115.18779959999999,35.36784206999998],[115.18798968000002,35.36773245000004],[115.18853076000003,35.36743338000001],[115.18939224000002,35.36712486000001],[115.19045387999999,35.36692649999996],[115.19145540000002,35.366608170000006],[115.1923068,35.366309639999976],[115.19327843999999,35.36620100999996],[115.19413991999998,35.36610228000001],[115.19523143999997,35.36609382000001],[115.19633339999999,35.36608527000003],[115.19743500000001,35.36607681000001],[115.19853696,35.36606835],[115.19914788000001,35.366069160000016],[115.19999891999997,35.36596035],[115.20047915999999,35.36535086999997],[115.20144900000001,35.36545068000002],[115.20253871999999,35.36557056000002],[115.20362844,35.365680359999985],[115.20401832,35.365730310000004],[115.20498816,35.36572023000004],[115.20596771999999,35.36581004999999],[115.20706752000002,35.365800059999955],[115.20815759999999,35.365789980000024],[115.20925739999998,35.365779899999986],[115.21036692,35.365769819999976],[115.21145663999998,35.36575973999997],[115.21230659999998,35.36575973999997],[115.21315655999997,35.36564975999998],[115.21400615999998,35.365439880000004],[115.21507607999999,35.36522000999999],[115.21571615999999,35.36509013999999],[115.21613591999999,35.36500014000001],[115.21692576,35.36483021999999],[115.21790567999999,35.364510450000004],[115.21875563999998,35.364310650000014],[115.21972548000001,35.36410076999999],[115.22069532000002,35.36379099],[115.22177496,35.3635911],[115.22276495999999,35.36327132999998],[115.22361456,35.36287164],[115.22447460000002,35.36236206000001],[115.22471435999998,35.36222219999998],[115.22519460000002,35.36196237],[115.22592431999998,35.36145278999997],[115.22664432,35.361043109999976],[115.22725416,35.36044361999999],[115.22810412,35.36003393999998],[115.22870387999998,35.35953443999998],[115.22956391999998,35.359124760000036],[115.23028392,35.358625169999975],[115.23105359999998,35.35797572999999],[115.23161376,35.357506109999996],[115.23244355999998,35.356916609999985],[115.23332339999999,35.356297139999995],[115.23404339999998,35.35588746000003],[115.23490308000001,35.35548785999998],[115.23573287999999,35.35490834999998],[115.23634308000001,35.354478689999986],[115.23695292,35.353979100000004],[115.23755268,35.35336962],[115.23819276000002,35.35263036],[115.23876264000002,35.351950949999996],[115.23949271999999,35.35145135999999],[115.23997259999999,35.35075196999995],[115.24058243999998,35.35025247],[115.24106267999998,35.34954309000002],[115.24166243999998,35.348943600000005],[115.24264235999998,35.34872372999999],[115.24287240000001,35.34802442999998],[115.24323240000001,35.347325039999994],[115.24377240000003,35.346535739999986],[115.24418208000002,35.34594632999999],[115.2442422,35.34584643000003],[115.24462236000002,35.34508709999997],[115.24492224000001,35.34451758000005],[115.24540212000001,35.343908190000015],[115.24576212000002,35.34320880000002],[115.24599215999997,35.34250949999999],[115.24636224,35.34181010999998],[115.24684212000003,35.34120071999998],[115.24695228000002,35.34050132999999],[115.24731227999999,35.339692049999975],[115.24754232,35.338892850000015],[115.24778244000001,35.33819346000001],[115.24790232,35.337394259999996],[115.24804235999999,35.336505059999986],[115.24819247999999,35.335615949999976],[115.24824252,35.33529617999999],[115.24860252,35.33448699],[115.24884264000002,35.333657729999985],[115.24886244000001,35.333607779999994],[115.24895244000001,35.33329809000002],[115.24907268,35.3328885],[115.2490626,35.332089210000014],[115.24921271999999,35.331190109999994],[115.24935276,35.33030091000002],[115.24951295999999,35.32940172000001],[115.24964291999999,35.32858254000001],[115.24963283999999,35.32767335999996],[115.24963283999999,35.327373660000035],[115.24973291999999,35.32648455000003],[115.24986324,35.32558535999999],[115.24996331999999,35.325265679999994],[115.25009328,35.32487607000002],[115.25021315999997,35.324186669999975],[115.25020343999999,35.32337747999997],[115.25031324,35.322578189999994],[115.25031360000001,35.32177898999997],[115.25045363999999,35.320889789999995],[115.25054363999998,35.3203803],[115.25096340000002,35.31954105],[115.25125355999998,35.31897162],[115.25155343999998,35.31810239999997],[115.2518436,35.31723326999998],[115.25214347999999,35.31636404999999],[115.25243364,35.31549491999999],[115.25280371999999,35.31475556999999],[115.2529236,35.31405627],[115.25315364,35.31335696999997],[115.25327388,35.31255767999999],[115.25338368,35.311658580000035],[115.25362379999999,35.31095919000003],[115.25376383999999,35.31007008000002],[115.25385383999999,35.30955051],[115.25385420000002,35.30881124999999],[115.25384412000002,35.30865141],[115.25383403999999,35.30775221999999],[115.25383403999999,35.30749248000002],[115.25382431999999,35.306853120000014],[115.25382431999999,35.30670327000002],[115.25382432000002,35.30625372000003],[115.25356439999999,35.305554329999985],[115.25343444000002,35.30531456999999],[115.25312448,35.30473515000001],[115.25282460000001,35.304165720000015],[115.25269463999999,35.30345634000004],[115.25268492000001,35.30256723],[115.25267484000001,35.30165804999997],[115.25266512000002,35.30075894999998],[115.25265504000002,35.299859759999975],[115.25264531999998,35.29896056999999],[115.25263523999999,35.29805139000002],[115.25262516000002,35.29715220000001],[115.25261544000001,35.29625301],[115.25261544000001,35.29535382000001],[115.25260536000002,35.29445463],[115.25259564000002,35.293965119999974],[115.25259564000002,35.293925070000014],[115.25258555999999,35.293545450000025],[115.25258555999999,35.29264626],[115.25258555999999,35.292166649999984],[115.25269572,35.291367449999996],[115.25268564000002,35.290458269999974],[115.25267555999999,35.28965897999997],[115.25266584000002,35.28961902],[115.25264568,35.28949904999997],[115.2525456,35.288859690000024],[115.25253588000002,35.287960500000004],[115.25252579999997,35.287061310000034],[115.25252579999997,35.286152129999984],[115.25251607999999,35.28566252999999],[115.25287572,35.28495314999999],[115.25335596000002,35.28425385000002],[115.25358599999998,35.283554459999976],[115.25401584,35.28272519999997],[115.25444568000002,35.28188595],[115.25467572000002,35.28144630000002],[115.25527583999998,35.280746999999984],[115.2555156,35.280047609999976],[115.25593572000001,35.279218350000015],[115.25622552,35.278628850000025],[115.25683572000001,35.278029450000034],[115.25712551999999,35.27716023000003],[115.25730551999999,35.27663066999999],[115.25766551999999,35.275921290000014],[115.25795568000004,35.27505206999999],[115.25824547999999,35.27418284999999],[115.25837544,35.273823209999975],[115.25879556000001,35.272993949999986],[115.25908536000001,35.272414440000006],[115.25920559999997,35.27162514],[115.25931539999999,35.27091576000002],[115.2595656,35.270216460000015],[115.25967539999998,35.26951707],[115.25996556,35.26864784999997],[115.26026544000001,35.26778861999998],[115.26055560000002,35.26690940999998],[115.26074568,35.26601022000003],[115.26085547999998,35.26521093000002],[115.26085547999998,35.26483131],[115.26084576000002,35.26475129999999],[115.26084576000002,35.264301749999966],[115.2608256,35.263412549999984],[115.26082595999999,35.26250337],[115.26081587999998,35.26160418000004],[115.26080579999999,35.260695],[115.26080580000001,35.26040529000001],[115.26067583999999,35.259606],[115.26054588,35.25890660999998],[115.26090587999998,35.25820722000003],[115.2611262,35.257318020000035],[115.2611262,35.25639885000002],[115.26111612000003,35.255499660000005],[115.26098615999997,35.25470036999996],[115.26073631999999,35.25400098000003],[115.26029640000002,35.25318171],[115.25985648,35.25235245],[115.25962644,35.25191289000001],[115.25949683999998,35.251113600000004],[115.25904683999998,35.250404219999986],[115.25898672,35.25031431000002],[115.25898672,35.24996465999999],[115.25898672,35.24941511999999],[115.25897699999999,35.24851592999998],[115.25896692,35.24761673999997],[115.25895720000003,35.24671754999998],[115.25895720000003,35.24580837000003],[115.25894711999997,35.24550866999999],[115.25857703999998,35.244819269999994],[115.2584172,35.24393006999998],[115.25831747999999,35.243420489999984],[115.25806728,35.242721189999976],[115.25781744000003,35.24192189999999],[115.25743763999999,35.241232500000024],[115.25730768000001,35.24052312000003],[115.25745779999998,35.23962393],[115.25760756,35.23873472999997],[115.25765759999999,35.238425039999996],[115.25776776000001,35.237625750000014],[115.25751792000001,35.23681647000002],[115.25738795999997,35.23612706999997],[115.25713776,35.23542768000002],[115.25712804,35.23462838999999],[115.25724792000001,35.233929090000025],[115.2572382,35.23301991],[115.25722812000002,35.23212071999998],[115.25721804,35.23122152999997],[115.25720831999999,35.23032234],[115.25720831999999,35.229423150000024],[115.25719824,35.22913334999997],[115.25762843999999,35.22829409999994],[115.25791824,35.227724669999986],[115.25855832,35.22699530999999],[115.25887836000001,35.22621600000003],[115.25935823999998,35.225416710000005],[115.25934815999999,35.224607430000006],[115.25964839999997,35.22373821000002],[115.25981831999998,35.22320874000005],[115.25993820000001,35.222509349999996],[115.25992847999997,35.221610160000004],[115.25979852,35.220910770000025],[115.2596286,35.220371220000004],[115.25954868,35.22011148000002],[115.25916852,35.21941208999998],[115.25891868000002,35.21872268999999],[115.2589086,35.21791349999996],[115.25906880000002,35.21702429999999],[115.25914872000003,35.21651472000003],[115.25913899999999,35.21560553999996],[115.25912892,35.21470635000001],[115.25911883999999,35.21380716],[115.25910911999998,35.21290797000004],[115.25910911999998,35.21250828000002],[115.25933916000001,35.21180898000001],[115.25957891999998,35.21100968999998],[115.25971896000001,35.21012049000003],[115.25980896000002,35.209610909999974],[115.25979924,35.20870173000004],[115.25978916000003,35.20781253000002],[115.25964911999998,35.20691333999997],[115.25952924,35.20620395999997],[115.25952924,35.20531476000002],[115.25939964000001,35.20460538],[115.25938955999999,35.20381616999998],[115.25913972000001,35.20310679000006],[115.25912963999998,35.20231749000002],[115.25873975999998,35.20178792999998],[115.25847983999998,35.201528190000005],[115.2551502,35.19925038000001],[115.25455044,35.198830889999975],[115.25275080000003,35.19761229000001],[115.25210064000004,35.19711288000001],[115.24707179999999,35.19321741000003],[115.24555188,35.190880109999966],[115.24590251999999,35.18494695],[115.24601267999998,35.18240985],[115.24575276,35.18160075],[115.24563287999997,35.18090162999999],[115.24532328000002,35.18004258],[115.2451332,35.1795132],[115.24500323999999,35.178813990000016],[115.24462343999998,35.17801496999996],[115.2441936,35.177455619999975],[115.24404347999999,35.177255820000006],[115.24346351999999,35.176436819999985],[115.24302395999997,35.175827519999984],[115.24258404000003,35.17499844000001],[115.24228416,35.174429099999976],[115.2421542,35.17372997999999],[115.24189428000003,35.173030769999954],[115.2417744,35.17233156000003],[115.24127436000002,35.17153254000003],[115.24078440000002,35.17054371],[115.24028471999999,35.16994439999998],[115.23991464000001,35.169145289999975],[115.23941495999998,35.168456159999984],[115.23917484,35.167756950000005],[115.23874500000001,35.16715763999998],[115.23867515999997,35.167057740000004],[115.2384552,35.16662825999999],[115.23823524,35.16622875],[115.23793536,35.16566939999998],[115.23777552000001,35.164770479999966],[115.23767544000002,35.16426107999999],[115.23730571999998,35.16357185999999],[115.23674555999999,35.16279282000005],[115.23631572,35.16217353],[115.23593592000002,35.16137451000004],[115.23545603999999,35.16068529000004],[115.23495599999998,35.160085980000005],[115.23433644000002,35.15948676000003],[115.23373631999998,35.15899733999999],[115.23323664,35.15829812999994],[115.23286656,35.15759900999996],[115.23225672000002,35.15685993000002],[115.23187692000002,35.156410470000026],[115.23157703999999,35.155541430000014],[115.23138696,35.155012049999975],[115.23125700000001,35.15431293000003],[115.23087719999998,35.153623710000026],[115.23062735999999,35.15292458999996],[115.2304974,35.15211548999998],[115.23048732000001,35.151326460000014],[115.23035772,35.15051736000003],[115.23019752,35.14962842999999],[115.23010787999999,35.14911902999997],[115.23009780000002,35.14822010999996],[115.23008807999999,35.14732110000001],[115.23007799999999,35.14662198000004],[115.23019787999999,35.14592277000002],[115.23048804000004,35.14505373000005],[115.23078827999997,35.14418478],[115.23090816,35.14382513999999],[115.23126816,35.143115940000015],[115.23197808,35.14242672],[115.23258828000002,35.141707530000005],[115.23306815999999,35.14110822000001],[115.23366827999999,35.14050890999998],[115.23403836000001,35.13978972],[115.23475836,35.13939012000001],[115.23523824,35.138790810000025],[115.23571812000002,35.13809160000003],[115.23587832000003,35.13782187000002],[115.23655836,35.13678300000001],[115.23685824,35.13634352999999],[115.23772835999999,35.134595550000036],[115.2379386,35.13383640000004],[115.23780864000001,35.132897430000035],[115.23700872,35.13103964999997],[115.23651912,35.13014073],[115.23599928000002,35.129391659999996],[115.23537936,35.12879244000001],[115.23476951999999,35.12805336000002],[115.23439943999999,35.127603900000004],[115.23362976000001,35.126964630000046],[115.23292991999998,35.12630546999996],[115.23218976,35.12571624000001],[115.23157991999999,35.12511692999998],[115.23108995999999,35.12452769999997],[115.23047039999997,35.12392847999998],[115.22969027999999,35.123299199999956],[115.22891052,35.12267000999999],[115.22863044,35.122450319999984],[115.22795076,35.12174120999998],[115.22727072000002,35.1210321],[115.22692079999997,35.12065256999998],[115.22630088000003,35.120163149999996],[115.22581127999999,35.119364129999994],[115.22519136000001,35.11867499999999],[115.22470139999999,35.11797588],[115.22396159999998,35.11747655999998],[115.22347163999999,35.11688724000003],[115.22310156000002,35.116188120000025],[115.22334168,35.11548890999998],[115.22346192,35.11478970000002],[115.22393172000001,35.11418039999999],[115.22454192,35.11358099999999],[115.22514168000001,35.11307159999999],[115.2257418,35.112462209999975],[115.22634191999998,35.11171305000001],[115.22670191999998,35.11126359000001],[115.22730204000001,35.110654200000006],[115.22803176,35.1100449],[115.22817180000001,35.109915030000025],[115.22874167999998,35.109355590000014],[115.22935188,35.10883620000002],[115.23008195999999,35.108436600000005],[115.23092184,35.107847189999994],[115.23153168000003,35.10742761000001],[115.23229163999997,35.10677834999998],[115.23285180000002,35.10631881],[115.23333168000002,35.10560960999998],[115.23381192000001,35.10500022000002],[115.23417191999998,35.10431099999998],[115.23432204000001,35.10342206999997],[115.23440195999999,35.10290259],[115.23464207999997,35.10220338],[115.23475187999998,35.10141435000001],[115.23487212000002,35.10070514999999],[115.23511223999999,35.09999595000002],[115.23522204000002,35.099096760000016],[115.23533220000002,35.09839736999998],[115.23567204,35.09753814000002],[115.23605184,35.0966889],[115.23628188,35.09588969999997],[115.23664188,35.09519031000004],[115.23688163999998,35.094480930000024],[115.23723156000001,35.09379152999998],[115.23752172,35.09292231],[115.23771144000001,35.09237285999998],[115.23782159999998,35.09168346],[115.23794147999999,35.090884169999974],[115.23817152000001,35.09007488999998],[115.23816144000001,35.08917579],[115.23827123999999,35.08837650000001],[115.23842136,35.087487299999964],[115.23857112000002,35.08658819999999],[115.23862116,35.086278420000006],[115.23891131999999,35.08540919999998],[115.23909131999999,35.08485975],[115.23945096000001,35.08417035000001],[115.23965111999999,35.08391060999998],[115.23995099999999,35.082881549999996],[115.24011084,35.08231202999999],[115.2404208,35.081692649999994],[115.24241052000002,35.079354629999976],[115.24292064,35.078944949999965],[115.24319028000001,35.078675220000015],[115.2435204,35.078335559999964],[115.24388040000002,35.07764616000001],[115.24412016000004,35.07693677999997],[115.24420007999998,35.076667049999955],[115.24436028,35.076127500000034],[115.24507991999998,35.07552801],[115.24555979999998,35.074928609999986],[115.24615992000003,35.07441902999998],[115.24664988,35.07381954000002],[115.24736951999999,35.07341984999999],[115.24796964000001,35.07291027000002],[115.24869936000002,35.07251067000001],[115.24892939999998,35.07181128000004],[115.24904928,35.07110189999999],[115.24892939999998,35.07040260000001],[115.24842935999999,35.069803199999996],[115.24757940000002,35.069303790000006],[115.24683960000002,35.068814279999984],[115.24597956,35.068424669999985],[115.24499964000002,35.06803514999998],[115.24419972000003,35.06759559000004],[115.24408992,35.067535649999975],[115.24353984,35.06723594999999],[115.24293000000002,35.06674644000002],[115.24220999999999,35.06635692000001],[115.24218012000001,35.06632695000005],[115.24195008,35.06615712],[115.24158,35.065857420000015],[115.24121027999999,35.06505822],[115.24107996000002,35.06425893],[115.24082004,35.06346971999999],[115.24068,35.06257053000004],[115.24056012000003,35.06186123999999],[115.24056012000003,35.06106194999999],[115.24043015999999,35.06026275000001],[115.24042007999999,35.05936356000001],[115.24041,35.058664259999965],[115.24028004,35.057964870000035],[115.24026996000002,35.05706577000002],[115.24014,35.056266479999984],[115.24008996000003,35.05605669000002],[115.24001976000001,35.05556718000004],[115.23930012000002,35.05488786000001],[115.23877992000001,35.054278469999986],[115.23882995999998,35.05393881000001],[115.23889979999998,35.053479180000004],[115.23895992000001,35.053349310000016],[115.23727007999999,35.05321953000003],[115.23678012,35.053099650000014],[115.23382056000001,35.052330509999976],[115.23303072,35.05174109999997],[115.23307068000001,35.05162121999999],[115.23190104,35.049752999999995],[115.23169080000001,35.04988296],[115.22483172000003,35.04761541000004],[115.22473199999999,35.04757544999999],[115.22309220000001,35.04730571999998],[115.22213244000001,35.04685616999998],[115.22158235999999,35.04660641999997],[115.22072232,35.046406710000014],[115.21987272000001,35.046027090000024],[115.21886291999998,35.04566744999996],[115.21816272,35.04542768999997],[115.21707299999998,35.04543777000001],[115.21610315999999,35.04544776],[115.21524348,35.04534786000001],[115.21416348000004,35.04535794000002],[115.21330344000002,35.04535794000002],[115.21298375999997,35.04547790999998],[115.21245384,35.045677709999985],[115.21149371999998,35.045677800000014],[115.21063404,35.045787690000004],[115.20963431999999,35.04585771],[115.20940428,35.04592764],[115.20881424000002,35.045997570000026],[115.20785448000002,35.04600765],[115.2071244,35.04651723],[115.20652464,35.04701682000002],[115.20629459999999,35.04772611000001],[115.2059346,35.048425499999986],[115.20581472000002,35.04912489],[115.20582479999999,35.05002408],[115.20583488000001,35.05092327000002],[115.20584496,35.05162265999999],[115.20572472000002,35.052332039999996],[115.20548495999999,35.05303142999998],[115.20471491999999,35.05367088],[115.20428507999999,35.054040509999965],[115.20331524000001,35.05404059999998],[115.20246527999998,35.05415058],[115.20149544000002,35.05415058],[115.2006354,35.054060760000034],[115.19967528000001,35.05397039999996],[115.19881380000001,35.05387923],[115.19772228,35.053887689999996],[115.19663075999999,35.053886069999976],[115.19552915999998,35.05389443999999],[115.19432712000001,35.05377284999998],[115.19370647999999,35.05371201],[115.19285507999999,35.05352094000002],[115.19188344,35.053419599999984],[115.19091216,35.053428239999974],[115.19006076,35.05332708],[115.18908947999999,35.05334562],[115.18810775999998,35.053154370000016],[115.18714655999997,35.05315301999997],[115.18623503999999,35.05306175999998],[115.18616483999999,35.05305167999999],[115.18506323999998,35.053070040000016],[115.18398180000001,35.053078500000005],[115.18324055999999,35.053077419999994],[115.18227936,35.05317587999998],[115.18129764,35.053194420000004],[115.18045632000002,35.05330314000001],[115.17935472000002,35.05331151000003],[115.17826319999999,35.05330998000002],[115.17717167999999,35.05331835000001],[115.17606971999999,35.053326719999994],[115.17558911999998,35.05332608999997],[115.17473772000001,35.053234919999994],[115.17412680000002,35.05264451999998],[115.17321564,35.05214367],[115.17266484000002,35.051853150000014],[115.17235416000003,35.05147307999998],[115.17204383999999,35.05110299999997],[115.17143292,35.050362750000026],[115.17118271999998,35.05005269999997],[115.17069168000002,35.04936257999999],[115.17007104,35.04861242999998],[115.16971032000002,35.04817233000003],[115.16909940000002,35.047571940000026],[115.16860872000001,35.04688190999998],[115.16811804000001,35.046281789999995],[115.16780736000003,35.04541212000002],[115.16761727999999,35.044882380000026],[115.16748695999999,35.04418280999996],[115.16747688,35.04338352],[115.16771736000003,35.04268449000001],[115.16813784000001,35.041855950000006],[115.16843843999999,35.04127689000002],[115.16866884,35.04057786],[115.16878908,35.03976875999999],[115.16907923999999,35.03889998999996],[115.16925959999999,35.03837079],[115.16949000000001,35.03749194000001],[115.16985072,35.03677311000003],[115.16988059999998,35.036713170000006],[115.17029136000004,35.035934489999995],[115.17032123999998,35.03496545999996],[115.17031116000001,35.034056279999994],[115.17030108000002,35.03315709000003],[115.17030107999999,35.03266758000001],[115.17017112000002,35.031968010000014],[115.16956019999999,35.03147759999997],[115.16918940000002,35.03076777],[115.16869872000002,35.03007764999998],[115.16825808,35.02925783999997],[115.16781744000002,35.02842794999999],[115.16757732,35.02798802999999],[115.16733684000002,35.02728828],[115.16724647999999,35.02681865999997],[115.16722667999998,35.02665873],[115.16720652000001,35.02658879999999],[115.16719643999998,35.025779520000015],[115.16731667999998,35.0249904],[115.16730659999999,35.02408130999998],[115.16729688,35.02318211999999],[115.16704632000003,35.022482370000006],[115.16669567999999,35.021622689999994],[115.16630507999999,35.02089279000002],[115.16582447999998,35.02029266999998],[115.16527368,35.019682470000006],[115.16520348,35.019602460000016],[115.1647128,35.018902440000026],[115.16422212,35.01830232000002],[115.16348088000002,35.017801739999975],[115.16275979999999,35.01742103999998],[115.16213916,35.01692063999997],[115.16116752,35.01662949],[115.16031612000003,35.01642852000003],[115.15958531999998,35.01603782999997],[115.15856364000003,35.01568673999998],[115.15756212000001,35.01533565],[115.1570214,35.01515502],[115.15597992,35.014873860000016],[115.15485815999997,35.01464247000003],[115.15397688,35.01447138000001],[115.15312547999997,35.014370310000025],[115.1523144,35.01430919999996],[115.15203395999998,35.01428877000003],[115.15093236,35.01428723999998],[115.14984048,35.014295700000005],[115.14874895999999,35.01430416000001],[115.14765744,35.014312620000005],[115.14668579999999,35.01431126999998],[115.14559428,35.01422973000002],[115.14437244,35.01422801999998],[115.14327083999999,35.01413658000001],[115.14254976,35.01374588999997],[115.14193884000001,35.013255569999984],[115.14180852,35.01244611000002],[115.14179843999999,35.01164690999996],[115.14163824,35.01075752999995],[115.14147803999998,35.00986815000001],[115.14130776000002,35.008968780000004],[115.1410374,35.00814915],[115.14090707999999,35.00745966],[115.14077712,35.0066502],[115.14077712,35.00575110000001],[115.14074688000001,35.005571189999976],[115.1406468,35.00505161999998],[115.14063672,35.00415242999998],[115.14063671999999,35.00345312999997],[115.14092724,35.00258435999999],[115.14110760000003,35.002055069999955],[115.14085704,35.001355410000045],[115.14021623999997,35.00057529000001],[115.13993580000002,35.00022518999999],[115.13974535999998,35.000015130000044],[115.13942495999997,34.999655129999994],[115.1390844,34.99810632000003],[115.13856383999999,34.995608369999985],[115.13840364000002,34.994349449999994],[115.13809331999998,34.99413929999999],[115.13437775999999,34.99403417999999],[115.12938995999998,34.99389737999999],[115.12798811999998,34.99387541999998],[115.12781783999999,34.99589294999999],[115.12732679999998,34.99772030999999],[115.12673604000001,35.000016930000015],[115.12668599999999,35.00021663999999],[115.12603476000001,35.00055539999999],[115.12503324000002,35.001073530000006],[115.12454256,35.001552420000024],[115.12384164000002,35.002250730000014],[115.12357128,35.00248014000001],[115.12281024,35.00311841999998],[115.12202903999997,35.003756700000004],[115.12142784,35.00435529000002],[115.120827,35.004863969999974],[115.12022615999999,35.004863070000006],[115.11913463999998,35.00487153000001],[115.1190846,35.00487153000001],[115.11803303999997,35.00487999000001],[115.11694116000002,35.00488844999999],[115.11583956000001,35.00488692000001],[115.11474804,35.00489538],[115.11365651999999,35.00490384000001],[115.11267479999998,35.00480259000002],[115.11183348000002,35.004811409999995],[115.11170351999999,35.004811229999945],[115.11156311999997,35.004810959999986],[115.11061163999997,35.004819690000026],[115.10975051999999,35.00471852999997],[115.10889912,35.00452755000003],[115.10820828000001,35.00427681000001],[115.10718660000002,35.00392572000002],[115.10621531999999,35.00363466000001],[115.10548415999999,35.00324406],[115.10450279999999,35.003242619999966],[115.10389187999999,35.00318187000001],[115.10279999999999,35.00305047000001],[115.10170847999997,35.003058929999966],[115.1016084,35.00304876],[115.100847,35.002977750000014],[115.09960679999999,35.00284733999996],[115.09851923999999,35.00272952999997],[115.09744212000001,35.00261163000004],[115.09635492,35.00248382999999],[115.09571628000003,35.00234514000001],[115.09465895999999,35.002097460000016],[115.09381115999999,35.001809369999975],[115.09283339999999,35.00162136],[115.09186608000003,35.00162316],[115.09101827999997,35.00152487999999],[115.09004052,35.00152676999999],[115.08916284000003,35.00142848999998],[115.08809543999999,35.00124074999996],[115.08748703999998,35.001201959999975],[115.08639948,35.00113410000002],[115.08531228000001,35.00106624000003],[115.08422507999998,35.000998290000034],[115.08313788000002,35.00093042999998],[115.08255935999999,35.00090163000001],[115.08146208000001,35.00085375000002],[115.07824007999999,35.00134929000002],[115.07599547999999,35.00132364],[115.07029992,35.001014760000004],[115.06859424000002,35.000578440000005],[115.06726728000001,35.00024130000001],[115.06688820000002,35.00003223000001],[115.06377599999999,34.998290009999955],[115.06028472,34.996998059999996],[115.05714264000001,34.99547571000001],[115.05421007999998,34.993603350000036],[115.05139704,34.991341200000015],[115.04866392,34.98918875999998],[115.04614032,34.98696594],[115.04362644000003,34.98581195999999],[115.04277864000002,34.98543404999998],[115.03915776000002,34.984601820000016],[115.03552680000003,34.98353990999998],[115.03189583999999,34.982298090000015],[115.02971135999998,34.9799049],[115.02808524000002,34.97694129000005],[115.02597060000001,34.974438029999995],[115.02316764000001,34.97250546000001],[115.02188064000002,34.972527869999986],[115.01926740000002,34.97258277000001],[115.01600544,34.97396741999998],[115.01324244000001,34.976100329999994],[115.01039952000002,34.97806358999997],[115.00784567999999,34.98059564999999],[115.00591067999997,34.98335631000001],[115.00455420000002,34.986565349999985],[115.00247916,34.98920640000001],[115.00000560000001,34.98952077],[114.99878808000003,34.98968285999998],[114.99503687999997,34.98952014000001],[114.99431867999999,34.98947154000003],[114.99097643999998,34.98919821000001],[114.98729472000001,34.98939495000001],[114.98360328,34.98958179000001],[114.97991183999999,34.98982856999999],[114.97800636,34.98983216999999],[114.97608072,34.98984576000003],[114.97231944000004,34.990102620000016],[114.96848831999998,34.99057934999998],[114.96480659999999,34.99128558000002],[114.96069612000002,34.991303400000014],[114.95679515999998,34.99109100000001],[114.95317355999998,34.99093809000005],[114.94927259999999,34.99090550999998],[114.94537163999998,34.990643160000005],[114.94133100000002,34.98952212],[114.93804852000002,34.98788015999996],[114.93504576000001,34.985957939999984],[114.93191304000001,34.98350661],[114.92950860000003,34.98117371999999],[114.92688528000001,34.97745276000002],[114.92548848,34.975317780000005],[114.92354304,34.973773200000025],[114.92292456,34.97327486999999],[114.92267508,34.973215469999985],[114.92115876000003,34.97284872000002],[114.92054028,34.97270003999996],[114.91745723999999,34.97265594],[114.91727796000002,34.9726563]]]}},{"type":"Feature","properties":{"id":"410105","name":"金水区","adminCode":"410105","cityName":"郑州市","provinceName":"河南省","analysisUnitType":"黄河滩区涉及县域筛查单元","sourceNote":"用户提供的黄河滩区中下游涉及县区边界；表示涉及县域，不等同于精确滩区或湿地管理单元"},"geometry":{"type":"Polygon","coordinates":[[[113.72046624000001,34.73555625],[113.72024592000001,34.73558622000002],[113.72014584,34.73558622000002],[113.71994568000001,34.73561619],[113.71989563999999,34.73562617999996],[113.71982580000001,34.73563617000001],[113.71979556000001,34.73568611999998],[113.71981536000001,34.73681507999998],[113.7198456,34.73761436999998],[113.71987548,34.73804393999996],[113.71987548,34.73823384000002],[113.71987548,34.73838369000001],[113.71987548,34.73850357000001],[113.7198654,34.73854353000001],[113.71985532000001,34.73860346999998],[113.71981536000001,34.73860347000002],[113.71965516,34.73861346],[113.7195252,34.73861345999998],[113.7192048,34.73862345],[113.71854456000001,34.73863343999998],[113.71823424,34.73864352000001],[113.71801392,34.738673490000025],[113.71782384000001,34.738663500000015],[113.71758372000001,34.738663499999994],[113.71749372000001,34.73869347],[113.71738356,34.73872343999999],[113.71733352000001,34.73874342000001],[113.71728348,34.73876340000001],[113.71720356,34.73878338],[113.71686336,34.73878338],[113.71662324,34.73878338],[113.716323,34.73878347000002],[113.71622292,34.73878347000002],[113.71602276,34.73878347],[113.71458168000001,34.73878347],[113.71445171999999,34.73878347],[113.71441176,34.73878347],[113.71442184,34.73900333999999],[113.71438152,34.73903330999996],[113.71431168000001,34.73914320000003],[113.71379112000001,34.74002240999998],[113.71366116,34.74007235999998],[113.7124404,34.74007235999998],[113.71221,34.740072450000014],[113.71156956,34.74009242999998],[113.70885804000001,34.740072539999986],[113.7056256,34.74007272],[113.70514536,34.74007272000002],[113.70489516,34.740072719999944],[113.70122280000001,34.74004284000001],[113.70104280000001,34.740042929999994],[113.70047220000001,34.740042929999994],[113.70039228,34.74004292999998],[113.69990196,34.74004302],[113.6997324,34.74004329],[113.69936268000001,34.74004382999998],[113.69883348,34.740044550000015],[113.69875356,34.74004464000003],[113.6988036,34.73902557],[113.69821428,34.73908632000001],[113.6981844,34.739456039999986],[113.69814408,34.73971587000003],[113.69812428,34.73978579999996],[113.69810412000001,34.73990577000002],[113.69808432,34.73997569999999],[113.69804436000001,34.74020556000001],[113.6980242,34.74028547999999],[113.69799432,34.74044541],[113.69797452,34.74055538999998],[113.69795436000001,34.74083510999997],[113.69794428,34.74094508999996],[113.69794428,34.74122481000003],[113.69795436000001,34.741434599999984],[113.69796443999999,34.74148454999998],[113.69797416,34.74165437999996],[113.69798424000001,34.74167436000001],[113.69800404,34.74189413999999],[113.6980242,34.74211391999999],[113.69805408,34.742363579999974],[113.69806416,34.74258336000003],[113.69816388000001,34.74257327999999],[113.69827368,34.74257309999998],[113.69902284000001,34.74259199999996],[113.69908296000001,34.74270179999996],[113.69912292000001,34.74274175999999],[113.69914272000001,34.742751660000025],[113.70009168,34.74281042999998],[113.7003822,34.742830410000025],[113.70054204,34.74297026999996],[113.70076236,34.74298025999999],[113.70164292000001,34.742990249999984],[113.7020832,34.74300015],[113.70229308,34.743179970000014],[113.70268332,34.74407915999999],[113.70336371999998,34.74611729999999],[113.70388392000001,34.747506],[113.70401388,34.74774585],[113.70306312000001,34.74774585],[113.70221280000001,34.74774594000001],[113.70174228,34.74774594000001],[113.70040164000001,34.74774594000001],[113.69976156,34.74773631000005],[113.69856275999999,34.74776798999999],[113.69824344,34.74776843999996],[113.69817324,34.747778520000026],[113.69797344000001,34.74785880000001],[113.69784383999999,34.747858980000004],[113.69784383999999,34.74790893000001],[113.69784383999999,34.74795888000002],[113.69783376000001,34.749107819999985],[113.69783376000001,34.74945756],[113.6978334,34.74986714999999],[113.6978334,34.749997019999995],[113.69778336,34.75105614],[113.69777364000001,34.75135593],[113.69776356000001,34.75156571999998],[113.6977434,34.752095279999985],[113.6977434,34.75231506],[113.69775348,34.752874589999955],[113.69775348,34.75314432000001],[113.69775348,34.75321425],[113.69776320000001,34.75350395999999],[113.69777328,34.75407347999998],[113.69777328,34.75438317000001],[113.69777328,34.75458297000003],[113.69777328,34.75472291999999],[113.697783,34.75522241999996],[113.69770308000001,34.755352380000005],[113.69720376000001,34.756092450000025],[113.69613492,34.756873289999966],[113.69446667999999,34.757565029999974],[113.69400732000001,34.757915399999995],[113.69320812000001,34.75799648999998],[113.69185992,34.75813832999998],[113.69183976,34.75807839000002],[113.69171016,34.75733921999999],[113.69162016,34.75686978],[113.69150028,34.75638045000001],[113.69031192,34.75638216],[113.69026188000001,34.75638224999996],[113.68977228,34.756382880000004],[113.68920312,34.75639367999997],[113.68868364000001,34.756394490000005],[113.68843416,34.756394849999964],[113.68809432,34.756385309999985],[113.6877948,34.75638576000001],[113.68693584,34.75636703999999],[113.68580724,34.756378649999974],[113.68573740000001,34.756378739999995],[113.68540764,34.756389180000035],[113.68537776000001,34.75639925999997],[113.68525788000001,34.75639943999998],[113.68468836,34.75601055],[113.68329012000001,34.75560294],[113.6795148,34.75606797],[113.67763668,34.75631051999999],[113.67602856,34.75685231999997],[113.67591876,34.75687248000003],[113.67579887999999,34.75690262999999],[113.67355140000001,34.75737540000001],[113.67353159999999,34.75739537999999],[113.67350172,34.75740545999999],[113.67300204,34.75750608000002],[113.67285228,34.757526239999976],[113.6727324,34.757536409999965],[113.67205344,34.75761731999997],[113.67115416,34.75773855000004],[113.67015552000001,34.757849879999995],[113.6699856,34.75787003999998],[113.66990567999999,34.757880210000025],[113.66940636000001,34.75793088000003],[113.66909675999999,34.757961299999984],[113.66895672000001,34.75798145999999],[113.66877708000001,34.758001709999974],[113.66859744,34.75803195000001],[113.66851752000001,34.758052019999994],[113.66762832,34.758303030000015],[113.66747856,34.75836324],[113.66741880000001,34.75838331000001],[113.66735868,34.758403379999976],[113.66725896000001,34.75832355000002],[113.66687916000001,34.758034379999955],[113.66595072000001,34.757316360000004],[113.66580060000001,34.75720674],[113.66534124,34.75686771000001],[113.66524152000001,34.75679787],[113.66460216,34.75631925],[113.66448228,34.75643931000003],[113.6644524,34.75657925999996],[113.66508168,34.75753739999998],[113.66522136,34.757756999999984],[113.66538119999998,34.75812645000003],[113.66548092000001,34.758386099999974],[113.6656008,34.75877552999999],[113.66550072000001,34.75881566999999],[113.66524116000001,34.75891593],[113.66497152000001,34.758896310000026],[113.6646918,34.758796860000004],[113.66453196,34.758747090000014],[113.66426232,34.758457740000026],[113.66382312,34.75798883999997],[113.66355348,34.75781936999998],[113.66339364,34.75770974999998],[113.66310384,34.75763019000003],[113.66257463999999,34.757710920000015],[113.6620152,34.757901540000006],[113.66169552000001,34.75803186000002],[113.66135568,34.75806228],[113.66126604,34.758002520000005],[113.66127612000001,34.75791261000004],[113.66148564,34.75772244000003],[113.66163576000001,34.757442540000035],[113.66143596,34.757292960000015],[113.66136612000001,34.75724309999999],[113.66106624000001,34.75715355000005],[113.66087652,34.75712385000003],[113.66077680000001,34.75715400000001],[113.66031708,34.75731456000002],[113.66007732,34.75740473999998],[113.65992756,34.75746495000005],[113.65969788000001,34.757535239999996],[113.65912872000001,34.75772586000001],[113.65891884000001,34.75779606],[113.65883892000001,34.75781622000005],[113.65842924,34.75795661999999],[113.65826940000001,34.75800683999999],[113.65807968,34.75807704000002],[113.65800984,34.75809710999998],[113.65791984,34.75812716999999],[113.65740036,34.75827783000005],[113.65696116,34.75843830000002],[113.65584228,34.75879956000002],[113.65539264,34.758940050000035],[113.65478352000001,34.75911077999996],[113.65448364000001,34.75920114],[113.65400448000001,34.75934172],[113.65396452,34.75935170999999],[113.65395443999999,34.75949166],[113.65396416,34.759661490000006],[113.65395408,34.76003112000003],[113.65394436000001,34.76022093000001],[113.6539242,34.76068056000001],[113.65391412000001,34.760870370000035],[113.65390404,34.76116017],[113.65388424000001,34.76127006000001],[113.65421364,34.76154933000002],[113.65449336,34.761638790000006],[113.65491276,34.76164824],[113.65537212000001,34.76157758999997],[113.65577172,34.761187439999986],[113.65599168,34.76073752999998],[113.65613171999999,34.76028770999999],[113.65637148,34.75956806999998],[113.65661124,34.75923804],[113.65704072,34.758987659999974],[113.65770024000001,34.758696960000016],[113.65783992,34.75862685000002],[113.65796988000001,34.75860668999999],[113.6580696,34.758616499999995],[113.65830935999999,34.75864620000002],[113.65839935999999,34.758646020000015],[113.65851888,34.75923533999998],[113.65858872000001,34.75964484000004],[113.65859880000001,34.75971477],[113.65859880000001,34.75990458000002],[113.65894836000001,34.760033910000004],[113.65916796,34.760253420000026],[113.65937784,34.76063277000001],[113.6595276,34.76079242999998],[113.65959744,34.76092220999999],[113.65972740000001,34.761101849999996],[113.65993692,34.76144114999999],[113.66004672000001,34.761530969999946],[113.66007660000001,34.76161079999998],[113.66019648,34.761980340000015],[113.66023644,34.76229992999997],[113.66025624000001,34.76277945000001],[113.66017632,34.762879530000006],[113.66011656,34.762919580000016],[113.65964711999999,34.76315997],[113.65950708000001,34.76333006999999],[113.65951716000001,34.7634999],[113.65952688,34.763559750000006],[113.65952688,34.763829570000006],[113.65950708000001,34.76419919999997],[113.659497,34.76422917],[113.65947684000001,34.764249240000005],[113.65943688,34.76425923000002],[113.65934724,34.76426939999996],[113.65826832,34.76438081999999],[113.65806852,34.76440106999998],[113.65678008,34.764552809999984],[113.65669008,34.7645529],[113.65641036000001,34.764523380000014],[113.6554218,34.76463471000002],[113.6553318,34.764634799999996],[113.65173612000001,34.76407049999999],[113.65162632,34.76406069000003],[113.65152624000001,34.76401082999999],[113.65137648000001,34.76399111999997],[113.65081704,34.76391191999999],[113.65036776000001,34.76387267999999],[113.64901920000001,34.76347497000001],[113.64790068,34.76265732],[113.64764112,34.76226807000001],[113.64718176000001,34.761749220000006],[113.6468322,34.76126016000001],[113.6467926,34.76120031000003],[113.64675264,34.76116044000001],[113.64669251999999,34.76110058999996],[113.64659280000001,34.761000779999975],[113.64653268,34.760950920000006],[113.64646284000001,34.76090105999995],[113.64640308,34.760831219999986],[113.64636312,34.76069145],[113.64634296,34.7606415],[113.64626304000001,34.76044178999999],[113.64624323999999,34.760391839999954],[113.64620328000001,34.76032199999999],[113.64560424000001,34.759283849999996],[113.64551424000001,34.75920402000001],[113.64545448000001,34.759164150000046],[113.64539436000001,34.75910429999996],[113.64531480000001,34.75898451],[113.64517476,34.75878497999999],[113.64509484,34.758675179999976],[113.64503508,34.758455489999996],[113.64498504,34.75863539999999],[113.64444576,34.75888587],[113.64433596,34.75893600000002],[113.64411600000001,34.759036259999995],[113.64374628,34.75924658999998],[113.64355656000001,34.759336770000004],[113.64211836000001,34.75972844999997],[113.64175872000001,34.759928789999954],[113.64074964000001,34.76011005000003],[113.64030036000001,34.76018060999998],[113.64013044000001,34.76011095000002],[113.63985072000001,34.760091329999966],[113.63962104000001,34.76014164000002],[113.63956128000001,34.760151719999975],[113.63951124,34.760161800000034],[113.63945147999999,34.76017187999995],[113.63939136,34.760181960000004],[113.63922144,34.76021211],[113.63899176000001,34.760332349999985],[113.6368044,34.76063520000002],[113.63658444000001,34.76083536000001],[113.63554512,34.76336436000001],[113.6352654,34.76393423999998],[113.63512536,34.76428406999996],[113.63508540000001,34.76437407000003],[113.63502564000001,34.76450402999998],[113.63496552000001,34.764584039999974],[113.63479559999999,34.76473415999998],[113.63464584,34.76481425999998],[113.63367636000001,34.767163439999955],[113.63297724,34.767524070000015],[113.63267772,34.76738466000001],[113.63257764000001,34.76734478999999],[113.63193864,34.767085950000016],[113.63183856,34.76705615999999],[113.63169887999999,34.76701637999997],[113.63129928000001,34.766936999999984],[113.63076000000001,34.76690784000001],[113.63041044,34.76692827],[113.63031036000001,34.76692845000003],[113.63009076,34.76694878999997],[113.62896216,34.76706029999999],[113.62796316000001,34.76715155999997],[113.62785336,34.76716172999996],[113.62773348,34.76717190000004],[113.62762367999999,34.767182069999976],[113.62678452,34.76725317],[113.62675464,34.76726324999998],[113.62637484000001,34.767283769999985],[113.62541616,34.767365039999994],[113.6257056,34.767644309999966],[113.62575564000001,34.76769426],[113.62593528000001,34.767863819999995],[113.62616496,34.768123200000005],[113.62635468,34.76849255999999],[113.6264346,34.768572389999996],[113.62652460000001,34.76870216999996],[113.6266542,34.76882186999999],[113.6266344,34.76887182],[113.62653432,34.76912174999997],[113.62643424,34.76944151999998],[113.62615451999999,34.769991419999975],[113.62535532000001,34.77115142999996],[113.622957,34.7749911],[113.62265712,34.775680859999994],[113.6223972,34.776280619999966],[113.62171788,34.77709079999998],[113.62096872000001,34.77739158000003],[113.62031928,34.77737250000005],[113.61990996,34.77737313000003],[113.61921047999999,34.777394099999995],[113.6189808,34.77736449],[113.61893112,34.77736449],[113.61833172,34.77725549999997],[113.6177622,34.77799557],[113.61770208,34.77806559],[113.61764232,34.77814559999999],[113.6175822,34.77821561999997],[113.61710268,34.77883562999997],[113.61644352,34.77890654999996],[113.61604356000001,34.77968631],[113.61525444,34.779537630000036],[113.61478464000001,34.78144644],[113.61516408,34.78171563000001],[113.61571344000001,34.78232420999998],[113.61584304,34.782423930000036],[113.61602304,34.78255353],[113.61624264000001,34.782982829999995],[113.61640212,34.783312230000014],[113.61663180000001,34.784290979999994],[113.61665160000001,34.7845707],[113.61580236,34.78611032999998],[113.61504276000001,34.787380230000004],[113.6136438,34.789639950000016],[113.61262428,34.79120981999998],[113.61261456000001,34.79123979000002],[113.61126528000001,34.79348951999997],[113.61108528000001,34.79386931999999],[113.61078540000001,34.79497865999998],[113.61026555999999,34.79592852000001],[113.60833740000001,34.79716997999999],[113.60704896,34.79731163999999],[113.60606004,34.79717312999998],[113.60507112,34.79687486999999],[113.6045718,34.79697539999998],[113.60413224000001,34.79718581999998],[113.60269296,34.799595479999994],[113.60259288,34.799855310000005],[113.6023434,34.80044499000001],[113.60222316000001,34.80101450999997],[113.60214323999999,34.80152400000003],[113.6021634,34.80188354999999],[113.60226312,34.80211314000001],[113.60259288,34.802312399999984],[113.60439072000001,34.80278931],[113.6057292,34.803167039999956],[113.60606868,34.803256409999996],[113.60707776000001,34.80364458000001],[113.60898540000001,34.80436098000001],[113.61006432,34.804579230000016],[113.61112307999998,34.80471755999998],[113.61142260000001,34.80476714999999],[113.61150252,34.80474707999996],[113.61157272000001,34.80472692],[113.61176244,34.80465680999998],[113.61186216,34.804686600000025],[113.61204215999999,34.80467634000004],[113.6120922,34.80468624000004],[113.61214188000001,34.804686240000024],[113.61218184,34.804696140000026],[113.61222179999999,34.804696050000004],[113.6127312,34.80455556000002],[113.61318084000001,34.80416541000001],[113.61353076,34.80353568000001],[113.61378024000001,34.80310584000001],[113.61486924,34.80165603000001],[113.61540887999999,34.80074639999998],[113.61650796,34.79889681000001],[113.61677796000001,34.79859675000002],[113.61718728000001,34.79845625999997],[113.61728736,34.798426200000016],[113.61841596000001,34.798704300000004],[113.61892536,34.79891336999998],[113.62163220000001,34.799928660000006],[113.62205159999999,34.79999796000003],[113.62243104000001,34.80004736999999],[113.62294080000001,34.80005663999997],[113.62362012000001,34.799696099999984],[113.62417956,34.79922576000002],[113.62496868000001,34.79877504],[113.62563792,34.798624290000035],[113.62624740000001,34.798713389999975],[113.62670676,34.79879259000002],[113.6279952,34.79906061000002],[113.62810536,34.79909040000001],[113.62848480000001,34.79916977999998],[113.62959359999999,34.799547869999984],[113.63091192,34.79988572999997],[113.63144112,34.80021458999999],[113.63124132,34.800484499999996],[113.63088168,34.801004429999985],[113.63019228,34.801984169999976],[113.62980276,34.80252407999998],[113.62972284,34.802634059999974],[113.62942296,34.80305399999999],[113.62913352000001,34.80346395000003],[113.62861404,34.80420374999999],[113.62850388000001,34.804363679999945],[113.62769460000001,34.80554339999997],[113.62712508,34.806353220000005],[113.62681548,34.80679313999997],[113.62665564,34.80703307999999],[113.6264958,34.80727302000002],[113.62654584,34.80742277999997],[113.62655555999999,34.807442760000015],[113.62656564,34.80752268000002],[113.62668552000001,34.80829155000002],[113.62671540000001,34.80856119000003],[113.62681512,34.809449940000036],[113.626845,34.80975954000003],[113.62690512,34.81021890000002],[113.62697496000001,34.81090803],[113.62702464,34.81131744000002],[113.62705452,34.811557109999995],[113.62709448,34.8118767],[113.62697460000001,34.811916840000016],[113.62605588000001,34.812047969999995],[113.62535639999999,34.81204887000003],[113.6250468,34.812049319999964],[113.62425768,34.81218027000003],[113.62388796,34.81224075000001],[113.6226096,34.812781829999984],[113.62177008,34.81399161],[113.62173012,34.81405154999997],[113.62159044,34.814281500000014],[113.62148064,34.81446140999999],[113.62146048,34.814481480000005],[113.62141044,34.81457138999998],[113.62139064,34.81462133999999],[113.62133052,34.81473132000001],[113.6210508,34.815251070000016],[113.62097088,34.815411000000026],[113.62093092,34.81549100999999],[113.62068108000001,34.816020660000014],[113.62048128,34.81645040999999],[113.62038156000001,34.81667028000002],[113.62022172,34.817030100000004],[113.6200518,34.81739990999999],[113.61990203999999,34.817729759999985],[113.620671,34.818168149999984],[113.62151988000001,34.81846658999998],[113.62233887999999,34.81876502999997],[113.62251888,34.818904619999955],[113.6229282,34.81958331000002],[113.62289832,34.82045225999999],[113.62287815999998,34.820592119999986],[113.6227284,34.82112167999999],[113.6225286,34.82178119999999],[113.62210884000001,34.82258085],[113.62222872000001,34.82343962999996],[113.62255812000001,34.82366886000002],[113.62317732000001,34.824447089999985],[113.62392648000001,34.82589429000005],[113.6240064,34.82606402999999],[113.62491504,34.82713143000002],[113.62673268,34.828976699999956],[113.62752180000001,34.831232909999976],[113.62768128,34.83193185000001],[113.62780116,34.83255087],[113.62783103999999,34.832660759999975],[113.62767120000001,34.83407924999999],[113.62650228000001,34.834320630000015],[113.62622256,34.83440091],[113.62562352,34.834601520000035],[113.62516380000001,34.83474201],[113.62426488000001,34.83502290000004],[113.62407516,34.835292809999984],[113.62376520000001,34.83574272000001],[113.62368528,34.83586268999998],[113.62380516,34.836222060000026],[113.62388508000001,34.836361830000016],[113.62412484000001,34.836760980000015],[113.62432464000001,34.836970500000014],[113.62444452000001,34.83701028000002],[113.62453416000001,34.83705005999998],[113.62472424,34.83712971000003],[113.62475412,34.837339409999984],[113.62473395999999,34.83756917999996],[113.62443444,34.83769940999998],[113.62442436,34.83773937000001],[113.62425444,34.83835893],[113.62475376,34.83998621999999],[113.6264814,34.84350963000001],[113.62696056,34.84390851000002],[113.62812912000001,34.844895629999996],[113.62854852000001,34.84616354999998],[113.62864824,34.84646307000003],[113.62872816000001,34.846702650000026],[113.62896792,34.84840022999999],[113.62999644,34.85002688999998],[113.63226372000001,34.85111238000002],[113.63474052000001,34.85233745999999],[113.63476068,34.85246732999995],[113.63525964,34.855802640000014],[113.63556924000001,34.85690082000001],[113.63723712000001,34.85736791999999],[113.63831568,34.85735649000001],[113.64126227999999,34.857322379999985],[113.64179184000001,34.85715183000003],[113.64203160000001,34.85656224000002],[113.64217163999999,34.85623239000001],[113.64229152,34.855942590000005],[113.64247116,34.85551283999997],[113.64258132,34.855253010000034],[113.64268104,34.85499318],[113.64341040000001,34.85311443],[113.64372036,34.85240487000001],[113.64382008,34.85216501999999],[113.64410988,34.85214459000002],[113.6471166,34.85133134999997],[113.65171127999999,34.85163455999999],[113.65403832000001,34.85186109000004],[113.65599636,34.85203811999999],[113.65729452000001,34.85228598000002],[113.65776396000001,34.85237526],[113.65942212,34.85269250999999],[113.66029116,34.852691339999986],[113.66082072,34.852700610000014],[113.66099028000001,34.852710329999994],[113.66125020000001,34.852719960000016],[113.66165952,34.85278926000003],[113.66193924000001,34.852868819999976],[113.66208900000001,34.852898520000004],[113.66302788,34.85335671000001],[113.66313768,34.85341647000002],[113.66323776,34.85349621],[113.66358731999999,34.85367548999996],[113.66467596,34.85419335],[113.66501544,34.85438270999998],[113.66582436,34.85477106000002],[113.66696304,34.85532879000002],[113.6691504,34.856414459999996],[113.6706984,34.85716137000001],[113.67118764,34.85744037],[113.67267588,34.85757815999997],[113.67390456,34.857666270000024],[113.67402444000001,34.857676170000005],[113.67470376,34.85773512],[113.67678132,34.85767230000002],[113.67926820000001,34.85795849999995],[113.68094652,34.85799603000001],[113.68349352,34.85865167999998],[113.6858904,34.85920770000003],[113.6859804,34.859257559999975],[113.68617012,34.85933712000001],[113.68630008000001,34.85939688],[113.68799784000001,34.86020354999998],[113.68954584000001,34.86107033999999],[113.6913138,34.86186693],[113.69739600000001,34.86486482999999],[113.69790540000001,34.865113859999965],[113.70034295999999,34.86634946999997],[113.70324456,34.86788757000003],[113.70614615999999,34.86947552999999],[113.70784716,34.87022459999998],[113.70836772000001,34.870444289999995],[113.70909816000001,34.87058414999999],[113.71021884000001,34.87043429999997],[113.71431168000001,34.870094549999976],[113.7193452,34.869634919999996],[113.72386824,34.86913542000001],[113.72566932000001,34.86892563000003],[113.72599980000001,34.868895660000014],[113.72926176,34.86863582999998],[113.73096312000001,34.86844602000002],[113.7327444,34.86832605000002],[113.73362496,34.86822615000002],[113.73577632,34.86803634000003],[113.73802776,34.86788640000001],[113.739399,34.86754674000001],[113.74223076000001,34.867147140000014],[113.74351164000001,34.86718700999998],[113.74385183999999,34.867206989999985],[113.74435224000001,34.867246949999966],[113.74574328,34.866997200000014],[113.75117676,34.866557549999975],[113.75232768000001,34.86646754999999],[113.75444916,34.86606794999999],[113.75495964000001,34.86587813999998],[113.75502948,34.86570839999998],[113.75510976000001,34.86538872000001],[113.75523972,34.865238870000006],[113.75789183999998,34.86347081999999],[113.76041364000001,34.861453019999985],[113.760954,34.861193279999995],[113.76132444000001,34.86105342000001],[113.76190476000001,34.86057399000003],[113.76267551999999,34.85987469000003],[113.76360612,34.85923541999999],[113.76386640000001,34.85904560999999],[113.76416664,34.85877587999998],[113.76674820000001,34.86027411000001],[113.76693828,34.86037401000001],[113.76730836,34.860593700000024],[113.76748836,34.86069359999998],[113.76755856000001,34.86073355999999],[113.77057032,34.860913199999985],[113.77127088,34.86045375000001],[113.77202147999999,34.859884320000035],[113.77439388,34.85502972],[113.77571508000001,34.851983040000015],[113.77663596000001,34.85040480000002],[113.77808676000001,34.850264850000016],[113.77873656,34.855079490000016],[113.78013732000001,34.85690739],[113.78365919999999,34.86058307999998],[113.78459951999999,34.86143213999996],[113.78474964,34.8615819],[113.78779164000001,34.862790509999996],[113.79016296,34.86431870999997],[113.79024288000001,34.86754511999996],[113.79022236,34.86975264],[113.79020220000001,34.872459660000025],[113.79032208000001,34.87518666],[113.79043188,34.877633939999996],[113.79077172000001,34.87957182],[113.79122172,34.88211891000001],[113.79201228000001,34.88165945999999],[113.7940038,34.88106006000002],[113.79756636,34.88023088999998],[113.80092047999999,34.87978260000001],[113.80607280000001,34.87946976],[113.81235804,34.878838770000016],[113.81249844,34.87881897],[113.81323032,34.878750030000006],[113.81816232,34.87863662999999],[113.82491844,34.87902516000002],[113.82918876000001,34.87929047999999],[113.83370964000001,34.88029532999996],[113.83800984000001,34.88129982000001],[113.8411674,34.881783479999996],[113.84591868000001,34.88277852000001],[113.85111095999999,34.883584470000024],[113.85562176,34.88421968999999],[113.86036331999999,34.88465537999998],[113.86398204,34.885499129999985],[113.86208844000001,34.87836491999997],[113.86087632,34.87407831000002],[113.86044576,34.871051249999965],[113.86029564,34.86836420999998],[113.86023551999999,34.86816431999999],[113.85979488000001,34.86648572999997],[113.85951408000001,34.865776170000025],[113.85926388,34.86535631999999],[113.85907344,34.86513627000003],[113.85883259999999,34.864956180000014],[113.85686808000001,34.86362507999997],[113.85519408,34.86255408000001],[113.85296892000001,34.8616422],[113.8512348,34.86096063],[113.85017244000001,34.860050279999996],[113.84976168,34.858171889999994],[113.84898984,34.856972190000036],[113.84758656000001,34.856121329999986],[113.84619336,34.85550015000002],[113.84509068000001,34.85538882000001],[113.84369712,34.85527704000004],[113.84223372000001,34.85458592999999],[113.84170272,34.854135659999976],[113.84077032,34.85334536999999],[113.839578,34.85093643000001],[113.83887636,34.84797885000001],[113.83733339999999,34.84375164],[113.83563996000001,34.83907461],[113.83471800000001,34.836496290000014],[113.83450776000001,34.83478791000001],[113.83468812000001,34.834338719999984],[113.83557048,34.833840480000006],[113.83806672,34.83243548999998],[113.83841772000001,34.832236140000006],[113.83925976,34.830938790000026],[113.83951068,34.830559619999995],[113.84041319999999,34.827034860000005],[113.84041319999999,34.82688500999998],[113.84041319999999,34.82676512999998],[113.84041319999999,34.82658531],[113.84038332,34.82639550000002],[113.84036316000001,34.82595602999999],[113.83823844000001,34.82381546999998],[113.83645392000001,34.82261442000002],[113.83457940000001,34.82157302999998],[113.83374780000001,34.82043318000002],[113.8335876,34.817975729999986],[113.83399908000001,34.81551908999997],[113.83523244,34.81317341999999],[113.83453080000001,34.81173413999999],[113.83362864,34.81014464999999],[113.83278696,34.80802586999998],[113.8324662,34.80670691999999],[113.8321458,34.80540794999998],[113.83274772,34.80025464000002],[113.8326282,34.796827889999996],[113.83258824,34.79585886000003],[113.83256916,34.79230233000003],[113.83257888,34.79228235],[113.83366212,34.789436730000034],[113.83559748,34.78766121000002],[113.83632936000001,34.786723139999985],[113.83769303999999,34.78545638999998],[113.83799400000001,34.785137070000005],[113.8399794,34.782932069999966],[113.84039052,34.782423120000026],[113.84157384000001,34.780586670000005],[113.84174411999999,34.78036707],[113.84186471999999,34.78021740000001],[113.84205515999999,34.77994794000002],[113.84284716,34.77888009000001],[113.84292744000001,34.77848066999999],[113.84305812000001,34.77775158000001],[113.84318843999999,34.77702248999997],[113.84322876,34.77679272000003],[113.84320860000001,34.77653298000002],[113.84285832,34.77332574000001],[113.8430898,34.76966966999999],[113.84288964000001,34.76705201999996],[113.84288964000001,34.767022050000044],[113.84236872000001,34.76527308000003],[113.84061516,34.76122460999998],[113.84013456000001,34.75928592000002],[113.84007444,34.75906605000001],[113.83962372,34.75750698000001],[113.83877232,34.75372959],[113.83846164,34.752590279999986],[113.83827120000001,34.751790810000024],[113.83807104,34.751161170000024],[113.83806096,34.75110122999999],[113.83803072,34.75093131000002],[113.83760016000001,34.748443170000016],[113.83722972,34.74635481000003],[113.83520435999999,34.74895932],[113.83435188,34.749617490000006],[113.83359984,34.75010591999999],[113.83274772,34.75057428000001],[113.8318254,34.751092500000034],[113.82452640000001,34.75507833000001],[113.817879,34.75857546000003],[113.81760828,34.75878489000001],[113.81362812,34.76070738000003],[113.81349780000001,34.76076714],[113.81043960000001,34.762261409999965],[113.81015916,34.76239091999999],[113.80987836,34.762550310000016],[113.80559724000001,34.76481210000002],[113.80455432000001,34.76544003000001],[113.8043538,34.76554964999999],[113.80419359999999,34.765619310000034],[113.80220820000001,34.76675538000001],[113.80200768,34.76686499999999],[113.80193748,34.766914860000014],[113.80130604,34.76676411000002],[113.79855168,34.76636271000003],[113.79561012,34.76576349000001],[113.79441924000001,34.76538396000002],[113.7931686,34.7648346],[113.79225816,34.764245280000026],[113.79129768,34.76330621999999],[113.7909276,34.76228723999998],[113.79043764000001,34.76122838999996],[113.79017772,34.76067894],[113.78895696000001,34.7597199],[113.78871684,34.759530089999956],[113.78835684,34.759250460000025],[113.78319336000001,34.75841157000001],[113.77673963999999,34.75807227000004],[113.77665936000001,34.758082260000016],[113.77662948000001,34.758082260000016],[113.77639908,34.75806228],[113.77625903999999,34.7580423],[113.77549871999999,34.75800243],[113.77529856000001,34.75799243999997],[113.77505844000001,34.757982449999986],[113.7748284,34.75796247],[113.77349747999999,34.75787264999998],[113.77310724,34.75779273000005],[113.77294704,34.75778274000003],[113.77248696000001,34.75777284],[113.77243692,34.75777284],[113.77225655999999,34.75777284],[113.7717162,34.75777284],[113.77105596000001,34.757762940000006],[113.77093572,34.757762940000006],[113.77087560000001,34.75776293999997],[113.77074564,34.757752950000025],[113.77057572000001,34.757752950000025],[113.77029528,34.757752950000025],[113.76835415999999,34.75731348],[113.76783396,34.757103689999994],[113.76777384,34.75708371],[113.76751356000001,34.75698381000001],[113.76689328,34.75673415000005],[113.76510228000001,34.75651446000001],[113.7635712,34.75646459999997],[113.76301104000001,34.75643462999997],[113.76271080000001,34.75644461999998],[113.76195012000001,34.75648466999998],[113.76060948,34.75671452999997],[113.76056916,34.75672452000001],[113.76033912000001,34.756944299999994],[113.76010908,34.757004240000036],[113.75871804,34.756984349999975],[113.75860788,34.756984349999975],[113.7585078,34.756984349999975],[113.75828784000001,34.75709424],[113.75766719999999,34.75729413000001],[113.75750736,34.75734408],[113.7563064,34.75752399],[113.75616636000001,34.75756394999998],[113.75602632,34.75756395],[113.75563608,34.75756394999998],[113.7549654,34.757564040000005],[113.75438508,34.75756404000002],[113.75411508,34.75756404000002],[113.75365464000001,34.75756413000004],[113.75316432000001,34.75756413000004],[113.75287416,34.75756413000004],[113.75250408000001,34.75756413000004],[113.75195364000001,34.757554230000004],[113.75174340000001,34.757554230000004],[113.75156340000001,34.75751427000004],[113.75096292,34.757004779999995],[113.74919207999999,34.75624562999998],[113.74893180000001,34.756135740000005],[113.74892208,34.75594593000002],[113.74435908000001,34.75425770999998],[113.74386911999999,34.754147909999986],[113.743809,34.75413792],[113.74267824,34.75388817000001],[113.74145748000001,34.75361853000005],[113.73984648000001,34.75264950000002],[113.73959628,34.752509640000014],[113.73843563999999,34.75185030000002],[113.73715512000001,34.75105109999999],[113.73628464000001,34.75051164],[113.73565428,34.74986229000001],[113.73558408,34.74975240000003],[113.73551424,34.74967248000004],[113.73542424,34.749562590000004],[113.73537420000001,34.74952263000003],[113.73440364000001,34.74845370000001],[113.73280272000001,34.74628578000001],[113.73129216000001,34.74470736000003],[113.73023160000001,34.74295901999997],[113.73010164,34.74233955000001],[113.73015204000001,34.739881829999995],[113.73011208000001,34.73910260999996],[113.730102,34.739032680000015],[113.72988204,34.73890281000003],[113.7296718,34.73878293000002],[113.72941152,34.738623090000004],[113.72868108,34.73820350999999],[113.72863104000001,34.73820350999999],[113.72613948,34.73714457000002],[113.72469876000001,34.73682489000001],[113.72397840000001,34.73663508000001],[113.72342796,34.736395319999986],[113.72210712,34.73579591999998],[113.7212064,34.73558622000002],[113.72054616000001,34.73556624000002],[113.72046624000001,34.73555625]]]}},{"type":"Feature","properties":{"id":"410106","name":"上街区","adminCode":"410106","cityName":"郑州市","provinceName":"河南省","analysisUnitType":"黄河滩区涉及县域筛查单元","sourceNote":"用户提供的黄河滩区中下游涉及县区边界；表示涉及县域，不等同于精确滩区或湿地管理单元"},"geometry":{"type":"Polygon","coordinates":[[[113.30397972,34.799483970000004],[113.30336088,34.79954481000004],[113.3025822,34.7997357],[113.3017434,34.79997662999997],[113.300595,34.80030783000001],[113.29920612000001,34.80071840999998],[113.29798644,34.801068149999985],[113.29687656,34.801377929999965],[113.29563708,34.80175764000004],[113.29496712000001,34.80195744],[113.29438716,34.80215724],[113.29385724000001,34.80228719999999],[113.2930872,34.80248709000003],[113.29288740000001,34.80254703000003],[113.29156764000001,34.80296669999998],[113.29126776,34.803056610000006],[113.29045776000001,34.80324642000002],[113.28991776000001,34.803376380000024],[113.28900804,34.803606239999965],[113.2874982,34.803995940000014],[113.28681852000001,34.80416577000001],[113.28658848,34.80422571000003],[113.28633864,34.80429572999999],[113.28596856,34.80438564000003],[113.28593868,34.80439562999999],[113.28522876000001,34.80461541000002],[113.28477876000001,34.80475536],[113.28448896,34.80410610000003],[113.28395904,34.802917470000004],[113.28324948000001,34.80124940999999],[113.28313932,34.80099966000004],[113.28282972000001,34.800260490000014],[113.28264972000001,34.80027057],[113.28228972000001,34.80037046999999],[113.28205968,34.80044040000001],[113.28163992,34.80057026999997],[113.27969016,34.801139880000015],[113.27962032,34.80115985999998],[113.27925024000001,34.801269749999996],[113.27851043999999,34.801469640000015],[113.27569092,34.80030116999999],[113.27537124000001,34.80035121000001],[113.27525100000001,34.800371189999964],[113.27271156,34.800750990000004],[113.27186160000001,34.80101082000001],[113.27174172000001,34.801030799999985],[113.27037192,34.80144047999998],[113.26834224000001,34.802619299999996],[113.26812228,34.802749169999984],[113.26781232,34.80300891],[113.2677324,34.80307884],[113.2658226,34.804687230000035],[113.26558248,34.80513668999997],[113.26542264000001,34.80540642],[113.26407264,34.80788375999997],[113.26316256000001,34.81104024],[113.2630524,34.81107021000001],[113.2628724,34.81144983000002],[113.26032252,34.81482618000002],[113.26032252,34.81493607000002],[113.26038264,34.81516583999998],[113.26040244000001,34.81526564999998],[113.26044276,34.8154155],[113.26044276,34.81547544000003],[113.26041251999999,34.815515399999974],[113.26035276,34.81555536],[113.26009248000001,34.81564527000003],[113.25945276,34.815835080000014],[113.25900276,34.815965039999995],[113.25832308000001,34.81616483999997],[113.25778308000001,34.816334669999996],[113.25678335999999,34.81659450000001],[113.25670308000001,34.81662446999997],[113.25659327999999,34.81666443],[113.2564734,34.81671437999997],[113.25643344000001,34.816754340000024],[113.25601332000001,34.81745354999998],[113.25446352,34.81920170999995],[113.25271356,34.821019710000016],[113.25255372000001,34.821219510000034],[113.25111372,34.82296767000001],[113.25084372,34.824575790000004],[113.25092364000001,34.825175099999996],[113.25104352000001,34.82605413000002],[113.25121308,34.82760230999998],[113.25131316000001,34.82840141999997],[113.25221280000001,34.82976978000002],[113.25423239999999,34.83057869999995],[113.25569220000001,34.830638550000025],[113.2562718,34.83048861000004],[113.26114116000001,34.829928900000006],[113.26258080000001,34.829948789999996],[113.26401036,34.83008856000001],[113.2644204,34.83036819000001],[113.26640976,34.831486800000015],[113.26769964,34.83219590999999],[113.26794948000001,34.832345760000024],[113.269689,34.83329454000004],[113.27052888,34.83347426999998],[113.27064876,34.833494250000015],[113.27393808000001,34.834063410000006],[113.27477796000001,34.834213169999984],[113.27674751999999,34.83434285999999],[113.27706756,34.83426293999998],[113.27726736000001,34.83426293999998],[113.2773372,34.83421298999999],[113.27868720000001,34.83394317],[113.28078672000001,34.83354348000001],[113.28137676,34.833303719999975],[113.28279624,34.83274427999998],[113.28530616,34.83149552999999],[113.28617592,34.830626399999986],[113.28655572000001,34.830236790000036],[113.28705576,34.82950761000002],[113.28713604000001,34.829377739999984],[113.28732576,34.82909801999999],[113.28830568,34.82847864000001],[113.28969564,34.82823878999999],[113.29163496000001,34.828768079999996],[113.29396452,34.829117550000014],[113.29410456000001,34.82911755000001],[113.2944246,34.829167409999954],[113.29623396000001,34.82963675999998],[113.29811352,34.83021600000002],[113.29853364,34.83022598999999],[113.302629,34.83033201],[113.30355744,34.830280799999976],[113.30365716,34.83028061999997],[113.30443584000001,34.829700210000006],[113.30534448,34.82912951999999],[113.3060436,34.82815958999996],[113.30708184000001,34.82695952999999],[113.30820036,34.82547956999997],[113.30850996000001,34.825099590000015],[113.31077652,34.82244926999998],[113.3119746,34.82127891000005],[113.31349236,34.819748459999985],[113.31351216,34.81954865999998],[113.31762624,34.81561719000003],[113.31744660000001,34.81506810000001],[113.31635868000001,34.81163334],[113.31626868000001,34.81126388999999],[113.31726732,34.81099280999997],[113.3179164,34.810742159999975],[113.31822564000001,34.81047206999998],[113.31845532000001,34.810122059999976],[113.31855540000001,34.80976233],[113.31855540000001,34.809672420000005],[113.31855540000001,34.809202979999995],[113.31885492,34.809212519999996],[113.31902448000001,34.80920234999997],[113.31918432,34.80918210000001],[113.31934415999999,34.809151949999986],[113.31949392,34.809101729999995],[113.3196336,34.80903162],[113.31967356000001,34.80901163999999],[113.31982332000001,34.808901479999996],[113.31985320000001,34.80887151],[113.31988344000001,34.80883154999998],[113.31993312,34.80877152000001],[113.32002312,34.808641560000005],[113.32008288,34.808531579999986],[113.32013292,34.80842160000003],[113.3201628,34.80826176000004],[113.32017288,34.80817185000001],[113.32015308000001,34.80805196999999],[113.32013292,34.80794217],[113.32009296000001,34.80783227999999],[113.32000332000001,34.80771258],[113.31988344000001,34.80760287000002],[113.31974376000001,34.80749315999999],[113.31958392,34.80739352999998],[113.31930456,34.807274009999965],[113.3190648,34.80725439],[113.31885528000001,34.80724467000002],[113.31865548,34.807264919999994],[113.31848556,34.80731513999998],[113.31832608,34.80737526000002],[113.31813636000001,34.807435469999994],[113.31802656,34.80725582999998],[113.3156106,34.80586074],[113.31397332,34.80492411000001],[113.31370368,34.80477461999999],[113.31361368,34.80472476000002],[113.31297504000001,34.804356119999966],[113.31262548000001,34.804216710000006],[113.31249588,34.804166939999945],[113.31242568,34.80413715000004],[113.31189684,34.803978029999996],[113.31147743999999,34.80386877],[113.3107884,34.80372981000001],[113.31053892,34.803680220000004],[113.30869175999999,34.80332318999999],[113.30846244,34.80327359999996],[113.30833248,34.803243810000005],[113.30831268,34.80307406999999],[113.30827272,34.802594639999946],[113.30825255999999,34.80233490000002],[113.30812296,34.801456049999956],[113.30805312000001,34.80036732000003],[113.30801352,34.799658120000025],[113.30605656,34.799571],[113.30538768000001,34.799541929999975],[113.30397972,34.799483970000004]]]}},{"type":"Feature","properties":{"id":"410108","name":"惠济区","adminCode":"410108","cityName":"郑州市","provinceName":"河南省","analysisUnitType":"黄河滩区涉及县域筛查单元","sourceNote":"用户提供的黄河滩区中下游涉及县区边界；表示涉及县域，不等同于精确滩区或湿地管理单元"},"geometry":{"type":"Polygon","coordinates":[[[113.61728736,34.798426200000016],[113.61718728000001,34.79845625999997],[113.61677796000001,34.79859675000002],[113.61650796,34.79889681000001],[113.61540887999999,34.80074639999998],[113.61486924,34.80165603000001],[113.61378024000001,34.80310584000001],[113.61353076,34.80353568000001],[113.61318084000001,34.80416541000001],[113.6127312,34.80455556000002],[113.61222179999999,34.804696050000004],[113.61218184,34.804696140000026],[113.61214188000001,34.804686240000024],[113.6120922,34.80468624000004],[113.61204215999999,34.80467634000004],[113.61186216,34.804686600000025],[113.61176244,34.80465680999998],[113.61157272000001,34.80472692],[113.61150252,34.80474707999996],[113.61142260000001,34.80476714999999],[113.61112307999998,34.80471755999998],[113.61006432,34.804579230000016],[113.60898540000001,34.80436098000001],[113.60707776000001,34.80364458000001],[113.60606868,34.803256409999996],[113.6057292,34.803167039999956],[113.60439072000001,34.80278931],[113.60370132,34.804058759999975],[113.60224296,34.804769939999986],[113.60106432,34.80485147999999],[113.6010042,34.8048216],[113.60095415999999,34.804791720000004],[113.60082456,34.80477191999998],[113.59978488,34.804692900000006],[113.59921356000001,34.80460199999997],[113.59829160000001,34.80445053000002],[113.5977804,34.80438969],[113.59761984000001,34.80435944999999],[113.59683792,34.80425820000005],[113.59678788000001,34.804258110000006],[113.59666764,34.80427782000001],[113.59656720000001,34.80428762999999],[113.59642716,34.80429743999998],[113.59625652,34.80469658999999],[113.59603583999998,34.80486606000002],[113.59569528,34.80493535999998],[113.59537452000001,34.805014650000004],[113.595264,34.80563367000002],[113.59496340000001,34.80593282999997],[113.59479276,34.80605235000002],[113.59421136,34.80611121000002],[113.59397088,34.806130830000015],[113.59357992000001,34.8063498],[113.59352988,34.80645959999997],[113.59347984,34.80657938999998],[113.5934496,34.806679200000026],[113.59341936000001,34.806779009999985],[113.59338948,34.80690878999998],[113.59338948,34.80702866999996],[113.59338948,34.80708861000001],[113.59340928,34.807218480000024],[113.59349964,34.80773805000002],[113.59339920000001,34.808257259999976],[113.59306836,34.80852626999997],[113.59264752,34.808505569999994],[113.59201571999999,34.809053760000005],[113.5919556,34.80968295000001],[113.59201571999999,34.81034219999999],[113.59293768,34.81252128],[113.59300787999999,34.812581309999985],[113.59303776,34.81276112999997],[113.59309787999999,34.81304094],[113.59316808000001,34.81315091999998],[113.59345896,34.81334126999999],[113.59365948,34.81356132],[113.59397016000001,34.81401132000002],[113.59417032,34.81414155000001],[113.59425060000001,34.8141816],[113.59472184,34.81440219000001],[113.59499256000001,34.81460243999997],[113.595183,34.81496235],[113.595273,34.815232259999966],[113.59509264,34.81568135999999],[113.59500227999999,34.81622055],[113.59502244000001,34.81667999999998],[113.59624500000001,34.81767108],[113.5964556,34.818060960000025],[113.59610459999999,34.818909299999994],[113.59598436,34.81950834000002],[113.59596420000001,34.820047709999976],[113.5964754,34.82057798999998],[113.59664568000001,34.821017729999994],[113.59653516,34.82318492999999],[113.59632420000001,34.82853812999999],[113.59631412,34.830226079999996],[113.59632384000001,34.831594530000004],[113.59633392,34.83256338000005],[113.59509048000001,34.834428900000006],[113.59360656000001,34.83582452999998],[113.59158156000001,34.83773855999998],[113.59134072,34.83796787999997],[113.59045872,34.838795340000026],[113.58808235999999,34.842486600000036],[113.58547524000001,34.84652706000002],[113.58099359999999,34.84912590000001],[113.58061272,34.84920510000001],[113.57658252,34.85055627000005],[113.57341452,34.85115980999999],[113.57216100000001,34.852965389999994],[113.57073720000001,34.855649639999996],[113.57050644,34.85606877000001],[113.56846092,34.858282409999966],[113.56622496,34.85959676999999],[113.56575407999999,34.85959596000002],[113.56530264,34.85960514000003],[113.56489188,34.85961440999998],[113.56452072,34.85962368],[113.56168356,34.85959866000001],[113.55873624,34.858834290000026],[113.55858612,34.858794059999994],[113.55687180000001,34.857702270000004],[113.55623064000001,34.85602313999997],[113.55612048,34.85574323999999],[113.55609024,34.85569328999999],[113.55476724,34.854592230000016],[113.55333372000001,34.85377062],[113.55170976000001,34.85327832000001],[113.55035652000001,34.85309606999999],[113.54979492000001,34.853075099999984],[113.54967468,34.85307483000001],[113.54927364,34.85316402],[113.54897303999999,34.85325339000001],[113.54882256,34.85332305000001],[113.54795028000001,34.85409057000004],[113.54780952,34.856107830000035],[113.54810976,34.85837565],[113.54776884,34.858594800000006],[113.54689656000001,34.85872304999997],[113.54265612,34.858785420000004],[113.54050044,34.85849184],[113.53736304,34.85778705000001],[113.53358340000001,34.85763044999996],[113.5308366,34.85799512999998],[113.52776868000001,34.85846897999998],[113.52527244,34.85845449000005],[113.5248912,34.85841390000004],[113.52185388000001,34.85813876999999],[113.52079116,34.85793708000002],[113.52059064000001,34.85763711000002],[113.5205208,34.857327330000004],[113.52002940000001,34.8571467],[113.51933784,34.85706551999999],[113.51882663999999,34.857014670000005],[113.51766384000001,34.856543159999994],[113.51732292,34.85631275999997],[113.51644128000001,34.854213689999995],[113.51619072000001,34.85352410999998],[113.51569968000001,34.853113709999974],[113.51513844,34.85294288999997],[113.51462688,34.852941990000005],[113.51322324,34.85344886999997],[113.51287224000001,34.853967630000035],[113.51198987999999,34.85466522000003],[113.51123784,34.85512331999999],[113.51037563999999,34.855371450000035],[113.50982448,34.855420409999994],[113.50962396,34.85535011999996],[113.5093932,34.85526975000004],[113.50901232000001,34.85535903],[113.50870164000001,34.85554821000002],[113.50845071999998,34.85561769000002],[113.50803996,34.85555702999998],[113.50767888,34.855486469999974],[113.50735811999999,34.85542599000004],[113.50709748,34.855445430000024],[113.50676664000001,34.85558466],[113.50641564,34.85576384999999],[113.50616508,34.85590326],[113.50605456000001,34.85616273000005],[113.50584396,34.85640204000004],[113.5056636,34.85677130999999],[113.50527228,34.85765951999997],[113.50503144000001,34.857868859999954],[113.50466064000001,34.85796803999999],[113.50394892,34.85780694000002],[113.50357812,34.857706410000034],[113.50331747999999,34.85771595000001],[113.50340712,34.85934414],[113.50286496,34.86180024000002],[113.50182168,34.863756030000005],[113.50133027999999,34.864284509999976],[113.50056816,34.86512214000001],[113.49999648000001,34.86559050000002],[113.49911412,34.86632805],[113.49786096000001,34.86765411000003],[113.49591588000001,34.868569500000014],[113.49366984000001,34.87006358999999],[113.49342936000001,34.87022297999998],[113.49141372,34.873145820000005],[113.49100188,34.87607154000003],[113.49148248,34.877550690000014],[113.49197316,34.87943934],[113.49232307999999,34.882466400000034],[113.49218232000001,34.88328512999999],[113.49216252000001,34.88338494],[113.492052,34.884063990000016],[113.49163008000001,34.886360429999996],[113.49218124,34.887789719999994],[113.49343368000001,34.889100479999996],[113.49366444,34.889250690000004],[113.49482688,34.89007185000002],[113.4980838,34.89281442],[113.49982728,34.895154779999956],[113.49999756000001,34.89538481999997],[113.5011402,34.896924989999974],[113.50212228000001,34.89823521000003],[113.50309428,34.900694099999996],[113.50337508000001,34.90246260000001],[113.50261296000001,34.90447904999998],[113.50254276000001,34.904738609999995],[113.50219212,34.905956669999995],[113.50095876,34.90808210999999],[113.5008684,34.908241769999975],[113.50060776,34.90870076999999],[113.49999648000001,34.909438860000016],[113.49908424,34.91054603999999],[113.49815184,34.912052729999985],[113.49726984,34.915347539999985],[113.49696888000001,34.915846410000036],[113.49646776,34.9166646],[113.49597672,34.917492779999975],[113.49595656000001,34.917522749999996],[113.49553536,34.919180189999985],[113.49547523999999,34.92083826000001],[113.49534492000001,34.923125520000006],[113.49582624,34.925363910000016],[113.49617688,34.92736236],[113.49648791999999,34.93002996],[113.49652788,34.930389599999984],[113.49693900000001,34.933936499999994],[113.49666828000001,34.93743218999998],[113.49549540000001,34.94120589000002],[113.49583632000001,34.943144399999994],[113.49779076,34.94508579000001],[113.49999648000001,34.945868879999985],[113.50035720000001,34.94599937999995],[113.49997632,34.94847599999998],[113.49999648000001,34.949115269999965],[113.49999648000001,34.9491852],[113.50062792,34.95049487999997],[113.50168056000001,34.95194523000002],[113.50251288000001,34.95407436000001],[113.50310436000001,34.95561371999996],[113.50316448000001,34.955763659999974],[113.50614204,34.95765699000002],[113.50667340000001,34.95783770999999],[113.50759572000001,34.95872843999995],[113.50835748,34.960168170000024],[113.50881864,34.96115789999998],[113.50912932,34.96181778000002],[113.51103444,34.96351931999996],[113.51312964,34.96498146],[113.514543,34.96602284999996],[113.51556576,34.966943730000004],[113.51634768000001,34.967624400000034],[113.51725992,34.96870485000003],[113.52159108000001,34.96871258999999],[113.52361608000001,34.96885605],[113.52699468,34.96915178999999],[113.52992183999999,34.96926698999999],[113.53284935999999,34.969392090000014],[113.5362078,34.96931819999999],[113.54001767999999,34.96886558999999],[113.54358672000001,34.96786307999999],[113.54690520000001,34.966310759999985],[113.54977224000001,34.964577809999966],[113.55218856,34.96286402999996],[113.55617916,34.957007640000036],[113.5575324,34.95575150999999],[113.5591668,34.954495829999956],[113.56340796,34.95060765000001],[113.56803972,34.948298520000016],[113.5717092,34.94497878],[113.5752786,34.94162889000004],[113.57637156000001,34.93901375999997],[113.57769528,34.93633905000002],[113.5796706,34.93527381000002],[113.58256788,34.93429010999997],[113.5842624,34.93374371999997],[113.58565596,34.933836150000005],[113.58908459999999,34.93507094999998],[113.59112976,34.93502469000001],[113.59263348,34.93584648000001],[113.59491948,34.936729559999996],[113.59696464000001,34.93761227999998],[113.59877904000001,34.93776537000004],[113.60080116,34.93771632000003],[113.60235924000001,34.93731456000002],[113.60412720000001,34.9363431],[113.60631491999999,34.934631839999966],[113.60985084,34.93288871999999],[113.61383604,34.93113489000002],[113.61783168000001,34.92956097],[113.61891024,34.92928971000001],[113.62184676000001,34.928546399999995],[113.62497300000001,34.928621819999975],[113.62589207999999,34.92864054000001],[113.62883832,34.929505350000035],[113.63179464000001,34.93072970999999],[113.63628924000001,34.93063340999996],[113.6400948,34.929998640000015],[113.64254208000001,34.929206100000016],[113.64562836,34.927473689999985],[113.6485152,34.92630089999999],[113.65207091999999,34.92492741000001],[113.65492788,34.92301554],[113.65756488000001,34.92110402999999],[113.65952256,34.919033670000026],[113.66072136000001,34.91759358000001],[113.66125091999999,34.916953589999984],[113.66152055999999,34.916643539999995],[113.6632086,34.914693419999985],[113.66494668,34.91299295999999],[113.6668248,34.911202410000016],[113.66692452000001,34.91110241999999],[113.66712432,34.91091233999999],[113.66887248,34.909201889999984],[113.67129960000001,34.90767026999998],[113.6720088,34.90711992000001],[113.67279792000001,34.90709877000001],[113.67306756,34.90689861000005],[113.67508536000001,34.90666605000003],[113.67756216000001,34.906792499999966],[113.68050876000001,34.90747749000002],[113.68368468,34.90851186000002],[113.68821924000001,34.90953426000001],[113.69231424,34.91091684],[113.69592972000001,34.911770669999974],[113.69979504000001,34.912973789999995],[113.70184596,34.913433060000024],[113.70432779999999,34.91399241],[113.70930084000001,34.91463159],[113.71587516000001,34.91596997999995],[113.72107896,34.91659925999997],[113.72344056,34.91668917],[113.72738292000001,34.916838930000026],[113.73369732,34.917448229999984],[113.73774012000001,34.91735832000001],[113.74291368,34.91723843999999],[113.74384428,34.91713862999999],[113.74738668,34.91676900000002],[113.74773696000001,34.91670914999998],[113.74920792,34.916439420000025],[113.74936812,34.91640945],[113.75004852,34.916289569999996],[113.75208,34.91592003000001],[113.75608284,34.9147215],[113.76007596,34.91314334999999],[113.764059,34.91120573999999],[113.76758196,34.909088220000015],[113.77064448,34.90679096999999],[113.77346688,34.90395444000002],[113.77736028000001,34.89959960999999],[113.77993248,34.89602355000002],[113.78229444,34.892817120000004],[113.78443644000001,34.88981048999996],[113.78633796000001,34.88642423999999],[113.7867282,34.88589485999999],[113.787639,34.88509565999998],[113.78959056000001,34.88301801000001],[113.79068136000001,34.88240861999997],[113.79122172,34.88211891000001],[113.79077172000001,34.87957182],[113.79043188,34.877633939999996],[113.79032208000001,34.87518666],[113.79020220000001,34.872459660000025],[113.79022236,34.86975264],[113.79024288000001,34.86754511999996],[113.79016296,34.86431870999997],[113.78779164000001,34.862790509999996],[113.78474964,34.8615819],[113.78459951999999,34.86143213999996],[113.78365919999999,34.86058307999998],[113.78013732000001,34.85690739],[113.77873656,34.855079490000016],[113.77808676000001,34.850264850000016],[113.77663596000001,34.85040480000002],[113.77571508000001,34.851983040000015],[113.77439388,34.85502972],[113.77202147999999,34.859884320000035],[113.77127088,34.86045375000001],[113.77057032,34.860913199999985],[113.76755856000001,34.86073355999999],[113.76748836,34.86069359999998],[113.76730836,34.860593700000024],[113.76693828,34.86037401000001],[113.76674820000001,34.86027411000001],[113.76416664,34.85877587999998],[113.76386640000001,34.85904560999999],[113.76360612,34.85923541999999],[113.76267551999999,34.85987469000003],[113.76190476000001,34.86057399000003],[113.76132444000001,34.86105342000001],[113.760954,34.861193279999995],[113.76041364000001,34.861453019999985],[113.75789183999998,34.86347081999999],[113.75523972,34.865238870000006],[113.75510976000001,34.86538872000001],[113.75502948,34.86570839999998],[113.75495964000001,34.86587813999998],[113.75444916,34.86606794999999],[113.75232768000001,34.86646754999999],[113.75117676,34.866557549999975],[113.74574328,34.866997200000014],[113.74435224000001,34.867246949999966],[113.74385183999999,34.867206989999985],[113.74351164000001,34.86718700999998],[113.74223076000001,34.867147140000014],[113.739399,34.86754674000001],[113.73802776,34.86788640000001],[113.73577632,34.86803634000003],[113.73362496,34.86822615000002],[113.7327444,34.86832605000002],[113.73096312000001,34.86844602000002],[113.72926176,34.86863582999998],[113.72599980000001,34.868895660000014],[113.72566932000001,34.86892563000003],[113.72386824,34.86913542000001],[113.7193452,34.869634919999996],[113.71431168000001,34.870094549999976],[113.71021884000001,34.87043429999997],[113.70909816000001,34.87058414999999],[113.70836772000001,34.870444289999995],[113.70784716,34.87022459999998],[113.70614615999999,34.86947552999999],[113.70324456,34.86788757000003],[113.70034295999999,34.86634946999997],[113.69790540000001,34.865113859999965],[113.69739600000001,34.86486482999999],[113.6913138,34.86186693],[113.68954584000001,34.86107033999999],[113.68799784000001,34.86020354999998],[113.68630008000001,34.85939688],[113.68617012,34.85933712000001],[113.6859804,34.859257559999975],[113.6858904,34.85920770000003],[113.68349352,34.85865167999998],[113.68094652,34.85799603000001],[113.67926820000001,34.85795849999995],[113.67678132,34.85767230000002],[113.67470376,34.85773512],[113.67402444000001,34.857676170000005],[113.67390456,34.857666270000024],[113.67267588,34.85757815999997],[113.67118764,34.85744037],[113.6706984,34.85716137000001],[113.6691504,34.856414459999996],[113.66696304,34.85532879000002],[113.66582436,34.85477106000002],[113.66501544,34.85438270999998],[113.66467596,34.85419335],[113.66358731999999,34.85367548999996],[113.66323776,34.85349621],[113.66313768,34.85341647000002],[113.66302788,34.85335671000001],[113.66208900000001,34.852898520000004],[113.66193924000001,34.852868819999976],[113.66165952,34.85278926000003],[113.66125020000001,34.852719960000016],[113.66099028000001,34.852710329999994],[113.66082072,34.852700610000014],[113.66029116,34.852691339999986],[113.65942212,34.85269250999999],[113.65776396000001,34.85237526],[113.65729452000001,34.85228598000002],[113.65599636,34.85203811999999],[113.65403832000001,34.85186109000004],[113.65171127999999,34.85163455999999],[113.6471166,34.85133134999997],[113.64410988,34.85214459000002],[113.64382008,34.85216501999999],[113.64372036,34.85240487000001],[113.64341040000001,34.85311443],[113.64268104,34.85499318],[113.64258132,34.855253010000034],[113.64247116,34.85551283999997],[113.64229152,34.855942590000005],[113.64217163999999,34.85623239000001],[113.64203160000001,34.85656224000002],[113.64179184000001,34.85715183000003],[113.64126227999999,34.857322379999985],[113.63831568,34.85735649000001],[113.63723712000001,34.85736791999999],[113.63556924000001,34.85690082000001],[113.63525964,34.855802640000014],[113.63476068,34.85246732999995],[113.63474052000001,34.85233745999999],[113.63226372000001,34.85111238000002],[113.62999644,34.85002688999998],[113.62896792,34.84840022999999],[113.62872816000001,34.846702650000026],[113.62864824,34.84646307000003],[113.62854852000001,34.84616354999998],[113.62812912000001,34.844895629999996],[113.62696056,34.84390851000002],[113.6264814,34.84350963000001],[113.62475376,34.83998621999999],[113.62425444,34.83835893],[113.62442436,34.83773937000001],[113.62443444,34.83769940999998],[113.62473395999999,34.83756917999996],[113.62475412,34.837339409999984],[113.62472424,34.83712971000003],[113.62453416000001,34.83705005999998],[113.62444452000001,34.83701028000002],[113.62432464000001,34.836970500000014],[113.62412484000001,34.836760980000015],[113.62388508000001,34.836361830000016],[113.62380516,34.836222060000026],[113.62368528,34.83586268999998],[113.62376520000001,34.83574272000001],[113.62407516,34.835292809999984],[113.62426488000001,34.83502290000004],[113.62516380000001,34.83474201],[113.62562352,34.834601520000035],[113.62622256,34.83440091],[113.62650228000001,34.834320630000015],[113.62767120000001,34.83407924999999],[113.62783103999999,34.832660759999975],[113.62780116,34.83255087],[113.62768128,34.83193185000001],[113.62752180000001,34.831232909999976],[113.62673268,34.828976699999956],[113.62491504,34.82713143000002],[113.6240064,34.82606402999999],[113.62392648000001,34.82589429000005],[113.62317732000001,34.824447089999985],[113.62255812000001,34.82366886000002],[113.62222872000001,34.82343962999996],[113.62210884000001,34.82258085],[113.6225286,34.82178119999999],[113.6227284,34.82112167999999],[113.62287815999998,34.820592119999986],[113.62289832,34.82045225999999],[113.6229282,34.81958331000002],[113.62251888,34.818904619999955],[113.62233887999999,34.81876502999997],[113.62151988000001,34.81846658999998],[113.620671,34.818168149999984],[113.61990203999999,34.817729759999985],[113.6200518,34.81739990999999],[113.62022172,34.817030100000004],[113.62038156000001,34.81667028000002],[113.62048128,34.81645040999999],[113.62068108000001,34.816020660000014],[113.62093092,34.81549100999999],[113.62097088,34.815411000000026],[113.6210508,34.815251070000016],[113.62133052,34.81473132000001],[113.62139064,34.81462133999999],[113.62141044,34.81457138999998],[113.62146048,34.814481480000005],[113.62148064,34.81446140999999],[113.62159044,34.814281500000014],[113.62173012,34.81405154999997],[113.62177008,34.81399161],[113.6226096,34.812781829999984],[113.62388796,34.81224075000001],[113.62425768,34.81218027000003],[113.6250468,34.812049319999964],[113.62535639999999,34.81204887000003],[113.62605588000001,34.812047969999995],[113.62697460000001,34.811916840000016],[113.62709448,34.8118767],[113.62705452,34.811557109999995],[113.62702464,34.81131744000002],[113.62697496000001,34.81090803],[113.62690512,34.81021890000002],[113.626845,34.80975954000003],[113.62681512,34.809449940000036],[113.62671540000001,34.80856119000003],[113.62668552000001,34.80829155000002],[113.62656564,34.80752268000002],[113.62655555999999,34.807442760000015],[113.62654584,34.80742277999997],[113.6264958,34.80727302000002],[113.62665564,34.80703307999999],[113.62681548,34.80679313999997],[113.62712508,34.806353220000005],[113.62769460000001,34.80554339999997],[113.62850388000001,34.804363679999945],[113.62861404,34.80420374999999],[113.62913352000001,34.80346395000003],[113.62942296,34.80305399999999],[113.62972284,34.802634059999974],[113.62980276,34.80252407999998],[113.63019228,34.801984169999976],[113.63088168,34.801004429999985],[113.63124132,34.800484499999996],[113.63144112,34.80021458999999],[113.63091192,34.79988572999997],[113.62959359999999,34.799547869999984],[113.62848480000001,34.79916977999998],[113.62810536,34.79909040000001],[113.6279952,34.79906061000002],[113.62670676,34.79879259000002],[113.62624740000001,34.798713389999975],[113.62563792,34.798624290000035],[113.62496868000001,34.79877504],[113.62417956,34.79922576000002],[113.62362012000001,34.799696099999984],[113.62294080000001,34.80005663999997],[113.62243104000001,34.80004736999999],[113.62205159999999,34.79999796000003],[113.62163220000001,34.799928660000006],[113.61892536,34.79891336999998],[113.61841596000001,34.798704300000004],[113.61728736,34.798426200000016]]]}},{"type":"Feature","properties":{"id":"410122","name":"中牟县","adminCode":"410122","cityName":"郑州市","provinceName":"河南省","analysisUnitType":"黄河滩区涉及县域筛查单元","sourceNote":"用户提供的黄河滩区中下游涉及县区边界；表示涉及县域，不等同于精确滩区或湿地管理单元"},"geometry":{"type":"Polygon","coordinates":[[[113.9810454,34.436468789999985],[113.97752100000001,34.43684579999999],[113.97623292,34.43722811999998],[113.97607307999999,34.43740838999999],[113.97566376,34.43754915],[113.97366684,34.438312710000005],[113.97350700000001,34.438383],[113.97187944000001,34.43913593999999],[113.96974284000001,34.43983982999995],[113.96552940000001,34.440278129999975],[113.96402172,34.44052095000004],[113.96264400000001,34.44065369999999],[113.96062692000001,34.44099759],[113.95544508,34.4420874],[113.9539374,34.44206039999999],[113.95368792000001,34.442100900000014],[113.95317852000001,34.44219188999999],[113.95313856,34.44220197],[113.95299888000001,34.44223221],[113.95284912000001,34.442272440000046],[113.95279908,34.442292600000016],[113.95247975999999,34.44238314000004],[113.95139148000001,34.44254523000001],[113.95133136000001,34.44254541000001],[113.95127160000001,34.442525520000025],[113.95114164,34.442435789999976],[113.95103183999998,34.44237612000001],[113.95090224,34.442336340000026],[113.95081224,34.44232653],[113.95065240000001,34.442356860000004],[113.94953424,34.44250904999997],[113.94854568000001,34.44263090999997],[113.94762732000001,34.442782649999955],[113.94742752,34.442783100000014],[113.94730764,34.44277338000003],[113.946399,34.44262524000004],[113.94592992,34.44256620000001],[113.94582012000001,34.44257646],[113.94566028,34.44256673999998],[113.94561024000001,34.442566919999976],[113.94558036000001,34.4425869],[113.94410256,34.44409899000001],[113.94400284000001,34.444199160000004],[113.94374328,34.444459439999996],[113.94365328,34.44454961999997],[113.94360324,34.444739610000006],[113.94348336,34.44526952999998],[113.94323388,34.44629940000001],[113.9433336,34.448797619999965],[113.94350316,34.45085601],[113.94338328,34.452515250000005],[113.9430636,34.45401501000001],[113.94170568000001,34.45568667],[113.94095688,34.45631775000001],[113.93862048000001,34.45732178999998],[113.936823,34.457555159999984],[113.93565480000001,34.45763741999999],[113.93447688,34.45758981000001],[113.9332986,34.456912559999985],[113.93225028,34.45606521],[113.931711,34.45518681000002],[113.93161128000001,34.455037140000016],[113.93075268,34.45366967999998],[113.93011367999999,34.452361800000034],[113.92998408000001,34.45202232],[113.92927524000001,34.450724519999994],[113.92869635999999,34.44889689000001],[113.92849656,34.44856749000002],[113.92783776,34.44752942999997],[113.92602048,34.44617394],[113.92414344000001,34.444868580000026],[113.92220664,34.44455268000002],[113.91868224000001,34.44430995],[113.91578675999999,34.44445565999999],[113.91365988000001,34.445049570000066],[113.91187248,34.44559271999997],[113.9098158,34.44635637000001],[113.90927652,34.447186890000005],[113.90906664,34.447507110000004],[113.90846760000001,34.44899723999999],[113.9077386,34.45100739000001],[113.90664996000001,34.452448560000015],[113.90654016,34.45289846999999],[113.90633028,34.453778219999954],[113.905242,34.45464978000002],[113.90359464000001,34.455242699999964],[113.90144796,34.45549677],[113.89924836,34.45557875999998],[113.89874724,34.45557803999999],[113.89772448000001,34.45558668],[113.89654151999999,34.45538526000003],[113.89584996,34.455254400000015],[113.89574952000001,34.455504060000024],[113.89542875999999,34.45640306999998],[113.89456656,34.458190650000006],[113.89446612,34.45840035],[113.89369392,34.459998209999966],[113.89348332,34.46043768000003],[113.89024476,34.46730855000001],[113.88920184000001,34.46951571000002],[113.8865346,34.47477855000002],[113.88381732,34.48012122000001],[113.88259404,34.48253799000002],[113.88259404,34.483237560000006],[113.88259404,34.48349738999999],[113.88252312,34.490002859999976],[113.88314412000001,34.49417075999998],[113.8831542,34.494230789999996],[113.88317436000001,34.49438063999998],[113.8835952,34.497958770000025],[113.8839858,34.499987909999994],[113.88425616,34.501387140000006],[113.88430620000001,34.501666949999986],[113.88446604,34.50305600999997],[113.88476628000001,34.505814149999985],[113.88481596000001,34.50626388000001],[113.88503592,34.50822255000003],[113.885046,34.50828257999999],[113.88651804000001,34.51368005999994],[113.88693852,34.51606866000001],[113.88699863999999,34.51673825999998],[113.88700836000001,34.516878120000015],[113.8871682,34.51887674999998],[113.88772872000001,34.52190497999999],[113.88858984000001,34.52579298000001],[113.88788784,34.52625170999999],[113.88513096000001,34.52722722000001],[113.88250404,34.52889240000002],[113.88050856000001,34.53038847],[113.87946564,34.531196489999985],[113.8776012,34.531253910000004],[113.87558664000001,34.529652539999965],[113.87499516000001,34.52948190000001],[113.87350152,34.52904027000001],[113.87081484000001,34.5300759],[113.86911024000001,34.53087294000002],[113.86486944,34.532845650000006],[113.86190196000001,34.533770940000004],[113.85988704,34.53268913999996],[113.85864432000001,34.53143858999997],[113.85759204,34.52989842000001],[113.85440496000001,34.528005809999996],[113.85433476,34.52796576],[113.85416412000001,34.527905549999986],[113.85394380000001,34.52782536],[113.85169812,34.52734278000003],[113.84907155999998,34.528038750000015],[113.84922168,34.52958764999997],[113.84923176000001,34.529767469999996],[113.84929152000001,34.530327089999986],[113.85048384000001,34.53323615999998],[113.85056304000001,34.53718292999997],[113.85096336000001,34.54043076],[113.85107316000001,34.541360100000034],[113.85067176000001,34.54381745999996],[113.85067176000001,34.54383744000002],[113.85056123999999,34.54406711999998],[113.84980920000001,34.545544829999976],[113.84977896000001,34.54559478000003],[113.84961840000001,34.54578441000001],[113.8480542,34.54771059],[113.84537688,34.55075438999997],[113.84456472000001,34.55173250999998],[113.84454456,34.55177247],[113.84400276000001,34.55339031000002],[113.84339112,34.55504811000002],[113.84317008000001,34.55621676000001],[113.84285904000001,34.557705090000006],[113.84277876,34.55802468],[113.84269848000001,34.55836434000004],[113.84257824000001,34.559033580000005],[113.84251776,34.55935316999996],[113.8424274,34.559842679999974],[113.84239752,34.560012510000014],[113.84223696000001,34.56083160000002],[113.84256744000001,34.56158139000002],[113.84262756000001,34.561741320000046],[113.84314848000001,34.56295101],[113.84585424000001,34.565962139999996],[113.8491216,34.56892403999997],[113.85127655999999,34.569606419999985],[113.85299088,34.569878490000015],[113.85363240000001,34.569879390000025],[113.85373248,34.56988956000002],[113.85385272,34.56989963999996],[113.85385272,34.570019609999996],[113.85436392000001,34.57002023999999],[113.85549648,34.570841130000005],[113.85681948,34.57176219],[113.85762120000001,34.57284237000004],[113.85775152000001,34.57284255],[113.85775152000001,34.573002390000006],[113.85800208,34.573092660000015],[113.85866340000001,34.57421262],[113.85866340000001,34.574372550000014],[113.85888372000001,34.574802479999995],[113.85903384000001,34.57566189000004],[113.85870264,34.577170199999976],[113.85847188000001,34.57812906],[113.85764964,34.57941686999997],[113.85706788,34.580055509999994],[113.85513288,34.58177145000002],[113.85389952,34.583058630000025],[113.85363888,34.583337990000004],[113.85354852,34.58343780000002],[113.852907,34.583836590000026],[113.85170388,34.58460429000002],[113.85155339999999,34.58470401000003],[113.85050076,34.585391969999996],[113.84923751999999,34.58621951999998],[113.84830512,34.586827649999954],[113.8454784,34.58723346000002],[113.84393472000001,34.586931509999985],[113.84297244000001,34.58674035],[113.84176932000001,34.587557999999966],[113.84138807999999,34.587827279999985],[113.84145828000001,34.588976399999964],[113.84091648,34.590634200000025],[113.84088624,34.590744090000015],[113.84079588,34.591033710000005],[113.84060544,34.59113333999998],[113.83982316000001,34.592920740000004],[113.83877016000001,34.59511737000003],[113.83872012,34.59521717999998],[113.83868988,34.59528710999999],[113.83833888000001,34.59698513999995],[113.83835868,34.59781449000001],[113.83846884,34.59802445999999],[113.84040312,34.599835530000014],[113.84137512000001,34.60080608999998],[113.84194644,34.60320467999999],[113.8411746,34.603773119999985],[113.84091396000001,34.603962570000014],[113.83882884,34.604019629999954],[113.83544088000001,34.60408478999998],[113.83466904000001,34.60416362999999],[113.83093980000001,34.604568090000015],[113.83024824,34.60465701],[113.82994764,34.604696609999976],[113.82623856,34.60527090000003],[113.82238908000001,34.60636449000003],[113.82230916,34.60640436000003],[113.82222888,34.60644422999998],[113.8214772,34.60685282999996],[113.82116616,34.60701221999997],[113.81988312,34.607689829999984],[113.81725656,34.609594410000035],[113.80973832000001,34.612711109999964],[113.80352291999999,34.61528007000003],[113.80088664,34.61725467],[113.79080736,34.62144030000001],[113.78720484,34.62228981],[113.7864942,34.62279938999998],[113.7846528,34.62412833000002],[113.78404224,34.62652620000004],[113.78392164,34.63185131999998],[113.78321064000001,34.63602750000004],[113.78304035999999,34.63706654999999],[113.78348028,34.64088309000002],[113.78350044000001,34.641092879999995],[113.7835404,34.641462510000004],[113.78370024,34.64195210999999],[113.7846006,34.64477945999998],[113.78565108000001,34.64819621999998],[113.78638152,34.64947502999996],[113.78711195999999,34.65076382999999],[113.78858256000001,34.65316161000001],[113.79013344,34.65552933000006],[113.79020364,34.655639220000005],[113.79028356,34.655819039999976],[113.79075372000001,34.65688805999999],[113.79196440000001,34.65896615999998],[113.79217464,34.65914598000001],[113.79329532,34.660065150000015],[113.79619728,34.660564560000005],[113.79838860000001,34.662073140000004],[113.80011012,34.66346202],[113.80190436000001,34.66391408999999],[113.80301712,34.66328625],[113.80377924000001,34.66195848000001],[113.80500251999999,34.65918269999998],[113.80576464,34.65523727999997],[113.80561452,34.653478679999964],[113.80554432000001,34.65159029999996],[113.80711860000001,34.65040356000002],[113.810166,34.650158040000015],[113.81086764,34.65164771999997],[113.81094755999999,34.65364598999999],[113.81094755999999,34.655254560000024],[113.81095728000001,34.65667332000001],[113.81096736,34.65775232999998],[113.8109472,34.65822186],[113.81090688,34.66102931999999],[113.81058576000001,34.66502522999998],[113.81002416,34.66666296],[113.80963320000001,34.667811450000016],[113.80955292,34.66804112999999],[113.80941252,34.66846052999997],[113.80985316,34.672577489999995],[113.81040432,34.675395660000035],[113.8105044,34.67562561000002],[113.81181732,34.67845493999999],[113.81305032,34.67943576000002],[113.81383224000001,34.680056310000005],[113.81577696000001,34.681597649999986],[113.81918544000001,34.683930270000026],[113.82107976,34.68566142000001],[113.82144084,34.68606155999998],[113.82401700000001,34.688942550000014],[113.82416712000001,34.68910257000002],[113.82426756000001,34.689222629999996],[113.82705431999999,34.69212396000002],[113.82710436,34.69216391999999],[113.827365,34.692354179999995],[113.8295502,34.6937859],[113.82965064000001,34.69383603000002],[113.82985116,34.693936199999975],[113.83212672,34.69502843999999],[113.8346028,34.696860210000004],[113.83679808000001,34.69873158000001],[113.83750979999999,34.69950189],[113.8376502,34.69965201],[113.83770024,34.69991184],[113.83770024,34.70004170999996],[113.83807104,34.700192099999995],[113.83831151999999,34.70036220000003],[113.84036640000001,34.70279265000002],[113.84051652,34.70296275],[113.84202024,34.70467311],[113.84236080000001,34.70506316999998],[113.842872,34.70603291999998],[113.84293212,34.70615288999997],[113.84446536,34.70901219000003],[113.84454564,34.70917212000003],[113.84466588000001,34.709392080000036],[113.84627904,34.71253119],[113.84760168000001,34.715590020000036],[113.84803260000001,34.716579660000015],[113.85026784,34.719609690000006],[113.8509792,34.72132896000003],[113.85104940000001,34.72149896999998],[113.85145008,34.722468539999994],[113.85153972,34.72485623999996],[113.85026640000001,34.72690248000001],[113.84921340000001,34.728129719999984],[113.84908308,34.72823942999995],[113.84887248000001,34.72835904000004],[113.84793,34.729027020000004],[113.84781984,34.729126830000006],[113.8475088,34.72965585000002],[113.84599428,34.73278055999999],[113.84579376,34.73324982],[113.84501148000001,34.73513685000002],[113.84492112000001,34.73534655000001],[113.84412912,34.736334389999975],[113.84358768,34.73703296999997],[113.84346708000001,34.73735247],[113.84356716,34.73841159],[113.84355708000001,34.738511490000064],[113.843457,34.73878104000001],[113.84339652,34.73891082000003],[113.84314596,34.73930007000001],[113.84165196000001,34.74158570999998],[113.84158176000001,34.741685520000004],[113.84153136,34.74178533000002],[113.8415112,34.74201509999997],[113.84141112,34.74215478000001],[113.83996716,34.74359136],[113.83722972,34.74635481000003],[113.83760016000001,34.748443170000016],[113.83803072,34.75093131000002],[113.83806096,34.75110122999999],[113.83807104,34.751161170000024],[113.83827120000001,34.751790810000024],[113.83846164,34.752590279999986],[113.83877232,34.75372959],[113.83962372,34.75750698000001],[113.84007444,34.75906605000001],[113.84013456000001,34.75928592000002],[113.84061516,34.76122460999998],[113.84236872000001,34.76527308000003],[113.84288964000001,34.767022050000044],[113.84288964000001,34.76705201999996],[113.8430898,34.76966966999999],[113.84285832,34.77332574000001],[113.84320860000001,34.77653298000002],[113.84322876,34.77679272000003],[113.84318843999999,34.77702248999997],[113.84305812000001,34.77775158000001],[113.84292744000001,34.77848066999999],[113.84284716,34.77888009000001],[113.84205515999999,34.77994794000002],[113.84186471999999,34.78021740000001],[113.84174411999999,34.78036707],[113.84157384000001,34.780586670000005],[113.84039052,34.782423120000026],[113.8399794,34.782932069999966],[113.83799400000001,34.785137070000005],[113.83769303999999,34.78545638999998],[113.83632936000001,34.786723139999985],[113.83559748,34.78766121000002],[113.83366212,34.789436730000034],[113.83257888,34.79228235],[113.83256916,34.79230233000003],[113.83258824,34.79585886000003],[113.8326282,34.796827889999996],[113.83274772,34.80025464000002],[113.8321458,34.80540794999998],[113.8324662,34.80670691999999],[113.83278696,34.80802586999998],[113.83362864,34.81014464999999],[113.83453080000001,34.81173413999999],[113.83523244,34.81317341999999],[113.83399908000001,34.81551908999997],[113.8335876,34.817975729999986],[113.83374780000001,34.82043318000002],[113.83457940000001,34.82157302999998],[113.83645392000001,34.82261442000002],[113.83823844000001,34.82381546999998],[113.84036316000001,34.82595602999999],[113.84038332,34.82639550000002],[113.84041319999999,34.82658531],[113.84041319999999,34.82676512999998],[113.84041319999999,34.82688500999998],[113.84041319999999,34.827034860000005],[113.83951068,34.830559619999995],[113.83925976,34.830938790000026],[113.83841772000001,34.832236140000006],[113.83806672,34.83243548999998],[113.83557048,34.833840480000006],[113.83468812000001,34.834338719999984],[113.83450776000001,34.83478791000001],[113.83471800000001,34.836496290000014],[113.83563996000001,34.83907461],[113.83733339999999,34.84375164],[113.83887636,34.84797885000001],[113.839578,34.85093643000001],[113.84077032,34.85334536999999],[113.84170272,34.854135659999976],[113.84223372000001,34.85458592999999],[113.84369712,34.85527704000004],[113.84509068000001,34.85538882000001],[113.84619336,34.85550015000002],[113.84758656000001,34.856121329999986],[113.84898984,34.856972190000036],[113.84976168,34.858171889999994],[113.85017244000001,34.860050279999996],[113.8512348,34.86096063],[113.85296892000001,34.8616422],[113.85519408,34.86255408000001],[113.85686808000001,34.86362507999997],[113.85883259999999,34.864956180000014],[113.85907344,34.86513627000003],[113.85926388,34.86535631999999],[113.85951408000001,34.865776170000025],[113.85979488000001,34.86648572999997],[113.86023551999999,34.86816431999999],[113.86029564,34.86836420999998],[113.86044576,34.871051249999965],[113.86087632,34.87407831000002],[113.86208844000001,34.87836491999997],[113.86398204,34.885499129999985],[113.86680876000001,34.88608224000001],[113.8668588,34.88579261999996],[113.86905408000001,34.88643477000001],[113.86990584,34.88668560000001],[113.8731336,34.88743890000003],[113.87497788,34.88789078999999],[113.87554920000001,34.88804136],[113.87818548,34.88929335000002],[113.88001968,34.89023466000003],[113.88186396,34.891835129999976],[113.884119,34.893426239999975],[113.88677508,34.89517763999997],[113.88943116,34.896759209999985],[113.89408200000001,34.89829343999997],[113.89811148000001,34.89935742],[113.90233248000001,34.90024445999998],[113.90670612000001,34.90012674000002],[113.91227855999999,34.89981704999999],[113.9174514,34.89952815],[113.92382232,34.89919704],[113.92959456000001,34.898897069999975],[113.93414820000001,34.897959990000004],[113.93850239999999,34.89703326],[113.9420772,34.89661727999997],[113.94588204,34.89669036],[113.9498964,34.89758208000002],[113.95356084000001,34.89946326000004],[113.95804464,34.901822610000025],[113.96235852000001,34.905171330000016],[113.96542428000001,34.91283761999998],[113.96739132,34.91530137],[113.96964816,34.916406120000005],[113.97456144,34.91753598000003],[113.97990384,34.92342999000001],[113.98384836000001,34.927448399999996],[113.98530636000001,34.929054],[113.98698396,34.931148659999984],[113.98884156000001,34.93292337],[113.9909184,34.934847480000016],[113.9929956,34.93693133999997],[113.99399424,34.93801836000004],[113.9950728,34.939185120000026],[113.99715972,34.941608549999984],[114.00000588,34.94381093999999],[114.00059484,34.944269309999974],[114.00512796000001,34.94908566],[114.00904188000001,34.95223494],[114.01174764000001,34.95451742999995],[114.01668972,34.95600657],[114.02069364,34.95583935000003],[114.02506692,34.95457268999997],[114.02877132,34.95329721000001],[114.03247536,34.95202181999997],[114.03451224000001,34.95097925999998],[114.03989424000001,34.94846213999999],[114.05086704,34.94946077999999],[114.06184992,34.94890107000006],[114.07474008000001,34.950854969999995],[114.09627635999999,34.95457071],[114.10065252000001,34.95428523],[114.10594596,34.95412259999998],[114.11046756,34.95401882999997],[114.11245260000001,34.95393162000001],[114.11887896,34.95225231000003],[114.12157608000001,34.95154679999999],[114.12502488000001,34.94995326],[114.1266492,34.94920634999998],[114.13436904,34.94691945000001],[114.1423596,34.94656062000003],[114.14907684,34.94480166],[114.15272615999999,34.94488643999998],[114.15944376,34.942847849999985],[114.1640856,34.94196504000002],[114.16451688000001,34.94149614000001],[114.16539924,34.94093795999998],[114.16813632,34.94127123000002],[114.17647788000001,34.94009376000001],[114.18281423999998,34.93941300000004],[114.18784704000001,34.93816109999999],[114.19361244000001,34.93473263999999],[114.19636032000001,34.93205919],[114.19785432,34.93007342999999],[114.19892712000001,34.929825119999975],[114.20152128000001,34.92696960000003],[114.20464428000001,34.92266436000001],[114.20971776,34.92003726],[114.21464112000001,34.91848890000002],[114.21450144,34.91744004],[114.21346211999999,34.91015804999998],[114.21199295999999,34.89751224000001],[114.20742852000001,34.87796568000002],[114.20575668000001,34.87084416000001],[114.20465544000001,34.86614984999999],[114.20370467999999,34.86202479],[114.2035542,34.86140549999999],[114.20293356,34.858848599999995],[114.20233308,34.85636154000002],[114.19723368000001,34.844152500000014],[114.19619076000001,34.84148426999996],[114.19495776000001,34.83871595999999],[114.19452648000001,34.83708732],[114.19445628000001,34.83688742999998],[114.19342344,34.83418922999998],[114.19291224000001,34.832740229999985],[114.19205004000001,34.832179710000005],[114.19093728,34.83178866],[114.1889526,34.83111680999999],[114.18610572,34.82905536000003],[114.18312852,34.827283350000016],[114.17938956,34.82648918999996],[114.17494896000001,34.82688258000001],[114.17113008000001,34.827067169999985],[114.16877423999999,34.82768321999999],[114.16426344,34.828376219999996],[114.16044455999999,34.82917002000003],[114.156495,34.82968400999999],[114.15267576000001,34.82950905000003],[114.14885688000001,34.82916416999999],[114.14517804,34.82875961999999],[114.14121876,34.8284745],[114.13893312,34.827902009999995],[114.13518444,34.8272676],[114.13130508,34.82692272000002],[114.1276266,34.82640818999999],[114.12557172000001,34.825856040000026],[114.12502056000001,34.82569548000001],[114.12401796,34.825424399999996],[114.12133200000001,34.82431191000002],[114.12069048000001,34.82405135999997],[114.11889624000001,34.82277029999998],[114.11763335999999,34.821869580000005],[114.11639100000001,34.81912089000001],[114.11771436000001,34.81615611000001],[114.11889768,34.813890270000016],[114.11917847999999,34.81335126],[114.12073224000001,34.811365590000015],[114.1213338,34.81060724999997],[114.12334872000001,34.80804297],[114.12502272,34.80621732000001],[114.12586476,34.805299590000004],[114.12809028000001,34.80295526999998],[114.13093715999999,34.80049205999998],[114.13385423999999,34.79804865],[114.13725264,34.795535850000014],[114.14045016,34.79330258999997],[114.14235492,34.79184675000003],[114.1430868,34.791288299999955],[114.14334744,34.791088860000016],[114.14350764,34.79095917000001],[114.14354796,34.79093928000001],[114.1438086,34.790779799999996],[114.14677572000001,34.78901571000004],[114.14975292000001,34.78696190999999],[114.15252996000001,34.78472802000002],[114.15572784000001,34.78210515000002],[114.15772296,34.779850200000006],[114.15787344,34.77967056],[114.15795372000001,34.77958083000001],[114.16016952000001,34.77712634999999],[114.16280616,34.774722449999985],[114.16489164000001,34.77214791000001],[114.16635576,34.76918295],[114.16552452,34.76626469999999],[114.16339008,34.763914080000035],[114.15991176,34.763000130000016],[114.15624336,34.76219580000001],[114.15236472000001,34.76025224999998],[114.14938788,34.75802033999997],[114.14683224000001,34.75550925000001],[114.14528892,34.753569029999966],[114.14468772000001,34.752818970000035],[114.14333484000001,34.75087902000002],[114.14299428000001,34.75038906],[114.14273363999999,34.750029059999996],[114.14268360000001,34.74994905000004],[114.14085912,34.74916722000004],[114.139476,34.74848600999998],[114.1393158,34.74800622000003],[114.13847412000001,34.745387670000014],[114.13792332,34.74381852000002],[114.13763244,34.74283905000001],[114.1374924,34.74251919],[114.13732212000001,34.74188955000004],[114.13686132,34.740540270000025],[114.13682100000001,34.74042038999998],[114.13677096,34.74016056000001],[114.1359696,34.736013540000016],[114.1338456,34.72941717],[114.13439748,34.72626113999999],[114.134679,34.72294481999999],[114.13518048,34.719978510000026],[114.135642,34.71923988000003],[114.13684512,34.71729344999998],[114.13927152000001,34.715059110000006],[114.141006,34.71374286000002],[114.1437834,34.71180867],[114.14663064000001,34.70969474999998],[114.14830500000001,34.708478310000004],[114.14947824000001,34.70763078],[114.15018996,34.70699240999998],[114.15031056000001,34.706882699999994],[114.15210516,34.70528682],[114.15215520000001,34.70517701999998],[114.15336876,34.70237154000004],[114.15364020000001,34.699514670000006],[114.15365028000001,34.69911498000001],[114.1530192,34.695846899999985],[114.15233844000001,34.692878430000036],[114.15220812000001,34.69218885000003],[114.15171744,34.68933063000001],[114.15158748,34.68744207000001],[114.15185856,34.68549402000001],[114.15228012,34.68223737000004],[114.15291264,34.67886111000001],[114.15204072,34.67648196000002],[114.15058812000001,34.671334320000014],[114.15077892000001,34.67081501999999],[114.15123000000001,34.66951677000001],[114.1513704,34.66943702999997],[114.15437856000001,34.667642609999994],[114.15444876000001,34.666683569999975],[114.15445884,34.666563599999975],[114.15328668000001,34.66352457000001],[114.15023928000001,34.66188188999999],[114.14684124,34.66003878000002],[114.14435544000001,34.657637490000035],[114.14450628,34.6546602],[114.14567988,34.65157446000002],[114.14594052000001,34.65104525999998],[114.14679336,34.64865845999999],[114.14783664000001,34.64539262999996],[114.1483986,34.64236592999999],[114.14839932000001,34.63898885999999],[114.14798892,34.63584092999999],[114.14824992,34.63284384000001],[114.14827008,34.63264403999998],[114.14986452000001,34.62989849999998],[114.1515396,34.62698321999999],[114.15043728,34.62412418999997],[114.14794140000001,34.62160302000001],[114.14559600000001,34.619251950000006],[114.14476476,34.61622344999998],[114.14476476,34.615853730000005],[114.14497572,34.613196300000006],[114.14782332,34.61108184000001],[114.14996928000001,34.60867668000001],[114.14695176000001,34.60897251],[114.14537748000001,34.60931009999998],[114.14459556,34.60961879999998],[114.14239992,34.611074730000006],[114.13908108000001,34.613338410000026],[114.13591272000001,34.615942020000006],[114.13350648000001,34.61660828999999],[114.13241388,34.61651694],[114.13021823999999,34.61634414000002],[114.12843408,34.61570243999999],[114.12594828,34.613291249999996],[114.1250364,34.61104197000003],[114.12469584,34.61020227000002],[114.12332280000001,34.60706325000001],[114.12306288,34.603386119999996],[114.123033,34.60313628000006],[114.12298296,34.60286645999997],[114.12289296,34.60201713],[114.12287280000001,34.601867189999986],[114.12284292000001,34.60156740000001],[114.12274284,34.6005882],[114.12269280000001,34.60009851000002],[114.12261252,34.59933909000002],[114.12252252,34.598649509999994],[114.12247247999998,34.59830966999998],[114.12233244000001,34.59739032000001],[114.12225216,34.596970559999995],[114.12224208,34.59684060000004],[114.12218195999999,34.59638088000002],[114.12212184,34.59610107000002],[114.1220718,34.59570137999998],[114.12187164000001,34.59461192999996],[114.12186156,34.59453201000001],[114.12180144,34.59411224999999],[114.12173124,34.59378249000001],[114.12166140000001,34.59336273000001],[114.12155124,34.592633189999994],[114.12153108000001,34.592543190000015],[114.12137088,34.59163374000002],[114.12126072000001,34.59095414999998],[114.12118044,34.59052439999998],[114.12112032,34.590214620000005],[114.1210602,34.58987478],[114.12100007999999,34.58952503999998],[114.12093996,34.589225160000005],[114.12092016,34.58910527999997],[114.12088992000001,34.588875420000015],[114.12083988,34.588585529999996],[114.12082980000001,34.588515600000015],[114.12078984,34.58830571999999],[114.12075996,34.588215719999994],[114.12070956,34.58808585000001],[114.12067968000001,34.58800584],[114.12053928,34.587486089999935],[114.12044928,34.587186209999984],[114.12031895999999,34.58670642000002],[114.12021888000001,34.58633661000002],[114.12019872,34.586266589999994],[114.12015876000001,34.586056710000015],[114.12014868,34.58603673000001],[114.1201386,34.58599676999999],[114.12008856,34.58584682999998],[114.12007848,34.58580686999999],[114.12005832000001,34.585746839999985],[114.12001835999999,34.585676910000025],[114.11996832000001,34.58451779999998],[114.11998848,34.584327899999984],[114.12008892,34.58335886999996],[114.12032004000001,34.581150989999976],[114.12004968000001,34.577833319999996],[114.11893728000001,34.576832700000004],[114.11728344000001,34.57536174000002],[114.11609076,34.573581539999985],[114.11374572000001,34.57023120000003],[114.11355528,34.56993114],[114.11112960000001,34.56826928999999],[114.10483500000001,34.564583879999994],[114.10263,34.56183312000002],[114.10110684,34.55886347999998],[114.10007508000001,34.555714650000006],[114.09924636000001,34.552688220000014],[114.09856776,34.55079093000001],[114.09821856,34.54963244999997],[114.09759972,34.547595209999976],[114.09675156,34.54465905000002],[114.09673140000001,34.54457912999997],[114.09664176000001,34.54427951999999],[114.09602292000001,34.54233219],[114.09521472,34.53924618],[114.09417684,34.536210390000015],[114.09335856,34.53232500000002],[114.09268032,34.52906880000001],[114.09233112000001,34.52724090000002],[114.09192216000001,34.52534316000001],[114.09180264000001,34.52324508000001],[114.09172308000001,34.52214609],[114.09097464,34.51889007000002],[114.09021648000001,34.515793890000005],[114.08939819999999,34.51236804000001],[114.08870988000001,34.509391650000026],[114.08817131999999,34.50624516000001],[114.0879024,34.50287834999996],[114.08786280000001,34.501059899999994],[114.087843,34.50003074999999],[114.08783292000001,34.49967093],[114.08811264,34.49647233000003],[114.08833224,34.49333376000003],[114.08807268000001,34.49271465],[114.08709384000001,34.49035773000001],[114.08468724000001,34.487773560000015],[114.08193108,34.48548980999998],[114.08020344,34.48417364999998],[114.0773076,34.48200006000002],[114.07358268,34.48045764000002],[114.07300380000001,34.480378710000004],[114.06992796,34.47998433000001],[114.06813048000001,34.480787130000024],[114.06632292,34.48158983999997],[114.06432564,34.48256291999999],[114.06217896,34.485015329999996],[114.06181932,34.48542573000001],[114.06032136,34.48717740000001],[114.0596622,34.48834793999998],[114.05797452,34.49027988],[114.05642688,34.491641940000015],[114.05324124,34.49317670999999],[114.05122416,34.49409983999999],[114.04901736000001,34.49495331],[114.04687032,34.495916669999964],[114.04375452000001,34.49740148999997],[114.04056888000001,34.49916620999998],[114.03900108,34.50003858],[114.03738324000001,34.50094073999995],[114.03708372000001,34.50115115999996],[114.03439704,34.50309435000004],[114.03259919999999,34.50435660000002],[114.03225972,34.50443715],[114.03167040000001,34.504568099999986],[114.02913384,34.50514221000001],[114.02865468,34.50456351],[114.02685756000001,34.502568389999986],[114.02581932000001,34.50117132000002],[114.02497079999999,34.50003381],[114.024861,34.49987406000002],[114.02244431999999,34.49689002],[114.0211962,34.49523311999999],[114.01884936,34.49218887],[114.01664256000001,34.48972413000001],[114.01353684,34.48782062999998],[114.01173936,34.48673442000001],[114.00974208000001,34.48573847999997],[114.00669648,34.48362501000001],[114.00523847999999,34.48218825000001],[114.00363072,34.481331630000014],[114.00262199999999,34.480004040000026],[114.00180336000001,34.47891602999999],[114.00184332,34.47835622999995],[114.00198300000001,34.47664686000001],[114.00213276000001,34.474797539999976],[114.00398028,34.471705769999986],[114.0047892,34.47121463999999],[114.0051384,34.47092411999999],[114.00791472,34.46859041999999],[114.00916284,34.46686907999999],[114.01028136000001,34.46389862999995],[114.0103512,34.462019429999955],[114.01015140000001,34.458641550000024],[114.00961248,34.455084300000024],[114.00929280000001,34.453425690000024],[114.00933276,34.45326575999998],[114.00858360000001,34.44987879000001],[114.00727572000001,34.44690257999998],[114.00492888000001,34.44392817],[114.00257232,34.442033220000006],[114.00059484,34.440447420000034],[114.0000156,34.44032853000001],[113.99699052000001,34.439714910000006],[113.99666112,34.439645610000014],[113.99485392000001,34.43988915000004],[113.99405508000001,34.43989076999999],[113.99333616000001,34.439902199999985],[113.99187852,34.43974523999998],[113.99057028,34.43945795999998],[113.98975164000001,34.439239799999996],[113.98917276,34.43909103000002],[113.98729572,34.43812532999999],[113.98589784,34.43727861000001],[113.98443012,34.43695173000001],[113.98358124,34.43680350000002],[113.98342175999998,34.436673899999974],[113.98256280000001,34.43662566],[113.9810454,34.436468789999985]]]}},{"type":"Feature","properties":{"id":"410181","name":"巩义市","adminCode":"410181","cityName":"郑州市","provinceName":"河南省","analysisUnitType":"黄河滩区涉及县域筛查单元","sourceNote":"用户提供的黄河滩区中下游涉及县区边界；表示涉及县域，不等同于精确滩区或湿地管理单元"},"geometry":{"type":"Polygon","coordinates":[[[112.99967496000001,34.518554550000005],[112.99884696000001,34.51917564000001],[112.9985676,34.52055516000002],[112.99869720000001,34.52192378999997],[112.99861728,34.523132940000025],[112.99729067999999,34.524384659999974],[112.99485708,34.525458629999996],[112.99379976,34.52560064999996],[112.99271292,34.52574267000001],[112.99083803999999,34.525206900000036],[112.98814524,34.52445288000004],[112.98592116,34.52427746999999],[112.9845348,34.52477976],[112.9841856,34.52552991000001],[112.9843152,34.52712839999997],[112.9840956,34.52872752000001],[112.98325752000001,34.53037785000003],[112.98172140000001,34.53185978999999],[112.98068424,34.532891010000064],[112.97977632,34.534421640000026],[112.98065364,34.53700778999996],[112.98147119999999,34.53832512000001],[112.98126168,34.539174810000006],[112.98028428,34.539346619999975],[112.97858867999999,34.54028928000002],[112.97644452,34.541022959999985],[112.97374164,34.54108830000001],[112.97028060000001,34.541834670000014],[112.96487484000001,34.54227513000002],[112.96162368,34.542531359999984],[112.95940932,34.54322526000002],[112.95672624000001,34.54518906],[112.95642708000001,34.54540946999999],[112.9543524,34.54638282000001],[112.95214812,34.54741638000003],[112.9496544,34.548000930000036],[112.94619372000001,34.54891713],[112.9418352,34.54875594],[112.93761635999999,34.548944220000024],[112.93324776,34.54872318],[112.9306248,34.54864848000001],[112.92937812000001,34.54861094999999],[112.92092064,34.54723899000001],[112.91821812,34.546454999999995],[112.91812848000001,34.54642521000001],[112.91460768,34.54544303999998],[112.90582152,34.54331228999999],[112.8998772,34.54188498000002],[112.8998772,34.54209477000005],[112.89985704,34.54220465999998],[112.89836484,34.54435089000001],[112.89812436000001,34.54469028000003],[112.89792384,34.54484994000001],[112.8977136,34.54495955999999],[112.89480948,34.54634439000001],[112.8885102,34.54902341999998],[112.88776896,34.54932212999999],[112.88660724,34.54967025000002],[112.88578608,34.55011871999999],[112.88478456,34.55078678999999],[112.88188980000001,34.55320086],[112.8796164,34.55488628999998],[112.87894536,34.55549486999996],[112.8786948,34.55606412000001],[112.87829411999999,34.55666307],[112.87792368000001,34.557511860000034],[112.8774726,34.55833059],[112.87728252000001,34.55862002999997],[112.87707192,34.55882964000003],[112.876992,34.558899389999986],[112.87569996,34.56002673],[112.87518912,34.56049563],[112.87493856,34.56073512000001],[112.87485863999999,34.56089486999997],[112.87445796,34.561573739999986],[112.8742776,34.56180333000001],[112.87377684,34.56233217000001],[112.87330596000001,34.562831130000035],[112.87223424000001,34.56389880000002],[112.87159344000001,34.564537350000016],[112.87127268,34.56492659999997],[112.87068192000001,34.56553526999999],[112.86975024,34.56653319],[112.86942984000001,34.56693243],[112.86899892000001,34.56746145],[112.86844812000001,34.56806013000001],[112.86786708000001,34.56871884000001],[112.86697572,34.569756719999994],[112.86664524000001,34.57012599000001],[112.86605412,34.570784610000004],[112.86530316000001,34.57166291999999],[112.864662,34.57235142],[112.86440172,34.57267083000003],[112.86395064,34.573439610000044],[112.86357012,34.574018580000015],[112.86316944000001,34.57454760000003],[112.86258839999999,34.57553598000001],[112.86163692000001,34.57717335000004],[112.86155664,34.57729313999998],[112.86150660000001,34.577372970000006],[112.86145656000001,34.577412930000015],[112.86140652,34.57744281000001],[112.86124632,34.57750257000001],[112.86092556,34.57756206000001],[112.86064548,34.577621640000004],[112.85957376,34.577720010000014],[112.859073,34.57882845000003],[112.85814096,34.58142504000003],[112.85679887999999,34.58332169999999],[112.85662860000001,34.58355129000001],[112.8557772,34.584629220000025],[112.85482572000001,34.585846919999966],[112.85407404,34.58739465000003],[112.85358336,34.588762829999986],[112.85418384,34.58925323999999],[112.85510507999999,34.590013920000004],[112.85614620000001,34.59157415999996],[112.85379324,34.591061249999974],[112.850829,34.59069747],[112.84998768000001,34.59059631000004],[112.846383,34.590261599999984],[112.84416972000001,34.59086802],[112.84319808000001,34.59141621],[112.84250724,34.591814910000004],[112.83919128000001,34.59817521000001],[112.83665688,34.60302747],[112.83678684,34.60613480999998],[112.83844896000001,34.608365189999994],[112.83956028,34.61118416999997],[112.83948000000001,34.61225310000001],[112.83935976000001,34.61375159999999],[112.83873840000001,34.61701778999996],[112.83797736000001,34.61942457000001],[112.83767676000001,34.62013350000002],[112.83708564000001,34.621551360000026],[112.83473232,34.62337646999999],[112.8318282,34.62412176],[112.83009552,34.62527826000001],[112.82968476,34.62630678000004],[112.83120684000001,34.62750782999998],[112.83169752,34.62790814999999],[112.83426108,34.62911063999995],[112.83633396,34.630072649999974],[112.83758532,34.63219250999997],[112.83772536000001,34.63454060999999],[112.83828588,34.63642970999998],[112.83930720000001,34.63776989999998],[112.83939720000001,34.63790993999999],[112.8404988,34.63962992999999],[112.84112952000001,34.641589049999986],[112.84030800000001,34.64351613000002],[112.83912611999999,34.645762439999956],[112.83650244,34.647707069999974],[112.83172524000001,34.6523562],[112.82840028000001,34.65476937],[112.82611680000001,34.65660455999999],[112.82500512,34.65786185999999],[112.82431428000001,34.659299610000005],[112.82473440000001,34.66066895999999],[112.82570568000001,34.66180925999998],[112.82764824,34.66341054],[112.82918040000001,34.66496133],[112.8299112,34.66666079999999],[112.82838912000001,34.66785762],[112.82721732,34.66877517],[112.8267666,34.66917414000002],[112.82601528000001,34.67017224000001],[112.82593536,34.67093138999999],[112.8257946,34.675726859999976],[112.82504328,34.67853332999999],[112.8242718,34.680650309999976],[112.82317992,34.684485390000006],[112.82331995999999,34.68752279999999],[112.82346000000001,34.68924144000002],[112.82297904,34.691129100000005],[112.82283864,34.69239774000004],[112.82318928000001,34.69342733999999],[112.82348952,34.69409712000001],[112.82418036,34.69529700000001],[112.82893668,34.69726188000001],[112.83281208000001,34.69830642000003],[112.83960132,34.69965471000002],[112.84505856000001,34.702769249999996],[112.85231796000001,34.70657562000002],[112.85908668,34.70981184000001],[112.86276156000001,34.710686100000004],[112.86726804,34.70996312999998],[112.86898056000001,34.70928615000002],[112.87270620000001,34.70782283999998],[112.87498968,34.70666724000001],[112.87708272,34.70561117999997],[112.88065823999999,34.702709129999995],[112.88247156,34.70008427999998],[112.88734848,34.697533410000005],[112.8922254,34.69537215000002],[112.89423851999999,34.69505526],[112.8963312,34.69563765],[112.89943548000001,34.697600190000045],[112.90226976000001,34.699894469999975],[112.90419396,34.70229846],[112.90588884,34.705512],[112.9077432,34.708775309999986],[112.91126328,34.710956459999984],[112.9134672,34.71199127999999],[112.91561100000001,34.71325605000001],[112.91810436,34.713610920000015],[112.92149556,34.713045089999994],[112.92454728,34.713339120000036],[112.92696036000001,34.71467327999995],[112.92853572,34.71666831000003],[112.92985224,34.71833421000001],[112.93142724,34.72126847999998],[112.93394004000001,34.72442072999996],[112.93384032,34.724680650000025],[112.93232400000001,34.72593227999996],[112.93224444,34.726002300000005],[112.92933204,34.726976820000004],[112.92594084000001,34.72767252000001],[112.92289883999999,34.72928667000001],[112.91936796,34.7308317],[112.91390172,34.73405873999997],[112.90718916,34.73740791000001],[112.90645116,34.73769905999995],[112.90393764000001,34.73867277000001],[112.90118436,34.741265220000024],[112.89951647999999,34.74349469999999],[112.89799404,34.74596007000002],[112.89738276,34.747967249999995],[112.89648096,34.74962433000002],[112.89632076000001,34.75000377000002],[112.89579984000001,34.75120184999996],[112.89570948000001,34.751401470000005],[112.89566952000001,34.75227059999999],[112.89563928000001,34.75272005999998],[112.89627972000001,34.75437930000005],[112.8977316,34.75564010999999],[112.89845268,34.75616057999997],[112.899834,34.757131500000035],[112.90135068000001,34.75762865999999],[112.90252716,34.75860551999998],[112.90266684000001,34.75992393],[112.90211784,34.76181303000003],[112.90191804000001,34.76342177999996],[112.90157856,34.764261570000045],[112.90153896000001,34.76436156],[112.90142916,34.764621479999995],[112.9015782,34.76747835],[112.90234572,34.76919527999999],[112.90283424,34.77092265000001],[112.90339224,34.77229028999998],[112.90291308,34.774409070000004],[112.9014666,34.776589499999965],[112.8993894,34.77865940999998],[112.89744648,34.77974562000001],[112.89366072,34.78219784999998],[112.89324995999999,34.78259690999999],[112.89301956,34.78264649999999],[112.892589,34.782805799999984],[112.89211848000001,34.782994889999976],[112.89186792000001,34.78308444000002],[112.89160764,34.783154010000025],[112.89147732,34.783183799999996],[112.89113676000001,34.78324329000002],[112.89075624,34.78331268000001],[112.89057624,34.78334238000002],[112.89041567999999,34.783372169999986],[112.8902958,34.78340196000004],[112.8901356,34.783441740000015],[112.88984508,34.783501229999985],[112.88962476,34.78359086999998],[112.88956464,34.78365072000001],[112.88953439999999,34.78367061000002],[112.88950452,34.78372055999999],[112.88947428,34.78376043000002],[112.88943432,34.78384034999998],[112.8893544,34.78405995000002],[112.88933424000001,34.784109900000004],[112.88923416,34.784399519999994],[112.88917404,34.784579250000014],[112.88912364000001,34.78463910000003],[112.88904371999999,34.784688960000025],[112.88892348,34.78476870000001],[112.8887532,34.784868329999995],[112.888593,34.78493807999997],[112.88848284000001,34.784997839999996],[112.88816243999999,34.785127259999996],[112.88803212,34.78515705],[112.88784204000001,34.785186749999994],[112.88673036,34.784715689999985],[112.88361636,34.78393206000005],[112.88188368,34.78387968],[112.88092284000001,34.78231989000004],[112.879521,34.78061970000002],[112.87884023999999,34.7800293],[112.87832976,34.77958902000002],[112.87687788000001,34.7791275],[112.87610676,34.77889664999999],[112.87498500000001,34.779064860000005],[112.87374336,34.77924297],[112.87153007999999,34.77993921],[112.86902628,34.78080483],[112.86896652,34.780804739999994],[112.86423972,34.78091795999999],[112.85868204,34.780530600000034],[112.8554874,34.780586130000025],[112.85167212,34.78025106000002],[112.84927884000001,34.78038759000001],[112.8477168,34.78048532999998],[112.84480260000001,34.78031145000002],[112.84029612,34.78112433],[112.83710148,34.78249844999999],[112.83606,34.783416089999996],[112.83481800000001,34.78388391000002],[112.83335604000001,34.78416155999999],[112.83107256,34.78399856999999],[112.82822892,34.78309542000001],[112.82558544000001,34.78195287000001],[112.82273172000001,34.78012074000001],[112.82163048000001,34.779369960000004],[112.81919688,34.77948642000001],[112.81519152,34.77923109],[112.81492116000001,34.77924072],[112.81114584000001,34.77933531],[112.80886236,34.779791700000004],[112.80733020000001,34.78099833000001],[112.80635856,34.78219577999997],[112.80518640000001,34.78421214000003],[112.8044952,34.78597938000001],[112.80415356,34.79170319999998],[112.80373200000001,34.796118150000005],[112.80388176000001,34.799035499999995],[112.8040218,34.799495220000004],[112.80458196000001,34.803441719999995],[112.80514248,34.80659900999998],[112.80556296,34.80904692000001],[112.80653424,34.81088624999999],[112.80799584,34.81249652999998],[112.81084992000001,34.81442837999999],[112.81466484,34.81637157000004],[112.81799952,34.81814429999998],[112.82015232,34.81957575000002],[112.82216508,34.82071731000003],[112.82320656,34.82134812000002],[112.82354676,34.82154837],[112.82555987999999,34.81968321],[112.82682168000001,34.81901568000001],[112.82761296,34.81823763000001],[112.83059736,34.816433850000024],[112.83253020000001,34.815377699999964],[112.83464304,34.81432182],[112.83675624,34.813545570000024],[112.83905952,34.812929520000026],[112.8406518,34.81261209000002],[112.84225380000001,34.812584369999996],[112.84421652,34.81284681000002],[112.84600896,34.813408679999974],[112.84745112,34.81425980999997],[112.84908336000001,34.81541081999998],[112.85125596,34.81743158999996],[112.8534786,34.820920890000004],[112.85587188000001,34.824700080000035],[112.85955648000001,34.83036900000001],[112.86127835999999,34.83331821000003],[112.86159876,34.833858030000016],[112.86198936000001,34.834398030000045],[112.8650832,34.83864764999999],[112.86712584,34.84228653000001],[112.86895788000001,34.84475630999999],[112.87133100000001,34.847356769999976],[112.87334376000001,34.84952721],[112.87498572000001,34.85082807],[112.8757068,34.851408479999996],[112.87859076000001,34.85312064000001],[112.88181528000001,34.85395422],[112.88539008,34.85448864],[112.89038688000001,34.85456549999999],[112.89220956,34.854118560000025],[112.89285036000001,34.854309270000016],[112.8949434,34.853453099999975],[112.89740688,34.85254761000002],[112.90006044,34.851771809999974],[112.9028634,34.85069774999997],[112.90531680000001,34.84963439999999],[112.90743144,34.84901115],[112.9098852,34.84809764999999],[112.91198976000001,34.84717479000001],[112.91373540000001,34.84597292999999],[112.91582016,34.843891409999976],[112.91840388,34.841069820000044],[112.92136632,34.83853722000002],[112.92363072,34.836745049999955],[112.92608448,34.835671710000014],[112.92625404,34.83559151999999],[112.92871752,34.83445823999997],[112.928967,34.83439794000001],[112.93136100000001,34.83383418000002],[112.93383456000001,34.833500009999966],[112.9363182,34.83346544999996],[112.93880148,34.833860460000004],[112.94025768,34.83437724],[112.94113536,34.83469529999998],[112.94400780000001,34.83596852999999],[112.94671068000001,34.83783144],[112.94942327999999,34.83983412000003],[112.95429048000001,34.843411079999996],[112.95898776,34.84655883],[112.96332612,34.84985697000005],[112.9678344,34.85256543000003],[112.97180375999999,34.855284960000006],[112.97596248,34.858293660000015],[112.97812680000001,34.86000762000005],[112.97848572000001,34.85985713999996],[112.97921399999998,34.860584969999984],[112.98100932000001,34.861430610000006],[112.98318336000001,34.86257522999998],[112.98585636,34.86340925999999],[112.98854916,34.86424328999996],[112.99088303999999,34.864938089999974],[112.99336668000001,34.86519315000001],[112.99375584,34.86521240999999],[112.99568076,34.865308709999994],[112.99834368,34.86512394],[113.00000940000001,34.864751340000005],[113.00117652,34.86448943999999],[113.00381964,34.86371535000003],[113.00716116000001,34.86235058999998],[113.01050268,34.86068622],[113.01383412000001,34.85903192999997],[113.0169762,34.85678867999997],[113.01976908,34.85469581999997],[113.02184412000001,34.85292407999998],[113.02403832,34.85119194000004],[113.02612308,34.849110510000024],[113.02855704000001,34.847168219999986],[113.05469988,34.84076624999997],[113.05480968,34.840776059999996],[113.05952748,34.839378720000035],[113.06370636000001,34.83971046000001],[113.06550168000001,34.84084562999999],[113.06749644,34.842429989999985],[113.06966075999999,34.843854150000006],[113.07309156000001,34.84642455000004],[113.07671172,34.84913444999994],[113.08119984000001,34.85169288],[113.0858874,34.85467035],[113.08949784,34.857240479999966],[113.09363676000001,34.85993930999997],[113.09632956,34.86135257999997],[113.09969088000001,34.86287438999996],[113.10276420000001,34.86343715999998],[113.10668028,34.863662340000005],[113.11344036000001,34.863841619999974],[113.11733628,34.86333762000001],[113.11850808000001,34.86291975],[113.12033076,34.86226311],[113.1227946,34.86119786999997],[113.12399628,34.85985111],[113.1245172,34.859272589999996],[113.12502804,34.85792483999998],[113.12517852,34.85750562000004],[113.12512848,34.85545794],[113.1250284,34.855288019999996],[113.12363664,34.85284902000002],[113.12320608,34.84993193999999],[113.12308655999999,34.845247350000015],[113.12297676,34.840862460000004],[113.12286696000001,34.83676719000002],[113.1236784,34.834111560000004],[113.12385876,34.83353249999999],[113.1239592,34.833362849999986],[113.12503092,34.83148662000001],[113.12521128,34.83116720999999],[113.12766504000001,34.82996210999997],[113.13013860000001,34.82932635000003],[113.13180108,34.82929862999997],[113.13262224,34.829289809999985],[113.13654804000001,34.83038402999996],[113.14012356,34.83149768999996],[113.14399896,34.83336087],[113.145291,34.834141710000004],[113.14677311999999,34.835042699999995],[113.14695348000001,34.834863150000004],[113.14748412,34.834144769999995],[113.14807524000001,34.83335654999998],[113.1505992,34.83085311],[113.15077956,34.83068355],[113.15148048,34.829985329999964],[113.15337372,34.82830007999997],[113.15509632000001,34.82614503],[113.15516652000001,34.82606519999997],[113.1553368,34.82588564999998],[113.15573748,34.82532693000002],[113.15874204,34.82270424000001],[113.16054528000001,34.82021978999999],[113.16145680000001,34.817903820000005],[113.16042540000001,34.817382989999984],[113.15855267999999,34.81675109999999],[113.1572304,34.816689359999984],[113.15597868,34.81766639999998],[113.15430576,34.81954182000004],[113.15353464,34.819610669999996],[113.15354472,34.81800264000002],[113.15327471999998,34.816514040000015],[113.15203308000001,34.81525377000002],[113.15057076000001,34.814452680000024],[113.14989,34.81330311],[113.1493392,34.8113547],[113.14845792000001,34.81069428],[113.14804752,34.81019433],[113.14800720000001,34.810154279999985],[113.14825776,34.81005474000001],[113.14858824000001,34.80988545000001],[113.14869839999999,34.809805710000006],[113.14881864,34.809725969999995],[113.14904904000001,34.80954650999998],[113.14943964000001,34.80918740999998],[113.14974024,34.80897815999998],[113.15186352,34.80793235999996],[113.15311524,34.80737472000002],[113.15323548,34.80734493],[113.15378627999999,34.807275810000014],[113.15404656000001,34.807246199999994],[113.15432700000001,34.80722666999997],[113.154858,34.807187430000006],[113.15514852000001,34.80714792000001],[113.15525867999999,34.80714800999998],[113.15538864000001,34.80714818999999],[113.15584944,34.80712884000002],[113.15605968000001,34.80710922000003],[113.15631024000001,34.80709959000003],[113.15568924,34.80625970999998],[113.15478816000001,34.80465032999998],[113.15414736000001,34.803760499999974],[113.15220408,34.80427719000002],[113.15033136000001,34.80501366000004],[113.1492096,34.805072070000044],[113.14810800000001,34.804441260000004],[113.14665612,34.802941050000044],[113.14638576,34.80157233000003],[113.14645596000001,34.80048369],[113.14832904000001,34.79985701999998],[113.1498612,34.79916987],[113.1506226,34.79832179999996],[113.14945080000001,34.797510990000006],[113.14805903999999,34.79664986999996],[113.1468876,34.79521967999995],[113.14598616,34.79430932999998],[113.14605636,34.79368005],[113.14661724,34.79288166000001],[113.15036304,34.793226539999985],[113.15334707999999,34.79459931],[113.15522988000001,34.7943222],[113.15552076,34.79151546],[113.15419920000001,34.79014493999998],[113.15287728000001,34.78831497000004],[113.1514956,34.78624506],[113.14984356000001,34.784354699999966],[113.14811124,34.78235427000001],[113.14617876000001,34.78029362999999],[113.14500732,34.77839381999996],[113.14473696,34.776565289999986],[113.14612944000001,34.77519863999998],[113.14835280000001,34.774852049999964],[113.1500754,34.77466467],[113.15154744,34.77451688999999],[113.15328012,34.77464919000003],[113.153841,34.77468986999999],[113.15400120000001,34.77466016999996],[113.15661516,34.77413429999998],[113.15800728,34.77321720000002],[113.15917908,34.771400639999996],[113.15925936000001,34.77133079999997],[113.16093192000001,34.76927520000002],[113.16246444000001,34.76864799000001],[113.16357612,34.76687129999999],[113.16371688000001,34.76388446999997],[113.16339684,34.759408500000035],[113.16339684,34.75926863999999],[113.16334716,34.758649259999984],[113.16342744,34.75660139999997],[113.16313728,34.75520235],[113.16147516000001,34.75177343999996],[113.16110472000001,34.750923839999956],[113.16071448000001,34.7500242],[113.16031380000001,34.749084509999996],[113.16046427999999,34.748405460000015],[113.16090528000001,34.74643796999995],[113.16247776,34.74497168999998],[113.16433032,34.74445481999996],[113.16754512,34.74434933999999],[113.16926735999999,34.745950169999986],[113.1703686,34.74732032999996],[113.17119983999999,34.74859022999999],[113.17161024,34.750019430000016],[113.17182048000001,34.75075895999998],[113.17180032,34.750938780000006],[113.17159980000001,34.75344599999999],[113.1714594,34.75387529999999],[113.17103856,34.75488374999997],[113.1712488,34.75671218999997],[113.1715692,34.75696238999999],[113.17284108,34.757973179999986],[113.17296096000001,34.75807326000001],[113.17339152000001,34.758423539999995],[113.17635576,34.760145960000024],[113.18039172,34.760661029999994],[113.18274504,34.76070431999998],[113.18378652000001,34.76072573999999],[113.18775228000001,34.759872179999974],[113.18822316,34.75976292],[113.19224904,34.75965860999999],[113.19551388000001,34.758804059999996],[113.2016904,34.757091810000006],[113.20511976,34.75601253],[113.20675956000001,34.75549287000002],[113.20939944,34.75394414999999],[113.21396891999999,34.752525120000016],[113.21820828,34.75143576],[113.22284760000001,34.75132542],[113.22469728,34.75140515999997],[113.22554724000001,34.75144502999997],[113.22825660000001,34.75201418999998],[113.23102607999999,34.75298294999999],[113.23393560000001,34.754311349999995],[113.23677492,34.75505034000003],[113.2401744,34.75488015],[113.24274408000001,34.75533942000002],[113.243634,34.75497969000001],[113.24503368,34.75537920000002],[113.24722320000001,34.75715714999999],[113.24773296000001,34.75758672],[113.25027204,34.76012391000003],[113.25151152000001,34.76198196],[113.25174120000001,34.76371014000001],[113.25243096000001,34.765268580000054],[113.25247092000001,34.76535848999999],[113.25258108,34.76559825],[113.25402072,34.76656709999997],[113.25618,34.76696651999998],[113.25944952,34.76732580000003],[113.26159908000001,34.767385559999994],[113.26192920000001,34.76699585999996],[113.26326912,34.76544732000001],[113.26472928,34.76253005999998],[113.26584996000001,34.75892357999999],[113.26690008,34.75623609],[113.26760064000001,34.75308923999997],[113.26769064000001,34.75275957000001],[113.26771044,34.752659580000014],[113.26812084000001,34.75097126999998],[113.26837104,34.75000224],[113.26840092,34.74996228000001],[113.26957092,34.748193870000016],[113.26967136,34.746235829999996],[113.26865184,34.74477737999999],[113.26818204,34.74457766999998],[113.26706208,34.743588750000015],[113.26665276,34.741131210000006],[113.2667334,34.7372451],[113.26639356000001,34.73558685],[113.2652142,34.73363889000001],[113.26375440000001,34.732550069999995],[113.26230504,34.73134146000001],[113.26056552,34.72991306999998],[113.26091544,34.72882416],[113.26252572,34.72642638],[113.26391568000001,34.72540722],[113.26571568,34.724088360000025],[113.26627584,34.722599759999994],[113.26510619999999,34.72157096999997],[113.26398624,34.72087175999995],[113.26323672000001,34.719673049999976],[113.26323708000001,34.718244479999996],[113.26383720000001,34.71637625999999],[113.26386708000001,34.71630633],[113.26317768000001,34.71458814000002],[113.26143780000001,34.71309981],[113.26046832,34.71160140000001],[113.25964896,34.70915385000002],[113.25874932,34.706516580000034],[113.25828960000001,34.705707480000044],[113.25722004,34.70387940000001],[113.25550032000001,34.70165180999998],[113.25400092,34.69999364999999],[113.25294108,34.69780566000001],[113.25292128000001,34.69770576000002],[113.25282156,34.69643694],[113.2526718,34.69506813000002],[113.25434184000001,34.692090660000005],[113.2558722,34.68974264999999],[113.25712248,34.687064879999994],[113.25754260000001,34.68568608000002],[113.25741264000001,34.68498677999995],[113.25720276000001,34.68379787999999],[113.25609324000001,34.682489100000026],[113.25566304,34.68220947000001],[113.25436344,34.681390289999975],[113.25312396000001,34.68013154999997],[113.25187404,34.678942739999954],[113.25145428,34.67859309],[113.25042468000001,34.67674485],[113.25062484,34.674766650000024],[113.25147516000001,34.67263841999999],[113.25328524,34.67091978000003],[113.25557520000001,34.66858167000002],[113.25641508000001,34.66772235000002],[113.25689532000001,34.66721277],[113.25728520000001,34.66655334000002],[113.2575552,34.66576403999997],[113.25759552,34.66487483999998],[113.2570656,34.66318644000005],[113.25676607999999,34.66223730000002],[113.25455676,34.659090359999986],[113.2528374,34.656053220000004],[113.25013848,34.65169740000002],[113.24995848,34.65153755999996],[113.24729916000001,34.64922996000001],[113.24535983999999,34.647631560000015],[113.24418984,34.6476816],[113.24376972,34.64849096999998],[113.24364984,34.648760700000025],[113.24348964,34.649120430000025],[113.24293992000001,34.65002961],[113.24175012,34.64928045000001],[113.23968048,34.64768205000001],[113.23796112000001,34.64619354000002],[113.23658160000001,34.64418555000001],[113.23568196,34.64218737000002],[113.23589220000001,34.64063874000002],[113.23562256000001,34.639319969999974],[113.23354284000001,34.63950005999999],[113.23063332000001,34.640119799999994],[113.22889344,34.64080929],[113.22688356,34.64120916000003],[113.22557388,34.64086958999997],[113.22426420000001,34.639950600000006],[113.22336456000001,34.638971489999996],[113.22274499999999,34.637952510000034],[113.22212508000001,34.6369635],[113.22032544000001,34.636963679999994],[113.21740584000001,34.63811289000002],[113.21602596000001,34.63839279],[113.21401644000001,34.638283080000015],[113.21215668,34.637993549999976],[113.21062704,34.637823809999986],[113.20765775999999,34.636225589999974],[113.20613784000001,34.63633565999999],[113.20461792,34.63702515000002],[113.20281828,34.637764680000025],[113.20114824000001,34.63816445999998],[113.19934752,34.6381038],[113.19803604,34.63752248999998],[113.19686460000001,34.63598222999998],[113.1950826,34.63180353000003],[113.1941718,34.63048341000005],[113.19349104000001,34.62928353000001],[113.19245964,34.62779349000002],[113.18793372,34.62385068000001],[113.18656176,34.62286967999999],[113.18647176,34.622789580000024],[113.18627160000001,34.622649450000026],[113.18435892000001,34.62147783000001],[113.18311727999999,34.619717610000016],[113.18284728,34.61807870999999],[113.18410943999999,34.61548284],[113.18594256,34.613866889999976],[113.18612292,34.61371722],[113.18629320000001,34.61339780999999],[113.18675400000001,34.61245929],[113.18660424000001,34.61125014000004],[113.1865542,34.61063067],[113.18587344000001,34.60896116999999],[113.18538312000001,34.60753178999996],[113.18442228,34.604293320000004],[113.18423184000001,34.60396338000001],[113.18393160000001,34.60367322],[113.18167836,34.60347027000002],[113.17976532,34.60358745000005],[113.1769512,34.60397318999998],[113.1738966,34.60396895999998],[113.17175316000001,34.603856009999944],[113.1684984,34.60316210999998],[113.16677616000001,34.60253021999997],[113.16518388,34.60132907999998],[113.16339144,34.600057740000004],[113.1620094,34.59914658000003],[113.16076776,34.598335409999976],[113.15959631999999,34.59788414999999],[113.15827440000001,34.59754260000001],[113.15745324,34.59691196999998],[113.15710296,34.59582234],[113.15745396000001,34.59398427000001],[113.15788488000001,34.592556059999986],[113.15364840000001,34.59288986999998],[113.15150532000001,34.59334644000001],[113.14894140000001,34.59374261999999],[113.14727892,34.59363038999998],[113.1460272,34.59281921999996],[113.14471536,34.592537609999994],[113.14347372,34.59150675000002],[113.14224252000001,34.58984633999998],[113.14086084,34.58783601000002],[113.13926892,34.585655489999986],[113.1387084,34.58437577999997],[113.13837828000001,34.58365587],[113.13831816000001,34.58336597999999],[113.13783792000001,34.58130696000001],[113.13728748000001,34.57981737000001],[113.13687743999999,34.57854783000002],[113.13520524,34.57692684000006],[113.13476460000001,34.57658646000003],[113.13468468,34.57656639000002],[113.13181044,34.57588292999998],[113.13149004,34.575732540000004],[113.13080928000001,34.57542186000001],[113.12926704,34.57470023999998],[113.12657352000001,34.57395710999998],[113.12504136000001,34.57358522999999],[113.12415,34.57337418000002],[113.12159652,34.57239137999999],[113.1197238,34.57210905000001],[113.11855200000001,34.57198746000003],[113.1167394,34.571805119999986],[113.11446636000001,34.57065284999998],[113.11155251999999,34.56920987999998],[113.10996060000001,34.568068589999996],[113.10816851999999,34.566397379999984],[113.10678684000001,34.565596109999994],[113.10567516,34.56507500999999],[113.10381252,34.56467271000002],[113.10109812,34.56608777999997],[113.09569632,34.568771220000016],[113.09348196,34.56945440999997],[113.09154695999999,34.569447750000045],[113.08988124000001,34.56881109000002],[113.08863456,34.568053830000025],[113.08836528,34.56789435],[113.08806612,34.567495199999996],[113.08791672000001,34.56728559],[113.08720860000001,34.566357599999996],[113.08714884000001,34.56627777],[113.08623156,34.56509022],[113.08520447999999,34.56418274999999],[113.08347864000001,34.56366606000003],[113.08243104,34.564916789999984],[113.08118400000001,34.56611802000002],[113.08000644,34.56754884000005],[113.0785398,34.56908009999997],[113.07702348000001,34.57000196999998],[113.07514824,34.56993518999999],[113.07414096000001,34.56941733],[113.07314376000001,34.568899380000026],[113.07189708,34.56821205],[113.07074004,34.56717488999999],[113.07012228,34.56442809000001],[113.06902572,34.562251710000034],[113.06620332,34.56029807999998],[113.06330064000001,34.55927379],[113.06038824000001,34.558689239999985],[113.05775484,34.558903530000016],[113.05560996000001,34.56038601000002],[113.05239732000001,34.56317925000002],[113.05032227999999,34.56483147],[113.04830736,34.565564250000016],[113.04678096,34.565496930000016],[113.046093,34.565408189999985],[113.04546444,34.56531927000001],[113.0434596,34.56486305999996],[113.04207324000001,34.564965300000004],[113.04186336000001,34.56610478999996],[113.04095543999999,34.56714545999998],[113.03880084000001,34.56724904999999],[113.03679600000001,34.567012619999986],[113.0353398,34.566145829999996],[113.03528039999999,34.565116769999975],[113.03744544,34.56134612999999],[113.0382936,34.559346239999975],[113.03773524,34.558088219999966],[113.03642880000001,34.55711117999998],[113.03589024,34.55618282999996],[113.03568072,34.55584344000002],[113.03567100000001,34.55447463],[113.03541216,34.55258652000003],[113.03493336000001,34.55138834999997],[113.03347752,34.54988202],[113.03168184,34.549255530000025],[113.02995636,34.54878887999998],[113.02830072,34.54786241999999],[113.02573715999999,34.54653780000001],[113.02353288,34.54452314999999],[113.02180776,34.54119872999998],[113.02051103999999,34.53954228000003],[113.01961356000001,34.53850467000001],[113.01919488,34.536956580000016],[113.01907572,34.53357951000002],[113.018607,34.53169176000003],[113.01764976000001,34.52980490999995],[113.01654276,34.52761854000003],[113.01593436,34.52619069000001],[113.0151762,34.52452335],[113.01504696,34.52326461000001],[113.01498720000001,34.521605999999984],[113.01492744000001,34.520287140000015],[113.01381036000001,34.52022908999998],[113.01173531999999,34.51999284000004],[113.00875272,34.51956822],[113.00674751999999,34.51957164000002],[113.00376492000001,34.519206959999984],[113.00120100000001,34.51868172000001],[113.00001408,34.5185838],[112.99967496000001,34.518554550000005]]]}},{"type":"Feature","properties":{"id":"410182","name":"荥阳市","adminCode":"410182","cityName":"郑州市","provinceName":"河南省","analysisUnitType":"黄河滩区涉及县域筛查单元","sourceNote":"用户提供的黄河滩区中下游涉及县区边界；表示涉及县域，不等同于精确滩区或湿地管理单元"},"geometry":{"type":"Polygon","coordinates":[[[113.39711999999999,34.60764617999996],[113.39157888000001,34.60839318000003],[113.38895304,34.608916439999994],[113.38777476,34.61005700999997],[113.38812396,34.61171508000005],[113.38826364,34.61446241999999],[113.38888248,34.61726898],[113.38886232,34.61744889],[113.38860240000001,34.61943743999999],[113.38818300000001,34.62092667000002],[113.38707456,34.623276119999986],[113.38519752,34.62446772],[113.38285104,34.62659900999997],[113.38083396,34.62842024999996],[113.37875748,34.629282360000026],[113.37606144,34.63007544000002],[113.37504336,34.62946739999999],[113.37326604,34.628400809999995],[113.37251724,34.62796223999996],[113.37051096,34.62601680000001],[113.36892372000001,34.62413076000001],[113.3685342,34.62339195000001],[113.36760575999999,34.62167484],[113.36734655999999,34.61841810000001],[113.36691744000001,34.61647041],[113.36546987999999,34.614744030000004],[113.36408244,34.61331726000003],[113.362425,34.61234039999999],[113.36006880000001,34.61200406999998],[113.35750308,34.61222745000002],[113.35410828,34.61349105000002],[113.3511228,34.61445432000001],[113.34799763999999,34.61593734000002],[113.3446032,34.61782040999999],[113.34544164,34.61942780999999],[113.346819,34.621653870000024],[113.34321468,34.624276560000006],[113.34070836000001,34.62542900999999],[113.33752344000001,34.62611292000002],[113.33356992,34.62592859999997],[113.33072412,34.627301370000005],[113.32974564,34.628671439999984],[113.32808820000001,34.63015248000002],[113.32635084,34.63113401999997],[113.32253700000001,34.62940088999997],[113.32032084000001,34.627625550000026],[113.31976176,34.627166819999985],[113.31971208,34.62712686000003],[113.31831419999999,34.62596991],[113.3160282,34.62367518],[113.31235404,34.62207174000001],[113.3097984,34.62206525999999],[113.30667324000001,34.62257925],[113.30196084,34.622685720000035],[113.29731432000001,34.62244901999999],[113.29306523999999,34.62248943],[113.28952571999999,34.622369819999996],[113.28654635999999,34.62231024],[113.2843266,34.62281999999996],[113.28168708000001,34.62446870999996],[113.28001703999999,34.62543800999999],[113.27779728,34.62641738999999],[113.2751178,34.62753663000002],[113.27251824000001,34.627786650000004],[113.26935888000001,34.62721749000001],[113.2666992,34.62684813],[113.26289004,34.625979270000016],[113.2590708,34.62551009999999],[113.2556814,34.624761119999974],[113.25166236000001,34.62424190999998],[113.24996244,34.62429203999996],[113.24758284,34.62435225],[113.24481336000001,34.62389298000001],[113.2436538,34.623893069999994],[113.24182391999999,34.62388326000003],[113.23870452,34.62336404999999],[113.23712520000001,34.62256494],[113.23587563999999,34.62049691999999],[113.23435644,34.61827905000002],[113.2322166,34.61780969999997],[113.23020707999999,34.61769999000001],[113.22750780000001,34.61655131999996],[113.22688824000001,34.61483285999999],[113.22661860000001,34.61289462000004],[113.22585936,34.610546880000015],[113.22357984,34.61002758000002],[113.22130032000001,34.60962816],[113.2189506,34.60922874000002],[113.21556156000001,34.6082499],[113.21369208,34.60819014000001],[113.21445132000001,34.60996853999998],[113.21645075999999,34.61156685000001],[113.21590068,34.61300559],[113.21368128,34.612316459999995],[113.2115418,34.61133752999999],[113.20981236,34.61070834000002],[113.20781256000001,34.61082840000003],[113.20593264,34.61178770999997],[113.20338348,34.61121846000002],[113.200614,34.61030954999998],[113.19867216,34.610467679999985],[113.19734988,34.61161481999999],[113.19582744,34.61356098000003],[113.1953364,34.61563845000001],[113.1951258,34.616527289999986],[113.19531588000001,34.61802624000004],[113.19552576000001,34.61962509000003],[113.1958656,34.622023409999976],[113.19607584,34.624021860000006],[113.19571476,34.625799810000004],[113.19356124000001,34.627455270000006],[113.19245964,34.62779349000002],[113.19349104000001,34.62928353000001],[113.1941718,34.63048341000005],[113.1950826,34.63180353000003],[113.19686460000001,34.63598222999998],[113.19803604,34.63752248999998],[113.19934752,34.6381038],[113.20114824000001,34.63816445999998],[113.20281828,34.637764680000025],[113.20461792,34.63702515000002],[113.20613784000001,34.63633565999999],[113.20765775999999,34.636225589999974],[113.21062704,34.637823809999986],[113.21215668,34.637993549999976],[113.21401644000001,34.638283080000015],[113.21602596000001,34.63839279],[113.21740584000001,34.63811289000002],[113.22032544000001,34.636963679999994],[113.22212508000001,34.6369635],[113.22274499999999,34.637952510000034],[113.22336456000001,34.638971489999996],[113.22426420000001,34.639950600000006],[113.22557388,34.64086958999997],[113.22688356,34.64120916000003],[113.22889344,34.64080929],[113.23063332000001,34.640119799999994],[113.23354284000001,34.63950005999999],[113.23562256000001,34.639319969999974],[113.23589220000001,34.64063874000002],[113.23568196,34.64218737000002],[113.23658160000001,34.64418555000001],[113.23796112000001,34.64619354000002],[113.23968048,34.64768205000001],[113.24175012,34.64928045000001],[113.24293992000001,34.65002961],[113.24348964,34.649120430000025],[113.24364984,34.648760700000025],[113.24376972,34.64849096999998],[113.24418984,34.6476816],[113.24535983999999,34.647631560000015],[113.24729916000001,34.64922996000001],[113.24995848,34.65153755999996],[113.25013848,34.65169740000002],[113.2528374,34.656053220000004],[113.25455676,34.659090359999986],[113.25676607999999,34.66223730000002],[113.2570656,34.66318644000005],[113.25759552,34.66487483999998],[113.2575552,34.66576403999997],[113.25728520000001,34.66655334000002],[113.25689532000001,34.66721277],[113.25641508000001,34.66772235000002],[113.25557520000001,34.66858167000002],[113.25328524,34.67091978000003],[113.25147516000001,34.67263841999999],[113.25062484,34.674766650000024],[113.25042468000001,34.67674485],[113.25145428,34.67859309],[113.25187404,34.678942739999954],[113.25312396000001,34.68013154999997],[113.25436344,34.681390289999975],[113.25566304,34.68220947000001],[113.25609324000001,34.682489100000026],[113.25720276000001,34.68379787999999],[113.25741264000001,34.68498677999995],[113.25754260000001,34.68568608000002],[113.25712248,34.687064879999994],[113.2558722,34.68974264999999],[113.25434184000001,34.692090660000005],[113.2526718,34.69506813000002],[113.25282156,34.69643694],[113.25292128000001,34.69770576000002],[113.25294108,34.69780566000001],[113.25400092,34.69999364999999],[113.25550032000001,34.70165180999998],[113.25722004,34.70387940000001],[113.25828960000001,34.705707480000044],[113.25874932,34.706516580000034],[113.25964896,34.70915385000002],[113.26046832,34.71160140000001],[113.26143780000001,34.71309981],[113.26317768000001,34.71458814000002],[113.26386708000001,34.71630633],[113.26383720000001,34.71637625999999],[113.26323708000001,34.718244479999996],[113.26323672000001,34.719673049999976],[113.26398624,34.72087175999995],[113.26510619999999,34.72157096999997],[113.26627584,34.722599759999994],[113.26571568,34.724088360000025],[113.26391568000001,34.72540722],[113.26252572,34.72642638],[113.26091544,34.72882416],[113.26056552,34.72991306999998],[113.26230504,34.73134146000001],[113.26375440000001,34.732550069999995],[113.2652142,34.73363889000001],[113.26639356000001,34.73558685],[113.2667334,34.7372451],[113.26665276,34.741131210000006],[113.26706208,34.743588750000015],[113.26818204,34.74457766999998],[113.26865184,34.74477737999999],[113.26967136,34.746235829999996],[113.26957092,34.748193870000016],[113.26840092,34.74996228000001],[113.26837104,34.75000224],[113.26812084000001,34.75097126999998],[113.26771044,34.752659580000014],[113.26769064000001,34.75275957000001],[113.26760064000001,34.75308923999997],[113.26690008,34.75623609],[113.26584996000001,34.75892357999999],[113.26472928,34.76253005999998],[113.26326912,34.76544732000001],[113.26192920000001,34.76699585999996],[113.26159908000001,34.767385559999994],[113.25944952,34.76732580000003],[113.25618,34.76696651999998],[113.25402072,34.76656709999997],[113.25258108,34.76559825],[113.25247092000001,34.76535848999999],[113.25243096000001,34.765268580000054],[113.25174120000001,34.76371014000001],[113.25151152000001,34.76198196],[113.25027204,34.76012391000003],[113.24773296000001,34.75758672],[113.24722320000001,34.75715714999999],[113.24503368,34.75537920000002],[113.243634,34.75497969000001],[113.24274408000001,34.75533942000002],[113.2401744,34.75488015],[113.23677492,34.75505034000003],[113.23393560000001,34.754311349999995],[113.23102607999999,34.75298294999999],[113.22825660000001,34.75201418999998],[113.22554724000001,34.75144502999997],[113.22469728,34.75140515999997],[113.22284760000001,34.75132542],[113.21820828,34.75143576],[113.21396891999999,34.752525120000016],[113.20939944,34.75394414999999],[113.20675956000001,34.75549287000002],[113.20511976,34.75601253],[113.2016904,34.757091810000006],[113.19551388000001,34.758804059999996],[113.19224904,34.75965860999999],[113.18822316,34.75976292],[113.18775228000001,34.759872179999974],[113.18378652000001,34.76072573999999],[113.18274504,34.76070431999998],[113.18039172,34.760661029999994],[113.17635576,34.760145960000024],[113.17339152000001,34.758423539999995],[113.17296096000001,34.75807326000001],[113.17284108,34.757973179999986],[113.1715692,34.75696238999999],[113.1712488,34.75671218999997],[113.17103856,34.75488374999997],[113.1714594,34.75387529999999],[113.17159980000001,34.75344599999999],[113.17180032,34.750938780000006],[113.17182048000001,34.75075895999998],[113.17161024,34.750019430000016],[113.17119983999999,34.74859022999999],[113.1703686,34.74732032999996],[113.16926735999999,34.745950169999986],[113.16754512,34.74434933999999],[113.16433032,34.74445481999996],[113.16247776,34.74497168999998],[113.16090528000001,34.74643796999995],[113.16046427999999,34.748405460000015],[113.16031380000001,34.749084509999996],[113.16071448000001,34.7500242],[113.16110472000001,34.750923839999956],[113.16147516000001,34.75177343999996],[113.16313728,34.75520235],[113.16342744,34.75660139999997],[113.16334716,34.758649259999984],[113.16339684,34.75926863999999],[113.16339684,34.759408500000035],[113.16371688000001,34.76388446999997],[113.16357612,34.76687129999999],[113.16246444000001,34.76864799000001],[113.16093192000001,34.76927520000002],[113.15925936000001,34.77133079999997],[113.15917908,34.771400639999996],[113.15800728,34.77321720000002],[113.15661516,34.77413429999998],[113.15400120000001,34.77466016999996],[113.153841,34.77468986999999],[113.15328012,34.77464919000003],[113.15154744,34.77451688999999],[113.1500754,34.77466467],[113.14835280000001,34.774852049999964],[113.14612944000001,34.77519863999998],[113.14473696,34.776565289999986],[113.14500732,34.77839381999996],[113.14617876000001,34.78029362999999],[113.14811124,34.78235427000001],[113.14984356000001,34.784354699999966],[113.1514956,34.78624506],[113.15287728000001,34.78831497000004],[113.15419920000001,34.79014493999998],[113.15552076,34.79151546],[113.15522988000001,34.7943222],[113.15334707999999,34.79459931],[113.15036304,34.793226539999985],[113.14661724,34.79288166000001],[113.14605636,34.79368005],[113.14598616,34.79430932999998],[113.1468876,34.79521967999995],[113.14805903999999,34.79664986999996],[113.14945080000001,34.797510990000006],[113.1506226,34.79832179999996],[113.1498612,34.79916987],[113.14832904000001,34.79985701999998],[113.14645596000001,34.80048369],[113.14638576,34.80157233000003],[113.14665612,34.802941050000044],[113.14810800000001,34.804441260000004],[113.1492096,34.805072070000044],[113.15033136000001,34.80501366000004],[113.15220408,34.80427719000002],[113.15414736000001,34.803760499999974],[113.15478816000001,34.80465032999998],[113.15568924,34.80625970999998],[113.15631024000001,34.80709959000003],[113.15605968000001,34.80710922000003],[113.15584944,34.80712884000002],[113.15538864000001,34.80714818999999],[113.15525867999999,34.80714800999998],[113.15514852000001,34.80714792000001],[113.154858,34.807187430000006],[113.15432700000001,34.80722666999997],[113.15404656000001,34.807246199999994],[113.15378627999999,34.807275810000014],[113.15323548,34.80734493],[113.15311524,34.80737472000002],[113.15186352,34.80793235999996],[113.14974024,34.80897815999998],[113.14943964000001,34.80918740999998],[113.14904904000001,34.80954650999998],[113.14881864,34.809725969999995],[113.14869839999999,34.809805710000006],[113.14858824000001,34.80988545000001],[113.14825776,34.81005474000001],[113.14800720000001,34.810154279999985],[113.14804752,34.81019433],[113.14845792000001,34.81069428],[113.1493392,34.8113547],[113.14989,34.81330311],[113.15057076000001,34.814452680000024],[113.15203308000001,34.81525377000002],[113.15327471999998,34.816514040000015],[113.15354472,34.81800264000002],[113.15353464,34.819610669999996],[113.15430576,34.81954182000004],[113.15597868,34.81766639999998],[113.1572304,34.816689359999984],[113.15855267999999,34.81675109999999],[113.16042540000001,34.817382989999984],[113.16145680000001,34.817903820000005],[113.16054528000001,34.82021978999999],[113.15874204,34.82270424000001],[113.15573748,34.82532693000002],[113.1553368,34.82588564999998],[113.15516652000001,34.82606519999997],[113.15509632000001,34.82614503],[113.15337372,34.82830007999997],[113.15148048,34.829985329999964],[113.15077956,34.83068355],[113.1505992,34.83085311],[113.14807524000001,34.83335654999998],[113.14748412,34.834144769999995],[113.14695348000001,34.834863150000004],[113.14677311999999,34.835042699999995],[113.145291,34.834141710000004],[113.14399896,34.83336087],[113.14012356,34.83149768999996],[113.13654804000001,34.83038402999996],[113.13262224,34.829289809999985],[113.13180108,34.82929862999997],[113.13013860000001,34.82932635000003],[113.12766504000001,34.82996210999997],[113.12521128,34.83116720999999],[113.12503092,34.83148662000001],[113.1239592,34.833362849999986],[113.12385876,34.83353249999999],[113.1236784,34.834111560000004],[113.12286696000001,34.83676719000002],[113.12297676,34.840862460000004],[113.12308655999999,34.845247350000015],[113.12320608,34.84993193999999],[113.12363664,34.85284902000002],[113.1250284,34.855288019999996],[113.12512848,34.85545794],[113.12517852,34.85750562000004],[113.12502804,34.85792483999998],[113.1245172,34.859272589999996],[113.12399628,34.85985111],[113.12502768,34.861790249999984],[113.13139608,34.87376484000003],[113.1316164,34.87479390000001],[113.13208691999999,34.87606299000001],[113.1333786,34.879600530000005],[113.13541116,34.88410800000003],[113.13612216,34.88542739999998],[113.13731376000001,34.886397960000025],[113.13945684000001,34.886500829999974],[113.14218096,34.88701400999999],[113.14641707999999,34.888028670000004],[113.15218571999999,34.889375160000036],[113.15761380000001,34.89038153999998],[113.16575556,34.89297984000004],[113.1710436,34.894445489999974],[113.17668192000001,34.89603147000004],[113.18253048000001,34.89823700999999],[113.18914008,34.900493580000024],[113.193396,34.90155837],[113.20039548,34.90319574],[113.20054560000001,34.90321571999999],[113.20561404,34.905373290000036],[113.21182224,34.907990309999974],[113.21670096000001,34.91031770999999],[113.2176708,34.91059734000002],[113.21893044000001,34.91195589],[113.21997984000001,34.91407350000001],[113.22102924000001,34.915611690000034],[113.22247896,34.916630579999975],[113.22256859999999,34.91670051000001],[113.22400824,34.91745957000002],[113.225148,34.918058880000004],[113.22800712,34.92027639],[113.23024632,34.921864529999986],[113.23083636000001,34.92241388999999],[113.23178532,34.926249510000005],[113.23165464,34.931453669999996],[113.23175400000001,34.935079589999994],[113.23212336,34.93868544],[113.23385244,34.94182185],[113.23586159999999,34.94494818000003],[113.23867104,34.94716560000002],[113.24207016000001,34.94899332000003],[113.24233008,34.94957265],[113.24360988000001,34.94987226],[113.24506932,34.95021174000004],[113.24976840000001,34.951480109999984],[113.24994840000001,34.95151007999999],[113.25391776,34.95230891999998],[113.25805704000001,34.952907960000005],[113.26247640000001,34.95373677],[113.26854528,34.95429584999998],[113.27377464,34.95443534999998],[113.27817384000001,34.95457494000002],[113.28312312,34.95426506999997],[113.28997248,34.95346568999999],[113.29545168,34.952466509999994],[113.30175815999999,34.951445099999965],[113.30915544000001,34.95063608999998],[113.31656316,34.95049632000001],[113.32315188000001,34.94991807000001],[113.3319366,34.952403329999974],[113.3488368,34.96369761],[113.354217,34.96924403999997],[113.36015664,34.97501961],[113.36465844,34.97876937000001],[113.36848164,34.98141132],[113.36942988000001,34.98206930999998],[113.37311340000001,34.98428196000005],[113.37372252,34.98425126999995],[113.37460092,34.98502922999997],[113.37502032,34.985228400000004],[113.37682716,34.98611508000001],[113.38016112000001,34.98739929000003],[113.38347564,34.988014170000014],[113.38761851999999,34.98883785000001],[113.39147196,34.988982660000026],[113.39586432,34.98911675999999],[113.39947836,34.98880238999998],[113.40365688,34.98779952000001],[113.40603288000001,34.985326499999964],[113.40834912000001,34.98262371000002],[113.41234908000001,34.97924457],[113.41512648000001,34.97619293999999],[113.42232432,34.97278959],[113.42711628,34.97137974000001],[113.43326148,34.969772609999985],[113.44766724,34.96586283],[113.46659424,34.95866471999999],[113.47234848,34.958535210000015],[113.47731072,34.95888377999999],[113.48104968000001,34.959479849999994],[113.48129052,34.95952026000001],[113.4822726,34.959681810000006],[113.49054324000001,34.960865399999975],[113.49366084,34.96172003999996],[113.49662796000001,34.962534449999985],[113.49999648000001,34.963519499999975],[113.5024326,34.96422312000001],[113.50716444,34.966159469999994],[113.51241756,34.96761729000001],[113.51725992,34.96870485000003],[113.51634768000001,34.967624400000034],[113.51556576,34.966943730000004],[113.514543,34.96602284999996],[113.51312964,34.96498146],[113.51103444,34.96351931999996],[113.50912932,34.96181778000002],[113.50881864,34.96115789999998],[113.50835748,34.960168170000024],[113.50759572000001,34.95872843999995],[113.50667340000001,34.95783770999999],[113.50614204,34.95765699000002],[113.50316448000001,34.955763659999974],[113.50310436000001,34.95561371999996],[113.50251288000001,34.95407436000001],[113.50168056000001,34.95194523000002],[113.50062792,34.95049487999997],[113.49999648000001,34.9491852],[113.49999648000001,34.949115269999965],[113.49997632,34.94847599999998],[113.50035720000001,34.94599937999995],[113.49999648000001,34.945868879999985],[113.49779076,34.94508579000001],[113.49583632000001,34.943144399999994],[113.49549540000001,34.94120589000002],[113.49666828000001,34.93743218999998],[113.49693900000001,34.933936499999994],[113.49652788,34.930389599999984],[113.49648791999999,34.93002996],[113.49617688,34.92736236],[113.49582624,34.925363910000016],[113.49534492000001,34.923125520000006],[113.49547523999999,34.92083826000001],[113.49553536,34.919180189999985],[113.49595656000001,34.917522749999996],[113.49597672,34.917492779999975],[113.49646776,34.9166646],[113.49696888000001,34.915846410000036],[113.49726984,34.915347539999985],[113.49815184,34.912052729999985],[113.49908424,34.91054603999999],[113.49999648000001,34.909438860000016],[113.50060776,34.90870076999999],[113.5008684,34.908241769999975],[113.50095876,34.90808210999999],[113.50219212,34.905956669999995],[113.50254276000001,34.904738609999995],[113.50261296000001,34.90447904999998],[113.50337508000001,34.90246260000001],[113.50309428,34.900694099999996],[113.50212228000001,34.89823521000003],[113.5011402,34.896924989999974],[113.49999756000001,34.89538481999997],[113.49982728,34.895154779999956],[113.4980838,34.89281442],[113.49482688,34.89007185000002],[113.49366444,34.889250690000004],[113.49343368000001,34.889100479999996],[113.49218124,34.887789719999994],[113.49163008000001,34.886360429999996],[113.492052,34.884063990000016],[113.49216252000001,34.88338494],[113.49218232000001,34.88328512999999],[113.49232307999999,34.882466400000034],[113.49197316,34.87943934],[113.49148248,34.877550690000014],[113.49100188,34.87607154000003],[113.49141372,34.873145820000005],[113.49342936000001,34.87022297999998],[113.49366984000001,34.87006358999999],[113.49591588000001,34.868569500000014],[113.49786096000001,34.86765411000003],[113.49911412,34.86632805],[113.49999648000001,34.86559050000002],[113.50056816,34.86512214000001],[113.50133027999999,34.864284509999976],[113.50182168,34.863756030000005],[113.50286496,34.86180024000002],[113.50340712,34.85934414],[113.50331747999999,34.85771595000001],[113.50327752000001,34.85716649999999],[113.50272672000001,34.854938189999984],[113.50161468,34.85253905999997],[113.50077300000001,34.85087955000003],[113.50081332,34.84988081999998],[113.5008234,34.84958121000002],[113.50075319999999,34.84938131999998],[113.50077372,34.84842246],[113.50180728,34.845507900000015],[113.50209816,34.84416995999998],[113.50215864,34.843900410000025],[113.50166796,34.84162224000001],[113.50103651999999,34.84114172999997],[113.50000404000001,34.84039076999997],[113.49913211999998,34.839749879999964],[113.49879156,34.839499589999996],[113.49842076,34.839229230000036],[113.49834048,34.83916911000001],[113.49507240000001,34.83917306999999],[113.4936792,34.83892070999999],[113.49258660000001,34.838718930000006],[113.49199512000001,34.83863792999997],[113.48959932,34.83832392000002],[113.48682228000001,34.83815894999999],[113.48408556000001,34.83872315999999],[113.48293248,34.838960759999985],[113.47974432000001,34.84034316000001],[113.47717788,34.84119743999997],[113.47363944,34.83995229],[113.47336908000001,34.83974204999998],[113.472036,34.83858086999999],[113.47148447999999,34.83852993000006],[113.47106364000001,34.838509229999964],[113.47061256,34.83848834999998],[113.47016148,34.83846755999998],[113.46794604,34.838753129999986],[113.46593112000001,34.83840978],[113.46444756000001,34.83725832000001],[113.4635454,34.83687708],[113.46211188000001,34.83676458],[113.4597564,34.83653049000001],[113.45781132,34.83665666999999],[113.4559368,34.836423480000015],[113.45416272,34.83583083000001],[113.45394204,34.83576053999998],[113.45253876000001,34.835288489999975],[113.45179716000001,34.83416834999997],[113.45135652,34.83350828999998],[113.45133636,34.83337841999995],[113.45108616,34.832129400000014],[113.45124672,34.83059148],[113.45052564000001,34.82802306000001],[113.44933332000001,34.825453739999986],[113.4470484,34.82247294000001],[113.4467784,34.819845390000005],[113.4469188,34.819456140000014],[113.44740047999998,34.818188489999976],[113.44843332,34.81681202999998],[113.448654,34.81664265000001],[113.44879440000001,34.81653303000001],[113.45142132000001,34.81447032000002],[113.45308596,34.81280540999998],[113.45391864,34.81074927000001],[113.45416920000001,34.80967097999997],[113.45417928,34.8096411],[113.45421959999999,34.80945137999999],[113.4544104,34.80863265],[113.45440032,34.808552729999974],[113.45440032,34.80838298999999],[113.45438052,34.80781356000003],[113.45438052,34.807773600000004],[113.45434055999999,34.80673473000003],[113.45371956000001,34.804965599999974],[113.45246676000001,34.80371468999999],[113.4514242,34.8025041],[113.45090328,34.80168402],[113.45080320000001,34.801524000000036],[113.45017176,34.800504030000006],[113.4493398,34.79891409000003],[113.44910940000001,34.79819436000001],[113.44919976,34.796795939999996],[113.45084424000001,34.794501390000015],[113.45122512,34.79454207000003],[113.45185692000001,34.794553229999984],[113.45225796000001,34.79451399000001],[113.45239836,34.79450427000001],[113.45417280000001,34.79435784],[113.45524524000001,34.794299879999976],[113.45616756000001,34.79424174000001],[113.45809248,34.79407550999996],[113.45988708,34.79391909000005],[113.46005736,34.79389946999998],[113.46069888000001,34.79413040999997],[113.46448788000001,34.79669504999995],[113.46532020000001,34.797256110000006],[113.46589152,34.79769675],[113.46744528,34.79751980999997],[113.46748523999999,34.797539880000016],[113.46752556000001,34.797619889999986],[113.46754536,34.79783975999998],[113.46761556,34.79832935999997],[113.46769584,34.79880906000002],[113.46776604,34.79934860999998],[113.47006176000001,34.79918319],[113.47009164,34.799213160000015],[113.47016184,34.79944311],[113.47109424,34.79939486999999],[113.47341012000001,34.79926940999999],[113.476257,34.799114970000005],[113.47799148,34.798708710000035],[113.48110944000001,34.79768559000002],[113.48215236,34.79487039000001],[113.48187192,34.79178294],[113.48160156,34.78904523],[113.48139132,34.78703679000001],[113.48139168,34.78496886],[113.48076024000001,34.783549109999996],[113.47964748000001,34.78223825999997],[113.47957764,34.78040001],[113.48104140000001,34.779373829999976],[113.48339724,34.7793183],[113.48444988,34.77916044],[113.48631468,34.77885435],[113.48860031999999,34.77815936999998],[113.48734752,34.776099000000045],[113.48775864000001,34.77375216000003],[113.48921232000001,34.77197673000002],[113.48720784000001,34.770444390000016],[113.48154324000001,34.77300111],[113.48103204,34.77300012],[113.47983900000001,34.77300786000003],[113.47900704,34.773006330000015],[113.47880652,34.77298590000004],[113.47863624,34.77293567999998],[113.47830540000001,34.77280517999999],[113.47804475999999,34.77273471],[113.47778412000001,34.77269430000001],[113.47686180000001,34.77269250000004],[113.47658100000001,34.77269195999998],[113.47409520000001,34.77267729000003],[113.47308252,34.77267540000001],[113.47295220000001,34.772705099999996],[113.46987456000001,34.77429764999999],[113.46828048,34.77521375999999],[113.46683688,34.775370809999984],[113.46425027999999,34.775615699999996],[113.46203483999999,34.77534173999999],[113.46147396,34.77287312999998],[113.46154416,34.77069549],[113.46203556,34.76915792999996],[113.46223644000001,34.76811933000003],[113.46223644000001,34.76807936999998],[113.46222636,34.76802942000002],[113.46323904,34.76793140999997],[113.46321888,34.767351989999995],[113.46319872000001,34.76696228999998],[113.46316884000001,34.76582343000001],[113.46316920000001,34.76527397999999],[113.46317928,34.765004250000025],[113.46316920000001,34.76396528999998],[113.46315912,34.76355561000003],[113.46262812,34.762415759999996],[113.46120504,34.75875672000004],[113.46150599999999,34.75873728000001],[113.462388,34.75869903],[113.4630396,34.758720270000005],[113.46345072000001,34.75872099],[113.46360084000001,34.75872135000001],[113.46437304000001,34.75877274],[113.46517476000001,34.75882422000001],[113.46590664,34.75887551999998],[113.46648804,34.758906569999986],[113.46686892000001,34.758937259999996],[113.46684911999999,34.758767430000006],[113.46682896,34.75826793000002],[113.46686928000001,34.75818801000002],[113.46700932,34.75814832000001],[113.46773112000001,34.75808981999999],[113.46889428,34.75801206000003],[113.46903432,34.758002339999976],[113.46999696,34.75794420000002],[113.471631,34.75782746999999],[113.47296408000001,34.75773009000001],[113.47443792,34.75765296000004],[113.47463808,34.75764332999997],[113.47502904000001,34.75765404000002],[113.4756306,34.75767519000003],[113.4758412,34.75774548000002],[113.47600175999999,34.757765820000024],[113.47674336,34.75779714000001],[113.47712424000001,34.757807940000006],[113.47710443999999,34.75735830000002],[113.47708428,34.756908749999994],[113.47708428,34.75687878000003],[113.4770544,34.75656899999999],[113.47699428,34.75614933000002],[113.47692408,34.75567962000002],[113.47687404000001,34.75474046999997],[113.47674408,34.752971970000004],[113.47670412000001,34.75195298999995],[113.47673400000001,34.751363580000024],[113.47673436,34.75130363999999],[113.47672427999998,34.750973970000004],[113.4767142,34.750494450000005],[113.47663392,34.75005470999999],[113.4759222,34.75007334000003],[113.47575192000001,34.75007298000002],[113.4752706,34.75010205000001],[113.47490988000001,34.75014138000001],[113.47479972000001,34.750141110000044],[113.47472952,34.750121040000046],[113.4746892,34.750080989999994],[113.47467948,34.750011059999956],[113.47467948,34.74989117999998],[113.47467948,34.74982124999998],[113.47555176,34.747804890000005],[113.4769356,34.74494037000002],[113.479011,34.74231695999995],[113.48039448,34.741220669999954],[113.48240940000001,34.74035531999999],[113.48412372,34.73935965000002],[113.48411364,34.73908982999997],[113.48396316,34.73898965999999],[113.48363268,34.73894907000001],[113.48262000000001,34.738757370000016],[113.47956288,34.737972299999974],[113.47782876000001,34.73642061000001],[113.47603452,34.73373986999999],[113.47374924,34.73225703000002],[113.47193484,34.732483380000026],[113.47013052000001,34.73299943999998],[113.46994008,34.73304903000003],[113.467554,34.73271476999997],[113.46707304,34.73140518],[113.46698304,34.730935470000006],[113.46668244,34.73047538999998],[113.46633144,34.730444790000014],[113.46595056,34.73000441999996],[113.46563016,34.72882506000002],[113.46584076,34.72664760000002],[113.46715404000001,34.72523153999999],[113.47027164,34.72573689000003],[113.47304832,34.72642152],[113.47406064,34.72645338000002],[113.4742212,34.726463730000006],[113.47455204,34.72647434999999],[113.4750834,34.72649532000002],[113.47616592,34.726537349999994],[113.47836120000001,34.72648155000002],[113.47846128,34.72648173000002],[113.47855164,34.726481909999976],[113.47862183999999,34.72648199999998],[113.47873200000001,34.72647228000001],[113.48108784,34.72606709999997],[113.48177976000001,34.72531919999997],[113.48204039999999,34.72503992999998],[113.48247132,34.72458120000002],[113.48524836,34.72313795999996],[113.48773416,34.724171609999985],[113.48898696,34.72554267000001],[113.49139284,34.72625646000003],[113.49299664,34.726729049999996],[113.49369828,34.726690440000034],[113.49756756000001,34.72649802000001],[113.49931211999998,34.72636139999999],[113.49944244000001,34.726361669999996],[113.50001376,34.72630281000001],[113.50263024,34.72608770999996],[113.50534716,34.72579287000005],[113.50803420000001,34.72545806999998],[113.50852596,34.722272160000024],[113.50845576,34.72219205999997],[113.50488707999999,34.718539319999984],[113.5034334,34.71627897000001],[113.50049652,34.71169824000004],[113.49837144,34.70838759000001],[113.49846179999999,34.70745869999999],[113.499054,34.70107616999998],[113.49927432000001,34.70072697],[113.50130004,34.697543579999994],[113.49951624,34.69429331999999],[113.49834408000001,34.69032458999997],[113.49795347999999,34.68850550999997],[113.49781344,34.68784581000002],[113.50103220000001,34.68453479999999],[113.50241604,34.682419259999996],[113.50239588000001,34.68192965999999],[113.5018548,34.68071969999997],[113.50179468,34.68059973000001],[113.50149408,34.67992976999998],[113.50038168,34.67752992000001],[113.50001124,34.67619045000002],[113.49990072,34.67576069999999],[113.49955044000001,34.674041519999975],[113.50001160000001,34.67302334999998],[113.50038276000001,34.67220471000001],[113.50135548,34.67065788],[113.50141596,34.668889560000004],[113.50072440000001,34.66776932999996],[113.50022328,34.66696913999999],[113.50004292000001,34.66667907],[113.50001304,34.66662912000001],[113.49989280000001,34.66642905000002],[113.49760752,34.665185789999995],[113.49546228000001,34.66438245000001],[113.49370800000001,34.664089409999974],[113.49304668,34.66398825000001],[113.48985888,34.66387232999997],[113.4884754,34.66372977],[113.48580888000001,34.663415040000004],[113.48561844000001,34.6633947],[113.48548812,34.663374450000035],[113.48138844,34.66224765000002],[113.47989480000001,34.66176525000003],[113.4784314,34.661292929999995],[113.47739892,34.660961279999974],[113.47552440000001,34.66022841],[113.47539444,34.66017818999999],[113.47059275999999,34.658280719999986],[113.4703224,34.65823031999995],[113.46801696,34.65662733000003],[113.46720515999999,34.654817430000016],[113.46659424,34.65217862999999],[113.46588288000001,34.64978948999997],[113.46575256000001,34.6496094],[113.46548220000001,34.64772057000001],[113.46466032000001,34.646190389999994],[113.46459012000001,34.64606034000001],[113.4643698,34.645660289999974],[113.46256548000001,34.64555696999995],[113.46063048,34.64606285999999],[113.45813460000001,34.6444695],[113.45682168,34.64331803999999],[113.45432544,34.642643940000006],[113.45356404,34.641103859999994],[113.4535644,34.63881596999999],[113.45522867999999,34.636810859999976],[113.456412,34.63491483000002],[113.45724432,34.63354763999999],[113.45647284,34.63125821999999],[113.45571108,34.62924861000002],[113.455431,34.62502185],[113.45460912,34.62348168],[113.45370732,34.62199137000001],[113.45252436000001,34.62079013999999],[113.45051988,34.61970734999996],[113.44837428000001,34.619653350000014],[113.44656996,34.61970986999998],[113.44490568,34.62032609999999],[113.44345200000001,34.62182199],[113.44150764000001,34.61897087999997],[113.44061556000001,34.617130829999994],[113.43971339999999,34.61536070999999],[113.43832019999999,34.61358968999999],[113.43588444000001,34.61318541000003],[113.43554352000001,34.61312483999997],[113.4320148,34.61312816999999],[113.42764404,34.61284008],[113.42423555999999,34.612384049999974],[113.42105748,34.61196833999998],[113.41467180000001,34.61081732999997],[113.4116946,34.61041196999999],[113.41101276,34.61032080000002],[113.41037124,34.61023961999998],[113.40615096,34.609492349999975],[113.40538884,34.60933098000003],[113.40376488000001,34.60866849000001],[113.40085788,34.60771386000001],[113.39711999999999,34.60764617999996]],[[113.30397972,34.799483970000004],[113.30538768000001,34.799541929999975],[113.30605656,34.799571],[113.30801352,34.799658120000025],[113.30805312000001,34.80036732000003],[113.30812296,34.801456049999956],[113.30825255999999,34.80233490000002],[113.30827272,34.802594639999946],[113.30831268,34.80307406999999],[113.30833248,34.803243810000005],[113.30846244,34.80327359999996],[113.30869175999999,34.80332318999999],[113.31053892,34.803680220000004],[113.3107884,34.80372981000001],[113.31147743999999,34.80386877],[113.31189684,34.803978029999996],[113.31242568,34.80413715000004],[113.31249588,34.804166939999945],[113.31262548000001,34.804216710000006],[113.31297504000001,34.804356119999966],[113.31361368,34.80472476000002],[113.31370368,34.80477461999999],[113.31397332,34.80492411000001],[113.3156106,34.80586074],[113.31802656,34.80725582999998],[113.31813636000001,34.807435469999994],[113.31832608,34.80737526000002],[113.31848556,34.80731513999998],[113.31865548,34.807264919999994],[113.31885528000001,34.80724467000002],[113.3190648,34.80725439],[113.31930456,34.807274009999965],[113.31958392,34.80739352999998],[113.31974376000001,34.80749315999999],[113.31988344000001,34.80760287000002],[113.32000332000001,34.80771258],[113.32009296000001,34.80783227999999],[113.32013292,34.80794217],[113.32015308000001,34.80805196999999],[113.32017288,34.80817185000001],[113.3201628,34.80826176000004],[113.32013292,34.80842160000003],[113.32008288,34.808531579999986],[113.32002312,34.808641560000005],[113.31993312,34.80877152000001],[113.31988344000001,34.80883154999998],[113.31985320000001,34.80887151],[113.31982332000001,34.808901479999996],[113.31967356000001,34.80901163999999],[113.3196336,34.80903162],[113.31949392,34.809101729999995],[113.31934415999999,34.809151949999986],[113.31918432,34.80918210000001],[113.31902448000001,34.80920234999997],[113.31885492,34.809212519999996],[113.31855540000001,34.809202979999995],[113.31855540000001,34.809672420000005],[113.31855540000001,34.80976233],[113.31845532000001,34.810122059999976],[113.31822564000001,34.81047206999998],[113.3179164,34.810742159999975],[113.31726732,34.81099280999997],[113.31626868000001,34.81126388999999],[113.31635868000001,34.81163334],[113.31744660000001,34.81506810000001],[113.31762624,34.81561719000003],[113.31351216,34.81954865999998],[113.31349236,34.819748459999985],[113.3119746,34.82127891000005],[113.31077652,34.82244926999998],[113.30850996000001,34.825099590000015],[113.30820036,34.82547956999997],[113.30708184000001,34.82695952999999],[113.3060436,34.82815958999996],[113.30534448,34.82912951999999],[113.30443584000001,34.829700210000006],[113.30365716,34.83028061999997],[113.30355744,34.830280799999976],[113.302629,34.83033201],[113.29853364,34.83022598999999],[113.29811352,34.83021600000002],[113.29623396000001,34.82963675999998],[113.2944246,34.829167409999954],[113.29410456000001,34.82911755000001],[113.29396452,34.829117550000014],[113.29163496000001,34.828768079999996],[113.28969564,34.82823878999999],[113.28830568,34.82847864000001],[113.28732576,34.82909801999999],[113.28713604000001,34.829377739999984],[113.28705576,34.82950761000002],[113.28655572000001,34.830236790000036],[113.28617592,34.830626399999986],[113.28530616,34.83149552999999],[113.28279624,34.83274427999998],[113.28137676,34.833303719999975],[113.28078672000001,34.83354348000001],[113.27868720000001,34.83394317],[113.2773372,34.83421298999999],[113.27726736000001,34.83426293999998],[113.27706756,34.83426293999998],[113.27674751999999,34.83434285999999],[113.27477796000001,34.834213169999984],[113.27393808000001,34.834063410000006],[113.27064876,34.833494250000015],[113.27052888,34.83347426999998],[113.269689,34.83329454000004],[113.26794948000001,34.832345760000024],[113.26769964,34.83219590999999],[113.26640976,34.831486800000015],[113.2644204,34.83036819000001],[113.26401036,34.83008856000001],[113.26258080000001,34.829948789999996],[113.26114116000001,34.829928900000006],[113.2562718,34.83048861000004],[113.25569220000001,34.830638550000025],[113.25423239999999,34.83057869999995],[113.25221280000001,34.82976978000002],[113.25131316000001,34.82840141999997],[113.25121308,34.82760230999998],[113.25104352000001,34.82605413000002],[113.25092364000001,34.825175099999996],[113.25084372,34.824575790000004],[113.25111372,34.82296767000001],[113.25255372000001,34.821219510000034],[113.25271356,34.821019710000016],[113.25446352,34.81920170999995],[113.25601332000001,34.81745354999998],[113.25643344000001,34.816754340000024],[113.2564734,34.81671437999997],[113.25659327999999,34.81666443],[113.25670308000001,34.81662446999997],[113.25678335999999,34.81659450000001],[113.25778308000001,34.816334669999996],[113.25832308000001,34.81616483999997],[113.25900276,34.815965039999995],[113.25945276,34.815835080000014],[113.26009248000001,34.81564527000003],[113.26035276,34.81555536],[113.26041251999999,34.815515399999974],[113.26044276,34.81547544000003],[113.26044276,34.8154155],[113.26040244000001,34.81526564999998],[113.26038264,34.81516583999998],[113.26032252,34.81493607000002],[113.26032252,34.81482618000002],[113.2628724,34.81144983000002],[113.2630524,34.81107021000001],[113.26316256000001,34.81104024],[113.26407264,34.80788375999997],[113.26542264000001,34.80540642],[113.26558248,34.80513668999997],[113.2658226,34.804687230000035],[113.2677324,34.80307884],[113.26781232,34.80300891],[113.26812228,34.802749169999984],[113.26834224000001,34.802619299999996],[113.27037192,34.80144047999998],[113.27174172000001,34.801030799999985],[113.27186160000001,34.80101082000001],[113.27271156,34.800750990000004],[113.27525100000001,34.800371189999964],[113.27537124000001,34.80035121000001],[113.27569092,34.80030116999999],[113.27851043999999,34.801469640000015],[113.27925024000001,34.801269749999996],[113.27962032,34.80115985999998],[113.27969016,34.801139880000015],[113.28163992,34.80057026999997],[113.28205968,34.80044040000001],[113.28228972000001,34.80037046999999],[113.28264972000001,34.80027057],[113.28282972000001,34.800260490000014],[113.28313932,34.80099966000004],[113.28324948000001,34.80124940999999],[113.28395904,34.802917470000004],[113.28448896,34.80410610000003],[113.28477876000001,34.80475536],[113.28522876000001,34.80461541000002],[113.28593868,34.80439562999999],[113.28596856,34.80438564000003],[113.28633864,34.80429572999999],[113.28658848,34.80422571000003],[113.28681852000001,34.80416577000001],[113.2874982,34.803995940000014],[113.28900804,34.803606239999965],[113.28991776000001,34.803376380000024],[113.29045776000001,34.80324642000002],[113.29126776,34.803056610000006],[113.29156764000001,34.80296669999998],[113.29288740000001,34.80254703000003],[113.2930872,34.80248709000003],[113.29385724000001,34.80228719999999],[113.29438716,34.80215724],[113.29496712000001,34.80195744],[113.29563708,34.80175764000004],[113.29687656,34.801377929999965],[113.29798644,34.801068149999985],[113.29920612000001,34.80071840999998],[113.300595,34.80030783000001],[113.3017434,34.79997662999997],[113.3025822,34.7997357],[113.30336088,34.79954481000004],[113.30397972,34.799483970000004]]]}},{"type":"Feature","properties":{"id":"410202","name":"龙亭区","adminCode":"410202","cityName":"开封市","provinceName":"河南省","analysisUnitType":"黄河滩区涉及县域筛查单元","sourceNote":"用户提供的黄河滩区中下游涉及县区边界；表示涉及县域，不等同于精确滩区或湿地管理单元"},"geometry":{"type":"Polygon","coordinates":[[[114.25357367999999,34.697770829999975],[114.24846996000001,34.69910975999997],[114.24589812,34.69901976000002],[114.24414672,34.69901976000002],[114.24144491999999,34.69896981],[114.23804256000001,34.69915970999998],[114.23794248,34.69910975999997],[114.23710188000001,34.69921965000005],[114.23652156,34.69925961000005],[114.23469024,34.69938948000002],[114.23448,34.69938948000002],[114.23433996,34.69924961999998],[114.23366928,34.699319550000034],[114.23250864,34.69942944000001],[114.22337112000001,34.70380524000002],[114.2182368,34.70628276000001],[114.20506692000001,34.70812092000001],[114.19853976,34.70810894999999],[114.1947504,34.70809364999999],[114.19012908,34.70809715999999],[114.18675048,34.70809247999997],[114.18180804,34.70887476000001],[114.17905116,34.70928048000001],[114.17514119999998,34.70979456000002],[114.175071,34.70980445999999],[114.17272524,34.71011082000003],[114.17071032000001,34.710377760000014],[114.16498596,34.71112899000003],[114.16463496,34.71117849],[114.16271004000001,34.711425539999986],[114.15409884,34.710913980000015],[114.15335724,34.71087303000001],[114.14830500000001,34.708478310000004],[114.14663064000001,34.70969474999998],[114.1437834,34.71180867],[114.141006,34.71374286000002],[114.13927152000001,34.715059110000006],[114.13684512,34.71729344999998],[114.135642,34.71923988000003],[114.13518048,34.719978510000026],[114.134679,34.72294481999999],[114.13439748,34.72626113999999],[114.1338456,34.72941717],[114.1359696,34.736013540000016],[114.13677096,34.74016056000001],[114.13682100000001,34.74042038999998],[114.13686132,34.740540270000025],[114.13732212000001,34.74188955000004],[114.1374924,34.74251919],[114.13763244,34.74283905000001],[114.13792332,34.74381852000002],[114.13847412000001,34.745387670000014],[114.1393158,34.74800622000003],[114.139476,34.74848600999998],[114.14085912,34.74916722000004],[114.14268360000001,34.74994905000004],[114.14273363999999,34.750029059999996],[114.14299428000001,34.75038906],[114.14333484000001,34.75087902000002],[114.14468772000001,34.752818970000035],[114.14528892,34.753569029999966],[114.14683224000001,34.75550925000001],[114.14938788,34.75802033999997],[114.15236472000001,34.76025224999998],[114.15624336,34.76219580000001],[114.15991176,34.763000130000016],[114.16339008,34.763914080000035],[114.16552452,34.76626469999999],[114.16635576,34.76918295],[114.16489164000001,34.77214791000001],[114.16280616,34.774722449999985],[114.16016952000001,34.77712634999999],[114.15795372000001,34.77958083000001],[114.15787344,34.77967056],[114.15772296,34.779850200000006],[114.15572784000001,34.78210515000002],[114.15252996000001,34.78472802000002],[114.14975292000001,34.78696190999999],[114.14677572000001,34.78901571000004],[114.1438086,34.790779799999996],[114.14354796,34.79093928000001],[114.14350764,34.79095917000001],[114.14334744,34.791088860000016],[114.1430868,34.791288299999955],[114.14235492,34.79184675000003],[114.14045016,34.79330258999997],[114.13725264,34.795535850000014],[114.13385423999999,34.79804865],[114.13093715999999,34.80049205999998],[114.12809028000001,34.80295526999998],[114.12586476,34.805299590000004],[114.12502272,34.80621732000001],[114.12334872000001,34.80804297],[114.1213338,34.81060724999997],[114.12073224000001,34.811365590000015],[114.11917847999999,34.81335126],[114.11889768,34.813890270000016],[114.11771436000001,34.81615611000001],[114.11639100000001,34.81912089000001],[114.11763335999999,34.821869580000005],[114.11889624000001,34.82277029999998],[114.12069048000001,34.82405135999997],[114.12133200000001,34.82431191000002],[114.12401796,34.825424399999996],[114.12502056000001,34.82569548000001],[114.12557172000001,34.825856040000026],[114.1276266,34.82640818999999],[114.13130508,34.82692272000002],[114.13518444,34.8272676],[114.13893312,34.827902009999995],[114.14121876,34.8284745],[114.14517804,34.82875961999999],[114.14885688000001,34.82916416999999],[114.15267576000001,34.82950905000003],[114.156495,34.82968400999999],[114.16044455999999,34.82917002000003],[114.16426344,34.828376219999996],[114.16877423999999,34.82768321999999],[114.17113008000001,34.827067169999985],[114.17494896000001,34.82688258000001],[114.17938956,34.82648918999996],[114.18312852,34.827283350000016],[114.18610572,34.82905536000003],[114.1889526,34.83111680999999],[114.19093728,34.83178866],[114.19205004000001,34.832179710000005],[114.19291224000001,34.832740229999985],[114.19342344,34.83418922999998],[114.19445628000001,34.83688742999998],[114.19452648000001,34.83708732],[114.19495776000001,34.83871595999999],[114.19619076000001,34.84148426999996],[114.19723368000001,34.844152500000014],[114.20233308,34.85636154000002],[114.20293356,34.858848599999995],[114.2035542,34.86140549999999],[114.20370467999999,34.86202479],[114.20465544000001,34.86614984999999],[114.20575668000001,34.87084416000001],[114.20742852000001,34.87796568000002],[114.21199295999999,34.89751224000001],[114.21346211999999,34.91015804999998],[114.21450144,34.91744004],[114.21464112000001,34.91848890000002],[114.21684288,34.91744004],[114.23057220000001,34.91074745999998],[114.23411460000001,34.90945883999998],[114.23905812000001,34.90753094999998],[114.23969856000001,34.9072812],[114.24009852,34.90714142999999],[114.24039876,34.90708149000002],[114.24080916000001,34.90712145],[114.24412116,34.90750098000001],[114.25652855999999,34.90895942999998],[114.26593392000001,34.90973855999997],[114.27397884000001,34.91040779999997],[114.30461916,34.90936245],[114.33895812,34.90883496000002],[114.34504068000001,34.91052462],[114.35265107999999,34.915268700000034],[114.35513796000001,34.91736300000003],[114.36470568,34.92542070000001],[114.36839064,34.92851219999999],[114.36906996,34.929480149999954],[114.36932952000001,34.92987939000004],[114.37009848000001,34.93094715000005],[114.37581096000001,34.93911015],[114.37612056,34.93958921999998],[114.37644996,34.939908359999976],[114.37684956000001,34.940107619999964],[114.37736904,34.940246759999994],[114.38062488,34.94115117],[114.3835614,34.94202615000002],[114.38394084000001,34.942115519999966],[114.38434044,34.942114889999985],[114.393699,34.941892049999986],[114.39423864000001,34.94184138000002],[114.39468792000001,34.941660929999976],[114.40614923999999,34.93616121000001],[114.42278592000001,34.92564345000003],[114.43382676,34.91830143000001],[114.43414752000001,34.91809226999997],[114.43541112000001,34.917365249999996],[114.43965264,34.91501544000004],[114.44676191999999,34.91330022000001],[114.45229692000001,34.91225136000001],[114.44098644,34.899843329999996],[114.42987756000001,34.89057386999995],[114.41964060000001,34.884971639999975],[114.41326356,34.88240285999999],[114.41274228,34.88219216999997],[114.41200032,34.88189112],[114.40266516000001,34.88066559000005],[114.40121112,34.88046317999997],[114.39694151999998,34.87879691999999],[114.39645228,34.87856786999999],[114.39616248,34.87833855000001],[114.39601272,34.877869290000014],[114.39506412,34.873944930000015],[114.3950544,34.873595369999975],[114.3951444,34.87337550000001],[114.39540396000001,34.87317533999998],[114.39806076,34.872422399999984],[114.40057032,34.871731560000015],[114.40760940000001,34.870116239999966],[114.40768968,34.87007637000001],[114.40772964,34.87003649999999],[114.4077498,34.86997664999999],[114.40775987999999,34.86990671999999],[114.40773972000001,34.86955706999999],[114.40728936000001,34.86260394],[114.40724940000001,34.861904640000006],[114.40717919999999,34.86092562000001],[114.40715904000001,34.860765779999994],[114.40712916000001,34.86061584],[114.40704888,34.86044591999999],[114.40672812000001,34.86003578999999],[114.40303847999999,34.855384140000005],[114.40265831999999,34.84754207999999],[114.40264824,34.84726235999996],[114.40269864000001,34.84710261],[114.40284912,34.84690307999998],[114.40403244000001,34.84536696000001],[114.40416276,34.84521737999999],[114.4043532,34.84514781],[114.41070036,34.843930920000034],[114.40400256,34.84036241999997],[114.40383228,34.84027224],[114.40093464,34.83871856999999],[114.39990216000001,34.83705870000003],[114.39868392000001,34.83510255000002],[114.39802476000001,34.83405468],[114.39772524,34.83355563000003],[114.39894384,34.83068705999997],[114.39901404000001,34.83051713999997],[114.40384344,34.82773604999994],[114.40447524000001,34.82732772000003],[114.40623024,34.82637201],[114.40773432,34.82349804000001],[114.40866708,34.82171180999999],[114.40775520000001,34.81673553000003],[114.40742436,34.814966940000005],[114.40511856,34.810837109999994],[114.40182996,34.80875315999996],[114.40016568,34.80770124],[114.39683892000001,34.80672654000001],[114.39464148,34.80616044000002],[114.38938800000001,34.80555888000002],[114.38908812,34.80556932],[114.38402436000001,34.80583662],[114.38233632000001,34.80591905999999],[114.38117784,34.805970720000026],[114.38068824000001,34.80600141],[114.3806184,34.80602147999997],[114.37901028,34.80642342000001],[114.37739207999999,34.80760457999998],[114.376653,34.80796521000003],[114.37655292000001,34.80811523999999],[114.3759636,34.808665500000004],[114.3759636,34.808765400000006],[114.37489476,34.81058493000004],[114.37446528000001,34.81113491999998],[114.37321644,34.81274501999999],[114.37291692000001,34.813134990000016],[114.37239743999999,34.81381502999998],[114.3720378,34.814334959999975],[114.37135848000001,34.81513505999999],[114.37022988000001,34.81658504999999],[114.37004988000001,34.81658531999997],[114.36999012000001,34.81659539999998],[114.36987024000001,34.816615559999995],[114.36908112,34.81680653999996],[114.36269868,34.818024599999994],[114.35729508,34.81828227000002],[114.35722524,34.81828245000004],[114.35711544,34.818292529999994],[114.35640624000001,34.81822367999999],[114.35602680000001,34.81813440000002],[114.35586696,34.817994719999994],[114.35588712,34.81663626000001],[114.35588712,34.81660629000001],[114.35605704000001,34.81517771999998],[114.35608692000001,34.815097709999996],[114.35612724,34.81217099999998],[114.35608728000001,34.81209116999999],[114.35612724,34.81007346000002],[114.35614740000001,34.809903629999994],[114.35621724,34.80990344999999],[114.35633712,34.809893279999976],[114.35641704000001,34.80987321000001],[114.35624748000001,34.80889455],[114.35593788,34.80688736999998],[114.355998,34.804490040000005],[114.35603796000001,34.804090349999996],[114.35611787999999,34.80330114],[114.35614812,34.80235217999998],[114.3560286,34.800464520000034],[114.3560286,34.80039458999997],[114.35603832,34.80028469999999],[114.35603832,34.80022484999998],[114.35606856000001,34.79957541],[114.35607900000001,34.797197789999984],[114.3560394,34.796518560000045],[114.35477076000001,34.79635062000001],[114.35469084,34.796350709999984],[114.35457132,34.79635088999999],[114.3544914,34.796371050000026],[114.35175432000001,34.796445030000015],[114.35121504,34.796545739999964],[114.34991652000001,34.796557709999995],[114.34825872,34.79657013000002],[114.34765932,34.796571029999974],[114.3472698,34.79657166000002],[114.345522,34.79658426000002],[114.34544208000001,34.79659433999999],[114.34537224,34.79659443000003],[114.34312476000001,34.79661782999999],[114.34249548000001,34.79668866],[114.34133700000001,34.79662044],[114.34083732,34.79663124],[114.33969864000001,34.796912670000026],[114.33863016000001,34.797094020000024],[114.33753144,34.797325499999985],[114.33744144,34.79742548999998],[114.33672216000001,34.7981958],[114.33535344,34.799646419999995],[114.33528324000001,34.799776379999976],[114.33474396000001,34.8005763],[114.334704,34.80092595],[114.33466403999999,34.801015950000014],[114.33454416000001,34.80125579999998],[114.33402467999998,34.802275409999986],[114.33225636,34.80579395999999],[114.33204648,34.80613388999997],[114.33176676000001,34.80643395000005],[114.33109788,34.80654483000002],[114.33071808000001,34.80658532999996],[114.33069828000001,34.80659532000001],[114.32907,34.80721704000001],[114.3284508,34.80750765000005],[114.3279612,34.80774804000001],[114.32787156,34.80765830999997],[114.32776175999999,34.80743870999998],[114.32762172000001,34.807089330000004],[114.32738232000001,34.80648039],[114.32707272,34.805771730000025],[114.3269928,34.80559199999998],[114.32638368,34.80422453999998],[114.32636352,34.80416469],[114.32557476000001,34.803746280000034],[114.32550455999998,34.803696510000016],[114.32431620000001,34.80293916],[114.32422620000001,34.80293925000001],[114.32410632000001,34.802919450000005],[114.32397671999999,34.80290973000001],[114.3228978,34.802391960000016],[114.32224871999999,34.80242282999999],[114.32157948000001,34.802443800000006],[114.32152944,34.80244389000002],[114.32135988,34.80245415],[114.32080043999999,34.80247493999998],[114.3205506,34.80248529000003],[114.32026115999999,34.802495729999976],[114.31963188,34.80251669999998],[114.31927224,34.80252714000001],[114.31824336000001,34.802558639999994],[114.31729476000001,34.80259005],[114.31670544,34.80260093999999],[114.31631592000001,34.80261146999999],[114.31631592000001,34.80256152],[114.31620612,34.8025617],[114.31619604000001,34.802461890000004],[114.31618596,34.802401950000004],[114.31582632,34.802402490000034],[114.31465776,34.80245415000001],[114.31377900000001,34.802495459999975],[114.31280016000001,34.80253686],[114.31264032,34.802547119999986],[114.31230048,34.802557560000025],[114.31087236,34.80261965999999],[114.30788580000001,34.80276392999997],[114.30581832,34.802846909999985],[114.30570852000001,34.80285707999998],[114.3056286,34.80285717000001],[114.30459972,34.802908650000006],[114.3039006,34.80293970000002],[114.30219276000001,34.80302214000001],[114.30188316,34.80303257999999],[114.30100404000001,34.80307389000001],[114.29956512000001,34.80313536],[114.29952516,34.80313536],[114.29922492,34.80314534999998],[114.29884440000001,34.803165330000034],[114.298164,34.80318530999995],[114.29811396000001,34.80318530999995],[114.29790372000001,34.80326522999999],[114.2978238,34.803255240000006],[114.29770356,34.80321527999997],[114.29749332,34.80313536],[114.29745336,34.803095400000004],[114.29742348,34.803075419999985],[114.29739324,34.80304545000001],[114.29737344,34.80303546000001],[114.29729316,34.80299549999997],[114.29723340000001,34.80289568999996],[114.29721324,34.80281577000003],[114.29721324,34.80279579000002],[114.29732340000001,34.802635949999996],[114.29729352000001,34.801587179999984],[114.29726364000001,34.800628320000015],[114.29724348,34.80032870999999],[114.29719343999999,34.79976936000001],[114.29714376000001,34.798860269999984],[114.29711388000001,34.798250880000005],[114.29708400000001,34.797951179999934],[114.29708400000001,34.79788125000002],[114.29704404,34.797112019999986],[114.29700408000001,34.796272859999995],[114.29697420000001,34.79572341000002],[114.29696412000001,34.79546367000003],[114.29696412000001,34.79533379999998],[114.29690436,34.79445468],[114.2968644,34.79370543000003],[114.29685468000001,34.79355558],[114.2968446,34.79307606000005],[114.29683452,34.79280633],[114.29680464,34.79214698999999],[114.29679492000001,34.79192721],[114.29676504000001,34.791527609999974],[114.29674488,34.79112800999998],[114.29674488,34.79101811999999],[114.296715,34.79043870000001],[114.296715,34.79036876999999],[114.29670492000001,34.79024889000001],[114.2966952,34.789959180000004],[114.29665524,34.78920993000002],[114.29661528000001,34.7886405],[114.2965152,34.78849064999998],[114.29653536000001,34.78838076000003],[114.29654544,34.78833081000004],[114.29657532,34.78822092000001],[114.29663544,34.788170969999975],[114.29668548000001,34.788131009999965],[114.29670564,34.788091049999984],[114.29672544,34.78804110000001],[114.29673552000001,34.787971170000006],[114.29673552000001,34.78794119999999],[114.29673552000001,34.787921220000015],[114.29672544,34.78788126000001],[114.29670564,34.787841300000025],[114.29668548000001,34.78780133999997],[114.29666568,34.78778136000005],[114.29663544,34.787751390000004],[114.29659548000001,34.78772141999999],[114.29657568,34.78770143999998],[114.29654544,34.787681460000016],[114.29650548,34.78766147999998],[114.29643528000001,34.78764149999998],[114.29635536,34.787471669999974],[114.29635536,34.78740173999999],[114.29643564000001,34.78730184000001],[114.29643564000001,34.78661253000002],[114.29638560000001,34.78584329999999],[114.29633591999999,34.785034110000005],[114.29631612,34.78427486999999],[114.29631612,34.78420494],[114.29626608000001,34.78350555000001],[114.29617608000001,34.783405739999964],[114.29606627999999,34.781527529999984],[114.2960364,34.78095810000003],[114.29597663999999,34.77994911000001],[114.2959266,34.77919986],[114.2959266,34.779099960000025],[114.29588700000001,34.778170890000005],[114.29585712000001,34.77778128000002],[114.29584704000001,34.77766139999998],[114.29575704000001,34.77629276999997],[114.2955972,34.77631275000001],[114.29436636000001,34.775703359999966],[114.29421624000001,34.77569337000001],[114.29345556000001,34.776062999999986],[114.29329536,34.776122939999986],[114.29213436,34.776252810000024],[114.29196444,34.77616289999997],[114.29143416000001,34.77558347999999],[114.29124372000001,34.77537368999997],[114.28432847999999,34.77511395000001],[114.28193699999999,34.77457449],[114.27847452,34.772466599999994],[114.27579288000001,34.77084822],[114.27517259999999,34.77047859],[114.27453288,34.76654253000004],[114.27554448000001,34.76330577],[114.27863796000001,34.75868039999999],[114.27882840000001,34.75693215],[114.27895872,34.75575333000001],[114.2790588,34.75482425999999],[114.27928956000001,34.752786299999975],[114.27809904,34.751097989999955],[114.27798888000001,34.750958129999994],[114.27789888000001,34.75085823000001],[114.2769186,34.749769320000006],[114.27621804,34.749000089999996],[114.27554772,34.74853055999995],[114.27526764000001,34.748340750000025],[114.27158483999999,34.748600489999994],[114.26874264,34.74847062000004],[114.2642196,34.747191900000004],[114.26132772000001,34.74560349000001],[114.25996692000001,34.744854239999995],[114.25856652,34.74170739],[114.25794660000001,34.74031878],[114.257637,34.73795114999997],[114.25741703999999,34.736112900000016],[114.25728744,34.734954059999986],[114.25671756000001,34.73270631],[114.25612751999999,34.73073827999999],[114.25459752,34.72564337999999],[114.254118,34.72288613999998],[114.25411836,34.72213689000001],[114.25428864,34.72156746],[114.25432860000001,34.72142760000001],[114.25506984,34.718950079999985],[114.25539996,34.71845057999996],[114.25946364,34.71557346000004],[114.25980384,34.715363669999995],[114.26087484,34.71459443999999],[114.26117508,34.71427475999999],[114.26138568,34.71317586],[114.26150591999999,34.71244658999998],[114.26148576,34.71200703000002],[114.26130575999998,34.71169734000003],[114.25805388,34.71038865000001],[114.25500216,34.708260779999975],[114.25463208000001,34.707501540000024],[114.25443408,34.69926960000002],[114.25433399999999,34.69867011],[114.25357367999999,34.697770829999975]]]}},{"type":"Feature","properties":{"id":"410203","name":"顺河回族区","adminCode":"410203","cityName":"开封市","provinceName":"河南省","analysisUnitType":"黄河滩区涉及县域筛查单元","sourceNote":"用户提供的黄河滩区中下游涉及县区边界；表示涉及县域，不等同于精确滩区或湿地管理单元"},"geometry":{"type":"Polygon","coordinates":[[[114.39228672,34.759411289999996],[114.3895896,34.760564190000004],[114.38944992,34.76062431000002],[114.38034912,34.764534089999984],[114.37339644,34.76848050000004],[114.37285680000001,34.76903076000001],[114.36909012000001,34.77287259],[114.36848064,34.77348288],[114.36789132000001,34.774063200000036],[114.36730164000001,34.774703460000026],[114.36719184,34.77475358999998],[114.36693192,34.77491379000003],[114.36680232,34.77507381000001],[114.36668244,34.77530376000001],[114.36631272000001,34.775843759999994],[114.36461424000001,34.777444769999995],[114.36272568000001,34.77938562],[114.36266592000001,34.77946563000002],[114.36166692,34.77988673999998],[114.3610974,34.78027716],[114.36043824,34.78049793000001],[114.35917968000001,34.78089942000001],[114.35820084000001,34.78117068],[114.35805108000001,34.781150880000006],[114.35714208,34.78126211999999],[114.35683248000001,34.78129254],[114.35587344000001,34.78140387000003],[114.35545404,34.78145445],[114.35546376,34.78154435999998],[114.35557320000001,34.78415156999996],[114.35555304,34.784271540000006],[114.35565240000001,34.786788839999986],[114.35570208,34.78788765000001],[114.35570208,34.787977559999966],[114.3557316,34.78883670000002],[114.35574168000001,34.78889664000002],[114.35576148,34.788966480000006],[114.35583095999999,34.79068467],[114.35587092,34.79180355000001],[114.35588064000001,34.79254271999998],[114.35592024,34.793381879999984],[114.35607,34.79415084000002],[114.35607972,34.79421077999997],[114.3560898,34.794320670000005],[114.35609988,34.79439060000001],[114.35600988,34.79526980999998],[114.35602932,34.79637870000001],[114.3560394,34.796518560000045],[114.35607900000001,34.797197789999984],[114.35606856000001,34.79957541],[114.35603832,34.80022484999998],[114.35603832,34.80028469999999],[114.3560286,34.80039458999997],[114.3560286,34.800464520000034],[114.35614812,34.80235217999998],[114.35611787999999,34.80330114],[114.35603796000001,34.804090349999996],[114.355998,34.804490040000005],[114.35593788,34.80688736999998],[114.35624748000001,34.80889455],[114.35641704000001,34.80987321000001],[114.35633712,34.809893279999976],[114.35621724,34.80990344999999],[114.35614740000001,34.809903629999994],[114.35612724,34.81007346000002],[114.35608728000001,34.81209116999999],[114.35612724,34.81217099999998],[114.35608692000001,34.815097709999996],[114.35605704000001,34.81517771999998],[114.35588712,34.81660629000001],[114.35588712,34.81663626000001],[114.35586696,34.817994719999994],[114.35602680000001,34.81813440000002],[114.35640624000001,34.81822367999999],[114.35711544,34.818292529999994],[114.35722524,34.81828245000004],[114.35729508,34.81828227000002],[114.36269868,34.818024599999994],[114.36908112,34.81680653999996],[114.36987024000001,34.816615559999995],[114.36999012000001,34.81659539999998],[114.37004988000001,34.81658531999997],[114.37022988000001,34.81658504999999],[114.37135848000001,34.81513505999999],[114.3720378,34.814334959999975],[114.37239743999999,34.81381502999998],[114.37291692000001,34.813134990000016],[114.37321644,34.81274501999999],[114.37446528000001,34.81113491999998],[114.37489476,34.81058493000004],[114.3759636,34.808765400000006],[114.3759636,34.808665500000004],[114.37655292000001,34.80811523999999],[114.376653,34.80796521000003],[114.37739207999999,34.80760457999998],[114.37901028,34.80642342000001],[114.3806184,34.80602147999997],[114.38068824000001,34.80600141],[114.38117784,34.805970720000026],[114.38233632000001,34.80591905999999],[114.38402436000001,34.80583662],[114.38908812,34.80556932],[114.38938800000001,34.80555888000002],[114.39464148,34.80616044000002],[114.39683892000001,34.80672654000001],[114.40016568,34.80770124],[114.40182996,34.80875315999996],[114.40511856,34.810837109999994],[114.40742436,34.814966940000005],[114.40775520000001,34.81673553000003],[114.40866708,34.82171180999999],[114.40773432,34.82349804000001],[114.40623024,34.82637201],[114.40447524000001,34.82732772000003],[114.40384344,34.82773604999994],[114.39901404000001,34.83051713999997],[114.39894384,34.83068705999997],[114.39772524,34.83355563000003],[114.39802476000001,34.83405468],[114.39868392000001,34.83510255000002],[114.39990216000001,34.83705870000003],[114.40093464,34.83871856999999],[114.40383228,34.84027224],[114.40400256,34.84036241999997],[114.41070036,34.843930920000034],[114.41155284,34.84417221000001],[114.41318724,34.84432512000003],[114.41686680000001,34.84495125],[114.41695716,34.844981399999995],[114.41704752000001,34.84503144000005],[114.41842092,34.84623266999999],[114.42251159999999,34.849856159999995],[114.42284244000001,34.85022641999996],[114.4231632,34.85083626000001],[114.42401532,34.85338497],[114.42423600000001,34.85403468],[114.42427596,34.85416463999998],[114.42466692,34.85658258000004],[114.42468672000001,34.856692560000006],[114.42471696000001,34.856772479999975],[114.42475692000001,34.85682251999997],[114.42482712,34.85686257],[114.42492756,34.85688272999999],[114.43262832,34.858085579999994],[114.43419252000001,34.858338120000006],[114.44671620000001,34.85955978000001],[114.44702688000001,34.85959038],[114.4472274,34.85962071],[114.44735772,34.85961089999998],[114.44747796,34.85958120000003],[114.44782896000001,34.8595119],[114.45155928,34.858619820000015],[114.45167952,34.85850011999999],[114.45172956,34.858370429999944],[114.45172956,34.858210590000006],[114.45165936,34.85792079000003],[114.45113844000001,34.85512304999997],[114.45012576,34.853652899999986],[114.44986512000001,34.85328281999998],[114.44961456,34.85310255000003],[114.449454,34.853052330000004],[114.44464116,34.851535200000015],[114.44437044,34.85144474999998],[114.44427036,34.851384629999984],[114.44421996000001,34.85133458999997],[114.44420016000001,34.85127465],[114.44420016000001,34.85120472000002],[114.44421996000001,34.85111489999999],[114.44445072,34.85078568000001],[114.44452092,34.85069585999999],[114.44494212000001,34.85008736999998],[114.45129972000001,34.84705265999996],[114.45179112000001,34.84697363999997],[114.45901056000001,34.845818309999956],[114.46254035999999,34.84292823000001],[114.46688268000001,34.83723294],[114.46798572,34.836665579999995],[114.47041248000001,34.83543158999999],[114.4752354,34.835090940000015],[114.47926632000001,34.83568782],[114.48272555999999,34.83620360999999],[114.48666612000001,34.836041159999965],[114.48686663999999,34.836001559999985],[114.48701712,34.83590193000002],[114.48825048,34.83431612999998],[114.48833076000001,34.834216409999996],[114.48834084,34.83419642999998],[114.4894338,34.83283014000001],[114.49029636,34.83171305999999],[114.49038672,34.83156339],[114.49042667999998,34.83137366999999],[114.49005624,34.826668560000016],[114.48995616,34.825230089999984],[114.48962532,34.82370134999999],[114.48925452,34.82199261000002],[114.48839268,34.817875920000006],[114.4864476,34.81382709],[114.48529488000001,34.81015922999999],[114.48438264,34.80921864],[114.48429228,34.80912854999997],[114.48109404,34.80582645000002],[114.47519868,34.80252911999999],[114.47263188000001,34.80153542999997],[114.471198,34.80096338999999],[114.46758828,34.79954814000001],[114.46171308000001,34.797239279999985],[114.4598184,34.79649642000002],[114.45928704,34.79628563999996],[114.4581642,34.79584392000001],[114.45149736,34.79126579999999],[114.45136704000001,34.791125760000014],[114.4512972,34.79096573999998],[114.45126696000001,34.790915789999985],[114.45036588,34.78686804000003],[114.45011532000001,34.785738720000026],[114.45009552,34.78566879000002],[114.45006528,34.785628740000014],[114.44872212,34.78364820000001],[114.44732928,34.78160753999997],[114.44022108,34.777887840000005],[114.4376244,34.77655421999999],[114.43692276,34.77638304000001],[114.42849048000001,34.77444894000003],[114.42801924000001,34.77419829],[114.42633516000001,34.77332600999999],[114.42380868000001,34.77201255000001],[114.42313692,34.77166155],[114.41727288,34.76585628000005],[114.409503,34.76172563999997],[114.40830996000001,34.76091419999999],[114.40506059999998,34.76338551000001],[114.40120968000001,34.76472686999998],[114.40105956000001,34.76475656999998],[114.40095912000001,34.764746399999986],[114.40086876000001,34.76470625999998],[114.3975798,34.76319957],[114.39751968,34.763149709999986],[114.39644148000001,34.76077371000002],[114.39622188,34.76029455000001],[114.39587232000001,34.76014514999996],[114.39573264,34.75996559999999],[114.39563292000001,34.759805850000035],[114.39547308,34.75971620999997],[114.39228672,34.759411289999996]]]}},{"type":"Feature","properties":{"id":"410204","name":"鼓楼区","adminCode":"410204","cityName":"开封市","provinceName":"河南省","analysisUnitType":"黄河滩区涉及县域筛查单元","sourceNote":"用户提供的黄河滩区中下游涉及县区边界；表示涉及县域，不等同于精确滩区或湿地管理单元"},"geometry":{"type":"Polygon","coordinates":[[[114.29971812000001,34.672870710000005],[114.2954352,34.67306052],[114.28445772,34.67443941000001],[114.28372728000001,34.67452941],[114.2784936,34.67522879999999],[114.27823368,34.675248780000004],[114.26193216,34.67878596000003],[114.25746887999999,34.6797252],[114.25445676000001,34.68063446999997],[114.25353588,34.68091427999999],[114.24935304,34.68091427999999],[114.24874284,34.68146381999998],[114.24800196000001,34.68281274000001],[114.24821184000001,34.684171650000025],[114.24883212,34.684841160000026],[114.25235436000001,34.68743910000003],[114.25430556,34.688877930000025],[114.25663656,34.69177557000001],[114.2566362,34.69530275999998],[114.25494456000001,34.69661172],[114.25357367999999,34.697770829999975],[114.25433399999999,34.69867011],[114.25443408,34.69926960000002],[114.25463208000001,34.707501540000024],[114.25500216,34.708260779999975],[114.25805388,34.71038865000001],[114.26130575999998,34.71169734000003],[114.26148576,34.71200703000002],[114.26150591999999,34.71244658999998],[114.26138568,34.71317586],[114.26117508,34.71427475999999],[114.26087484,34.71459443999999],[114.25980384,34.715363669999995],[114.25946364,34.71557346000004],[114.25539996,34.71845057999996],[114.25506984,34.718950079999985],[114.25432860000001,34.72142760000001],[114.25428864,34.72156746],[114.25411836,34.72213689000001],[114.254118,34.72288613999998],[114.25459752,34.72564337999999],[114.25612751999999,34.73073827999999],[114.25671756000001,34.73270631],[114.25728744,34.734954059999986],[114.25741703999999,34.736112900000016],[114.257637,34.73795114999997],[114.25794660000001,34.74031878],[114.25856652,34.74170739],[114.25996692000001,34.744854239999995],[114.26132772000001,34.74560349000001],[114.2642196,34.747191900000004],[114.26874264,34.74847062000004],[114.27158483999999,34.748600489999994],[114.27526764000001,34.748340750000025],[114.27554772,34.74853055999995],[114.27621804,34.749000089999996],[114.2769186,34.749769320000006],[114.27789888000001,34.75085823000001],[114.27798888000001,34.750958129999994],[114.27809904,34.751097989999955],[114.27928956000001,34.752786299999975],[114.2790588,34.75482425999999],[114.27895872,34.75575333000001],[114.27882840000001,34.75693215],[114.27863796000001,34.75868039999999],[114.27554448000001,34.76330577],[114.27453288,34.76654253000004],[114.27517259999999,34.77047859],[114.27579288000001,34.77084822],[114.27847452,34.772466599999994],[114.28193699999999,34.77457449],[114.28432847999999,34.77511395000001],[114.29124372000001,34.77537368999997],[114.29143416000001,34.77558347999999],[114.29196444,34.77616289999997],[114.29213436,34.776252810000024],[114.29329536,34.776122939999986],[114.29345556000001,34.776062999999986],[114.29421624000001,34.77569337000001],[114.29436636000001,34.775703359999966],[114.2955972,34.77631275000001],[114.29575704000001,34.77629276999997],[114.29584704000001,34.77766139999998],[114.29585712000001,34.77778128000002],[114.29588700000001,34.778170890000005],[114.2959266,34.779099960000025],[114.2959266,34.77919986],[114.29597663999999,34.77994911000001],[114.2960364,34.78095810000003],[114.29606627999999,34.781527529999984],[114.29617608000001,34.783405739999964],[114.29626608000001,34.78350555000001],[114.29631612,34.78420494],[114.29631612,34.78427486999999],[114.29633591999999,34.785034110000005],[114.29638560000001,34.78584329999999],[114.29643564000001,34.78661253000002],[114.29643564000001,34.78730184000001],[114.29635536,34.78740173999999],[114.29635536,34.787471669999974],[114.29643528000001,34.78764149999998],[114.29650548,34.78766147999998],[114.29654544,34.787681460000016],[114.29657568,34.78770143999998],[114.29659548000001,34.78772141999999],[114.29663544,34.787751390000004],[114.29666568,34.78778136000005],[114.29668548000001,34.78780133999997],[114.29670564,34.787841300000025],[114.29672544,34.78788126000001],[114.29673552000001,34.787921220000015],[114.29673552000001,34.78794119999999],[114.29673552000001,34.787971170000006],[114.29672544,34.78804110000001],[114.29670564,34.788091049999984],[114.29668548000001,34.788131009999965],[114.29663544,34.788170969999975],[114.29657532,34.78822092000001],[114.29654544,34.78833081000004],[114.29653536000001,34.78838076000003],[114.2965152,34.78849064999998],[114.29661528000001,34.7886405],[114.29665524,34.78920993000002],[114.2966952,34.789959180000004],[114.29670492000001,34.79024889000001],[114.296715,34.79036876999999],[114.296715,34.79043870000001],[114.29674488,34.79101811999999],[114.29674488,34.79112800999998],[114.29676504000001,34.791527609999974],[114.29679492000001,34.79192721],[114.29680464,34.79214698999999],[114.29683452,34.79280633],[114.2968446,34.79307606000005],[114.29685468000001,34.79355558],[114.2968644,34.79370543000003],[114.29690436,34.79445468],[114.29696412000001,34.79533379999998],[114.29696412000001,34.79546367000003],[114.29697420000001,34.79572341000002],[114.29700408000001,34.796272859999995],[114.29704404,34.797112019999986],[114.29708400000001,34.79788125000002],[114.29708400000001,34.797951179999934],[114.29711388000001,34.798250880000005],[114.29714376000001,34.798860269999984],[114.29719343999999,34.79976936000001],[114.29724348,34.80032870999999],[114.29726364000001,34.800628320000015],[114.29729352000001,34.801587179999984],[114.29732340000001,34.802635949999996],[114.29721324,34.80279579000002],[114.29721324,34.80281577000003],[114.29723340000001,34.80289568999996],[114.29729316,34.80299549999997],[114.29737344,34.80303546000001],[114.29739324,34.80304545000001],[114.29742348,34.803075419999985],[114.29745336,34.803095400000004],[114.29749332,34.80313536],[114.29770356,34.80321527999997],[114.2978238,34.803255240000006],[114.29790372000001,34.80326522999999],[114.29811396000001,34.80318530999995],[114.298164,34.80318530999995],[114.29884440000001,34.803165330000034],[114.29922492,34.80314534999998],[114.29952516,34.80313536],[114.29956512000001,34.80313536],[114.30100404000001,34.80307389000001],[114.30188316,34.80303257999999],[114.30219276000001,34.80302214000001],[114.3039006,34.80293970000002],[114.30459972,34.802908650000006],[114.3056286,34.80285717000001],[114.30570852000001,34.80285707999998],[114.30581832,34.802846909999985],[114.30788580000001,34.80276392999997],[114.31087236,34.80261965999999],[114.31230048,34.802557560000025],[114.31264032,34.802547119999986],[114.31280016000001,34.80253686],[114.31377900000001,34.802495459999975],[114.31465776,34.80245415000001],[114.31582632,34.802402490000034],[114.31618596,34.802401950000004],[114.31619604000001,34.802461890000004],[114.31620612,34.8025617],[114.31631592000001,34.80256152],[114.31631592000001,34.80261146999999],[114.31670544,34.80260093999999],[114.31729476000001,34.80259005],[114.31824336000001,34.802558639999994],[114.31927224,34.80252714000001],[114.31963188,34.80251669999998],[114.32026115999999,34.802495729999976],[114.3205506,34.80248529000003],[114.32080043999999,34.80247493999998],[114.32135988,34.80245415],[114.32152944,34.80244389000002],[114.32157948000001,34.802443800000006],[114.32224871999999,34.80242282999999],[114.3228978,34.802391960000016],[114.32397671999999,34.80290973000001],[114.32410632000001,34.802919450000005],[114.32422620000001,34.80293925000001],[114.32431620000001,34.80293916],[114.32550455999998,34.803696510000016],[114.32557476000001,34.803746280000034],[114.32636352,34.80416469],[114.32638368,34.80422453999998],[114.3269928,34.80559199999998],[114.32707272,34.805771730000025],[114.32738232000001,34.80648039],[114.32762172000001,34.807089330000004],[114.32776175999999,34.80743870999998],[114.32787156,34.80765830999997],[114.3279612,34.80774804000001],[114.3284508,34.80750765000005],[114.32907,34.80721704000001],[114.33069828000001,34.80659532000001],[114.33071808000001,34.80658532999996],[114.33109788,34.80654483000002],[114.33176676000001,34.80643395000005],[114.33204648,34.80613388999997],[114.33225636,34.80579395999999],[114.33402467999998,34.802275409999986],[114.33454416000001,34.80125579999998],[114.33466403999999,34.801015950000014],[114.334704,34.80092595],[114.33474396000001,34.8005763],[114.33528324000001,34.799776379999976],[114.33535344,34.799646419999995],[114.33672216000001,34.7981958],[114.33744144,34.79742548999998],[114.33753144,34.797325499999985],[114.33863016000001,34.797094020000024],[114.33969864000001,34.796912670000026],[114.34083732,34.79663124],[114.34133700000001,34.79662044],[114.34249548000001,34.79668866],[114.34312476000001,34.79661782999999],[114.34537224,34.79659443000003],[114.34544208000001,34.79659433999999],[114.345522,34.79658426000002],[114.3472698,34.79657166000002],[114.34765932,34.796571029999974],[114.34825872,34.79657013000002],[114.34991652000001,34.796557709999995],[114.35121504,34.796545739999964],[114.35175432000001,34.796445030000015],[114.3544914,34.796371050000026],[114.35457132,34.79635088999999],[114.35469084,34.796350709999984],[114.35477076000001,34.79635062000001],[114.3560394,34.796518560000045],[114.35602932,34.79637870000001],[114.35600988,34.79526980999998],[114.35609988,34.79439060000001],[114.3560898,34.794320670000005],[114.35607972,34.79421077999997],[114.35607,34.79415084000002],[114.35592024,34.793381879999984],[114.35588064000001,34.79254271999998],[114.35587092,34.79180355000001],[114.35583095999999,34.79068467],[114.35576148,34.788966480000006],[114.35574168000001,34.78889664000002],[114.3557316,34.78883670000002],[114.35570208,34.787977559999966],[114.35570208,34.78788765000001],[114.35565240000001,34.786788839999986],[114.35555304,34.784271540000006],[114.35557320000001,34.78415156999996],[114.35546376,34.78154435999998],[114.35545404,34.78145445],[114.35485464,34.78152528],[114.35379588,34.78164678000004],[114.3528768,34.78175801999999],[114.35279688,34.78175810999996],[114.352677,34.781778269999975],[114.35259708000001,34.78177845],[114.35076936,34.78183109999998],[114.35036975999999,34.781841719999996],[114.34968072000001,34.78192262999998],[114.34874183999999,34.78202397],[114.34841208,34.78206437999998],[114.34799268,34.78210496999999],[114.34684392000001,34.78222655999999],[114.34559544000001,34.78236831],[114.3447264,34.782389639999955],[114.34464648000001,34.782389729999984],[114.34404708000001,34.78244057999996],[114.34398732000001,34.78244066999996],[114.34387716,34.78246083000001],[114.34226904,34.78280292000002],[114.33984192000001,34.78328604000002],[114.33971196,34.78325625000001],[114.3394722,34.783306559999986],[114.33918276,34.78336694999997],[114.33897288,34.78340717999998],[114.33891312,34.783467209999976],[114.33570660000001,34.78411142999999],[114.33472776,34.784312669999984],[114.33396852,34.78446369000002],[114.33381876,34.78449383999997],[114.3336888,34.78450401000002],[114.33238056,34.78466582999997],[114.32976336,34.78497947999998],[114.32937384,34.78502996999996],[114.32599776,34.7855445],[114.32577816,34.78558482000003],[114.32486916,34.78543632],[114.32456964,34.78519701000002],[114.32452968,34.78462767000001],[114.32435039999999,34.782839729999985],[114.32427048,34.78183083000002],[114.32425068,34.78156109999999],[114.324201,34.7808519],[114.3240516,34.77914388000001],[114.32384207999999,34.77720609000002],[114.32382228,34.77705624],[114.3238122,34.77696632999999],[114.32357280000001,34.775787869999974],[114.32379347999999,34.77228111],[114.32415348,34.77031254000002],[114.32444328,34.76878362000001],[114.32457324,34.76799422999997],[114.32476332,34.76691495000002],[114.32478348000001,34.76680506],[114.32487348000001,34.76625552000001],[114.32523348000001,34.763617620000005],[114.32564388,34.76055006000001],[114.32519532,34.75610514000001],[114.32474676000001,34.75229958],[114.32412756000001,34.75092195000003],[114.32374847999999,34.75013327999997],[114.3236484,34.74984375000001],[114.32317932000001,34.74837584999998],[114.32292984,34.74759698999996],[114.32287980000001,34.74741725999997],[114.32270016000001,34.746888059999996],[114.32266019999999,34.74675828000001],[114.32238084000001,34.74607940999999],[114.32190168000001,34.74495126000003],[114.32115287999999,34.74309419999997],[114.32010456,34.740608219999956],[114.32000484000001,34.74046854000002],[114.3199548,34.74040868999993],[114.31973520000001,34.740219150000016],[114.31970532000001,34.740209250000014],[114.3196254,34.740179370000014],[114.31957536,34.74008954999999],[114.31955520000001,34.74002960999999],[114.31955520000001,34.739999639999986],[114.31956528,34.73989973999999],[114.31959552000001,34.73983980000003],[114.31960524,34.73965997999999],[114.31960524,34.73959004999999],[114.31956564000001,34.73936027999998],[114.31933596,34.738801200000026],[114.31921608,34.738511669999994],[114.31906632,34.73814231000004],[114.31873691999999,34.737433470000006],[114.31940616,34.736713199999976],[114.32029571999999,34.73518338],[114.32649888,34.734245039999976],[114.33011472000001,34.73428959],[114.32672928000001,34.73001890999999],[114.32344392,34.72597781999999],[114.31949076000001,34.71644330999999],[114.31945080000001,34.716313530000036],[114.31890144,34.714835819999976],[114.3178632,34.71208011000003],[114.31781352,34.711450830000004],[114.31771379999999,34.71051186000002],[114.31763423999999,34.70976279000001],[114.31722528,34.70577732000004],[114.316128,34.699685040000006],[114.31544904,34.69596912000001],[114.31337184,34.691935499999985],[114.31261260000001,34.690457789999975],[114.30898704,34.68752558999998],[114.30776844,34.68657816000001],[114.30658980000001,34.68600035999998],[114.30469188000001,34.68514382999999],[114.30400284000001,34.682576939999976],[114.30533196,34.67699946000002],[114.3034344,34.67434437000002],[114.29971812000001,34.672870710000005]]]}},{"type":"Feature","properties":{"id":"410205","name":"禹王台区","adminCode":"410205","cityName":"开封市","provinceName":"河南省","analysisUnitType":"黄河滩区涉及县域筛查单元","sourceNote":"用户提供的黄河滩区中下游涉及县区边界；表示涉及县域，不等同于精确滩区或湿地管理单元"},"geometry":{"type":"Polygon","coordinates":[[[114.42200436,34.703387640000045],[114.40684296,34.70533694999998],[114.39924444,34.70718311999999],[114.39462923999999,34.70832881999998],[114.38410932000001,34.713369539999995],[114.38163216000001,34.71338322],[114.37817616000001,34.71338843999999],[114.37302276,34.70996952000002],[114.37255332000001,34.70965055999999],[114.37246332000001,34.70963076000003],[114.37190388,34.70963156999999],[114.36910703999999,34.70965578],[114.36768864000001,34.709647860000004],[114.36748884000001,34.70969807999999],[114.36737904,34.70979816],[114.36184296,34.71850781999999],[114.36171300000001,34.71866784],[114.36156324000001,34.718737950000005],[114.3614034,34.718788169999996],[114.35783688000001,34.719932340000014],[114.35423004,34.722934740000014],[114.35048244000001,34.730992349999966],[114.3492534,34.732362779999995],[114.34635576000001,34.73564391000001],[114.33905388000001,34.736673780000025],[114.33719592,34.73670654],[114.33553812,34.73636939999998],[114.33404988000001,34.736051879999984],[114.33011472000001,34.73428959],[114.32649888,34.734245039999976],[114.32029571999999,34.73518338],[114.31940616,34.736713199999976],[114.31873691999999,34.737433470000006],[114.31906632,34.73814231000004],[114.31921608,34.738511669999994],[114.31933596,34.738801200000026],[114.31956564000001,34.73936027999998],[114.31960524,34.73959004999999],[114.31960524,34.73965997999999],[114.31959552000001,34.73983980000003],[114.31956528,34.73989973999999],[114.31955520000001,34.739999639999986],[114.31955520000001,34.74002960999999],[114.31957536,34.74008954999999],[114.3196254,34.740179370000014],[114.31970532000001,34.740209250000014],[114.31973520000001,34.740219150000016],[114.3199548,34.74040868999993],[114.32000484000001,34.74046854000002],[114.32010456,34.740608219999956],[114.32115287999999,34.74309419999997],[114.32190168000001,34.74495126000003],[114.32238084000001,34.74607940999999],[114.32266019999999,34.74675828000001],[114.32270016000001,34.746888059999996],[114.32287980000001,34.74741725999997],[114.32292984,34.74759698999996],[114.32317932000001,34.74837584999998],[114.3236484,34.74984375000001],[114.32374847999999,34.75013327999997],[114.32412756000001,34.75092195000003],[114.32474676000001,34.75229958],[114.32519532,34.75610514000001],[114.32564388,34.76055006000001],[114.32523348000001,34.763617620000005],[114.32487348000001,34.76625552000001],[114.32478348000001,34.76680506],[114.32476332,34.76691495000002],[114.32457324,34.76799422999997],[114.32444328,34.76878362000001],[114.32415348,34.77031254000002],[114.32379347999999,34.77228111],[114.32357280000001,34.775787869999974],[114.3238122,34.77696632999999],[114.32382228,34.77705624],[114.32384207999999,34.77720609000002],[114.3240516,34.77914388000001],[114.324201,34.7808519],[114.32425068,34.78156109999999],[114.32427048,34.78183083000002],[114.32435039999999,34.782839729999985],[114.32452968,34.78462767000001],[114.32456964,34.78519701000002],[114.32486916,34.78543632],[114.32577816,34.78558482000003],[114.32599776,34.7855445],[114.32937384,34.78502996999996],[114.32976336,34.78497947999998],[114.33238056,34.78466582999997],[114.3336888,34.78450401000002],[114.33381876,34.78449383999997],[114.33396852,34.78446369000002],[114.33472776,34.784312669999984],[114.33570660000001,34.78411142999999],[114.33891312,34.783467209999976],[114.33897288,34.78340717999998],[114.33918276,34.78336694999997],[114.3394722,34.783306559999986],[114.33971196,34.78325625000001],[114.33984192000001,34.78328604000002],[114.34226904,34.78280292000002],[114.34387716,34.78246083000001],[114.34398732000001,34.78244066999996],[114.34404708000001,34.78244057999996],[114.34464648000001,34.782389729999984],[114.3447264,34.782389639999955],[114.34559544000001,34.78236831],[114.34684392000001,34.78222655999999],[114.34799268,34.78210496999999],[114.34841208,34.78206437999998],[114.34874183999999,34.78202397],[114.34968072000001,34.78192262999998],[114.35036975999999,34.781841719999996],[114.35076936,34.78183109999998],[114.35259708000001,34.78177845],[114.352677,34.781778269999975],[114.35279688,34.78175810999996],[114.3528768,34.78175801999999],[114.35379588,34.78164678000004],[114.35485464,34.78152528],[114.35545404,34.78145445],[114.35587344000001,34.78140387000003],[114.35683248000001,34.78129254],[114.35714208,34.78126211999999],[114.35805108000001,34.781150880000006],[114.35820084000001,34.78117068],[114.35917968000001,34.78089942000001],[114.36043824,34.78049793000001],[114.3610974,34.78027716],[114.36166692,34.77988673999998],[114.36266592000001,34.77946563000002],[114.36272568000001,34.77938562],[114.36461424000001,34.777444769999995],[114.36631272000001,34.775843759999994],[114.36668244,34.77530376000001],[114.36680232,34.77507381000001],[114.36693192,34.77491379000003],[114.36719184,34.77475358999998],[114.36730164000001,34.774703460000026],[114.36789132000001,34.774063200000036],[114.36848064,34.77348288],[114.36909012000001,34.77287259],[114.37285680000001,34.76903076000001],[114.37339644,34.76848050000004],[114.38034912,34.764534089999984],[114.38944992,34.76062431000002],[114.3895896,34.760564190000004],[114.39228672,34.759411289999996],[114.39547308,34.75971620999997],[114.39563292000001,34.759805850000035],[114.39573264,34.75996559999999],[114.39587232000001,34.76014514999996],[114.39622188,34.76029455000001],[114.39644148000001,34.76077371000002],[114.39751968,34.763149709999986],[114.3975798,34.76319957],[114.40086876000001,34.76470625999998],[114.40095912000001,34.764746399999986],[114.40105956000001,34.76475656999998],[114.40120968000001,34.76472686999998],[114.40506059999998,34.76338551000001],[114.40830996000001,34.76091419999999],[114.40818972000001,34.76083400999998],[114.40788912000001,34.76059370999999],[114.40665612000001,34.759402559999984],[114.40551348000001,34.758361439999995],[114.40549332,34.75832139000001],[114.40551348000001,34.75828152000001],[114.40587456,34.75803240000001],[114.40925424000001,34.75570121999995],[114.40931436000001,34.75566134999997],[114.41474028,34.75191537000004],[114.41538216000001,34.75147707000002],[114.41618424,34.75083924000002],[114.42274343999999,34.74565686000001],[114.42331512000001,34.74514845000001],[114.42430836000001,34.74424124999998],[114.42543156,34.743544020000044],[114.43046616000001,34.73954757000002],[114.43385664,34.73512847999999],[114.433947,34.735018680000024],[114.43522103999999,34.73350263000001],[114.43583304,34.73205524999999],[114.43780980000001,34.72723386000005],[114.43930488000001,34.72347042000001],[114.4402488,34.71908661],[114.44116247999999,34.71491250000003],[114.44129316,34.71407361],[114.44050152000001,34.71173442000002],[114.44019084,34.71115436999998],[114.4388376,34.71040260000001],[114.43637124,34.70905926000003],[114.42945384000001,34.70525991000004],[114.42724812,34.704686339999974],[114.42200436,34.703387640000045]]]}},{"type":"Feature","properties":{"id":"410212","name":"祥符区","adminCode":"410212","cityName":"开封市","provinceName":"河南省","analysisUnitType":"黄河滩区涉及县域筛查单元","sourceNote":"用户提供的黄河滩区中下游涉及县区边界；表示涉及县域，不等同于精确滩区或湿地管理单元"},"geometry":{"type":"Polygon","coordinates":[[[114.31052208000001,34.50920480999999],[114.30824472,34.509657780000005],[114.30568692,34.51212945000002],[114.30402804,34.51497930000002],[114.30358848,34.51645862999999],[114.3031284,34.51806791999999],[114.30141984000001,34.52085792000001],[114.30119016,34.521157979999984],[114.29799948,34.52286824999999],[114.29433684,34.522868340000024],[114.29072424,34.52303816999999],[114.2887824,34.52425704000002],[114.28768152,34.52497641000001],[114.28573968,34.52760404999997],[114.28524864,34.53075117],[114.28542864,34.53242967000003],[114.28532820000001,34.53406821000001],[114.28553772000001,34.53738525000003],[114.28546716000001,34.5405924],[114.2853066,34.54209098999999],[114.28526664,34.542420749999984],[114.28442532000001,34.54625727000001],[114.28436556000001,34.54634717999997],[114.28408476,34.54813557000002],[114.28407468,34.54860519],[114.28401419999999,34.55134272000001],[114.28244280000001,34.55399033999999],[114.28234272,34.554200129999984],[114.28006068,34.5569976],[114.27659784000001,34.559515350000034],[114.27334524000001,34.56128376000002],[114.26947236000001,34.56323198999998],[114.26739084,34.56403128],[114.26351832,34.56386145000001],[114.26255784,34.563411810000005],[114.2615772,34.56294228000001],[114.25873572,34.56099405000002],[114.2552034,34.55985501000002],[114.25147056,34.56059435999997],[114.24995964,34.56139365],[114.24793824000001,34.562482650000014],[114.24489588,34.56443096999998],[114.24416544,34.564920480000026],[114.24192372,34.56643914000002],[114.23901167999999,34.56866708999999],[114.23596932000001,34.57106495999997],[114.23491848,34.571884230000045],[114.2347986,34.571974139999995],[114.23467836,34.57206404999998],[114.23410812,34.572493709999975],[114.23105604000001,34.57467171],[114.22794384000001,34.57661994000002],[114.22407132000001,34.57707957000002],[114.22006884000001,34.57725938999999],[114.21626616,34.57759905000002],[114.212664,34.57834839000007],[114.20900136,34.57989702],[114.20569944,34.58144565000001],[114.20202708000001,34.583114160000015],[114.20155692,34.58332395],[114.19988543999999,34.58408309999997],[114.19921404,34.58436201000003],[114.19903332000001,34.584431760000015],[114.19767,34.58499939000005],[114.19539444,34.58591559],[114.19137468000001,34.58711925],[114.18895872,34.58797533000002],[114.18527952000001,34.589179439999995],[114.18078816,34.59061232999999],[114.17949504,34.59107025000001],[114.17864292,34.59140883000002],[114.17406156000001,34.59306140999996],[114.17068296000001,34.59455568000004],[114.16701384000001,34.595759879999974],[114.16320432,34.597133730000046],[114.16035708000001,34.59900833999999],[114.15738924,34.60170221999998],[114.15420036,34.604735489999975],[114.15129300000001,34.60684995000001],[114.14996928000001,34.60867668000001],[114.14782332,34.61108184000001],[114.14497572,34.613196300000006],[114.14476476,34.615853730000005],[114.14476476,34.61622344999998],[114.14559600000001,34.619251950000006],[114.14794140000001,34.62160302000001],[114.15043728,34.62412418999997],[114.1515396,34.62698321999999],[114.14986452000001,34.62989849999998],[114.14827008,34.63264403999998],[114.14824992,34.63284384000001],[114.14798892,34.63584092999999],[114.14839932000001,34.63898885999999],[114.1483986,34.64236592999999],[114.14783664000001,34.64539262999996],[114.14679336,34.64865845999999],[114.14594052000001,34.65104525999998],[114.14567988,34.65157446000002],[114.14450628,34.6546602],[114.14435544000001,34.657637490000035],[114.14684124,34.66003878000002],[114.15023928000001,34.66188188999999],[114.15328668000001,34.66352457000001],[114.15445884,34.666563599999975],[114.15444876000001,34.666683569999975],[114.15437856000001,34.667642609999994],[114.1513704,34.66943702999997],[114.15123000000001,34.66951677000001],[114.15077892000001,34.67081501999999],[114.15058812000001,34.671334320000014],[114.15204072,34.67648196000002],[114.15291264,34.67886111000001],[114.15228012,34.68223737000004],[114.15185856,34.68549402000001],[114.15158748,34.68744207000001],[114.15171744,34.68933063000001],[114.15220812000001,34.69218885000003],[114.15233844000001,34.692878430000036],[114.1530192,34.695846899999985],[114.15365028000001,34.69911498000001],[114.15364020000001,34.699514670000006],[114.15336876,34.70237154000004],[114.15215520000001,34.70517701999998],[114.15210516,34.70528682],[114.15031056000001,34.706882699999994],[114.15018996,34.70699240999998],[114.14947824000001,34.70763078],[114.14830500000001,34.708478310000004],[114.15335724,34.71087303000001],[114.15409884,34.710913980000015],[114.16271004000001,34.711425539999986],[114.16463496,34.71117849],[114.16498596,34.71112899000003],[114.17071032000001,34.710377760000014],[114.17272524,34.71011082000003],[114.175071,34.70980445999999],[114.17514119999998,34.70979456000002],[114.17905116,34.70928048000001],[114.18180804,34.70887476000001],[114.18675048,34.70809247999997],[114.19012908,34.70809715999999],[114.1947504,34.70809364999999],[114.19853976,34.70810894999999],[114.20506692000001,34.70812092000001],[114.2182368,34.70628276000001],[114.22337112000001,34.70380524000002],[114.23250864,34.69942944000001],[114.23366928,34.699319550000034],[114.23433996,34.69924961999998],[114.23448,34.69938948000002],[114.23469024,34.69938948000002],[114.23652156,34.69925961000005],[114.23710188000001,34.69921965000005],[114.23794248,34.69910975999997],[114.23804256000001,34.69915970999998],[114.24144491999999,34.69896981],[114.24414672,34.69901976000002],[114.24589812,34.69901976000002],[114.24846996000001,34.69910975999997],[114.25357367999999,34.697770829999975],[114.25494456000001,34.69661172],[114.2566362,34.69530275999998],[114.25663656,34.69177557000001],[114.25430556,34.688877930000025],[114.25235436000001,34.68743910000003],[114.24883212,34.684841160000026],[114.24821184000001,34.684171650000025],[114.24800196000001,34.68281274000001],[114.24874284,34.68146381999998],[114.24935304,34.68091427999999],[114.25353588,34.68091427999999],[114.25445676000001,34.68063446999997],[114.25746887999999,34.6797252],[114.26193216,34.67878596000003],[114.27823368,34.675248780000004],[114.2784936,34.67522879999999],[114.28372728000001,34.67452941],[114.28445772,34.67443941000001],[114.2954352,34.67306052],[114.29971812000001,34.672870710000005],[114.3034344,34.67434437000002],[114.30533196,34.67699946000002],[114.30400284000001,34.682576939999976],[114.30469188000001,34.68514382999999],[114.30658980000001,34.68600035999998],[114.30776844,34.68657816000001],[114.30898704,34.68752558999998],[114.31261260000001,34.690457789999975],[114.31337184,34.691935499999985],[114.31544904,34.69596912000001],[114.316128,34.699685040000006],[114.31722528,34.70577732000004],[114.31763423999999,34.70976279000001],[114.31771379999999,34.71051186000002],[114.31781352,34.711450830000004],[114.3178632,34.71208011000003],[114.31890144,34.714835819999976],[114.31945080000001,34.716313530000036],[114.31949076000001,34.71644330999999],[114.32344392,34.72597781999999],[114.32672928000001,34.73001890999999],[114.33011472000001,34.73428959],[114.33404988000001,34.736051879999984],[114.33553812,34.73636939999998],[114.33719592,34.73670654],[114.33905388000001,34.736673780000025],[114.34635576000001,34.73564391000001],[114.3492534,34.732362779999995],[114.35048244000001,34.730992349999966],[114.35423004,34.722934740000014],[114.35783688000001,34.719932340000014],[114.3614034,34.718788169999996],[114.36156324000001,34.718737950000005],[114.36171300000001,34.71866784],[114.36184296,34.71850781999999],[114.36737904,34.70979816],[114.36748884000001,34.70969807999999],[114.36768864000001,34.709647860000004],[114.36910703999999,34.70965578],[114.37190388,34.70963156999999],[114.37246332000001,34.70963076000003],[114.37255332000001,34.70965055999999],[114.37302276,34.70996952000002],[114.37817616000001,34.71338843999999],[114.38163216000001,34.71338322],[114.38410932000001,34.713369539999995],[114.39462923999999,34.70832881999998],[114.39924444,34.70718311999999],[114.40684296,34.70533694999998],[114.42200436,34.703387640000045],[114.42724812,34.704686339999974],[114.42945384000001,34.70525991000004],[114.43637124,34.70905926000003],[114.4388376,34.71040260000001],[114.44019084,34.71115436999998],[114.44050152000001,34.71173442000002],[114.44129316,34.71407361],[114.44116247999999,34.71491250000003],[114.4402488,34.71908661],[114.43930488000001,34.72347042000001],[114.43780980000001,34.72723386000005],[114.43583304,34.73205524999999],[114.43522103999999,34.73350263000001],[114.433947,34.735018680000024],[114.43385664,34.73512847999999],[114.43046616000001,34.73954757000002],[114.42543156,34.743544020000044],[114.42430836000001,34.74424124999998],[114.42331512000001,34.74514845000001],[114.42274343999999,34.74565686000001],[114.41618424,34.75083924000002],[114.41538216000001,34.75147707000002],[114.41474028,34.75191537000004],[114.40931436000001,34.75566134999997],[114.40925424000001,34.75570121999995],[114.40587456,34.75803240000001],[114.40551348000001,34.75828152000001],[114.40549332,34.75832139000001],[114.40551348000001,34.758361439999995],[114.40665612000001,34.759402559999984],[114.40788912000001,34.76059370999999],[114.40818972000001,34.76083400999998],[114.40830996000001,34.76091419999999],[114.409503,34.76172563999997],[114.41727288,34.76585628000005],[114.42313692,34.77166155],[114.42380868000001,34.77201255000001],[114.42633516000001,34.77332600999999],[114.42801924000001,34.77419829],[114.42849048000001,34.77444894000003],[114.43692276,34.77638304000001],[114.4376244,34.77655421999999],[114.44022108,34.777887840000005],[114.44732928,34.78160753999997],[114.44872212,34.78364820000001],[114.45006528,34.785628740000014],[114.45009552,34.78566879000002],[114.45011532000001,34.785738720000026],[114.45036588,34.78686804000003],[114.45126696000001,34.790915789999985],[114.4512972,34.79096573999998],[114.45136704000001,34.791125760000014],[114.45149736,34.79126579999999],[114.4581642,34.79584392000001],[114.45928704,34.79628563999996],[114.4598184,34.79649642000002],[114.46171308000001,34.797239279999985],[114.46758828,34.79954814000001],[114.471198,34.80096338999999],[114.47263188000001,34.80153542999997],[114.47519868,34.80252911999999],[114.48109404,34.80582645000002],[114.48429228,34.80912854999997],[114.48438264,34.80921864],[114.48529488000001,34.81015922999999],[114.4864476,34.81382709],[114.48839268,34.817875920000006],[114.48925452,34.82199261000002],[114.48962532,34.82370134999999],[114.48995616,34.825230089999984],[114.49005624,34.826668560000016],[114.49042667999998,34.83137366999999],[114.49038672,34.83156339],[114.49029636,34.83171305999999],[114.4894338,34.83283014000001],[114.48834084,34.83419642999998],[114.48833076000001,34.834216409999996],[114.48825048,34.83431612999998],[114.48701712,34.83590193000002],[114.48686663999999,34.836001559999985],[114.48666612000001,34.836041159999965],[114.48272555999999,34.83620360999999],[114.47926632000001,34.83568782],[114.4752354,34.835090940000015],[114.47041248000001,34.83543158999999],[114.46798572,34.836665579999995],[114.46688268000001,34.83723294],[114.46254035999999,34.84292823000001],[114.45901056000001,34.845818309999956],[114.45179112000001,34.84697363999997],[114.45129972000001,34.84705265999996],[114.44494212000001,34.85008736999998],[114.44452092,34.85069585999999],[114.44445072,34.85078568000001],[114.44421996000001,34.85111489999999],[114.44420016000001,34.85120472000002],[114.44420016000001,34.85127465],[114.44421996000001,34.85133458999997],[114.44427036,34.851384629999984],[114.44437044,34.85144474999998],[114.44464116,34.851535200000015],[114.449454,34.853052330000004],[114.44961456,34.85310255000003],[114.44986512000001,34.85328281999998],[114.45012576,34.853652899999986],[114.45113844000001,34.85512304999997],[114.45165936,34.85792079000003],[114.45172956,34.858210590000006],[114.45172956,34.858370429999944],[114.45167952,34.85850011999999],[114.45155928,34.858619820000015],[114.44782896000001,34.8595119],[114.44747796,34.85958120000003],[114.44735772,34.85961089999998],[114.4472274,34.85962071],[114.44702688000001,34.85959038],[114.44671620000001,34.85955978000001],[114.43419252000001,34.858338120000006],[114.43262832,34.858085579999994],[114.42492756,34.85688272999999],[114.42482712,34.85686257],[114.42475692000001,34.85682251999997],[114.42471696000001,34.856772479999975],[114.42468672000001,34.856692560000006],[114.42466692,34.85658258000004],[114.42427596,34.85416463999998],[114.42423600000001,34.85403468],[114.42401532,34.85338497],[114.4231632,34.85083626000001],[114.42284244000001,34.85022641999996],[114.42251159999999,34.849856159999995],[114.41842092,34.84623266999999],[114.41704752000001,34.84503144000005],[114.41695716,34.844981399999995],[114.41686680000001,34.84495125],[114.41318724,34.84432512000003],[114.41155284,34.84417221000001],[114.41070036,34.843930920000034],[114.4043532,34.84514781],[114.40416276,34.84521737999999],[114.40403244000001,34.84536696000001],[114.40284912,34.84690307999998],[114.40269864000001,34.84710261],[114.40264824,34.84726235999996],[114.40265831999999,34.84754207999999],[114.40303847999999,34.855384140000005],[114.40672812000001,34.86003578999999],[114.40704888,34.86044591999999],[114.40712916000001,34.86061584],[114.40715904000001,34.860765779999994],[114.40717919999999,34.86092562000001],[114.40724940000001,34.861904640000006],[114.40728936000001,34.86260394],[114.40773972000001,34.86955706999999],[114.40775987999999,34.86990671999999],[114.4077498,34.86997664999999],[114.40772964,34.87003649999999],[114.40768968,34.87007637000001],[114.40760940000001,34.870116239999966],[114.40057032,34.871731560000015],[114.39806076,34.872422399999984],[114.39540396000001,34.87317533999998],[114.3951444,34.87337550000001],[114.3950544,34.873595369999975],[114.39506412,34.873944930000015],[114.39601272,34.877869290000014],[114.39616248,34.87833855000001],[114.39645228,34.87856786999999],[114.39694151999998,34.87879691999999],[114.40121112,34.88046317999997],[114.40266516000001,34.88066559000005],[114.41200032,34.88189112],[114.41274228,34.88219216999997],[114.41326356,34.88240285999999],[114.41964060000001,34.884971639999975],[114.42987756000001,34.89057386999995],[114.44098644,34.899843329999996],[114.45229692000001,34.91225136000001],[114.46229412000001,34.909312410000005],[114.48317052,34.90308611999998],[114.49429020000001,34.89932979000004],[114.5009484,34.89713441999999],[114.50919924,34.894652220000026],[114.50975076,34.89449345999998],[114.50997108,34.89442388999999],[114.51011148,34.894424159999986],[114.51027204,34.894444410000006],[114.51256776000001,34.894698209999994],[114.51787092000001,34.89532703999997],[114.52588056,34.89723918000003],[114.53854212,34.900947629999976],[114.53965488,34.901199449999986],[114.54141924000001,34.90128251999999],[114.54229116,34.901503829999996],[114.54517872000001,34.90452603000003],[114.5513538,34.90903260000003],[114.55750908,34.91435817],[114.56041608000001,34.91662095],[114.56166924,34.91759223000001],[114.56401500000001,34.919414460000006],[114.56821512,34.92360746999997],[114.569829,34.924659210000016],[114.57052092,34.92454059],[114.57391931999999,34.92383723999998],[114.57403956,34.923817529999994],[114.57643535999999,34.92332217000001],[114.58345248,34.9222257],[114.5894976,34.92083772],[114.59548224000002,34.91974944000003],[114.60064211999997,34.91870750999998],[114.60611304,34.91806059000001],[114.60786012000003,34.918357769999965],[114.61195332,34.91793252000003],[114.61560731999998,34.917727680000006],[114.61952051999998,34.91800190999999],[114.62091840000001,34.91809983],[114.62319431999998,34.91978481],[114.62497127999998,34.92069128999999],[114.6271176,34.921777139999996],[114.62897448000001,34.923113010000016],[114.63482447999999,34.923914010000004],[114.63678107999999,34.92472031999996],[114.64064459999999,34.925324310000015],[114.64428851999998,34.92594845999997],[114.64760303999998,34.9260138],[114.64990919999998,34.926879599999985],[114.65221535999999,34.9277454],[114.65225532000001,34.927755389999994],[114.65354303999999,34.927683660000035],[114.65376264,34.92764333999998],[114.65520011999998,34.92780119999997],[114.65719704000001,34.92784835999999],[114.6588642,34.92787599000002],[114.66153972,34.92738279000002],[114.66222839999999,34.926302970000016],[114.66282744000002,34.92571283999997],[114.66397584000002,34.923593519999976],[114.66572292,34.920614340000014],[114.66853812,34.91756379000001],[114.66937691999999,34.916643630000024],[114.67017576,34.91577350999999],[114.67494755999999,34.91176122],[114.68006927999998,34.90693938000002],[114.68618892,34.90212608999999],[114.69057156,34.89912324000003],[114.69041208,34.898514120000016],[114.68997323999999,34.89525837],[114.68919527999999,34.89171336000002],[114.68819771999999,34.88868818999999],[114.68652084000001,34.88589360000003],[114.68497428000002,34.88279931],[114.68587319999997,34.87988124],[114.68870892,34.877809529999986],[114.69231288000002,34.87643595],[114.69599712,34.87533192000002],[114.69967127999999,34.87399811999999],[114.70336092000001,34.87273910999997],[114.70696164000003,34.871410619999985],[114.71016204,34.86946274999998],[114.71066208000002,34.86897324],[114.71151239999998,34.86813417000002],[114.71279256,34.86693545999996],[114.71401296000002,34.86519738000002],[114.71472323999998,34.86417848999999],[114.71630363999999,34.86097205999995],[114.71705424,34.857885419999974],[114.71720436000001,34.85724615],[114.71787468,34.85473892999999],[114.71802480000002,34.85456910000001],[114.72003503999998,34.85243142000002],[114.72008507999998,34.85238147000001],[114.72306552,34.85031372],[114.72444575999998,34.84882539000001],[114.7257162,34.84575872999997],[114.72577595999999,34.84561895999996],[114.725826,34.845499079999996],[114.72594659999997,34.841952989999974],[114.72606719999997,34.83757773000003],[114.72583787999999,34.834271400000006],[114.7255182,34.83058544999998],[114.7255182,34.83052550999999],[114.72539868000001,34.82924688000001],[114.72533855999998,34.82852769000003],[114.72532884,34.828317899999995],[114.72528888000002,34.82781848999997],[114.72526872,34.82766864000001],[114.72521868000001,34.82764865999999],[114.7251888,34.82760869999998],[114.72501888000002,34.82613036000003],[114.72504912000002,34.82514144000003],[114.72506928000001,34.82510148000001],[114.72510923999998,34.82509148999999],[114.72507972000002,34.82249436000001],[114.72582996000001,34.81941771000002],[114.72345036,34.816900500000024],[114.72121115999998,34.81428338999997],[114.72042131999999,34.81216568999999],[114.72008183999999,34.81124670000003],[114.71959188,34.80936876],[114.71957208,34.809318810000015],[114.71954219999998,34.80917894999997],[114.71909219999998,34.80731099999999],[114.71844275999999,34.80518339999998],[114.71732352,34.802216640000005],[114.71653404,34.798730400000004],[114.71619456,34.79733198000001],[114.715755,34.79529411000001],[114.71511564000002,34.79214752999997],[114.71621615999997,34.78924071000004],[114.71736636,34.78785219000002],[114.7185666,34.786753380000015],[114.72038676,34.78507515000002],[114.7223772,34.782687719999984],[114.72254712,34.782487919999994],[114.72271776000002,34.78008051],[114.7217184,34.77774303],[114.72136812000002,34.77777300000001],[114.71823863999998,34.77747339],[114.71746859999999,34.777443419999955],[114.71364899999999,34.777053990000006],[114.71184936000002,34.775705430000016],[114.7107798,34.77499623000001],[114.70931028000001,34.772029560000014],[114.70914035999999,34.77161997000002],[114.70763123999998,34.76911275000004],[114.70532184,34.76631590999998],[114.70225247999998,34.76420829000001],[114.69925404,34.76216169000002],[114.69597984,34.760108699999975],[114.69326472,34.75799496],[114.69319452000003,34.75794509999999],[114.69317543999999,34.75508822999998],[114.69602123999998,34.75301643],[114.69792851999999,34.7510358],[114.69829787999998,34.75066563000001],[114.69912696,34.74999522000001],[114.70009572000001,34.74922482000003],[114.70363560000003,34.74818577000001],[114.70703544000001,34.74754632000002],[114.70748579999997,34.74629765999998],[114.70805639999998,34.744399739999984],[114.70730651999997,34.74372050999999],[114.70561668,34.74217223999998],[114.70220712000003,34.74115362000003],[114.69900888000002,34.73973666],[114.698979,34.73962677],[114.69822083999999,34.73665119],[114.69765240000001,34.73356536000001],[114.69660479999997,34.73059013999999],[114.69512772,34.72762544999999],[114.69310128000002,34.72510113000004],[114.69035627999997,34.72323704999998],[114.69018636,34.72312743000005],[114.68677211999999,34.72164386999998],[114.68646288,34.72150446],[114.68329811999999,34.72051004999998],[114.68287871999999,34.720430759999985],[114.67962395999997,34.71994584000003],[114.67580003999998,34.71939189],[114.67519127999999,34.71901317000003],[114.67260540000002,34.71796791000002],[114.66920123999999,34.71688395],[114.66697464,34.71741648000003],[114.66552708000002,34.71775821000002],[114.66199224,34.71857234999998],[114.65830836,34.71805809],[114.65491392000003,34.71693408],[114.65109035999998,34.716150359999986],[114.65065116000001,34.71608106000003],[114.64719659999999,34.715346659999994],[114.64359264000001,34.71467247000003],[114.64327331999999,34.714543050000024],[114.64018811999999,34.71365835000002],[114.63993864,34.71351885000004],[114.636924,34.71177492000002],[114.63420852000002,34.70950107],[114.63378984,34.70690439000002],[114.63356015999999,34.70619537000002],[114.63423984,34.702708050000034],[114.63478955999999,34.69955049000006],[114.63532883999999,34.69640246999998],[114.63566868000001,34.693134750000034],[114.63580836000003,34.69281488999999],[114.63574859999999,34.69124628],[114.63571871999999,34.69004738999998],[114.63569892,34.68673026],[114.63547968000003,34.68329352000001],[114.63519023999999,34.68020660999997],[114.63504083999999,34.677059579999984],[114.63499080000001,34.67700962999999],[114.63551028,34.67403153000001],[114.63701796000001,34.67127176999999],[114.63859547999998,34.668411929999984],[114.63894504,34.66787192999998],[114.63972371999999,34.666651800000004],[114.6403926,34.66560176999997],[114.64236971999999,34.6628313],[114.64417691999999,34.65970136999999],[114.64589412000001,34.65683135999999],[114.64641324,34.65591138000001],[114.64754148000002,34.65356175000004],[114.64860024000001,34.65068273999998],[114.64863983999999,34.650582749999955],[114.65001792000001,34.647613289999974],[114.65110620000002,34.64473409999999],[114.65144568000001,34.641656279999985],[114.65113643999997,34.63862922000002],[114.64960932000001,34.635653999999974],[114.64786223999998,34.632569159999974],[114.64648451999999,34.630123319999974],[114.64640496,34.630003529999975],[114.64619508,34.62959421],[114.64464779999997,34.626738870000004],[114.64325028,34.62383339999996],[114.64232220000001,34.62100721999997],[114.64114427999999,34.618001580000026],[114.64127423999999,34.613994779999985],[114.64187364000001,34.61068674],[114.64181351999999,34.61063688000004],[114.64176384000001,34.61051708999999],[114.64148412,34.609877999999966],[114.64090524000001,34.60833018],[114.63959772,34.605164879999975],[114.63817032000001,34.60175991],[114.63449651999998,34.600166819999984],[114.63116256000002,34.59841325999998],[114.62754924,34.59710978999998],[114.62498352,34.59603447000003],[114.6240252,34.595636220000024],[114.62069123999999,34.594322309999974],[114.61956335999999,34.593964289999974],[114.61715748000003,34.59319847999997],[114.61369355999997,34.59212450999998],[114.61125816,34.58956023000003],[114.61015079999999,34.58658428999999],[114.60995136,34.5856653],[114.60974184000003,34.58464650000001],[114.60946248,34.583327909999966],[114.60944268,34.58321811000001],[114.60916368000001,34.58137995000003],[114.6084552,34.57829348999999],[114.60774708000002,34.57509713999999],[114.60725856,34.57212030000001],[114.60462299999998,34.57207413],[114.60338532,34.57179621000001],[114.60102912,34.57141002000002],[114.59742480000003,34.57129689000004],[114.59374559999998,34.57062044999998],[114.58979568000001,34.57022328000001],[114.58618632000001,34.56999657000002],[114.58251720000001,34.57039931999999],[114.5785572,34.57076147999999],[114.57475740000001,34.57111401000001],[114.57101808,34.57128672],[114.56982504000001,34.571334419999985],[114.56781984000001,34.57139057999998],[114.56733852,34.57145960999999],[114.56374932,34.57210229999998],[114.5622654,34.57279889999999],[114.56029044,34.57371447000003],[114.55683156,34.575146730000014],[114.55289136,34.57607850000001],[114.54908148,34.57706048999996],[114.54528204,34.57758285000001],[114.54161256,34.57822535999999],[114.538284,34.579088370000015],[114.53781312000001,34.57920734999999],[114.53408352000001,34.58012958],[114.53347188000001,34.58021832000001],[114.53027364,34.58066193000001],[114.52627368,34.58073429000001],[114.52322592,34.580648520000004],[114.52299552000001,34.58063807999999],[114.52253436000001,34.58062727999999],[114.51909564,34.58053080000002],[114.51866472,34.58052998999998],[114.51506544,34.58048318999995],[114.51209795999999,34.58093724],[114.5111256,34.58107521000001],[114.5072556,34.58204712],[114.50373660000001,34.58286980999998],[114.50130048000001,34.583324760000025],[114.50007756000001,34.58356226999999],[114.50000736,34.58356218000003],[114.4991952,34.58357064],[114.49904472,34.58357036999998],[114.49634796000001,34.58358558],[114.49500444,34.583333310000015],[114.49433268,34.58321226000002],[114.49267848000001,34.5829095],[114.48900900000001,34.582523219999985],[114.485139,34.582246470000015],[114.48431712,34.58216501999998],[114.48136944000001,34.581860010000035],[114.47876304,34.57771856999995],[114.47658792,34.57461716999998],[114.4739916,34.572364289999996],[114.47139492000001,34.57130048999999],[114.4706832,34.57102941],[114.46819668,34.571464649999996],[114.46666272,34.57237112999996],[114.46595064,34.57419839999997],[114.46530876,34.575915869999996],[114.46506792000001,34.57843344],[114.4638144,34.580139840000015],[114.46225019999999,34.58193551999996],[114.46048548,34.58207223],[114.45928236,34.582200029999996],[114.45534216,34.58215295999999],[114.45153228000001,34.58198627999999],[114.44814396000001,34.58056130999999],[114.44644980000001,34.57929924],[114.44529672,34.578517769999976],[114.44314176,34.575946019999996],[114.4405656,34.57373310000002],[114.44051520000001,34.57360313999999],[114.43766831999999,34.571489670000005],[114.43483152,34.56960605999999],[114.43454100000001,34.568626320000035],[114.43378932,34.56674649],[114.43405032000001,34.56342963000001],[114.43467240000001,34.560453150000015],[114.43535496000001,34.55672732999998],[114.43541544,34.554499199999945],[114.43541544,34.55351999999999],[114.43555656000001,34.55055261000001],[114.4351458,34.54889318999997],[114.43478508,34.54672428000001],[114.43420368000001,34.54517447999999],[114.43360248,34.54352468999998],[114.43165812000001,34.54060355999998],[114.42882132000001,34.53855012000001],[114.42694680000001,34.537347720000014],[114.42541284,34.53666551999999],[114.42361860000001,34.53587289],[114.41980908000001,34.53563619000002],[114.41586888,34.53666830999998],[114.41558808,34.53672780000001],[114.411708,34.53809967000002],[114.40810872,34.539592049999996],[114.40582272,34.54038729000002],[114.40383732000001,34.54106318999995],[114.40353672,34.54119252000002],[114.3999972,34.54284483000002],[114.39626112,34.54405919999999],[114.39295452,34.545432869999985],[114.39056664,34.54784432999999],[114.39032688,34.54808453999998],[114.39029664,34.54814447999999],[114.38798868,34.55116542],[114.38681940000001,34.554094739999975],[114.38461152,34.55632611000003],[114.38449164000001,34.55634627000005],[114.38079552,34.556851170000016],[114.37844796,34.55714429999998],[114.37504163999999,34.55724915000001],[114.37478208,34.55724951000002],[114.37281432,34.557062490000014],[114.37076664,34.55686566000002],[114.36912828000001,34.55664813000002],[114.36683076,34.556351759999984],[114.36426432,34.55412732000002],[114.36411492,34.55086022999998],[114.36356628,34.54749386999996],[114.36307740000001,34.544287260000004],[114.36175944,34.541371619999985],[114.35988203999999,34.5387465],[114.35944283999999,34.536898710000024],[114.35935319999999,34.53658911],[114.35912352000001,34.53555033],[114.35912424,34.53228305999998],[114.35946408000001,34.53033419999996],[114.35932512,34.52690726999998],[114.35844672,34.52391108],[114.35842656,34.52387112000001],[114.3566892,34.52112603000001],[114.35638932,34.52079672],[114.35436216000001,34.51876146000002],[114.35433228000001,34.518731579999965],[114.35156568,34.51621779],[114.34850928,34.51499334000003],[114.34837932,34.51495355999997],[114.34450356,34.51536890999998],[114.34117716,34.516512900000016],[114.34090716,34.51668318000003],[114.33931884,34.51771467000002],[114.3376506,34.51897601999999],[114.33625164,34.52015709],[114.33606192,34.520287230000015],[114.33337451999999,34.522519230000015],[114.33192588,34.52395013999998],[114.32921832000001,34.526232180000015],[114.32734020000001,34.52669451000003],[114.32576196000001,34.52709654000003],[114.32229588,34.52572277999996],[114.31917972000001,34.52343939000001],[114.31786140000001,34.522092539999996],[114.31683288,34.521035040000015],[114.31516536000001,34.51789026000001],[114.31391724000001,34.51480478999999],[114.31318824,34.51357700999999],[114.31218996000001,34.51199985000003],[114.31052208000001,34.50920480999999]]]}},{"type":"Feature","properties":{"id":"410225","name":"兰考县","adminCode":"410225","cityName":"开封市","provinceName":"河南省","analysisUnitType":"黄河滩区涉及县域筛查单元","sourceNote":"用户提供的黄河滩区中下游涉及县区边界；表示涉及县域，不等同于精确滩区或湿地管理单元"},"geometry":{"type":"Polygon","coordinates":[[[114.87150431999999,35.02348308],[114.87259619999999,35.02347471],[114.87344723999999,35.02347597000004],[114.87429863999999,35.023177530000005],[114.87496968,35.02270898999999],[114.87502980000001,35.02266912000002],[114.87563064000003,35.02217052000002],[114.87623148000002,35.02156202999999],[114.87671208000002,35.02096334999995],[114.87696227999999,35.02026440999999],[114.87695219999998,35.019365310000005],[114.87695219999998,35.01865602],[114.87704255999999,35.01806678999999],[114.87706236000002,35.01796689000002],[114.87706236000002,35.017167689999965],[114.87681179999997,35.01635814000002],[114.87666168000003,35.01546876000001],[114.87650148000002,35.01457938000002],[114.87644135999999,35.01426959999997],[114.87644099999997,35.01347040000002],[114.87619080000002,35.012660849999996],[114.87588012,35.01180126000003],[114.87569976,35.01126153000001],[114.87532931999999,35.01057167999998],[114.87519900000001,35.00987220000002],[114.87506867999998,35.009072819999965],[114.87496860000002,35.00851319999998],[114.87488832,35.008353270000015],[114.87486815999998,35.00750403000001],[114.87488832,35.00657495999998],[114.87496824,35.00634537],[114.87505859999999,35.00576603999999],[114.87529871999999,35.0050671],[114.87565944,35.004268440000025],[114.8758596,35.004088980000006],[114.87589956000004,35.00345961000007],[114.8762502,35.00267094000001],[114.87698099999997,35.00199270000003],[114.87771216,35.00132445],[114.87819276,35.00086562999998],[114.87843324000002,35.00064621000002],[114.87893399999999,35.00018747999996],[114.87912407999998,34.999977960000024],[114.88171824,34.99719498],[114.88427243999999,34.994891339999995],[114.88753727999999,34.993278000000004],[114.89115276000001,34.99229448],[114.89504867999999,34.99170093000002],[114.89881463999998,34.99139682000001],[114.90255036000002,34.99028486999999],[114.90489504,34.98792300000003],[114.90640199999997,34.98476364000004],[114.90728003999999,34.981725330000025],[114.90831791999999,34.97923610999995],[114.91006427999999,34.976805389999974],[114.91140132000001,34.975144709999974],[114.91285787999999,34.97402322],[114.91484328000003,34.97306048999999],[114.91727796000002,34.9726563],[114.91745723999999,34.97265594],[114.92054028,34.97270003999996],[114.92115876000003,34.97284872000002],[114.92267508,34.973215469999985],[114.92292456,34.97327486999999],[114.92354304,34.973773200000025],[114.92548848,34.975317780000005],[114.92688528000001,34.97745276000002],[114.92950860000003,34.98117371999999],[114.93191304000001,34.98350661],[114.93504576000001,34.985957939999984],[114.93804852000002,34.98788015999996],[114.94133100000002,34.98952212],[114.94537163999998,34.990643160000005],[114.94927259999999,34.99090550999998],[114.95317355999998,34.99093809000005],[114.95679515999998,34.99109100000001],[114.96069612000002,34.991303400000014],[114.96480659999999,34.99128558000002],[114.96848831999998,34.99057934999998],[114.97231944000004,34.990102620000016],[114.97608072,34.98984576000003],[114.97800636,34.98983216999999],[114.97991183999999,34.98982856999999],[114.98360328,34.98958179000001],[114.98729472000001,34.98939495000001],[114.99097643999998,34.98919821000001],[114.99431867999999,34.98947154000003],[114.99503687999997,34.98952014000001],[114.99878808000003,34.98968285999998],[115.00000560000001,34.98952077],[115.00247916,34.98920640000001],[115.00455420000002,34.986565349999985],[115.00591067999997,34.98335631000001],[115.00784567999999,34.98059564999999],[115.01039952000002,34.97806358999997],[115.01324244000001,34.976100329999994],[115.01600544,34.97396741999998],[115.01926740000002,34.97258277000001],[115.02188064000002,34.972527869999986],[115.02316764000001,34.97250546000001],[115.02597060000001,34.974438029999995],[115.02808524000002,34.97694129000005],[115.02971135999998,34.9799049],[115.03189583999999,34.982298090000015],[115.03552680000003,34.98353990999998],[115.03915776000002,34.984601820000016],[115.04277864000002,34.98543404999998],[115.04362644000003,34.98581195999999],[115.04614032,34.98696594],[115.04866392,34.98918875999998],[115.05139704,34.991341200000015],[115.05421007999998,34.993603350000036],[115.05714264000001,34.99547571000001],[115.06028472,34.996998059999996],[115.06377599999999,34.998290009999955],[115.06688820000002,35.00003223000001],[115.06726728000001,35.00024130000001],[115.06859424000002,35.000578440000005],[115.07029992,35.001014760000004],[115.07599547999999,35.00132364],[115.07824007999999,35.00134929000002],[115.08146208000001,35.00085375000002],[115.08255935999999,35.00090163000001],[115.08313788000002,35.00093042999998],[115.08422507999998,35.000998290000034],[115.08531228000001,35.00106624000003],[115.08639948,35.00113410000002],[115.08748703999998,35.001201959999975],[115.08809543999999,35.00124074999996],[115.08916284000003,35.00142848999998],[115.09004052,35.00152676999999],[115.09101827999997,35.00152487999999],[115.09186608000003,35.00162316],[115.09283339999999,35.00162136],[115.09381115999999,35.001809369999975],[115.09465895999999,35.002097460000016],[115.09571628000003,35.00234514000001],[115.09635492,35.00248382999999],[115.09744212000001,35.00261163000004],[115.09851923999999,35.00272952999997],[115.09960679999999,35.00284733999996],[115.100847,35.002977750000014],[115.1016084,35.00304876],[115.10170847999997,35.003058929999966],[115.10279999999999,35.00305047000001],[115.10389187999999,35.00318187000001],[115.10450279999999,35.003242619999966],[115.10548415999999,35.00324406],[115.10621531999999,35.00363466000001],[115.10718660000002,35.00392572000002],[115.10820828000001,35.00427681000001],[115.10889912,35.00452755000003],[115.10975051999999,35.00471852999997],[115.11061163999997,35.004819690000026],[115.11156311999997,35.004810959999986],[115.11170351999999,35.004811229999945],[115.11183348000002,35.004811409999995],[115.11267479999998,35.00480259000002],[115.11365651999999,35.00490384000001],[115.11474804,35.00489538],[115.11583956000001,35.00488692000001],[115.11694116000002,35.00488844999999],[115.11803303999997,35.00487999000001],[115.1190846,35.00487153000001],[115.11913463999998,35.00487153000001],[115.12022615999999,35.004863070000006],[115.120827,35.004863969999974],[115.12142784,35.00435529000002],[115.12202903999997,35.003756700000004],[115.12281024,35.00311841999998],[115.12357128,35.00248014000001],[115.12384164000002,35.002250730000014],[115.12454256,35.001552420000024],[115.12503324000002,35.001073530000006],[115.12603476000001,35.00055539999999],[115.12668599999999,35.00021663999999],[115.12673604000001,35.000016930000015],[115.12732679999998,34.99772030999999],[115.12781783999999,34.99589294999999],[115.12798811999998,34.99387541999998],[115.12806803999999,34.99290665999997],[115.12712664000001,34.98999849],[115.12592496,34.987140000000025],[115.12565460000002,34.98577110000001],[115.12533420000001,34.98417242999998],[115.12872936000001,34.98276869999999],[115.13283551999999,34.98217506000001],[115.13686176,34.981631279999974],[115.1407476,34.98073776000001],[115.14316140000001,34.97838372000002],[115.14577572,34.97579019],[115.14761856000001,34.97296589999998],[115.14905099999997,34.969921200000016],[115.15025267999998,34.96876416000002],[115.15146479999999,34.96761710999998],[115.15499999999999,34.96626359999996],[115.15887611999999,34.96566960000004],[115.1627022,34.96523543999998],[115.16644799999999,34.96430177999997],[115.16984316,34.96288806],[115.17316848000002,34.96126445999998],[115.17627311999999,34.95952071],[115.17910776,34.95743702999996],[115.18236287999997,34.95615290999998],[115.18582824,34.955208810000016],[115.18894332,34.95380472],[115.19246879999999,34.952810760000006],[115.19594423999997,34.95168684000002],[115.19805743999999,34.954137089999996],[115.19988984000001,34.95692654999997],[115.20130968,34.957945619999954],[115.20254952000002,34.95901436999999],[115.20617868000001,34.960302989999995],[115.20986796,34.96147172999998],[115.21341720000001,34.961311890000026],[115.21504728,34.95867480000001],[115.21605743999999,34.95557817000001],[115.21685772,34.952531490000005],[115.21703807999998,34.94944493999997],[115.21643868,34.94629835999998],[115.21460916000004,34.94369124000002],[115.21139976000002,34.941993119999985],[115.20805032000001,34.94053466999999],[115.20559116000003,34.93837709999999],[115.20396143999999,34.935650100000004],[115.20303191999999,34.93396197000001],[115.20240191999999,34.93280321999999],[115.2017622,34.93097523],[115.20141263999999,34.929946349999994],[115.20019296000001,34.926989580000026],[115.19925228000004,34.92390204000006],[115.19856143999999,34.92168345000002],[115.19832095999998,34.920943920000006],[115.19786052000002,34.91762697],[115.19798076000002,34.91741735999999],[115.19843147999998,34.916658840000046],[115.19943336,34.91497206000001],[115.20250379999999,34.914483360000006],[115.20317376000001,34.91437346999998],[115.20678347999998,34.91399384999998],[115.21080288000002,34.914243600000006],[115.21463256000001,34.91420364000001],[115.21858212,34.91394389999998],[115.22225160000002,34.91368425000002],[115.22648123999998,34.91312480999999],[115.23003083999998,34.91309484000002],[115.23364056000001,34.91260541999999],[115.2373104,34.911656459999996],[115.24077,34.91054766],[115.2442098,34.909538760000004],[115.24436999999999,34.90948881],[115.24642992000003,34.907351219999974],[115.24570056,34.90437447000001],[115.24532076000003,34.90140770999997],[115.24458132000001,34.898331149999954],[115.24421124000001,34.89727239000002],[115.24351140000002,34.89530472000002],[115.24181184000003,34.89245802000001],[115.23956220000002,34.88978105999999],[115.23723264,34.887224070000016],[115.23505320000001,34.88461713000001],[115.23370356000002,34.881820470000015],[115.23359375999999,34.87861422000002],[115.23362399999999,34.87546782000005],[115.2338742,34.87249134000002],[115.23418416000003,34.869454829999995],[115.23428459999998,34.86613869000001],[115.23473459999998,34.86316211999998],[115.23518459999998,34.86000582000001],[115.23518459999998,34.85984598],[115.23535488,34.8569793],[115.2361548,34.85387286000002],[115.23779495999999,34.85099619000003],[115.24047479999999,34.84903833000002],[115.24399415999999,34.84757979000001],[115.24421412000001,34.84751984999998],[115.2475236,34.84668060000003],[115.24994351999999,34.84623104999999],[115.25037336,34.846151130000024],[115.25180327999999,34.843553999999976],[115.25399316000001,34.84062719999999],[115.25646276000002,34.83809000999999],[115.25851260000002,34.83555273000004],[115.25882255999998,34.83417429],[115.25902236000002,34.83328527000001],[115.25924232000001,34.83228645000002],[115.25969268,34.82908002000002],[115.25943276000002,34.82564399999998],[115.25870304000001,34.822337760000025],[115.25804316,34.819181459999974],[115.25712336,34.817473440000015],[115.25529383999998,34.81612514999998],[115.25140476000001,34.81564607999999],[115.24994496000001,34.81567614000004],[115.24751531999999,34.81571627999998],[115.24421591999997,34.81457787000003],[115.24409604,34.814537910000034],[115.24238640000002,34.81229070000003],[115.24218659999998,34.81203095999999],[115.24389624000001,34.80933393000001],[115.24421627999999,34.80882453000001],[115.24553603999999,34.806696840000015],[115.24493627999999,34.80598773000001],[115.24421664,34.80511877999996],[115.24328675999998,34.804020150000035],[115.24180716000002,34.80313130999998],[115.24012740000002,34.80215264999996],[115.23658823999997,34.80115409999999],[115.23303899999999,34.80066504000003],[115.2290898,34.80076529999998],[115.22542032,34.801544790000015],[115.22272103999998,34.802024490000015],[115.21905156000001,34.80292376999999],[115.21736172,34.80327350999999],[115.21663200000002,34.80350336999997],[115.21276272000001,34.80452253],[115.20924335999997,34.80512211],[115.20507420000001,34.80447329999997],[115.20159479999998,34.80359463],[115.19866332,34.803103590000006],[115.19750160000001,34.80294222000001],[115.19388611999999,34.802737379999975],[115.18957979999998,34.802481690000015],[115.18575408,34.80149745000002],[115.18534368000002,34.80143696999998],[115.18385148,34.80131501999996],[115.18216883999999,34.80118281],[115.18213895999999,34.801182809999965],[115.17855336000002,34.802636039999996],[115.17527843999999,34.80140294999999],[115.17436728000001,34.80006330000001],[115.17357636000001,34.798843440000006],[115.17305615999997,34.795466099999985],[115.17164459999998,34.79261697000001],[115.16828976,34.791333480000006],[115.16536583999999,34.78947128999999],[115.16339339999999,34.786741230000004],[115.16230259999999,34.78385259],[115.16225256000001,34.783712730000026],[115.16153184,34.781623739999986],[115.16118155999999,34.78068422999998],[115.15714559999998,34.78026897000004],[115.15347,34.78024386000001],[115.14937392,34.77992841],[115.14864275999999,34.78026708],[115.14564792,34.78161159000002],[115.1448264,34.782629400000026],[115.14366431999998,34.78408631999997],[115.14175091999998,34.786850849999965],[115.13807532,34.78779476999999],[115.13614248000003,34.78776210000002],[115.13598227999998,34.78776191999999],[115.13549159999998,34.78777119000001],[115.13431979999997,34.78775957999999],[115.13030363999998,34.787724030000014],[115.12662803999999,34.78838822999998],[115.12502567999998,34.78852584],[115.12239155999998,34.78875192000002],[115.11910692000001,34.788787290000016],[115.11863604,34.78878656999997],[115.11641268000002,34.78862367],[115.11314819999998,34.787709989999996],[115.11286775999999,34.787679659999974],[115.10985348000001,34.78551759000004],[115.10961372000001,34.78221054000001],[115.10918352,34.780361850000006],[115.10875331999998,34.77895263000004],[115.10651015999997,34.77667175999997],[115.10335583999999,34.77474927000001],[115.0989732,34.77448655999997],[115.095033,34.77435390000001],[115.09218972000002,34.77442896000001],[115.08830891999999,34.774515990000005],[115.08605460000003,34.77415041000002],[115.08602472,34.77415050000002],[115.08206436,34.77348837000001],[115.07845320000003,34.77328515000004],[115.07443308000002,34.77291291000002],[115.07005368,34.77243140999998],[115.06908599999998,34.772303340000015],[115.06638276,34.771948560000006],[115.06324068,34.77019617000002],[115.06073688000002,34.769921040000014],[115.05831299999998,34.76970567000002],[115.05608856000003,34.76939003999997],[115.05233772,34.76918717999996],[115.05180888000001,34.76913813000001],[115.04844720000001,34.768854629999986],[115.04476620000003,34.76877147000004],[115.0424118,34.76872574999998],[115.03943856,34.77051936],[115.03681452,34.77259188],[115.03356192,34.773806519999994],[115.02967140000001,34.77361382999998],[115.02585072,34.77318129000006],[115.02174095999997,34.77244958999999],[115.01798040000001,34.77189707999999],[115.01443908,34.77122423999998],[115.01061839999998,34.771480920000016],[115.00700651999999,34.77263624999996],[115.00298640000001,34.77266361000001],[115.00000415999997,34.77064130999998],[114.99997428,34.77062132999999],[114.99925680000001,34.76758607999997],[114.99929784000003,34.764489450000006],[114.99878016,34.761293909999985],[114.99557832,34.75988172],[114.99455051999998,34.76006352],[114.994341,34.76009393999998],[114.99189695999999,34.76052828],[114.99103871999998,34.76082960000001],[114.98829515999999,34.76180393999998],[114.98608979999999,34.76445533999996],[114.98276772000003,34.765560719999996],[114.97955579999997,34.76367899999999],[114.97718196,34.76261483999998],[114.97488768000001,34.76193002999997],[114.97106699999999,34.76161791000002],[114.96738564,34.76220443999999],[114.96503159999997,34.76197934999999],[114.96286656000002,34.762063500000004],[114.96135024000002,34.762126410000015],[114.95797884000004,34.76134386000001],[114.95772935999999,34.761284370000006],[114.95500668000003,34.75855259999999],[114.95337047999999,34.75796643000003],[114.95117591999998,34.757141580000045],[114.94727568,34.75641996000002],[114.94400363999999,34.754897969999966],[114.94101132000002,34.75295576999998],[114.94068227999998,34.75263681000002],[114.93944531999998,34.75143045000005],[114.93906624000002,34.75110149999999],[114.93827819999998,34.75034387999999],[114.93748043999999,34.749965790000026],[114.93513612,34.74883151999999],[114.93132551999997,34.74815967000002],[114.92890127999999,34.748284230000024],[114.9248808,34.748312039999995],[114.92193779999998,34.74890711999999],[114.92127935999999,34.74901826999999],[114.91739856000002,34.749565290000014],[114.91666020000002,34.74997631999997],[114.91503408,34.750888559999986],[114.91452503999999,34.75114929000001],[114.91423596,34.751309670000005],[114.91092360000003,34.753274190000006],[114.90988607999999,34.75383560999999],[114.90761124,34.755068879999975],[114.90581556000001,34.75622115],[114.90395975999999,34.75744362000002],[114.90236351999998,34.758315809999964],[114.90184475999999,34.75859660999998],[114.90085727999998,34.759127969999994],[114.89691419999998,34.760863439999966],[114.89490108,34.76167964999997],[114.89261723999999,34.76247542999998],[114.89038344,34.763401169999995],[114.88895100000003,34.76398842000003],[114.88707792,34.765084529999996],[114.88514471999999,34.76612052000001],[114.88223951999998,34.76819411999998],[114.87927420000003,34.77060728999998],[114.87657959999997,34.77274109999998],[114.87497688,34.77401747999998],[114.87491675999998,34.774057350000035],[114.87229199999999,34.776151289999994],[114.87209184,34.77631085999999],[114.86951712000001,34.77733596000001],[114.86876579999999,34.77763449000002],[114.86488931999997,34.77805830000001],[114.86189484,34.77658527],[114.86188512000001,34.774817040000016],[114.86158488,34.77343796999998],[114.86136492,34.770300750000025],[114.8578794,34.76911670999996],[114.853923,34.76855133000002],[114.85027727999999,34.76892555],[114.85015704,34.768935359999965],[114.84976644,34.768974690000015],[114.84587987999998,34.76928852000003],[114.84200340000002,34.76914290000001],[114.83954964,34.76895939],[114.83755631999999,34.76881656000001],[114.83388036000002,34.768721159999984],[114.83006399999998,34.76850561000001],[114.82616808,34.76733101999998],[114.82573752,34.76701062000001],[114.82562735999998,34.76693060999999],[114.82345403999999,34.765328880000006],[114.82184232,34.76225951999999],[114.82134228,34.75934171999998],[114.82284528,34.75635696000002],[114.82637147999998,34.75502361000003],[114.82996752000001,34.75409984999999],[114.83026848,34.75235204999998],[114.83043875999999,34.751283390000005],[114.83041895999997,34.75107360000002],[114.83031887999998,34.74998451],[114.83013924000002,34.74796625999997],[114.82562231999998,34.74645101999998],[114.82166592,34.74647505],[114.82034400000002,34.746483059999974],[114.81750935999999,34.74648881999999],[114.81377363999998,34.746563160000015],[114.81239124,34.74674091000002],[114.80974704,34.74698670000005],[114.80608080000002,34.74781037999997],[114.80311584,34.74868509000001],[114.80234472000002,34.74891368999997],[114.79979052,34.74999899999998],[114.79895027999999,34.75035872999999],[114.79804020000002,34.75102806000001],[114.79605983999998,34.75248668999999],[114.79364927999998,34.75513413000002],[114.79123835999998,34.75819115999997],[114.78896784000001,34.760948489999976],[114.78621743999999,34.76312639999996],[114.78227724000001,34.764125490000026],[114.78165731999998,34.764125579999984],[114.77831759999998,34.764215580000034],[114.77457791999998,34.764455430000055],[114.77103840000001,34.76349657000003],[114.768189,34.76133891],[114.76458936,34.761418920000025],[114.76387908,34.761638790000006],[114.76091916,34.76257793999994],[114.75998927999997,34.76211840000001],[114.75764964000003,34.760989709999976],[114.75452051999997,34.758772109999995],[114.75194111999998,34.756504559999996],[114.75006192000002,34.75437687],[114.74983188,34.75410723],[114.74921232000001,34.75341792],[114.74628300000002,34.75103058000002],[114.74621280000001,34.75097064000001],[114.74441316,34.75036142999998],[114.74349335999999,34.750041750000015],[114.74274347999999,34.74978210000001],[114.73878384,34.74929277000004],[114.73496387999998,34.74873359999999],[114.73295399999999,34.748424000000036],[114.73100424000002,34.748174430000006],[114.72696468,34.747385489999985],[114.72279479999997,34.74721584000004],[114.72118488000001,34.74719595],[114.71870519999997,34.74717614999998],[114.71459543999998,34.7469066],[114.71078556000002,34.74685691999999],[114.70765571999998,34.74741645000003],[114.70703544000001,34.74754632000002],[114.70363560000003,34.74818577000001],[114.70009572000001,34.74922482000003],[114.69912696,34.74999522000001],[114.69829787999998,34.75066563000001],[114.69792851999999,34.7510358],[114.69602123999998,34.75301643],[114.69317543999999,34.75508822999998],[114.69319452000003,34.75794509999999],[114.69326472,34.75799496],[114.69597984,34.760108699999975],[114.69925404,34.76216169000002],[114.70225247999998,34.76420829000001],[114.70532184,34.76631590999998],[114.70763123999998,34.76911275000004],[114.70914035999999,34.77161997000002],[114.70931028000001,34.772029560000014],[114.7107798,34.77499623000001],[114.71184936000002,34.775705430000016],[114.71364899999999,34.777053990000006],[114.71746859999999,34.777443419999955],[114.71823863999998,34.77747339],[114.72136812000002,34.77777300000001],[114.7217184,34.77774303],[114.72271776000002,34.78008051],[114.72254712,34.782487919999994],[114.7223772,34.782687719999984],[114.72038676,34.78507515000002],[114.7185666,34.786753380000015],[114.71736636,34.78785219000002],[114.71621615999997,34.78924071000004],[114.71511564000002,34.79214752999997],[114.715755,34.79529411000001],[114.71619456,34.79733198000001],[114.71653404,34.798730400000004],[114.71732352,34.802216640000005],[114.71844275999999,34.80518339999998],[114.71909219999998,34.80731099999999],[114.71954219999998,34.80917894999997],[114.71957208,34.809318810000015],[114.71959188,34.80936876],[114.72008183999999,34.81124670000003],[114.72042131999999,34.81216568999999],[114.72121115999998,34.81428338999997],[114.72345036,34.816900500000024],[114.72582996000001,34.81941771000002],[114.72507972000002,34.82249436000001],[114.72510923999998,34.82509148999999],[114.72506928000001,34.82510148000001],[114.72504912000002,34.82514144000003],[114.72501888000002,34.82613036000003],[114.7251888,34.82760869999998],[114.72521868000001,34.82764865999999],[114.72526872,34.82766864000001],[114.72528888000002,34.82781848999997],[114.72532884,34.828317899999995],[114.72533855999998,34.82852769000003],[114.72539868000001,34.82924688000001],[114.7255182,34.83052550999999],[114.7255182,34.83058544999998],[114.72583787999999,34.834271400000006],[114.72606719999997,34.83757773000003],[114.72594659999997,34.841952989999974],[114.725826,34.845499079999996],[114.72577595999999,34.84561895999996],[114.7257162,34.84575872999997],[114.72444575999998,34.84882539000001],[114.72306552,34.85031372],[114.72008507999998,34.85238147000001],[114.72003503999998,34.85243142000002],[114.71802480000002,34.85456910000001],[114.71787468,34.85473892999999],[114.71720436000001,34.85724615],[114.71705424,34.857885419999974],[114.71630363999999,34.86097205999995],[114.71472323999998,34.86417848999999],[114.71401296000002,34.86519738000002],[114.71279256,34.86693545999996],[114.71151239999998,34.86813417000002],[114.71066208000002,34.86897324],[114.71016204,34.86946274999998],[114.70696164000003,34.871410619999985],[114.70336092000001,34.87273910999997],[114.69967127999999,34.87399811999999],[114.69599712,34.87533192000002],[114.69231288000002,34.87643595],[114.68870892,34.877809529999986],[114.68587319999997,34.87988124],[114.68497428000002,34.88279931],[114.68652084000001,34.88589360000003],[114.68819771999999,34.88868818999999],[114.68919527999999,34.89171336000002],[114.68997323999999,34.89525837],[114.69041208,34.898514120000016],[114.69057156,34.89912324000003],[114.69531384,34.896969000000006],[114.70136652000001,34.89462504000001],[114.70643783999998,34.89170823],[114.71184863999999,34.888811489999995],[114.71588928,34.88697351],[114.7192596,34.88539517999997],[114.72325991999999,34.88547510000001],[114.72720011999999,34.887193200000006],[114.72730019999999,34.88720319000002],[114.72784992000003,34.88775263999997],[114.73342020000003,34.89059952000003],[114.73935048000001,34.892637210000025],[114.74439047999999,34.89533433000002],[114.74623043999999,34.89632315999999],[114.75005075999998,34.89798141],[114.75215064000001,34.89890039999997],[114.75871128000001,34.90175709000002],[114.76430171999999,34.90404444],[114.76794167999998,34.90622189999997],[114.76801188,34.906271849999996],[114.76921211999999,34.906601429999974],[114.77249208,34.90801974],[114.77511216,34.90943804999997],[114.77636208000001,34.91247447000001],[114.77675195999998,34.91668952999997],[114.77683187999999,34.917518520000016],[114.77687184000001,34.91795807999997],[114.77680164,34.92041517],[114.77509128,34.922313000000024],[114.77203091999999,34.92498987],[114.76761048,34.92847593000001],[114.76386971999999,34.93169235],[114.75910944000002,34.935987510000004],[114.75231839999998,34.94106189000001],[114.75004824,34.94307968999999],[114.74959824,34.9434792],[114.74576783999998,34.945666919999994],[114.74611812000002,34.94611638000001],[114.74438796000001,34.948243980000015],[114.74378783999998,34.94898315],[114.74296740000001,34.95471669],[114.74438724000001,34.95852224999999],[114.7445172,34.95886182],[114.74737739999999,34.96328658000001],[114.75004715999998,34.96741173],[114.75025704,34.967721329999996],[114.75317700000001,34.97023827000002],[114.75679715999999,34.97193603],[114.76007712000002,34.97338413000001],[114.76502711999998,34.97429267999998],[114.7699872,34.97547096000001],[114.77560716,34.97638941000001],[114.79101732000002,34.979744250000024],[114.79666716000003,34.98105222000004],[114.80208048000001,34.98256331999999],[114.80749847999999,34.98427935000002],[114.80811912000001,34.984499940000006],[114.80995188000001,34.985131919999986],[114.81241572000002,34.98578478000002],[114.81879492000002,34.98792174000002],[114.82366212,34.99064576999998],[114.82875935999999,34.99356995999998],[114.83016120000003,34.99622892],[114.83083188,34.99907660999999],[114.83087184,34.999835760000046],[114.83087184,34.99997561999998],[114.83087184,35.0001954],[114.83090171999999,35.00079488999995],[114.83122248000001,35.00691920999999],[114.83094204000002,35.00910665999999],[114.83279495999999,35.00978867999997],[114.83374644000001,35.010009899999986],[114.83470800000002,35.010211139999974],[114.83556911999997,35.01030239999999],[114.83600004000002,35.01046287000001],[114.83642052,35.01061335],[114.83726184,35.01070451999998],[114.83824320000001,35.010905759999964],[114.8390946,35.011096829999985],[114.84015624000001,35.01130824],[114.84103752000001,35.011489409999974],[114.84189900000004,35.011590569999996],[114.84273996000002,35.01188154000002],[114.84383184,35.01198306000001],[114.84489348000001,35.012224440000026],[114.84554435999998,35.012375190000014],[114.846516,35.012666430000046],[114.84736704000001,35.01276759],[114.84833868,35.01295883999999],[114.84919007999999,35.013060000000024],[114.85017144,35.01335115000001],[114.85101276000002,35.01345231000001],[114.85206432000004,35.01369368999999],[114.85312596,35.013945060000005],[114.8535666,35.014045590000016],[114.85461815999999,35.01431685],[114.85567980000003,35.01468809999998],[114.85637100000001,35.01492893999998],[114.85722204000001,35.0150301],[114.85826388,35.01531134999994],[114.85934531999999,35.01564263999999],[114.86026691999999,35.01591371999995],[114.8613084,35.01619505999999],[114.86221992,35.016615989999984],[114.86307096,35.01680705999998],[114.86356200000002,35.01740717999999],[114.86417291999999,35.01790757999998],[114.86427300000001,35.01824742000001],[114.86441339999999,35.018707139999975],[114.86477376,35.01956690999999],[114.86521475999999,35.02043667],[114.86540483999998,35.020796580000024],[114.86576555999999,35.02149641999997],[114.86637648,35.022186629999986],[114.86709755999999,35.02287702],[114.86784888000001,35.02329777],[114.8689404,35.0232894],[114.86949119999997,35.02328022],[114.86980188000003,35.02328067000001],[114.87088332000002,35.02341215999999],[114.87150431999999,35.02348308]]]}},{"type":"Feature","properties":{"id":"410306","name":"吉利区","adminCode":"410306","cityName":"洛阳市","provinceName":"河南省","analysisUnitType":"黄河滩区涉及县域筛查单元","sourceNote":"用户提供的黄河滩区中下游涉及县区边界；表示涉及县域，不等同于精确滩区或湿地管理单元"},"geometry":{"type":"Polygon","coordinates":[[[112.59642384,34.84836936000001],[112.59364788,34.84859417999997],[112.59138348,34.84926936000001],[112.58957952,34.85013515999999],[112.58823672,34.85099178000003],[112.58611236,34.85241638999998],[112.58443872000001,34.85402162999999],[112.5824346,34.855726139999994],[112.58064072,34.85734119000002],[112.57885692,34.85904606],[112.57753392000001,34.86074184],[112.57610112,34.862906879999976],[112.57510896000001,34.86497283000001],[112.5741366,34.86722858999998],[112.57326468000001,34.86892518000002],[112.57297416,34.86992354999999],[112.57264332000001,34.87017267],[112.57238268,34.87061169000001],[112.57162128,34.87221855],[112.57073928000001,34.87353551999999],[112.56973704,34.874572589999985],[112.56872508000001,34.87515011999998],[112.56771312000001,34.875817559999966],[112.56648048000001,34.87638474000002],[112.56512760000001,34.876781910000005],[112.56366492000001,34.877168819999994],[112.56241212,34.87727646000001],[112.56127992,34.87729437000001],[112.56025788000001,34.87721265000002],[112.55312339999999,34.87718987999999],[112.54884480000001,34.878141089999986],[112.54654008,34.87942557],[112.5430128,34.88235597000002],[112.54095864,34.88489945999996],[112.5372708,34.89017705999997],[112.53620880000001,34.89162354],[112.53317256,34.89427521000003],[112.52773152,34.89774165000003],[112.52857320000001,34.89825258],[112.52940480000001,34.899292890000005],[112.52933460000001,34.90078113000001],[112.52787156000001,34.901697510000005],[112.52613816,34.902203849999985],[112.52467512000001,34.90319015999997],[112.52287152000001,34.904155859999996],[112.52043647999999,34.905809609999984],[112.51827180000001,34.907703659999996],[112.51764036,34.90970031000003],[112.51799100000001,34.91078976000002],[112.51903284,34.91211014999999],[112.52075616,34.91365158000001],[112.52168784000001,34.91446238999997],[112.52248956000001,34.91514306],[112.52352132,34.916123790000015],[112.52374200000001,34.916643630000024],[112.52388203999999,34.916813729999994],[112.52426292000001,34.91756360999996],[112.52484396000001,34.918703369999996],[112.52519424,34.92094157999998],[112.5252342,34.9226298],[112.52529432,34.923229199999994],[112.52515392,34.92377838000003],[112.52489328,34.92396764999999],[112.52416211999999,34.92406629000003],[112.52364084,34.92407529000002],[112.52265912,34.92412352999998],[112.52264904,34.924173390000014],[112.5226188,34.92421335],[112.52256876000001,34.92424323000001],[112.52249856,34.92426302999997],[112.52233836,34.92430272000005],[112.52198772,34.92439199999996],[112.52139624,34.92452078999999],[112.52028419999999,34.924768470000004],[112.51869083999999,34.925135219999966],[112.5185706,34.925155020000005],[112.51635624000001,34.92435194999999],[112.51525428000001,34.92397035000001],[112.51418220000001,34.92349893],[112.51166724,34.92215586000001],[112.51146671999999,34.92203562],[112.50757944,34.91969121000002],[112.50178776,34.91896167000002],[112.49487216,34.921885949999975],[112.49385983999998,34.92275319000001],[112.49111304,34.92511569000004],[112.49086248,34.92777231],[112.49092223999999,34.93090899],[112.49095212,34.93103885999996],[112.49097228000001,34.93109889000003],[112.49102231999998,34.93118879999998],[112.49140320000001,34.931928689999985],[112.49173404,34.93254861],[112.49195436000001,34.93298852999999],[112.49207460000001,34.93321848000001],[112.49220492,34.93351836000003],[112.49229492,34.93376828999998],[112.49237520000001,34.93407807000001],[112.49241516,34.93445777999998],[112.49245548,34.93479744000002],[112.49255556,34.93512728999999],[112.49269596,34.93547712000001],[112.49294616,34.93614681000002],[112.49303652,34.93649664],[112.49321687999999,34.937126279999994],[112.493277,34.93744605000001],[112.49330687999999,34.93762586999999],[112.49331696,34.93770579],[112.49385804,34.93791656999999],[112.49656416,34.94073834000001],[112.49901972,34.94227104],[112.50001188,34.942872150000014],[112.50056304,34.942343759999964],[112.50221652,34.94010914999999],[112.50389016,34.93879362],[112.50493200000001,34.93844586],[112.50653508,34.93948761],[112.50951084,34.94120112],[112.51097388000001,34.94195288999998],[112.51333872000001,34.94119796999999],[112.51487196000001,34.93954251000001],[112.5170964,34.93747880999999],[112.51868003999999,34.93545389999999],[112.519692,34.934107229999974],[112.52167596000001,34.93295199],[112.52182644000001,34.932902309999996],[112.52426148,34.93215756000003],[112.52676636000001,34.932501629999976],[112.52863980000001,34.933593869999996],[112.53030336,34.93462572000003],[112.53244715999999,34.93628775],[112.534812,34.93772036999999],[112.5359442,34.938301770000024],[112.53625488,34.93836224999996],[112.53653532000001,34.93834281],[112.53785796000001,34.937346330000004],[112.53940127999999,34.93621034999998],[112.5396216,34.93618074],[112.54187628000001,34.93582514999995],[112.54545324,34.93818899999998],[112.54706604,34.94208761999998],[112.54835844,34.94409777000005],[112.54929012,34.945537860000016],[112.55118372000001,34.94657015999999],[112.5514242,34.94669040000001],[112.55245631999999,34.94712177000002],[112.55370876,34.94735378999997],[112.55537196,34.94810592],[112.55690483999999,34.94924748],[112.5582876,34.95074831999998],[112.55862780000001,34.95268674000002],[112.55890824000001,34.95463515000001],[112.56025068000001,34.956665369999975],[112.56057144,34.95716531999998],[112.56272568,34.95876750000001],[112.56307632000001,34.95876812999997],[112.56446916,34.95894038999999],[112.5645894,34.958780819999994],[112.56551136,34.95762377999998],[112.56565176000001,34.956075690000034],[112.56559164000001,34.95366819],[112.56559200000001,34.95080141999998],[112.5660132,34.94926386000001],[112.56678468000001,34.94875580999996],[112.56852816,34.94828942999998],[112.56918948,34.94794095000002],[112.57012152,34.947443250000006],[112.57166448000001,34.94629728000001],[112.57215588000001,34.945498980000025],[112.57215588000001,34.94360106000002],[112.57236648,34.94160369000001],[112.5728478,34.93787859000001],[112.57341948000001,34.93438353000001],[112.57360992000001,34.93385441999999],[112.57433136,34.93186794000001],[112.575033,34.93014101999999],[112.57690679999999,34.92895572000001],[112.57914132,34.927361460000036],[112.58178696,34.92678689999998],[112.58568468,34.926394319999986],[112.58915148000001,34.92565137000001],[112.5905544,34.92537417000002],[112.5948132,34.92423315],[112.59801972000001,34.923669480000015],[112.60150056,34.92299141999999],[112.60210932000001,34.92284067000003],[112.60231884000001,34.92281043000001],[112.60406556000001,34.92241829999997],[112.60641132,34.92208521000001],[112.60664100000001,34.92205487999996],[112.60740960000001,34.921903860000015],[112.6107432,34.92099000000001],[112.61547432,34.92058337999999],[112.61879784,34.920578519999985],[112.61903760000001,34.92060812999996],[112.62234131999999,34.920932849999986],[112.62421764,34.92090017999996],[112.62497616,34.92088902000003],[112.62610404,34.92086741999997],[112.6293678,34.92116226000001],[112.63277124000001,34.921157220000005],[112.63319064,34.92030752999998],[112.63285152,34.91790057000004],[112.63287168000001,34.91765082000001],[112.63294152,34.91664182999999],[112.6329714,34.91565282000002],[112.63275216000001,34.91278622999998],[112.632912,34.91274600000002],[112.632912,34.912616129999975],[112.63289184,34.912556190000004],[112.63283208,34.91240651999998],[112.63277232,34.91219682],[112.63276223999999,34.91206694999998],[112.63276223999999,34.91194706999999],[112.63277232,34.911847170000016],[112.63278240000001,34.91169731999999],[112.63279212,34.911627389999964],[112.63282236,34.911497430000004],[112.63285224,34.91141751000002],[112.63294187999999,34.911237600000035],[112.63315176,34.91084763],[112.63321151999999,34.91073764999998],[112.63326156000001,34.910617769999966],[112.63331124,34.91044785],[112.6333512,34.91025804000002],[112.63340124,34.90996824000001],[112.63340124,34.90986833999996],[112.63339152,34.90971849],[112.63338144000001,34.90956873000001],[112.63337136000001,34.90945883999998],[112.63332168,34.909129260000014],[112.63329144000001,34.908839639999954],[112.63328172,34.90880966999999],[112.63325184,34.90837020000001],[112.63325184,34.90827030000003],[112.63324176,34.90807049999998],[112.63322195999999,34.90769096999998],[112.63320180000001,34.90752113999998],[112.63320180000001,34.90741124999996],[112.63311216000001,34.90741143000002],[112.63311216000001,34.907231610000025],[112.6330722,34.90710174],[112.63209444,34.90323732000003],[112.63217472000001,34.899741],[112.63217472000001,34.897743359999986],[112.63370184,34.89774101999997],[112.63501944000001,34.89773904],[112.63634712000001,34.89676821000003],[112.63613760000001,34.89505055999999],[112.63641732,34.893162360000034],[112.63655736000001,34.89040538999997],[112.63603859999999,34.888188689999986],[112.63507056,34.88408495999999],[112.63493124,34.88013980999999],[112.63421484000001,34.86048381000001],[112.63522320000001,34.85590767000003],[112.63156020000001,34.855053840000004],[112.63139064,34.855014149999974],[112.62972384,34.85462696999998],[112.62795732000001,34.85464937999998],[112.62545207999999,34.854313319999996],[112.62497292,34.85419407000001],[112.62318624000001,34.85373713999999],[112.62306636000001,34.85373731999999],[112.62295692000001,34.85369753999999],[112.62102048,34.85325077999999],[112.61904444000001,34.852744080000036],[112.61863512000001,34.85263482000002],[112.61658888000001,34.852288049999984],[112.61466252000001,34.85222081999999],[112.61251656,34.85206404],[112.61182788,34.85202507],[112.61137896000001,34.851895829999975],[112.60968228,34.851638520000016],[112.60785564000001,34.85120157000001],[112.60648836,34.850753910000016],[112.60536048,34.85048579999999],[112.60462176,34.85027709000002],[112.60410300000001,34.84994813999998],[112.60273536000001,34.84959047999998],[112.60136808,34.849053000000026],[112.60066968000001,34.84875429],[112.59869832000001,34.84853325000002],[112.59642384,34.84836936000001]]]}},{"type":"Feature","properties":{"id":"410322","name":"孟津县","adminCode":"410322","cityName":"洛阳市","provinceName":"河南省","analysisUnitType":"黄河滩区涉及县域筛查单元","sourceNote":"用户提供的黄河滩区中下游涉及县区边界；表示涉及县域，不等同于精确滩区或湿地管理单元"},"geometry":{"type":"Polygon","coordinates":[[[112.60897272000001,34.72007625000002],[112.60849320000001,34.72083621],[112.60843344,34.72108604999998],[112.60847304,34.72124579999999],[112.60842336,34.72146567000002],[112.60783404,34.72208585999997],[112.60730484000001,34.72293572999997],[112.60628639999999,34.72456553999998],[112.60347084,34.72770627000005],[112.59662904000001,34.73230077000001],[112.59158868,34.732292039999976],[112.58370252,34.73082990000003],[112.5832716,34.73071928999998],[112.5777906,34.72920135000001],[112.57349148,34.729223849999975],[112.56999372,34.73106596999999],[112.56650532,34.734246660000025],[112.56423984,34.737069780000034],[112.56278616,34.738316009999984],[112.56278616,34.73833598999999],[112.56277608,34.738525710000005],[112.55929776,34.74197612999997],[112.55888700000001,34.74253485000001],[112.55652108000001,34.74573731999998],[112.55635044,34.74578699999998],[112.55511779999999,34.74620442000002],[112.55434632000001,34.74646281000002],[112.55191128,34.74596906999999],[112.54986756000001,34.74413738999997],[112.5479142,34.74125702999998],[112.54740336,34.74091655999999],[112.54530924000001,34.73952435000002],[112.54050000000001,34.73706861000001],[112.53230352,34.73472690000002],[112.53076019999999,34.734554370000005],[112.52372544,34.73495171999998],[112.51887516000001,34.735432860000046],[112.51727172000001,34.73562986999997],[112.5114894,34.7363091],[112.50862308,34.73666370000001],[112.50330192000001,34.73725382999999],[112.5027306,34.73752257],[112.5007362,34.73849799],[112.49623584000001,34.73926893],[112.49512308,34.73947656000001],[112.49388035999999,34.739204580000006],[112.49343972000001,34.73908389],[112.49074368000001,34.73837964000002],[112.48933068000001,34.73754794999999],[112.48914024000001,34.73744768999999],[112.48506216000001,34.73392392],[112.48111404000001,34.73141921999999],[112.47956063999999,34.73059725000001],[112.47699456000001,34.73159138999997],[112.47590196,34.7320089],[112.47294492,34.73360163],[112.46977728,34.735274010000026],[112.46634900000001,34.736596200000015],[112.45952304000001,34.73924066999999],[112.45183524000001,34.74050508000001],[112.44633264000001,34.741004309999994],[112.44373704,34.74057995999999],[112.44313548000001,34.740279089999966],[112.44172248000001,34.73957726999998],[112.43839572,34.73768304000001],[112.43697264000001,34.73630180999999],[112.43507868,34.73451008999999],[112.43482811999999,34.734329819999985],[112.4342172,34.733749319999966],[112.43318472,34.73340777000003],[112.43222244,34.7335758],[112.42890468,34.73575730999999],[112.42592712000001,34.73839908000003],[112.42549620000001,34.73877788999999],[112.42293012,34.740531359999956],[112.42281960000001,34.74061101000003],[112.42210788000001,34.74109925999998],[112.41648504,34.742966849999995],[112.40829612,34.74411056999997],[112.40692308000001,34.74497709],[112.40406576000001,34.748768069999976],[112.402602,34.75030383000002],[112.40203068000001,34.750852200000004],[112.4010684,34.75176947999998],[112.40091792000001,34.75192905],[112.40014608,34.752666869999956],[112.39989588,34.75286649],[112.3997958,34.75295649000003],[112.3996662,34.75308653999997],[112.39640100000001,34.755628679999994],[112.39192836000001,34.75701369000003],[112.38813468000001,34.75756863000001],[112.38542928,34.75727280000002],[112.38445116,34.75625526000004],[112.38327360000001,34.75439883000003],[112.38317388,34.75425915000001],[112.38304392,34.75401957000002],[112.38283440000001,34.75371014999999],[112.3827246,34.75355049],[112.38271488000001,34.75352052],[112.3818966,34.75120410000002],[112.38195672,34.75087434000001],[112.38246612,34.74792657000001],[112.38270624,34.74572850000001],[112.38288624,34.74464930999998],[112.38300611999999,34.74396981],[112.3839648,34.742459969999985],[112.38594192000001,34.74013941000004],[112.38772932,34.73760942000004],[112.3875702,34.73591139000001],[112.38618276,34.73384543999997],[112.38583356,34.73342640000001],[112.38418656,34.73227998000002],[112.38401664000001,34.73216037000002],[112.3831782,34.731572220000004],[112.38290892,34.73139276000002],[112.3824096,34.731123749999966],[112.38166116000001,34.73070525],[112.37889600000001,34.730129970000036],[112.37652972000001,34.730363160000024],[112.37339484,34.73149662],[112.37138820000001,34.732218780000004],[112.37057964,34.73268947999998],[112.37034996000001,34.73282970000004],[112.36872240000001,34.73378109000003],[112.36858271999999,34.733861280000035],[112.36604688,34.73518356],[112.36450932000001,34.736004989999984],[112.3634808,34.73654588999999],[112.36299156000001,34.73680634999998],[112.36170384,34.73715789000003],[112.36141404,34.73714834999996],[112.36062564000001,34.73711954999999],[112.35920796,34.73672201999999],[112.35768084,34.73630469],[112.35657276,34.735756860000045],[112.35408732,34.73453178],[112.35355811999999,34.734322800000015],[112.34843712,34.73267202],[112.34597148,34.73186643000002],[112.34557224000001,34.73170722000003],[112.34132964000001,34.72976547000002],[112.33805579999999,34.72706313000003],[112.33541088000001,34.72487936999998],[112.33432296,34.723802160000005],[112.33312488,34.72314462000001],[112.33140804,34.72224812999999],[112.32983088,34.721641079999976],[112.32666648,34.72064676],[112.32652680000001,34.72059707999998],[112.3247898,34.72072947000001],[112.32429048,34.72079013000001],[112.3241508,34.72080039000001],[112.32337212,34.72093133999998],[112.3204968,34.72217424000001],[112.31601372,34.724498399999995],[112.31008308,34.72788338999999],[112.30403292000001,34.731338579999985],[112.29819876,34.73495055000002],[112.29713856000001,34.735470029999995],[112.29565824000001,34.73619921000002],[112.29586812000001,34.736878440000034],[112.29630804,34.73794728000001],[112.29653771999999,34.73851662000002],[112.29659784,34.73866646999999],[112.2970176,34.73970534000003],[112.2971976,34.74054440999998],[112.29733728000001,34.74128358],[112.29738732000001,34.74155331],[112.29739740000001,34.741623239999996],[112.29774696000001,34.74339128999999],[112.29887664,34.74631809],[112.29912648,34.74666765000002],[112.30015572,34.748944920000014],[112.30028532,34.75000349999998],[112.30037532,34.75065267],[112.30023528000001,34.75099251000001],[112.29956532,34.75272105000001],[112.29908508,34.753859820000024],[112.29681419999999,34.75691640000001],[112.2951438,34.757565750000005],[112.29410340000001,34.75800521999997],[112.28934276000001,34.75838484000002],[112.28852267999999,34.75852470000002],[112.2837714,34.75989315000002],[112.28071103999999,34.75990314],[112.27946076,34.759963079999984],[112.27864032,34.76071224000001],[112.27803012000001,34.76226059999998],[112.27651920000001,34.76536713],[112.27507812,34.767944279999995],[112.27308732,34.77036167999998],[112.27087656,34.77237948],[112.26846564,34.77398769000002],[112.26716531999999,34.77522636000002],[112.26653496,34.77583565999999],[112.26647448,34.77723407999999],[112.26671424,34.77885236999999],[112.26675420000001,34.77918194999999],[112.26725424,34.78034070000002],[112.26763404,34.78147947000004],[112.267944,34.7819589],[112.26991356,34.784965619999994],[112.27139316,34.78722308999999],[112.2725034,34.78824197999996],[112.27288320000001,34.788581640000025],[112.27432355999998,34.7890212],[112.27607388000001,34.78912100999999],[112.27663368,34.78919093999996],[112.27975452000001,34.78780250999999],[112.28135508000001,34.78710330000003],[112.28337576000001,34.78545503999999],[112.2870672,34.782558300000034],[112.2896484,34.779201930000006],[112.29023880000001,34.7781231],[112.29187968000001,34.77550599],[112.29235992000001,34.77479679000002],[112.294971,34.771760099999966],[112.29671124000001,34.770711239999955],[112.29816168,34.769962079999985],[112.299552,34.76995209000001],[112.30046100000001,34.770231090000024],[112.30095024,34.77120930000004],[112.30142867999999,34.77335624999999],[112.3015284,34.773955470000026],[112.30273584000001,34.77737997],[112.30421292000001,34.77966533999999],[112.30595964,34.781540850000006],[112.30764624,34.78291694999999],[112.31406503999999,34.784516159999995],[112.31713908,34.78883715],[112.31699904,34.79052546000005],[112.31646912000001,34.79368284000002],[112.31530092000001,34.7958621],[112.3137234,34.79680331999998],[112.31247527999999,34.79754420000004],[112.30943004,34.799286600000016],[112.30674443999999,34.801697699999984],[112.3043382,34.80451793999999],[112.30082388000001,34.80739974],[112.29681419999999,34.81033769999999],[112.29432372000001,34.81247528999997],[112.29294311999999,34.81425333000003],[112.29267312,34.81569170999998],[112.29304284,34.81779942000005],[112.29480288,34.820136900000016],[112.29579288000001,34.82213463000004],[112.29604308,34.822983780000044],[112.29644268000001,34.82545104000002],[112.29723252,34.82871740999998],[112.29858252000001,34.83146447999998],[112.2996726,34.83333243],[112.29978276,34.83352224000001],[112.29993252000001,34.83423143999999],[112.30014204000001,34.83524006999998],[112.29981228000001,34.83700839000001],[112.29787187999999,34.83896616],[112.29463080000001,34.84166309999995],[112.29461064,34.841703060000036],[112.2890292,34.84593810000001],[112.28502816000001,34.84801557],[112.28279760000001,34.84917422999998],[112.27745628000001,34.851820950000025],[112.27309524,34.85379852000001],[112.27088447999999,34.85621564999998],[112.26820392,34.85886255000001],[112.26467303999999,34.86071024999998],[112.26210228000001,34.86166902000001],[112.25696112,34.86411585000001],[112.25293992,34.86584366999999],[112.25105964000001,34.86665259],[112.2471486,34.86818061],[112.24395792,34.86934898999999],[112.2438078,34.86937896],[112.24007712,34.869997980000015],[112.23619632,34.87035726000001],[112.23300563999999,34.87072662],[112.23079488,34.87199498999999],[112.22957484000001,34.87311360000004],[112.22955468,34.87313358000004],[112.22933472,34.873323300000045],[112.22644392000001,34.875970020000025],[112.22361288,34.87811733],[112.21989192,34.88025447],[112.21616124,34.88205203999999],[112.21276032,34.88311053000001],[112.21027956,34.884149040000004],[112.20771887999999,34.885996649999996],[112.20766884000001,34.88795433000001],[112.20865884,34.89057126000004],[112.21170912000001,34.89261912000003],[112.21401959999999,34.89455708999997],[112.21625952,34.896305250000005],[112.21821,34.898912280000005],[112.21842996,34.899211980000004],[112.21862976,34.89992118000001],[112.21920972000001,34.90189920000003],[112.22068968,34.90452665999999],[112.22291987999999,34.90651484999999],[112.22626068000001,34.90730432999999],[112.23036108000001,34.90911288000001],[112.23280152,34.91053164],[112.23587232000001,34.91102142000003],[112.24003284000001,34.910782020000006],[112.24010304000001,34.910772029999976],[112.24343375999999,34.91053254],[112.24380384000001,34.91072244000005],[112.24503395999999,34.91138187],[112.24581408,34.912920329999984],[112.24547388,34.914518550000004],[112.24396332,34.91653635],[112.24386324000001,34.91661627000001],[112.24380312,34.91667621000002],[112.24287288000001,34.917475319999994],[112.24182275999999,34.91837424],[112.23954180000001,34.920282060000034],[112.23804132,34.92240974999999],[112.23791136000001,34.92366849000001],[112.23778104,34.92498707999999],[112.24243188000001,34.92610623],[112.24380204,34.926815610000006],[112.24948284,34.92973295999997],[112.249953,34.93011258000003],[112.2520734,34.931840939999965],[112.25501352,34.93439847],[112.25620368000001,34.936116750000025],[112.26102444,34.93889405999999],[112.26277440000001,34.94089206000001],[112.26278448000001,34.94220066],[112.26223404000001,34.94369906999995],[112.26175416000001,34.944278399999995],[112.25914307999999,34.946985420000004],[112.25968308,34.94818413000001],[112.25974284,34.95211002],[112.26025259999999,34.95583610999999],[112.26073248,34.95732453000002],[112.26211272,34.95935241000003],[112.26372264,34.9604613],[112.26668328000001,34.96155030000002],[112.270104,34.96245947999999],[112.27328460000001,34.962799229999966],[112.2764652,34.963138979999975],[112.2789456,34.96236984000001],[112.28142636,34.961041440000024],[112.28411700000001,34.95896378999999],[112.2849972,34.957645199999995],[112.28565744000001,34.95692601000005],[112.28770800000001,34.95459860999996],[112.28942880000001,34.95184172999997],[112.29095952,34.94858535000002],[112.29208992000001,34.94549879999998],[112.29344028,34.94322135000001],[112.29440076,34.942082670000055],[112.29694128000001,34.94092401000002],[112.30007184,34.939595519999976],[112.30300692,34.938422730000006],[112.30653096,34.9378983],[112.30967555999999,34.93787400000002],[112.31342928000001,34.93912734000003],[112.31699292,34.94039093999999],[112.32054684,34.941324959999974],[112.32370151999999,34.94161025999999],[112.32763487999999,34.94157480000002],[112.33134864,34.94056067999997],[112.33605096,34.93922562],[112.34172132,34.937699310000035],[112.3470126,34.936193610000004],[112.35129552000001,34.93355048999998],[112.35477996,34.93059885],[112.36003128,34.92729512999996],[112.36313628,34.924673700000014],[112.36721940000001,34.92219068999999],[112.36869719999999,34.92184905000002],[112.37367888,34.92067338],[112.37502636,34.920351810000014],[112.38091668000001,34.91896509],[112.38659712,34.918407810000026],[112.39210764,34.91882964],[112.39800768,34.91973035999999],[112.39925544,34.91972864999999],[112.39934544,34.91972856000002],[112.40453484000001,34.919745930000026],[112.40913528,34.92063315000004],[112.41315432,34.92137961000001],[112.4185068,34.921628909999974],[112.42327752,34.92142776000001],[112.4274474,34.92060615000003],[112.43144664,34.92007389],[112.43563632,34.919562060000025],[112.43866320000001,34.91858852999996],[112.44127932,34.917414569999984],[112.44188088,34.91713593000002],[112.44396564,34.91671013999998],[112.44434652000001,34.916630939999976],[112.44873671999999,34.91657882999999],[112.45404888,34.91573931],[112.46086476,34.91392356000001],[112.46691888000001,34.91164701],[112.47278256,34.90937000999997],[112.47712272000001,34.90742997000003],[112.48013988000001,34.905667320000006],[112.48278624000001,34.90468317000003],[112.4852616,34.90496729999997],[112.489281,34.90585353000004],[112.49366076000001,34.906590630000025],[112.49386128,34.90667091],[112.49519435999999,34.90719273000002],[112.49690831999999,34.90685612999999],[112.49841203999999,34.90588989],[112.50000576000001,34.90437447000001],[112.500567,34.90384607999997],[112.50140868,34.90242912],[112.50315252,34.90025463000001],[112.50502632,34.898879520000015],[112.506489,34.898192910000034],[112.50816228,34.897626540000026],[112.51114848,34.89727229999999],[112.51371347999999,34.89658767000001],[112.51607832,34.89682167000001],[112.51774152,34.897683689999994],[112.51996596,34.89785748000002],[112.52226060000001,34.89699258000001],[112.52565756,34.89745815],[112.52773152,34.89774165000003],[112.53317256,34.89427521000003],[112.53620880000001,34.89162354],[112.5372708,34.89017705999997],[112.54095864,34.88489945999996],[112.5430128,34.88235597000002],[112.54654008,34.87942557],[112.54884480000001,34.878141089999986],[112.55312339999999,34.87718987999999],[112.56025788000001,34.87721265000002],[112.56127992,34.87729437000001],[112.56241212,34.87727646000001],[112.56366492000001,34.877168819999994],[112.56512760000001,34.876781910000005],[112.56648048000001,34.87638474000002],[112.56771312000001,34.875817559999966],[112.56872508000001,34.87515011999998],[112.56973704,34.874572589999985],[112.57073928000001,34.87353551999999],[112.57162128,34.87221855],[112.57238268,34.87061169000001],[112.57264332000001,34.87017267],[112.57297416,34.86992354999999],[112.57326468000001,34.86892518000002],[112.5741366,34.86722858999998],[112.57510896000001,34.86497283000001],[112.57610112,34.862906879999976],[112.57753392000001,34.86074184],[112.57885692,34.85904606],[112.58064072,34.85734119000002],[112.5824346,34.855726139999994],[112.58443872000001,34.85402162999999],[112.58611236,34.85241638999998],[112.58823672,34.85099178000003],[112.58957952,34.85013515999999],[112.59138348,34.84926936000001],[112.59364788,34.84859417999997],[112.59642384,34.84836936000001],[112.59869832000001,34.84853325000002],[112.60066968000001,34.84875429],[112.60136808,34.849053000000026],[112.60273536000001,34.84959047999998],[112.60410300000001,34.84994813999998],[112.60462176,34.85027709000002],[112.60536048,34.85048579999999],[112.60648836,34.850753910000016],[112.60785564000001,34.85120157000001],[112.60968228,34.851638520000016],[112.61137896000001,34.851895829999975],[112.61182788,34.85202507],[112.61251656,34.85206404],[112.61466252000001,34.85222081999999],[112.61658888000001,34.852288049999984],[112.61863512000001,34.85263482000002],[112.61904444000001,34.852744080000036],[112.62102048,34.85325077999999],[112.62295692000001,34.85369753999999],[112.62306636000001,34.85373731999999],[112.62318624000001,34.85373713999999],[112.62497292,34.85419407000001],[112.62545207999999,34.854313319999996],[112.62795732000001,34.85464937999998],[112.62972384,34.85462696999998],[112.63139064,34.855014149999974],[112.63156020000001,34.855053840000004],[112.63522320000001,34.85590767000003],[112.6359018,34.85566700999997],[112.63815792000001,34.85507454000001],[112.64074308,34.85439170999999],[112.64344776,34.85341907999998],[112.64580360000001,34.85263662000003],[112.64896764000001,34.85175327000003],[112.6515528,34.85126025000001],[112.65448716,34.850656889999975],[112.65967728000001,34.84975068000005],[112.66419888,34.84894535999996],[112.66905996000001,34.848039689999986],[112.67368128000001,34.847134379999964],[112.67729424,34.84644021000005],[112.67999928,34.846026929999994],[112.68214524000001,34.845624449999995],[112.68463068000001,34.84503179999998],[112.68654695999999,34.84453977000001],[112.68811404,34.84386846],[112.68929196,34.84335744000003],[112.68942156,34.84321748999999],[112.69060956000001,34.841957400000005],[112.6918872,34.841296530000015],[112.69274544000001,34.84048634999999],[112.69475208,34.83878579999999],[112.69674828000001,34.83688545000001],[112.69943352,34.83498429],[112.70015244000001,34.834314420000005],[112.70121228,34.83333566999999],[112.7021022,34.83252666000001],[112.70430180000001,34.82970029999999],[112.70675124,34.82705358000002],[112.70965068000001,34.82477630999996],[112.7123298,34.82305838999999],[112.71592908000001,34.821520109999994],[112.71976812000001,34.82036136000003],[112.72359708,34.81937243999998],[112.72856544000001,34.81856307],[112.7353338,34.81734420000002],[112.73917248000001,34.81673462999997],[112.7432412,34.816674510000034],[112.74388128000001,34.816764330000005],[112.74688008000001,34.81718363999999],[112.75005924,34.81801245000003],[112.75028892,34.8180723],[112.75508735999999,34.81986987],[112.76078544,34.82201700000001],[112.76491392,34.824573810000004],[112.76489412000001,34.82475353999997],[112.76697348,34.82547263999997],[112.77039204,34.82673101999996],[112.77404100000001,34.82834894999998],[112.77838944000001,34.83071613000002],[112.78249812,34.832324070000006],[112.78473732,34.83335286000004],[112.78523700000001,34.83359262000002],[112.78909584,34.83428165999998],[112.78930571999999,34.83431162999999],[112.79277468000001,34.834970789999964],[112.79589372,34.835100569999966],[112.79973276000001,34.834660920000026],[112.80128436000001,34.83431316],[112.802436,34.83406503],[112.80380796,34.833337740000005],[112.80534012000001,34.832520809999984],[112.81025736000001,34.82965088999998],[112.81427316,34.82715924000003],[112.82354676,34.82154837],[112.82320656,34.82134812000002],[112.82216508,34.82071731000003],[112.82015232,34.81957575000002],[112.81799952,34.81814429999998],[112.81466484,34.81637157000004],[112.81084992000001,34.81442837999999],[112.80799584,34.81249652999998],[112.80653424,34.81088624999999],[112.80556296,34.80904692000001],[112.80514248,34.80659900999998],[112.80458196000001,34.803441719999995],[112.8040218,34.799495220000004],[112.80076776,34.79783228999998],[112.79807748,34.79531391000001],[112.79539872000001,34.793296110000014],[112.79271023999999,34.79047920000001],[112.79057112000001,34.78869117],[112.78941192,34.787552400000024],[112.7881026,34.78577426999998],[112.78735307999999,34.78422581999999],[112.78716372000001,34.78245759000003],[112.7862144,34.77975030000002],[112.78498536,34.77683331000002],[112.78285668000001,34.77453570000001],[112.78064772,34.77246794999999],[112.77937836000001,34.771199220000014],[112.77934848000001,34.77115926000001],[112.77927863999999,34.77107934000003],[112.77720972,34.76953106999998],[112.77425088000001,34.768622159999985],[112.76747280000001,34.76970152999998],[112.76290404000001,34.77039120000003],[112.76035452,34.77217967999997],[112.75943472,34.77285908999997],[112.75939476,34.77288905999996],[112.75126560000001,34.779733109999995],[112.74885576000001,34.78215105000002],[112.74787584,34.7824908],[112.74566688,34.78185161999998],[112.74562692,34.78184162999997],[112.74388776,34.78131224999999],[112.74295788,34.78103253],[112.74094872,34.780792950000034],[112.73927904,34.78078313999998],[112.73808924000001,34.78158242999999],[112.736889,34.78386042000001],[112.73687892,34.78505930999998],[112.73846796000001,34.78649778],[112.73971752,34.78702725],[112.73983704000001,34.788226050000006],[112.73814684,34.79067396000004],[112.73624675999999,34.79347152000002],[112.73086764,34.796988720000016],[112.72765788000001,34.798747410000004],[112.72527864,34.79951690999998],[112.72333932000001,34.79916744],[112.72154004000001,34.798578120000016],[112.71952044000001,34.79816870999996],[112.71695112,34.79883840000001],[112.71491136,34.80059673000001],[112.71239208,34.8018354],[112.7107926,34.80256466999999],[112.70897280000001,34.803184050000006],[112.70667347999999,34.80328412999997],[112.70466432,34.80291477],[112.70424456,34.802934750000034],[112.69938708000001,34.80145784999998],[112.6969614,34.80121134000002],[112.69381752000001,34.80165485999999],[112.6929492,34.802065440000014],[112.69173132,34.80261633],[112.68935568,34.803568169999984],[112.68685044,34.80418070999999],[112.68427536,34.804573559999994],[112.68108144,34.80454773000002],[112.67766792,34.80492176999999],[112.67476344,34.80398675999995],[112.67198855999999,34.80300161999997],[112.66844544,34.802526780000036],[112.66679844000001,34.80269877],[112.66490232000001,34.80289101000003],[112.66246692,34.803393570000004],[112.6588536,34.80307865999998],[112.65620868,34.80266258999998],[112.65455196,34.80185573999998],[112.65330420000001,34.801437869999994],[112.65226632,34.800350489999964],[112.65073992,34.798204619999986],[112.64932332000001,34.79592860999998],[112.64932368000001,34.79494958999996],[112.649274,34.79398056000002],[112.64957387999999,34.792201799999994],[112.65126156000001,34.78993182000001],[112.65170076000001,34.78951160999998],[112.6529388,34.78834106999997],[112.65477552,34.786800090000035],[112.65589404,34.78566969000003],[112.65621372,34.78416074999999],[112.65627384000001,34.78392090000001],[112.65654348000001,34.78264172999999],[112.656924,34.77931433999996],[112.65784272,34.77710520000001],[112.65807276000001,34.77566627999999],[112.65920100000001,34.77395637],[112.66046928,34.77236625],[112.66166772,34.770256559999986],[112.66316568,34.76671793999999],[112.66339643999999,34.76329083000003],[112.66308792000001,34.75979451000001],[112.66257024000001,34.75601874],[112.66127316000001,34.753482809999966],[112.66052508,34.75182536999999],[112.65998652,34.751126790000015],[112.65963732,34.75066770000003],[112.65844968,34.74998990999997],[112.65784092000001,34.74963108000001],[112.65387876000001,34.74937665],[112.65097392000001,34.74967031999999],[112.6507644,34.749710549999996],[112.65032520000001,34.74998091000001],[112.64896728000001,34.75114164],[112.64892732,34.751181689999996],[112.64875776000001,34.751141909999994],[112.64665176000001,34.75069515000003],[112.64463576,34.750338209999995],[112.64406696,34.749979380000035],[112.64263019999999,34.74906218999997],[112.64105375999999,34.74699624000001],[112.63865904000001,34.743722670000025],[112.63721256000001,34.741766520000006],[112.63686336,34.740837900000024],[112.6365444,34.740099000000015],[112.63614552,34.73815139999997],[112.63657500000001,34.73712180000002],[112.6374138,34.73598177000002],[112.63839228,34.734961440000006],[112.63716504,34.73329473],[112.63497984,34.73141949],[112.63413168000001,34.730761320000035],[112.63117788000001,34.72845758999999],[112.62654755999999,34.72607619000001],[112.62499056,34.72555886999999],[112.62286548,34.72239482999996],[112.62062016,34.72080947999999],[112.62031092000001,34.720550190000004],[112.61907324,34.720242210000016],[112.61879388000001,34.72017263999998],[112.61749644000001,34.72007454000001],[112.61443212,34.720128720000005],[112.61006063999999,34.72008479999997],[112.60897272000001,34.72007625000002]]]}},{"type":"Feature","properties":{"id":"410725","name":"原阳县","adminCode":"410725","cityName":"新乡市","provinceName":"河南省","analysisUnitType":"黄河滩区涉及县域筛查单元","sourceNote":"用户提供的黄河滩区中下游涉及县区边界；表示涉及县域，不等同于精确滩区或湿地管理单元"},"geometry":{"type":"Polygon","coordinates":[[[113.81816232,34.87863662999999],[113.81323032,34.878750030000006],[113.81249844,34.87881897],[113.81235804,34.878838770000016],[113.80607280000001,34.87946976],[113.80092047999999,34.87978260000001],[113.79756636,34.88023088999998],[113.7940038,34.88106006000002],[113.79201228000001,34.88165945999999],[113.79122172,34.88211891000001],[113.79068136000001,34.88240861999997],[113.78959056000001,34.88301801000001],[113.787639,34.88509565999998],[113.7867282,34.88589485999999],[113.78633796000001,34.88642423999999],[113.78443644000001,34.88981048999996],[113.78229444,34.892817120000004],[113.77993248,34.89602355000002],[113.77736028000001,34.89959960999999],[113.77346688,34.90395444000002],[113.77064448,34.90679096999999],[113.76758196,34.909088220000015],[113.764059,34.91120573999999],[113.76007596,34.91314334999999],[113.75608284,34.9147215],[113.75208,34.91592003000001],[113.75004852,34.916289569999996],[113.74936812,34.91640945],[113.74920792,34.916439420000025],[113.74773696000001,34.91670914999998],[113.74738668,34.91676900000002],[113.74384428,34.91713862999999],[113.74291368,34.91723843999999],[113.73774012000001,34.91735832000001],[113.73369732,34.917448229999984],[113.72738292000001,34.916838930000026],[113.72344056,34.91668917],[113.72107896,34.91659925999997],[113.71587516000001,34.91596997999995],[113.70930084000001,34.91463159],[113.70432779999999,34.91399241],[113.70184596,34.913433060000024],[113.69979504000001,34.912973789999995],[113.69592972000001,34.911770669999974],[113.69231424,34.91091684],[113.68821924000001,34.90953426000001],[113.68368468,34.90851186000002],[113.68050876000001,34.90747749000002],[113.67756216000001,34.906792499999966],[113.67508536000001,34.90666605000003],[113.67306756,34.90689861000005],[113.67279792000001,34.90709877000001],[113.6720088,34.90711992000001],[113.67129960000001,34.90767026999998],[113.66887248,34.909201889999984],[113.66712432,34.91091233999999],[113.66692452000001,34.91110241999999],[113.6668248,34.911202410000016],[113.66494668,34.91299295999999],[113.6632086,34.914693419999985],[113.66152055999999,34.916643539999995],[113.66125091999999,34.916953589999984],[113.66072136000001,34.91759358000001],[113.65952256,34.919033670000026],[113.65756488000001,34.92110402999999],[113.65492788,34.92301554],[113.65207091999999,34.92492741000001],[113.6485152,34.92630089999999],[113.64562836,34.927473689999985],[113.64254208000001,34.929206100000016],[113.6400948,34.929998640000015],[113.63628924000001,34.93063340999996],[113.63179464000001,34.93072970999999],[113.62883832,34.929505350000035],[113.62589207999999,34.92864054000001],[113.62497300000001,34.928621819999975],[113.62184676000001,34.928546399999995],[113.61891024,34.92928971000001],[113.61783168000001,34.92956097],[113.61383604,34.93113489000002],[113.60985084,34.93288871999999],[113.60631491999999,34.934631839999966],[113.60412720000001,34.9363431],[113.60235924000001,34.93731456000002],[113.60080116,34.93771632000003],[113.59877904000001,34.93776537000004],[113.59696464000001,34.93761227999998],[113.59491948,34.936729559999996],[113.59263348,34.93584648000001],[113.59112976,34.93502469000001],[113.58908459999999,34.93507094999998],[113.58907452000001,34.936729110000016],[113.58858276000001,34.93935530999999],[113.58845244000001,34.94307096000001],[113.58860220000001,34.94781602999997],[113.58833111999999,34.951990949999946],[113.58820044000001,34.95507732000003],[113.58849096,34.957944720000036],[113.58886176,34.95965355],[113.58904212,34.96051287],[113.58919224,34.96280067000002],[113.59038528,34.96548987000004],[113.59198908,34.96840956000002],[113.59394352000001,34.97167944000003],[113.5942344,34.97200956000003],[113.59653984,34.97539005],[113.59787292,34.97745014999998],[113.5979532,34.97758011000001],[113.59835424,34.978190219999966],[113.60024748000001,34.981389090000015],[113.60253420000001,34.98463215000001],[113.60326356,34.98554007],[113.60554056,34.98835356000001],[113.60853648000001,34.991375759999976],[113.61041424000001,34.992851400000035],[113.61257136,34.993597320000056],[113.61444912,34.99405398000001],[113.61526812000001,34.99441235999996],[113.61612708000001,34.99479063000003],[113.6178648,34.995527280000026],[113.61890376000001,34.99586531999999],[113.62134060000001,34.99666082999997],[113.62412736,34.997465699999985],[113.62496616,34.99757433000002],[113.62670424000001,34.99779149999999],[113.62935096000001,34.99853670000002],[113.63101884000001,34.99956306000001],[113.63124852,34.999972200000016],[113.63135832,35.00015193000004],[113.63380524,35.00086761000002],[113.63425488,35.00099676],[113.63475419999999,35.00168544],[113.63478444,35.00273447999998],[113.63387544000001,35.00463410999999],[113.63159808,35.00699534999999],[113.62943088,35.008387380000016],[113.6287116,35.00879805000002],[113.6278728,35.009208989999976],[113.6272734,35.00971938000001],[113.62655448000001,35.010230040000025],[113.62608504,35.010840149999986],[113.62548564000001,35.01145053000001],[113.62502628,35.012050650000006],[113.62497624000001,35.01213065999998],[113.62454676,35.012770739999986],[113.62431708000001,35.01348048000003],[113.62396752000001,35.01418031999999],[113.62351788000001,35.015579819999985],[113.62353803999999,35.016428970000014],[113.6235582,35.01718829999997],[113.62441716000001,35.01747674999999],[113.62497624000001,35.01772569000001],[113.62527612000001,35.01786509999998],[113.626125,35.01795375000002],[113.62698395999999,35.01824219999999],[113.627943,35.0181009],[113.62803264,35.018220600000014],[113.63003028,35.01819765000002],[113.63087952,35.01827630999998],[113.63196816,35.01825471000003],[113.632947,35.01834317999999],[113.63380596,35.018521739999976],[113.6347848,35.01861021000004],[113.63563368000001,35.01879876000005],[113.63648292,35.01888740999997],[113.63734188000001,35.019065970000014],[113.63820084000001,35.01915452999999],[113.63893992000001,35.01954306],[113.63955912,35.02004174999999],[113.6400588,35.02073033999999],[113.64043824000001,35.02141919999998],[113.64082776000001,35.022217860000005],[113.64084791999998,35.02302713999998],[113.64063804,35.024426189999964],[113.64040836000001,35.02512585000002],[113.63971932000001,35.026545600000006],[113.63948964000001,35.027954730000005],[113.63915016,35.02866455999997],[113.63916024000001,35.028954269999964],[113.63916024000001,35.02908422999999],[113.6392002,35.03106233999997],[113.63936004,35.03171151000003],[113.63982948,35.03175075000001],[113.64068844,35.03203929000002],[113.64166728000001,35.03201778000002],[113.64337512,35.03219508],[113.64680124,35.03293929000002],[113.64766019999999,35.033227740000015],[113.64815988000001,35.03381642999999],[113.64939828,35.03480372999997],[113.65039728,35.03599119000003],[113.65053732000001,35.03669031000002],[113.65079688,35.03738924999999],[113.650857,35.039886930000016],[113.65062732000001,35.040596669999964],[113.65052724,35.041296149999994],[113.65006788000001,35.042715630000025],[113.64996816,35.04341511000001],[113.64974856,35.04411477000003],[113.64939899999999,35.044824689999984],[113.64928920000001,35.04553424999997],[113.64893964000001,35.046234089999984],[113.64871968,35.04693384000001],[113.64801048000001,35.048353590000026],[113.64779088,35.04916322999997],[113.64756120000001,35.04986289000001],[113.64721164000001,35.05056282000002],[113.64698196,35.051272559999994],[113.64688224,35.051972039999995],[113.64699204,35.05687749000005],[113.64689232,35.05758696000004],[113.64715224000001,35.05828599000001],[113.64728184,35.058985110000016],[113.64754176000001,35.05968414000002],[113.64778152000001,35.05995351],[113.64805116000001,35.06027283000001],[113.64831108,35.06107176000002],[113.64978923999999,35.061848819999994],[113.65065828,35.062237169999996],[113.65151724,35.06252562000001],[113.65236648000001,35.06270418000001],[113.65322544,35.06299263000002],[113.65495343999999,35.06376933],[113.65667172,35.064346229999984],[113.6574108,35.06473476],[113.65826976000001,35.06492331000002],[113.65912872000001,35.06530166999999],[113.65986815999999,35.06569028999998],[113.66060724,35.06617872000001],[113.66209548,35.066955779999994],[113.662575,35.067114899999986],[113.6629548,35.06724423000001],[113.66369388000001,35.067632759999995],[113.66381376000001,35.06766255000001],[113.66455284,35.06782130999996],[113.6654118,35.06810976000003],[113.66626104000001,35.06819841000001],[113.66754948,35.06817653999996],[113.66980704000001,35.06813316000002],[113.67016668000001,35.06813262000003],[113.6713752,35.06802093000002],[113.67307332,35.06778855000001],[113.67502092,35.06755589999996],[113.67599004,35.067534390000006],[113.67683892,35.06732333999999],[113.6798856,35.067278789999996],[113.68085436000001,35.06735727],[113.6818332,35.06734583999997],[113.68268244000001,35.067234689999985],[113.68366128000001,35.067123269999975],[113.68450008,35.06700213000002],[113.68534932,35.06679107999997],[113.68924488,35.06672528999997],[113.690943,35.06650299000001],[113.6917818,35.066082060000014],[113.69239128000001,35.06557158000001],[113.69324016,35.06566023],[113.69451887999999,35.06594805000002],[113.69494836000001,35.06603732999998],[113.69668644000001,35.06597478000002],[113.69689596,35.06600447999997],[113.69787516000001,35.066182860000005],[113.69959308,35.06655996000002],[113.70044304000001,35.06683913999998],[113.70131352,35.06702894999999],[113.70205404000001,35.06741865000002],[113.70291443999999,35.06750856],[113.703885,35.067488579999996],[113.70472559999999,35.067278789999996],[113.70557628,35.06696901000001],[113.70604644000001,35.06635961999997],[113.70639636,35.065650240000004],[113.70699684,35.06514066],[113.70722688000001,35.06444126999998],[113.70806748,35.06403168000001],[113.70853763999999,35.06331231000003],[113.7090078,35.06271291000001],[113.70960792000001,35.06210342999996],[113.71007844,35.06149395000001],[113.71054860000001,35.06068466999998],[113.71077864,35.05997529000001],[113.71123872000001,35.059266000000015],[113.711589,35.05856661],[113.71206924,35.05795712999999],[113.71265928000001,35.057437650000004],[113.71363992,35.05742766],[113.7144906,35.057507580000006],[113.71535100000001,35.05769738999997],[113.7161214,35.058007080000024],[113.71634172,35.058087],[113.7171924,35.0583768],[113.71805280000001,35.05875641999999],[113.71977396000001,35.059335929999975],[113.72149476,35.05970556],[113.72235552000001,35.06008527000003],[113.72308596,35.060484869999996],[113.72395644,35.06086449],[113.72544756,35.06184369],[113.72605776,35.06234319000001],[113.72644836,35.06304258000003],[113.72658840000001,35.06373198000003],[113.72660856,35.064531269999996],[113.7263886,35.065240560000014],[113.72567796,35.06665931999999],[113.72521788,35.06726879999998],[113.72461776,35.06777829000003],[113.72377716000001,35.06818797],[113.72317668000001,35.06879736000003],[113.72233644,35.06920703999999],[113.72173596,35.06971652999997],[113.72089572,35.07013620000002],[113.72017536,35.07064568999995],[113.71957488000001,35.07115526999999],[113.71899456,35.07196455000002],[113.71885452000001,35.072174339999975],[113.71851432000001,35.07267393000004],[113.71712400000001,35.07551135999995],[113.71702392,35.076210750000044],[113.71704408,35.07701004],[113.71756428,35.07839873999998],[113.71794480000001,35.07920802000003],[113.71868532,35.07969762],[113.71888548000001,35.07973758000002],[113.71954572,35.07986744999998],[113.72028624000001,35.08025705999998],[113.72114663999999,35.08054686000001],[113.72188716000001,35.080936470000005],[113.72274792,35.08132617],[113.72337828,35.081815680000034],[113.7241188,35.082305280000035],[113.72437908,35.082365220000014],[113.72496912,35.08249508999997],[113.72583996,35.082884699999994],[113.72670036000001,35.08316451000001],[113.72755104000001,35.08335431999999],[113.72773104,35.083384289999955],[113.72841144,35.083434239999995],[113.72915196000001,35.08382384999998],[113.72960232000001,35.08402374000003],[113.73001235999999,35.084213550000015],[113.73087312000001,35.084403359999996],[113.73259427999999,35.084982870000005],[113.73345468,35.08516269],[113.73430536000001,35.085442410000006],[113.73504552,35.08583210999998],[113.73590628000001,35.08622171999998],[113.7366468,35.08661142],[113.73739704,35.08710092999998],[113.73863796,35.088080039999966],[113.74026912000001,35.08921899000003],[113.74166016,35.08986843],[113.7438414,35.09036802000003],[113.74589268000001,35.090837549999996],[113.7469734,35.0910774],[113.75009532,35.09178668999998],[113.75657928000001,35.09322543],[113.76197280000001,35.09407467000001],[113.76616536,35.09472410999997],[113.7698874,35.09521361999999],[113.77073808,35.095133700000005],[113.77774188,35.09264592000002],[113.77889244,35.091926640000004],[113.78155392,35.08867953000002],[113.78321460000001,35.086421519999966],[113.78387484000001,35.08402373999999],[113.78471508000001,35.080926480000045],[113.78473488,35.080796610000014],[113.78543508,35.078208930000024],[113.78579508,35.076750209999986],[113.78661552000001,35.07565122000002],[113.78897676000001,35.073093509999964],[113.789637,35.07277382999995],[113.7904974,35.07231419999998],[113.79567060000001,35.071944570000014],[113.79892284,35.07299361000002],[113.7998934,35.07338331],[113.80052484000001,35.07364385999997],[113.80143708,35.07496389],[113.80296168000001,35.079341940000035],[113.80457592,35.08402986000001],[113.80538844,35.08619894999999],[113.80653108,35.08735941000001],[113.80816548,35.0887203],[113.80884732000001,35.08903097999998],[113.81453136,35.089448039999986],[113.81622588,35.08928045999999],[113.82243120000001,35.088639300000004],[113.82361416,35.08864082999998],[113.82967944,35.090197380000035],[113.83141392,35.09063918999999],[113.8319352,35.09069984999996],[113.83341876,35.09017227000001],[113.83796016000001,35.08829009999999],[113.84115804000001,35.08743519000001],[113.84417592000001,35.08776881999997],[113.84503812000001,35.08821953999998],[113.84509824,35.08828956000001],[113.84559936000001,35.088959609999954],[113.84649180000001,35.091068670000034],[113.84649180000001,35.09318655000003],[113.84530884,35.09446374000001],[113.843304,35.09615943000001],[113.84347464000001,35.097088769999985],[113.84398584,35.097658829999965],[113.84536932,35.09801028000003],[113.8497102,35.098375589999996],[113.85055224,35.09868636000001],[113.85117396000001,35.099386470000006],[113.85183528,35.102294370000045],[113.85238607999999,35.10500220000001],[113.85321804,35.10646173000002],[113.85602424000001,35.111240459999976],[113.85781848,35.11288107000001],[113.86459476,35.11608668999999],[113.86567728,35.116587540000005],[113.86904544000001,35.118919620000014],[113.87253384,35.120832209999975],[113.88398111999999,35.12607200999999],[113.88505356,35.127262259999995],[113.8852638,35.12808170999998],[113.88512340000001,35.12913038999997],[113.88455172,35.130218580000026],[113.88075156000001,35.134878779999994],[113.8796586,35.13620592],[113.87907684000001,35.137214189999966],[113.87919708,35.13779369999997],[113.87953800000001,35.13822372000001],[113.88015936000001,35.13881393999999],[113.88102156000001,35.13909483],[113.88176316,35.139485430000015],[113.88370787999999,35.13944808000002],[113.88456000000001,35.13933935999998],[113.88540204,35.13912066],[113.88573288,35.13897126],[113.88613392,35.13871206000002],[113.88782844,35.13828474000003],[113.88868020000001,35.13836582999997],[113.88954240000001,35.13864671999999],[113.89052484000001,35.138937690000006],[113.89200840000001,35.139708899999995],[113.89287024000001,35.140189589999984],[113.8936122,35.14058018999996],[113.89436388,35.14107068999998],[113.89498524000001,35.14156101000002],[113.89560660000001,35.142151320000025],[113.89610772,35.14284125999999],[113.89713012,35.14403142000005],[113.8973904,35.14472109000003],[113.89789152,35.14541102999998],[113.89868316,35.14751000999998],[113.8989636,35.14890897000001],[113.8989834,35.149708260000004],[113.89936428,35.150398019999976],[113.89947444,35.15090769000003],[113.89950432,35.15109749999999],[113.89952412,35.15190677999998],[113.90031432,35.153994600000004],[113.9003838,35.15639202],[113.90065308000001,35.15779017],[113.90068296000001,35.15858927999998],[113.90082264,35.159278320000006],[113.90091192,35.16238503000002],[113.90091192,35.16249492000003],[113.90104151999999,35.16319403999999],[113.90131115999999,35.163882809999976],[113.90169024000001,35.16457140000003],[113.90218956000001,35.16516989999999],[113.902569,35.16585849000003],[113.90308811999999,35.166476879999976],[113.90325768000001,35.16666633000004],[113.90357700000001,35.16704532],[113.90403636,35.16740415],[113.90420628000001,35.16753366000003],[113.90506488,35.16792164999999],[113.90678244,35.16847785],[113.90752116,35.16886601999997],[113.90837975999999,35.169254009999996],[113.90922864000001,35.16933231000001],[113.91009731999999,35.16961041000002],[113.91144551999999,35.16986762999999],[113.91157512000001,35.169917309999995],[113.91205464000001,35.169986339999994],[113.913153,35.17006418999999],[113.9141214,35.17003232999996],[113.91498036,35.170120620000006],[113.91668784000001,35.17049700000001],[113.91875496,35.17044318000003],[113.91973344,35.170631100000016],[113.91998292000001,35.170650629999976],[113.92013268000001,35.170670340000015],[113.92058232000001,35.17070940000002],[113.92253928000001,35.17067573999999],[113.92337808,35.17055423999999],[113.92447680000001,35.17054217999999],[113.92557516,35.17041024000004],[113.92654356,35.17039836],[113.92739244,35.17027694999999],[113.93043804,35.17022115],[113.93128692,35.17010973000003],[113.93420292,35.17004420999999],[113.93506152,35.1701325],[113.93605008,35.17031043000002],[113.93689896000001,35.17049862],[113.93948520000001,35.17134291],[113.94010404000001,35.171831249999975],[113.940963,35.17211933999997],[113.94171180000001,35.17270730999998],[113.9427,35.17329483],[113.94356904,35.17368282000002],[113.94430776,35.17406100000003],[113.94516635999999,35.174249190000005],[113.94602532,35.17453727999999],[113.94688391999999,35.17471548000003],[113.94774288,35.17500356999998],[113.94848160000001,35.175391740000016],[113.94899064,35.17598024999999],[113.94961992,35.1764685],[113.949999,35.177167080000025],[113.95061820000001,35.177755320000024],[113.95847699999999,35.17845975000003],[113.95874664,35.178569100000026],[113.9590962,35.178698339999954],[113.95962540000001,35.178847199999986],[113.96002464,35.17895628],[113.96051388000001,35.17907526000002],[113.96271096000001,35.178841349999985],[113.96529720000001,35.17908615],[113.96784348,35.17844193],[113.96855268,35.17803107999999],[113.96941164,35.177809590000024],[113.97025044,35.17738848000001],[113.97109932,35.177276970000015],[113.97194784000001,35.17706556],[113.97279671999999,35.176744260000035],[113.9737554,35.176322880000036],[113.97460428,35.17611147000001],[113.97558312000001,35.17589978999999],[113.97862872,35.17584407999998],[113.9796072,35.175932190000005],[113.98132476,35.17608870000002],[113.98182408000001,35.17632756000002],[113.98217364,35.17627689],[113.98304232000001,35.176564979999995],[113.98390092000001,35.176643279999986],[113.98475988000001,35.17693136999997],[113.98550868000001,35.17741943999997],[113.98612788,35.17790778],[113.98663692000001,35.17849629000001],[113.98671684,35.178606],[113.98673664,35.17868582999998],[113.98701636000001,35.179194870000025],[113.98703616,35.17979418000001],[113.98787496,35.179283070000004],[113.98919328000001,35.17820172],[113.98931316000001,35.178081569999996],[113.98967280000001,35.17774128000003],[113.99056164000001,35.177230079999994],[113.99111064,35.17691930999999],[113.99171003999999,35.17639874999999],[113.99242896000001,35.17599770999998],[113.99326776000001,35.17576640999997],[113.99397696000001,35.175515309999966],[113.99411664,35.17546509000001],[113.99471568,35.17494444],[113.99518512,35.174344139999995],[113.99637348,35.173312920000015],[113.99709276,35.17280208],[113.99744232,35.17210214999999],[113.99766191999998,35.17139241],[113.99801148,35.170692480000035],[113.99812164,35.169982919999995],[113.99846112,35.16927300000002],[113.99893055999999,35.16857279999998],[113.99899032,35.16852275999999],[113.99964947999999,35.16815186999996],[114.00241572,35.167217849999965],[114.00312492,35.16687684000003],[114.00376392000001,35.16667595999999],[114.00500232,35.16629409000001],[114.0054516,35.166153419999986],[114.00571116,35.166103020000016],[114.00761844,35.16574995000002],[114.01117344000001,35.16576353999999],[114.01352028000001,35.16558948000001],[114.01621668,35.16582438000004],[114.02071020000001,35.16570638999998],[114.02306712000001,35.16545241],[114.02542367999999,35.16489872999997],[114.02703144,35.164406340000006],[114.02829000000001,35.163465029999976],[114.0291486,35.163373589999985],[114.03025704000001,35.16337160999999],[114.03135576000001,35.16335964],[114.03245412000001,35.163357659999974],[114.03318311999999,35.163346319999974],[114.03428148,35.16345422999998],[114.03571932000001,35.164630529999975],[114.03764676,35.16551612999999],[114.0384456,35.165664539999995],[114.04062252,35.16605027999999],[114.04267956000001,35.165956680000015],[114.04498644,35.165632859999995],[114.04579536,35.16545160000002],[114.04707336,35.16513957000001],[114.04814184,35.16476805000001],[114.04921067999999,35.164126709999955],[114.04994976,35.163755820000006],[114.05110788,35.16322427999998],[114.05197692,35.16292296000003],[114.052716,35.162512019999994],[114.05332512000001,35.16201144000006],[114.05427372000001,35.16155019000003],[114.0550326,35.16119918999999],[114.05595132,35.16069807000001],[114.05686032000001,35.16018696000001],[114.05723975999999,35.159986440000004],[114.05818836,35.15952518999996],[114.05894760000001,35.15915420999998],[114.05955672,35.158663620000006],[114.06041532,35.158362389999986],[114.06127428,35.15817096000003],[114.06224304000001,35.158169250000014],[114.06309192,35.15786801999995],[114.0635412,35.15776730999997],[114.0639606,35.15766668999998],[114.06504924000001,35.15767470000004],[114.06613752000001,35.15757281999996],[114.06699648,35.157681179999976],[114.0676056,35.158179600000004],[114.06796487999999,35.15852861999999],[114.06821436,35.15877792000001],[114.06899340000001,35.159415839999966],[114.06931307999999,35.15968502999998],[114.06942288,35.15978475000002],[114.07003200000001,35.160393060000025],[114.07051116000001,35.16099155999995],[114.07128983999999,35.16162956999995],[114.07172940000001,35.16198839999996],[114.07245839999999,35.16249653999999],[114.07343688,35.16279452999999],[114.07407588,35.16293322000002],[114.07440528000001,35.16300251999997],[114.07538412000001,35.16300081000004],[114.076233,35.16289937999999],[114.07721148,35.16290757],[114.07812048000001,35.162406450000006],[114.0790392,35.161915319999984],[114.07940856,35.16170490000002],[114.08024736,35.161133940000006],[114.08087664,35.160713189999996],[114.08148576,35.16011271000001],[114.08221476,35.159711849999994],[114.08307372,35.15942052000004],[114.08368284000001,35.15891993999997],[114.08417244,35.15821974000003],[114.0845418,35.15751980999999],[114.08479164,35.15664024],[114.08528088,35.15591007000002],[114.08565060000001,35.155210140000015],[114.08613984,35.15461982999997],[114.08644944000001,35.15428962000005],[114.08675904,35.15391945],[114.08724864000001,35.15311935000002],[114.08797763999999,35.1526185],[114.08894604000001,35.15232708000001],[114.08956524,35.1518265],[114.0904242,35.151425280000026],[114.090534,35.151365160000026],[114.09139296000001,35.151023969999976],[114.09224184,35.150722739999985],[114.09327036,35.15041124999995],[114.09419915999999,35.15012981999999],[114.09526764,35.149918140000004],[114.0954174,35.149897889999984],[114.09614640000001,35.14973669999995],[114.09717491999999,35.14941522000003],[114.09809364,35.149133879999994],[114.09907247999999,35.148932280000025],[114.10012152,35.148691170000006],[114.10118424,35.14845284999998],[114.10163532,35.14834359000001],[114.10255764,35.14823487],[114.10260768,35.14823496],[114.10359011999999,35.14824629999997],[114.10444224000001,35.14815755999998],[114.10529436,35.14795892999999],[114.10614648,35.147860110000025],[114.10712892000001,35.147861460000016],[114.10798104000001,35.14776273],[114.1089534,35.14747427999996],[114.1098156,35.14716575999999],[114.11079804,35.14697729999998],[114.11164980000001,35.14667877000001],[114.1125624,35.14618053000003],[114.11311356,35.14588155000003],[114.11408592000001,35.1455832],[114.11482788,35.145194579999995],[114.11507844,35.144485650000014],[114.11519904000001,35.143786529999986],[114.11581032000001,35.14328783999999],[114.11655228000001,35.14278932999999],[114.1173342,35.142161039999976],[114.11776548,35.14179203999996],[114.11850708,35.14139343000004],[114.1187778,35.14130387999997],[114.11887824,35.14126401000004],[114.1193592,35.14110488999999],[114.12021132000001,35.14070645999997],[114.12095328000001,35.140307849999964],[114.12156492000001,35.139709260000004],[114.12217620000001,35.13921066000002],[114.12290807999999,35.13871214999997],[114.12341928,35.13810347999996],[114.12351971999999,35.137963709999966],[114.12389052,35.13750470999999],[114.12450216,35.13701600999998],[114.1249932,35.13641733000001],[114.1250436,35.13637746000003],[114.12560484000001,35.135918640000014],[114.1259256,35.135589420000045],[114.12621648000001,35.13532013999997],[114.12670752000001,35.13472136999997],[114.12743939999999,35.13422285999998],[114.12805103999999,35.13372426000001],[114.12866267999999,35.13313565999997],[114.12939420000001,35.13273705000002],[114.13013616,35.132128740000006],[114.13098828000001,35.131830210000004],[114.1318404,35.131431780000014],[114.1327026,35.131233149999986],[114.1336548,35.13079494],[114.13440648000001,35.13044627999999],[114.13513836,35.13003776999999],[114.13599047999999,35.129839139999994],[114.13697292,35.12955078],[114.13797552000001,35.129202480000025],[114.13867716,35.128953720000034],[114.13952928,35.12855529000003],[114.14039148,35.12824677000001],[114.14124324000001,35.128058130000014],[114.14159424,35.12786886000003],[114.14197512000001,35.12765951999998],[114.14282723999999,35.127261179999984],[114.14367936000001,35.12676285000002],[114.14464163999999,35.12632464000001],[114.14539368000001,35.12596599000002],[114.14630592,35.12546775],[114.14685707999999,35.12516885999998],[114.14746872,35.124670259999995],[114.14838096000001,35.124182009999984],[114.14883204,35.12384297999997],[114.14894220000001,35.123873040000014],[114.14979432000001,35.12357460000001],[114.15076668,35.12317634999997],[114.15162888,35.122867830000004],[114.15223044000001,35.122369139999996],[114.15324276000001,35.12203092000001],[114.1539444,35.12178215999997],[114.15479651999999,35.121583529999995],[114.1557588,35.12148498000001],[114.15686148,35.12148650999996],[114.1572726,35.121497039999994],[114.15796416,35.12148803999998],[114.15904668,35.12148947999998],[114.15978864,35.12150054999997],[114.16064076,35.121401819999996],[114.16173336,35.12139327],[114.16270572,35.12140461000001],[114.16355784000001,35.12150568],[114.1645302,35.12180673],[114.16526172,35.12220732],[114.16611384000001,35.12250810000003],[114.16696596,35.122609170000004],[114.16805855999999,35.12261070000002],[114.16916124,35.12260224],[114.17025383999999,35.122603769999984],[114.17098572,35.122604759999994],[114.17183784000001,35.12230623000001],[114.17276016000001,35.12181807],[114.17331132000001,35.12151909000001],[114.1740432,35.121020670000014],[114.17477508,35.12062206],[114.17562684,35.12022371999999],[114.17635872000001,35.119725209999984],[114.17697036000001,35.119126709999996],[114.17770188,35.11872819000001],[114.17831352,35.11812968999996],[114.17867424,35.11743092999997],[114.17917572,35.11682226],[114.17965668000001,35.116133669999996],[114.18051888,35.11572524999999],[114.18149124,35.11543698000002],[114.18234336,35.11522835999996],[114.18320556,35.115229530000015],[114.18343596,35.11522988999997],[114.18440832,35.115231240000014],[114.18549084,35.115202710000005],[114.18586164,35.115213239999996],[114.18653339999999,35.115234120000025],[114.18762600000001,35.11525563000001],[114.18804719999999,35.115296129999976],[114.18890904,35.11536731999997],[114.18926004,35.115397739999985],[114.19034256,35.115349319999986],[114.19095420000001,35.115330149999984],[114.19202664000001,35.11517184000001],[114.19310916,35.11502342999999],[114.19356024000001,35.11496412],[114.19425216,35.11491516],[114.19465284,35.11488573000003],[114.19574580000001,35.11481732999998],[114.1968384,35.11474893000001],[114.1972092,35.11471950000001],[114.19830180000001,35.11462104000001],[114.19916400000001,35.11455237],[114.20008596000001,35.11457343],[114.20025588,35.11457343000003],[114.20135676000001,35.11460340000004],[114.2025876,35.11473326999999],[114.20366832,35.11485315000002],[114.20490924,35.11502288999995],[114.20563968,35.11512279000001],[114.20673048,35.115202710000005],[114.20758116,35.11527263999998],[114.20865180000001,35.11547244000002],[114.20952264,35.11563227999998],[114.21055332,35.115921900000004],[114.21118368,35.116091730000015],[114.21227448,35.11611170999999],[114.213285,35.11622160000004],[114.21436572,35.11611170999999],[114.21568692000001,35.11587204000001],[114.21613728000001,35.11578213000003],[114.21722772000001,35.11571219999999],[114.2184888,35.11562229],[114.21896904,35.11537254000002],[114.21926928,35.11542249],[114.22031004,35.11516274999999],[114.22154088,35.11515275999997],[114.22213128,35.11516274999999],[114.223212,35.11499291999998],[114.22422288,35.11499291999998],[114.22531368,35.11502288999995],[114.2264844,35.115042869999996],[114.22682459999999,35.11505286000001],[114.2279154,35.11507284000003],[114.22837584000001,35.11509282000003],[114.22946628000001,35.115172740000034],[114.23019708000001,35.11523267999998],[114.23123784,35.11547244000002],[114.231798,35.11560231000001],[114.23289888000001,35.11559232000004],[114.23398968000001,35.11558233000001],[114.23529036000001,35.11558233000001],[114.23639124,35.11558233000001],[114.23712168,35.11559232000004],[114.2380926,35.11548243000001],[114.23894292,35.11528262999997],[114.23992392,35.11529262000001],[114.24053412,35.114793209999974],[114.24062412,35.114833169999976],[114.24126456,35.114293710000034],[114.24211524,35.11398410999997],[114.24302604,35.11349460000004],[114.24321612,35.11339470000002],[114.24357648,35.11319489999997],[114.24410676000001,35.11276542000001],[114.24418668000001,35.112695489999986],[114.2443368,35.11252565999999],[114.24467700000001,35.11209617999996],[114.24559788,35.11159668000005],[114.24613824000001,35.11129698],[114.24674844,35.11121715000001],[114.24697884000001,35.11117719],[114.24996072,35.110767599999974],[114.25055112000001,35.11068768000004],[114.25099139999999,35.10955890000003],[114.25096152,35.10778086],[114.25103136,35.10578304],[114.25103136,35.10326583000005],[114.25138164,35.10082854000003],[114.25246236000001,35.09803142999998],[114.25471415999999,35.09591354999998],[114.25483404,35.09576370000001],[114.2552646,35.09513433000001],[114.25580496,35.094355109999995],[114.25610520000001,35.09390556],[114.25618512000001,35.093805660000044],[114.25666536,35.09320626],[114.25710564,35.09238708000006],[114.25740588000001,35.091807659999965],[114.25761612000001,35.09120826],[114.25770612000001,35.09094852000001],[114.25801644,35.09007938999999],[114.25814639999999,35.08970976000001],[114.25869684,35.088930540000014],[114.25911732,35.088321150000006],[114.25949748,35.08752186000004],[114.2599878,35.086712670000004],[114.26027796000001,35.08585352999998],[114.26046804,35.08531406999997],[114.26071824,35.08451486999998],[114.26081832000001,35.08392545999998],[114.26087844,35.08362576000005],[114.26093856,35.083296090000005],[114.26096844,35.083116270000005],[114.26108868,35.082317069999974],[114.26106852000001,35.08166771999999],[114.26108868,35.08151787000004],[114.26122872,35.08061876999998],[114.26133888000001,35.07991947000001],[114.26149872,35.07902037000002],[114.26158871999999,35.07852086999999],[114.2615988,35.077611780000026],[114.2615988,35.07671268000001],[114.2615988,35.076013379999964],[114.26147892,35.07512426999999],[114.26133888000001,35.07422517],[114.26122872,35.07351587999997],[114.26110847999999,35.07281658000001],[114.26111856,35.07191748000004],[114.26111856,35.071018380000034],[114.26111856,35.07030908999999],[114.26096844,35.06941998000001],[114.26085828000001,35.068800600000024],[114.26087844,35.06801139000001],[114.26087844,35.06721218999999],[114.26074848,35.066323080000004],[114.26067828000001,35.06583356999999],[114.26060808000001,35.065433970000036],[114.26060808000001,35.06535405],[114.26048820000001,35.06453487],[114.26040792,35.064015390000016],[114.26010804,35.063146259999975],[114.2598078,35.06228712000001],[114.25967748,35.06190750000001],[114.25955760000001,35.061208200000024],[114.25919724,35.060408999999986],[114.259077,35.05951989],[114.25895712,35.05881059999999],[114.25835664,35.05806135000003],[114.2579862,35.05760181000003],[114.25737600000001,35.05701239999999],[114.25652532000001,35.056502909999985],[114.25561488000001,35.05600340999997],[114.25507452000001,35.05570370999997],[114.25054104,35.055453960000015],[114.25054104,35.05520420999998],[114.25054104,35.05509432000001],[114.25054104,35.05469471999999],[114.25054104,35.05439501999999],[114.25054104,35.05399542000003],[114.25054104,35.053695720000015],[114.25054104,35.053386030000006],[114.25054104,35.05318623],[114.25054104,35.05308633000002],[114.24995064000001,35.05301639999998],[114.24606804000001,35.05258682999997],[114.2453376,35.05217724000003],[114.24448691999999,35.05188752999999],[114.24410676000001,35.051617800000024],[114.24375648,35.05137804000003],[114.24318588,35.05091849999998],[114.24266568,35.05028912999997],[114.24230532,35.04958982999999],[114.24218544,35.04888053999999],[114.24230532,35.04818124000002],[114.24230532,35.04738203999996],[114.24243564000001,35.04658284000002],[114.2425656,35.04569372999998],[114.2426556,35.04520422000001],[114.24270564000001,35.044794629999984],[114.24280572,35.04427515000004],[114.24316608,35.04358584000001],[114.24341628,35.04277664999997],[114.24354624,35.042077349999985],[114.24366648,35.04127805999999],[114.24378636,35.04057876000001],[114.24379644000001,35.03978954999997],[114.24403656000001,35.039080260000006],[114.24410676000001,35.038850489999994],[114.24428676000001,35.038291049999955],[114.24428676000001,35.037471870000005],[114.24441672,35.03668266000003],[114.24441672,35.03578355999997],[114.24425688000001,35.03487447000001],[114.2441766,35.03437497000003],[114.24410676000001,35.03424509999999],[114.24380652,35.033685659999975],[114.2435664,35.03297636999999],[114.24313584000001,35.0321472],[114.24283596000001,35.031577769999984],[114.24235536,35.03096838000002],[114.24192516,35.03014919999998],[114.24162492,35.02957976999998],[114.24118464,35.02876059000002],[114.24091428000001,35.02780155000002],[114.24091428000001,35.026982369999985],[114.24075444,35.02609325999996],[114.24066444,35.02557378],[114.24082428000001,35.024684670000006],[114.24091428000001,35.024175180000015],[114.24116448000001,35.023475880000014],[114.24128472000001,35.02277658000001],[114.24140496000001,35.02187747999993],[114.24141468,35.02107828000002],[114.2416548,35.020279080000016],[114.24177504000001,35.01957977999999],[114.24178512,35.01867069],[114.24193524,35.01768168000002],[114.24202524,35.01717218999999],[114.24239532,35.016472889999996],[114.24270564000001,35.01579356999997],[114.24276576000001,35.015673689999986],[114.24312612,35.01498437999998],[114.24337632000001,35.014095270000006],[114.24362616,35.01327608999997],[114.2437464,35.012486880000026],[114.24398652,35.011787580000004],[114.24410676000001,35.01110825999998],[114.24436668,35.01027908999999],[114.2445168,35.00938997999999],[114.24460716,35.00888048999998],[114.24484728,35.00818118999997],[114.2451072,35.007381990000006],[114.24534768000001,35.00668269000003],[114.24546756000001,35.00597339999998],[114.24571776,35.00517419999996],[114.24583799999999,35.00448489],[114.24584772,35.0035758],[114.24584772,35.00067870000001],[114.24584772,35.00014923],[114.24568788,34.99994943],[114.24410712000001,34.99798157999999],[114.24370680000001,34.99748208000003],[114.24328704,34.99301699999997],[114.24320748,34.99117902000001],[114.24307788,34.988721749999975],[114.24190752000001,34.98477606000003],[114.24009708000001,34.98031098],[114.23871684000001,34.975626119999966],[114.23857752,34.97179031999999],[114.2369172,34.96590683999995],[114.2367174,34.96458825000003],[114.23636748,34.962120990000024],[114.23615760000001,34.96075245000002],[114.23525760000001,34.95697658999998],[114.23491776,34.95400992000002],[114.2361594,34.95034395000001],[114.23644992000001,34.94765682],[114.237351,34.94434049999998],[114.23944296,34.94050470000005],[114.23985372,34.937018549999976],[114.24054456,34.93466118000002],[114.24118536,34.93271331000002],[114.24216636,34.92916722000001],[114.24223692000001,34.92586079999998],[114.24271788,34.92242460000002],[114.24263796000001,34.92142569000001],[114.2423784,34.91853884999999],[114.24165804,34.91744004],[114.24112776000001,34.91662094999998],[114.24043764000001,34.91556210000003],[114.23807640000001,34.91332461],[114.23578536000001,34.91138672999999],[114.23411460000001,34.90945883999998],[114.23057220000001,34.91074745999998],[114.21684288,34.91744004],[114.21464112000001,34.91848890000002],[114.20971776,34.92003726],[114.20464428000001,34.92266436000001],[114.20152128000001,34.92696960000003],[114.19892712000001,34.929825119999975],[114.19785432,34.93007342999999],[114.19636032000001,34.93205919],[114.19361244000001,34.93473263999999],[114.18784704000001,34.93816109999999],[114.18281423999998,34.93941300000004],[114.17647788000001,34.94009376000001],[114.16813632,34.94127123000002],[114.16539924,34.94093795999998],[114.16451688000001,34.94149614000001],[114.1640856,34.94196504000002],[114.15944376,34.942847849999985],[114.15272615999999,34.94488643999998],[114.14907684,34.94480166],[114.1423596,34.94656062000003],[114.13436904,34.94691945000001],[114.1266492,34.94920634999998],[114.12502488000001,34.94995326],[114.12157608000001,34.95154679999999],[114.11887896,34.95225231000003],[114.11245260000001,34.95393162000001],[114.11046756,34.95401882999997],[114.10594596,34.95412259999998],[114.10065252000001,34.95428523],[114.09627635999999,34.95457071],[114.07474008000001,34.950854969999995],[114.06184992,34.94890107000006],[114.05086704,34.94946077999999],[114.03989424000001,34.94846213999999],[114.03451224000001,34.95097925999998],[114.03247536,34.95202181999997],[114.02877132,34.95329721000001],[114.02506692,34.95457268999997],[114.02069364,34.95583935000003],[114.01668972,34.95600657],[114.01174764000001,34.95451742999995],[114.00904188000001,34.95223494],[114.00512796000001,34.94908566],[114.00059484,34.944269309999974],[114.00000588,34.94381093999999],[113.99715972,34.941608549999984],[113.9950728,34.939185120000026],[113.99399424,34.93801836000004],[113.9929956,34.93693133999997],[113.9909184,34.934847480000016],[113.98884156000001,34.93292337],[113.98698396,34.931148659999984],[113.98530636000001,34.929054],[113.98384836000001,34.927448399999996],[113.97990384,34.92342999000001],[113.97456144,34.91753598000003],[113.96964816,34.916406120000005],[113.96739132,34.91530137],[113.96542428000001,34.91283761999998],[113.96235852000001,34.905171330000016],[113.95804464,34.901822610000025],[113.95356084000001,34.89946326000004],[113.9498964,34.89758208000002],[113.94588204,34.89669036],[113.9420772,34.89661727999997],[113.93850239999999,34.89703326],[113.93414820000001,34.897959990000004],[113.92959456000001,34.898897069999975],[113.92382232,34.89919704],[113.9174514,34.89952815],[113.91227855999999,34.89981704999999],[113.90670612000001,34.90012674000002],[113.90233248000001,34.90024445999998],[113.89811148000001,34.89935742],[113.89408200000001,34.89829343999997],[113.88943116,34.896759209999985],[113.88677508,34.89517763999997],[113.884119,34.893426239999975],[113.88186396,34.891835129999976],[113.88001968,34.89023466000003],[113.87818548,34.88929335000002],[113.87554920000001,34.88804136],[113.87497788,34.88789078999999],[113.8731336,34.88743890000003],[113.86990584,34.88668560000001],[113.86905408000001,34.88643477000001],[113.8668588,34.88579261999996],[113.86680876000001,34.88608224000001],[113.86398204,34.885499129999985],[113.86036331999999,34.88465537999998],[113.85562176,34.88421968999999],[113.85111095999999,34.883584470000024],[113.84591868000001,34.88277852000001],[113.8411674,34.881783479999996],[113.83800984000001,34.88129982000001],[113.83370964000001,34.88029532999996],[113.82918876000001,34.87929047999999],[113.82491844,34.87902516000002],[113.81816232,34.87863662999999]]]}},{"type":"Feature","properties":{"id":"410727","name":"封丘县","adminCode":"410727","cityName":"新乡市","provinceName":"河南省","analysisUnitType":"黄河滩区涉及县域筛查单元","sourceNote":"用户提供的黄河滩区中下游涉及县区边界；表示涉及县域，不等同于精确滩区或湿地管理单元"},"geometry":{"type":"Polygon","coordinates":[[[114.41377872000001,35.22612069000002],[114.41401955999999,35.22541175999998],[114.41451096,35.224823159999985],[114.41534292,35.224235189999995],[114.41621520000001,35.22382713000003],[114.417198,35.22361905],[114.41805012,35.223330869999955],[114.41891232,35.22323249999997],[114.41988504000001,35.223024329999966],[114.42086748000001,35.22302613000003],[114.4217196,35.22282776999998],[114.42250152000001,35.22274928999995],[114.42280248,35.222719859999984],[114.42334392000001,35.22266082000001],[114.42389508000001,35.222601870000034],[114.42464712,35.22252329999997],[114.42550932,35.22242493000003],[114.42635172,35.22203676000001],[114.42679272000001,35.22120831],[114.42709368,35.220629429999995],[114.42734460000001,35.21983059000001],[114.42744468000001,35.21893158],[114.42770568,35.218032840000006],[114.42782592,35.217233820000025],[114.42782628,35.21633463],[114.42782628,35.21552544],[114.42770604,35.214835860000015],[114.42746556,35.21412603000002],[114.42709476,35.21343609000001],[114.42660336,35.21282571000002],[114.42624264000001,35.212125779999965],[114.42612240000001,35.21133630000005],[114.4259622,35.21043684000001],[114.42588192000001,35.20992717000002],[114.42588192000001,35.20912787999997],[114.42637332000001,35.20842938999999],[114.4268046,35.20759095000001],[114.42710555999999,35.20702197000004],[114.42805812,35.206574129999986],[114.42881988,35.20622583],[114.42967236000001,35.20612745999997],[114.43052448,35.205729299999966],[114.43136688,35.20543113000001],[114.43234932,35.205233039999996],[114.43332168,35.20523483999999],[114.43430448000001,35.20533644999997],[114.4351566,35.20553778000001],[114.43600872,35.20592901],[114.43674060000001,35.20633994999999],[114.43649975999999,35.20702880999997],[114.43735188000001,35.20742994000003],[114.43790340000001,35.20821023999998],[114.43832424,35.20884042000002],[114.43868496,35.20953036],[114.43917636,35.21013075000002],[114.4396674,35.21083094999999],[114.44019876,35.21162114999997],[114.44077008000001,35.21233152000003],[114.44145192,35.21284227],[114.44154192,35.21297222999998],[114.44231412,35.213603039999995],[114.44259456,35.21383334999999],[114.4434366,35.21440431],[114.44405832000001,35.21483505000001],[114.44503068,35.21503656000004],[114.44600304000001,35.215437869999995],[114.44686524,35.2156293],[114.44771772,35.215730730000026],[114.44869008,35.21583234],[114.44974272,35.216083980000015],[114.45040440000001,35.21622500999996],[114.45137676,35.21652641999997],[114.45222924000001,35.21673773999998],[114.4532016,35.21703923999998],[114.45417396,35.217230760000035],[114.45527700000001,35.21723273999997],[114.4563696,35.21723463000003],[114.45747264,35.21722662],[114.45856524,35.21722859999997],[114.45954804,35.217130409999996],[114.46052040000001,35.21682243],[114.46155324,35.21653460999998],[114.462666,35.216276850000035],[114.46371900000001,35.216028900000026],[114.46478172,35.21577105000003],[114.46600500000001,35.215323659999996],[114.46697736,35.21511558000001],[114.46782948,35.214917310000004],[114.46868196,35.214619139999996],[114.46963452,35.214171300000025],[114.46990524,35.21396196000002],[114.47058708,35.21372337000005],[114.47124876000001,35.21341485000001],[114.47197056,35.213006520000015],[114.47283312,35.21250855000003],[114.4737954,35.212110659999986],[114.47464787999999,35.211712590000005],[114.4754802,35.21112462],[114.47636256000001,35.210706660000014],[114.47721468,35.21039850000003],[114.47798687999999,35.20976049000003],[114.47859851999999,35.20939193999996],[114.47855820000001,35.209301939999975],[114.47941068,35.20890387000001],[114.48013248000001,35.20850553000001],[114.48062388,35.207907029999994],[114.48123552,35.20739861999999],[114.482088,35.20710045],[114.48257904,35.207261100000025],[114.4825794,35.206361999999984],[114.4825794,35.205992370000004],[114.48270000000001,35.205093450000014],[114.48282024000001,35.20439441999999],[114.48293076,35.20369530000002],[114.48319140000001,35.202896549999956],[114.48334224,35.202007709999975],[114.48342252,35.20149830999999],[114.48342252,35.20069910999999],[114.48330228,35.19999954],[114.48342252,35.19920051999998],[114.4834326,35.19839124000002],[114.48372348000001,35.197532550000034],[114.48402444,35.196663960000045],[114.48415476000001,35.19629450999996],[114.48431496,35.19540558000001],[114.48439524000001,35.19488619],[114.48439524000001,35.193987000000035],[114.48449568000001,35.193327840000016],[114.4845054,35.19327789],[114.48454572,35.192958209999965],[114.48455580000001,35.19289835999998],[114.48463608,35.192388959999995],[114.48476640000001,35.191589849999986],[114.48488664,35.19089073000002],[114.48518724,35.19002205],[114.4854882,35.18916336000004],[114.48561851999999,35.18879399999995],[114.48573876,35.1880848],[114.48609984000001,35.18738613],[114.4863504,35.18668719000003],[114.4863504,35.185778009999986],[114.4863504,35.18508869999999],[114.48659124000001,35.18437977000001],[114.48671148000001,35.18368055999998],[114.48680148000001,35.183361060000024],[114.48683172,35.18279162999996],[114.48695196,35.182082519999994],[114.48720288000001,35.181283679999986],[114.48732312,35.18048456999996],[114.4875636,35.17978563000001],[114.48766404000001,35.17921638000001],[114.48768384,35.17908650999998],[114.488055,35.178287940000025],[114.48820548,35.177389020000014],[114.48829548,35.17687962],[114.48829548,35.17608032999999],[114.48854639999999,35.175281490000025],[114.48865656,35.17458236999998],[114.48865656,35.17378308000002],[114.48871668000001,35.17340354999997],[114.48877680000001,35.172973979999995],[114.48823536,35.17143443999999],[114.48814535999999,35.17094474999999],[114.48844595999999,35.17085537999998],[114.48860652,35.17079570999999],[114.48914796000001,35.170606799999995],[114.49024056,35.170389000000014],[114.49061172,35.170349669999986],[114.49114308,35.17022070000005],[114.49201536000001,35.170092359999984],[114.49248659999999,35.1699633],[114.49296756000001,35.16989426999997],[114.49427112000001,35.169866550000016],[114.49436112000001,35.16986673000002],[114.49594548,35.16993944999997],[114.49635624000001,35.16999012000001],[114.49731888000001,35.17027154999996],[114.49758960000001,35.17031205],[114.49820124,35.17049294999998],[114.49882260000001,35.17062390000003],[114.4996146,35.17071525000001],[114.50000556,35.17080587999997],[114.500106,35.17082604000001],[114.50207088,35.17144910999998],[114.502482,35.17164972],[114.50384532000001,35.17218171],[114.50404584,35.17221203999997],[114.50493828,35.17251345000002],[114.50645208,35.17293591000002],[114.50682288,35.173086389999995],[114.50713356,35.173146959999976],[114.5073744,35.17324730999997],[114.5076048,35.173277730000024],[114.50848716,35.17353909],[114.50859732,35.173549260000044],[114.50920896000001,35.17373024999994],[114.50935944000001,35.17373052000001],[114.51032172000001,35.17399206000003],[114.51101364,35.174083319999994],[114.51192588,35.174274749999974],[114.5134998,35.17448751000001],[114.51380040000001,35.174538],[114.51413124000001,35.17459857],[114.51487320000001,35.17480971000001],[114.51517416,35.174930220000014],[114.51560508,35.17517078999998],[114.51646728,35.17566191999997],[114.51686832,35.17594236000003],[114.51739968000001,35.17645284],[114.51821148,35.177523389999976],[114.51847212000001,35.17774362],[114.51866256000001,35.177863859999995],[114.51993588,35.17837578000002],[114.52069800000001,35.178546960000006],[114.52204116,35.17871931],[114.52231187999999,35.17874982],[114.52284324,35.17882065000002],[114.52365540000001,35.17877223],[114.52385592,35.17874262000001],[114.5250288,35.17857495],[114.52624164,35.17847729999996],[114.52976064,35.178413850000034],[114.53063292,35.1782955],[114.53142492,35.17810713000002],[114.53209668,35.17781868000001],[114.53234724,35.17766927999998],[114.53363064000001,35.17707222000002],[114.53378076,35.17704251999997],[114.53397120000001,35.17690302000003],[114.5372598,35.17526070000001],[114.53834232,35.17480314000002],[114.53950548,35.174255850000016],[114.54069852,35.17376849999999],[114.54119964,35.173519649999974],[114.54141024,35.173470150000014],[114.54181128,35.17324109999996],[114.54195168000001,35.173221390000045],[114.54255324,35.172832859999986],[114.54302448,35.172594],[114.54470856,35.17157807999999],[114.54484896000001,35.17152840000001],[114.54610211999999,35.17078149],[114.54640308,35.17057224000001],[114.54751583999999,35.16993495000003],[114.54766632,35.16980535000001],[114.54811740000001,35.16957639],[114.54823764000001,35.169466770000035],[114.54863868000001,35.16921773999997],[114.55001208,35.16848100000001],[114.55016256,35.168411339999984],[114.55049340000001,35.168252130000006],[114.55070400000001,35.16820263000002],[114.55092468000001,35.16809310000002],[114.55144596000001,35.16783435000001],[114.55193700000001,35.16759548999998],[114.55252848,35.16730685999999],[114.55311996,35.16701832],[114.55337087999999,35.16680897999999],[114.5537118,35.16662978999999],[114.553782,35.16657992999996],[114.55468416,35.165882339999996],[114.55533576,35.16532415999996],[114.5563686,35.16427710000001],[114.55695,35.16375869999998],[114.55698996000001,35.163718829999986],[114.55884504000001,35.16182423999996],[114.55955676,35.16114627000001],[114.55983756,35.16084711000001],[114.56006796000001,35.16066774000001],[114.56018856,35.16050808],[114.5608902,35.159830109999994],[114.5618226,35.158862879999994],[114.56263476000001,35.15804522999997],[114.562755,35.15797547999995],[114.56351712,35.15718770999998],[114.56387784,35.156878740000046],[114.56410860000001,35.15663942999998],[114.56447940000001,35.15636043],[114.56578296,35.15523399000004],[114.5669058,35.15420717999999],[114.56720675999999,35.15387813999998],[114.56739719999999,35.153678700000015],[114.5681892,35.152701209999954],[114.56848008,35.152452000000025],[114.56882099999999,35.152102979999974],[114.56941248000001,35.15160464999996],[114.57040500000001,35.15063751],[114.57053531999999,35.15046795000002],[114.57085608,35.150198849999995],[114.57122724,35.14983993000001],[114.57177876,35.14923161999999],[114.57247032000001,35.14827392999997],[114.57285156,35.14782509999999],[114.57342288000001,35.14720689],[114.57351324000001,35.14704714000003],[114.57379404000001,35.146788029999975],[114.57393444,35.14658850000003],[114.57407484000001,35.14646889000001],[114.57486684000001,35.145551339999976],[114.57498708,35.145441720000036],[114.57509724,35.14527206999998],[114.57535824,35.144892989999974],[114.57572904,35.144524079999975],[114.57658116,35.14410612000001],[114.5774736,35.14354838999999],[114.57875700000001,35.14302144000003],[114.57893736000001,35.142941879999995],[114.5799702,35.142434370000004],[114.58048140000001,35.14218560999999],[114.58097280000001,35.141946839999996],[114.58130364,35.14184757],[114.58174464000001,35.14162859999998],[114.58195524,35.141569110000006],[114.58227600000001,35.141489820000025],[114.58252656,35.141400360000006],[114.58334880000001,35.141202180000015],[114.58365948000001,35.14108284000003],[114.584652,35.14077512999998],[114.58533384,35.14060655999999],[114.58564488,35.14051728000002],[114.58662732,35.14022946],[114.58752948,35.14001139000002],[114.58765980000001,35.13998168999997],[114.58778004000001,35.13993201000003],[114.58941443999998,35.13957552],[114.58944468,35.139565620000006],[114.58984536000001,35.13951639],[114.59058732000001,35.13932801999998],[114.59232180000002,35.138971709999986],[114.59393604000002,35.138575259999996],[114.59458763999999,35.13850658999999],[114.59485835999998,35.13842721],[114.59500884000002,35.138347559999985],[114.59541995999997,35.13814857000001],[114.5956806,35.13810914999999],[114.59615183999998,35.13793022999999],[114.59655287999999,35.13786110999998],[114.59780604000001,35.13750390000001],[114.59821716,35.13739482000001],[114.59905919999999,35.13729645000001],[114.60164904000001,35.13673647],[114.60249755999997,35.13648555000002],[114.60319668000004,35.13627486000005],[114.60405528000003,35.13598398],[114.60516335999999,35.13574269000003],[114.60545280000001,35.13567230999997],[114.60619187999998,35.13541158],[114.60668112000002,35.135281079999984],[114.60684096,35.13526082999997],[114.60701051999999,35.13525066000002],[114.60717036000001,35.135260379999984],[114.60731004000003,35.13531015000002],[114.60744971999999,35.13536991000003],[114.60757968000001,35.135459550000014],[114.6076794,35.13556934999999],[114.60787919999997,35.13594860999998],[114.60796883999998,35.13602843999998],[114.60806892000001,35.1360882],[114.60834827999999,35.136167760000006],[114.60885732000001,35.13622698000001],[114.61065444,35.136444240000024],[114.61080420000002,35.136463950000014],[114.61092407999999,35.13646377000001],[114.61103388000002,35.13644369999997],[114.61112388000002,35.136393569999996],[114.6112236,35.13632354999997],[114.61130351999999,35.136253530000026],[114.61216211999998,35.135403209999964],[114.61334040000001,35.134252830000015],[114.61355027999998,35.13411269999997],[114.61374,35.13403250999995],[114.61455864,35.13377169],[114.61580676000001,35.13339036000001],[114.6167154,35.133089399999996],[114.61837247999999,35.13255768],[114.61951079999997,35.132196509999986],[114.61956083999999,35.13217644],[114.62050943999999,35.13184551000002],[114.62117832,35.13157488],[114.62225652,35.13108384000004],[114.62307515999998,35.13076308000002],[114.62425343999999,35.130331889999965],[114.62498244000003,35.130131099999964],[114.62641992,35.129699550000026],[114.62764824000001,35.12935827],[114.62802768,35.12925783000003],[114.62865659999999,35.12911707000001],[114.62922575999998,35.12902634999999],[114.62970492000001,35.12890584000001],[114.63010416000002,35.12874545999999],[114.63050376,35.12853513],[114.63069347999999,35.12842497000002],[114.63081299999997,35.12834486999999],[114.63096312,35.12822481000001],[114.63124248000003,35.12796471000002],[114.63162191999999,35.127614609999966],[114.63248051999999,35.12672432999998],[114.63315947999999,35.12600424],[114.63353891999998,35.12562407999998],[114.63431795999999,35.12484387],[114.63520644000002,35.12393361],[114.63543612,35.123663609999994],[114.63567588000001,35.12338352999998],[114.63581556000001,35.12325348000001],[114.63613523999997,35.12300337000002],[114.63663456000002,35.12261304000002],[114.63696395999999,35.122302989999966],[114.63723359999999,35.12195297999999],[114.6376728,35.121293099999974],[114.63818219999997,35.12060307],[114.63883127999998,35.11967318999998],[114.63951024000002,35.11858346999999],[114.63991956000001,35.11788363000003],[114.64020936,35.117383859999975],[114.64047899999998,35.11686401999996],[114.64076844,35.11617434999998],[114.64095816000004,35.11540494000001],[114.64119792,35.11458548999996],[114.64142759999997,35.11392588000001],[114.64191684000002,35.11286639999999],[114.64241616,35.11183680000002],[114.64289567999998,35.11100709],[114.64312536,35.11059722999999],[114.64343495999998,35.11002734999996],[114.64366464,35.10965745000003],[114.64430364,35.10884745],[114.64493255999999,35.10801746999997],[114.6452922,35.10757746000001],[114.64613099999998,35.10659735999999],[114.64751880000001,35.105127029999984],[114.64786836000002,35.10468702000002],[114.64862723999998,35.10398673000004],[114.64939584000003,35.1034263],[114.64978536,35.10320598000001],[114.64976555999999,35.10219716999998],[114.64954596,35.09889092999997],[114.64972559999998,35.09836127999998],[114.65009532000002,35.09766143999998],[114.65021483999999,35.09686206000002],[114.65021483999999,35.096062859999975],[114.65051436,35.09519327999997],[114.65069436,35.09466362999997],[114.65112348000001,35.09383383000002],[114.651423,35.09326395000002],[114.65166276000001,35.092464390000025],[114.652152,35.09175447000001],[114.65263116000001,35.09115435],[114.65300052000002,35.090364689999994],[114.65347967999998,35.08966466999998],[114.65372951999998,35.088955019999986],[114.65421875999998,35.08836498000003],[114.65481780000002,35.087754690000004],[114.65530668,35.08715466],[114.65584596,35.086374630000016],[114.65627544000002,35.08575470999999],[114.65664479999998,35.08505487000003],[114.65725355999997,35.084454569999984],[114.65756316,35.08406459999999],[114.65785296,35.08369451999997],[114.65816219999999,35.083324439999984],[114.65822232,35.083244429999986],[114.65858159999999,35.08255467000001],[114.65907084000001,35.08194455999998],[114.65950031999998,35.08111484999996],[114.65979984,35.08054496999999],[114.660279,35.07994484999999],[114.66076824,35.079254909999996],[114.66125748,35.07864480000002],[114.66161675999997,35.07794504999998],[114.66205596,35.07711524999998],[114.66258516000002,35.0764452],[114.66307439999997,35.07564528000003],[114.66352368,35.07482547000002],[114.66404279999998,35.07414543],[114.66453204000003,35.07344540999999],[114.66511128000003,35.07267536999999],[114.66562031999999,35.07203528999997],[114.66622943999998,35.07143508000001],[114.66658872,35.07073523999998],[114.66708804000001,35.07013512000001],[114.66756719999998,35.069335289999984],[114.66804636000002,35.06873525999997],[114.66877536000003,35.068234679999996],[114.66951408000001,35.06783408999997],[114.67021319999999,35.06714379000002],[114.67072224000002,35.06663358],[114.67172052000001,35.066262509999945],[114.67272887999998,35.06573169000001],[114.67327824,35.06543118000002],[114.67412676000001,35.065230210000024],[114.67498536000002,35.064919350000025],[114.67559447999997,35.06417918999999],[114.67595376,35.063729190000004],[114.67656288,35.06321879999996],[114.67704203999998,35.06261876999998],[114.67766124,35.06201847000002],[114.6781404,35.061418440000025],[114.67861956000002,35.06072841000001],[114.67922868000001,35.060218110000015],[114.67961783999999,35.059488299999984],[114.67971791999999,35.05941819000001],[114.68020715999998,35.058818159999966],[114.68081592,35.05831776000002],[114.68129544,35.05760784],[114.68178468000002,35.05680792000001],[114.68222388,35.05598810999999],[114.68287296,35.05541778000002],[114.68336183999999,35.05480767000003],[114.68397096000001,35.05431735000001],[114.68468988000002,35.053816860000005],[114.68552868000002,35.053226280000004],[114.6862674,35.052705720000006],[114.68712600000002,35.05230494999996],[114.68785499999998,35.05190436000004],[114.68871359999997,35.05160340000001],[114.68932236000002,35.05110309],[114.69004127999997,35.050702500000014],[114.69101975999997,35.05040135999997],[114.69198816000004,35.05000040999999],[114.69283667999998,35.04948974999998],[114.69369563999999,35.04909897000003],[114.69441419999998,35.04868839000002],[114.69539268000004,35.04828744000002],[114.69639131999998,35.04791636999999],[114.69745943999999,35.04768506999999],[114.69830796,35.04738419999998],[114.69916692000002,35.04728313],[114.70001543999999,35.04708225000003],[114.70098564000001,35.04668256],[114.70172543999999,35.04629286000001],[114.70232556,35.04578328000001],[114.70269564,35.04507399000003],[114.70299551999997,35.044214759999996],[114.70328532,35.04334562999999],[114.70341564,35.04297600000002],[114.70353551999997,35.04227670000002],[114.7036554,35.041387590000014],[114.70377564,35.04067820999998],[114.70413563999999,35.039978909999995],[114.7046256,35.039279519999965],[114.70533552000002,35.03860020000002],[114.70544532,35.038520190000014],[114.70596552000002,35.03808063],[114.70656563999998,35.03748114000001],[114.70717547999999,35.03673189],[114.70753547999999,35.036272259999976],[114.70790555999999,35.03548305000001],[114.70833539999998,35.034643799999984],[114.70862555999999,35.03408436000001],[114.70923540000004,35.03347488000003],[114.70948560000001,35.03277558000003],[114.71025564,35.032136130000026],[114.71069555999999,35.03177640000003],[114.71142564000002,35.03126690999997],[114.71203548000003,35.03056752000001],[114.71252544,35.02997801999999],[114.71312556,35.02947852],[114.71361552000002,35.02886903999999],[114.71384556000001,35.028169740000024],[114.71421563999998,35.027370540000035],[114.71433551999998,35.026661160000046],[114.71469552,35.02587194999998],[114.71506559999997,35.02516266000001],[114.71554548,35.02456317000002],[114.71591556,35.023863870000035],[114.71614560000002,35.02317446999998],[114.71663556,35.022565079999985],[114.71711543999997,35.02186569000001],[114.71760540000002,35.02126629000002],[114.71851548,35.02076670000002],[114.71906555999999,35.02045691999999],[114.72007536000002,35.02010717999999],[114.72077555999998,35.019867329999975],[114.72149556000004,35.01945765000002],[114.72235559999997,35.01905796],[114.72335532000004,35.01869822999997],[114.72436548,35.01834849000001],[114.72536556000001,35.01798875999999],[114.72575543999999,35.017858800000035],[114.72657551999998,35.017858800000035],[114.72672564000001,35.01785871],[114.72781536000001,35.017718760000015],[114.72889535999998,35.01758880000005],[114.72928560000003,35.01753885000004],[114.73025544000002,35.01754875000001],[114.7311054,35.01744876],[114.73208532,35.01734867999999],[114.73293563999998,35.017138890000005],[114.73390547999999,35.017038810000024],[114.7347756,35.01703872000002],[114.73500564000003,35.01703872000001],[114.73609536000001,35.01702864000003],[114.73682544,35.01702855],[114.73768548000002,35.01682866000002],[114.73851563999999,35.016239160000005],[114.73938540000002,35.01592937999997],[114.74011548000001,35.015329979999976],[114.74083548,35.01493029000003],[114.74132544000001,35.01423089999995],[114.74217540000001,35.01372132000003],[114.74277552,35.01322181999999],[114.74338536000002,35.01262233000002],[114.74398547999999,35.01212273999997],[114.74438543999999,35.01162323999998],[114.74447543999999,35.01151334999995],[114.74507555999999,35.011013760000026],[114.74568540000001,35.010304379999994],[114.74641547999998,35.00991468000001],[114.74729531999999,35.009834669999975],[114.74810531999998,35.00975474999999],[114.7490856,35.009275049999985],[114.74956548000002,35.008525800000015],[114.74966556000003,35.008146180000004],[114.74985563999999,35.00736695999995],[114.74985563999999,35.006477849999975],[114.74989560000002,35.005238999999996],[114.74987544,35.00341083000002],[114.74985563999999,35.00156267999998],[114.74984556000001,35.00122302000002],[114.74988551999999,35.00075349000001],[114.74991540000002,35.00022402000001],[114.74994564000002,35.000034210000024],[114.74995536,34.99999425000002],[114.75005544,34.99989434999997],[114.75077544,34.99816625999999],[114.75277559999998,34.99581878999998],[114.75457595999998,34.993751039999964],[114.75692604000002,34.99082414999999],[114.76066607999998,34.988975999999965],[114.76330631999998,34.98810677999998],[114.80811912000001,34.984499940000006],[114.80749847999999,34.98427935000002],[114.80208048000001,34.98256331999999],[114.79666716000003,34.98105222000004],[114.79101732000002,34.979744250000024],[114.77560716,34.97638941000001],[114.7699872,34.97547096000001],[114.76502711999998,34.97429267999998],[114.76007712000002,34.97338413000001],[114.75679715999999,34.97193603],[114.75317700000001,34.97023827000002],[114.75025704,34.967721329999996],[114.75004715999998,34.96741173],[114.74737739999999,34.96328658000001],[114.7445172,34.95886182],[114.74438724000001,34.95852224999999],[114.74296740000001,34.95471669],[114.74378783999998,34.94898315],[114.74438796000001,34.948243980000015],[114.74611812000002,34.94611638000001],[114.74576783999998,34.945666919999994],[114.74959824,34.9434792],[114.75004824,34.94307968999999],[114.75231839999998,34.94106189000001],[114.75910944000002,34.935987510000004],[114.76386971999999,34.93169235],[114.76761048,34.92847593000001],[114.77203091999999,34.92498987],[114.77509128,34.922313000000024],[114.77680164,34.92041517],[114.77687184000001,34.91795807999997],[114.77683187999999,34.917518520000016],[114.77675195999998,34.91668952999997],[114.77636208000001,34.91247447000001],[114.77511216,34.90943804999997],[114.77249208,34.90801974],[114.76921211999999,34.906601429999974],[114.76801188,34.906271849999996],[114.76794167999998,34.90622189999997],[114.76430171999999,34.90404444],[114.75871128000001,34.90175709000002],[114.75215064000001,34.89890039999997],[114.75005075999998,34.89798141],[114.74623043999999,34.89632315999999],[114.74439047999999,34.89533433000002],[114.73935048000001,34.892637210000025],[114.73342020000003,34.89059952000003],[114.72784992000003,34.88775263999997],[114.72730019999999,34.88720319000002],[114.72720011999999,34.887193200000006],[114.72325991999999,34.88547510000001],[114.7192596,34.88539517999997],[114.71588928,34.88697351],[114.71184863999999,34.888811489999995],[114.70643783999998,34.89170823],[114.70136652000001,34.89462504000001],[114.69531384,34.896969000000006],[114.69057156,34.89912324000003],[114.68618892,34.90212608999999],[114.68006927999998,34.90693938000002],[114.67494755999999,34.91176122],[114.67017576,34.91577350999999],[114.66937691999999,34.916643630000024],[114.66853812,34.91756379000001],[114.66572292,34.920614340000014],[114.66397584000002,34.923593519999976],[114.66282744000002,34.92571283999997],[114.66222839999999,34.926302970000016],[114.66153972,34.92738279000002],[114.6588642,34.92787599000002],[114.65719704000001,34.92784835999999],[114.65520011999998,34.92780119999997],[114.65376264,34.92764333999998],[114.65354303999999,34.927683660000035],[114.65225532000001,34.927755389999994],[114.65221535999999,34.9277454],[114.64990919999998,34.926879599999985],[114.64760303999998,34.9260138],[114.64428851999998,34.92594845999997],[114.64064459999999,34.925324310000015],[114.63678107999999,34.92472031999996],[114.63482447999999,34.923914010000004],[114.62897448000001,34.923113010000016],[114.6271176,34.921777139999996],[114.62497127999998,34.92069128999999],[114.62319431999998,34.91978481],[114.62091840000001,34.91809983],[114.61952051999998,34.91800190999999],[114.61560731999998,34.917727680000006],[114.61195332,34.91793252000003],[114.60786012000003,34.918357769999965],[114.60611304,34.91806059000001],[114.60064211999997,34.91870750999998],[114.59548224000002,34.91974944000003],[114.5894976,34.92083772],[114.58345248,34.9222257],[114.57643535999999,34.92332217000001],[114.57403956,34.923817529999994],[114.57391931999999,34.92383723999998],[114.57052092,34.92454059],[114.569829,34.924659210000016],[114.56821512,34.92360746999997],[114.56401500000001,34.919414460000006],[114.56166924,34.91759223000001],[114.56041608000001,34.91662095],[114.55750908,34.91435817],[114.5513538,34.90903260000003],[114.54517872000001,34.90452603000003],[114.54229116,34.901503829999996],[114.54141924000001,34.90128251999999],[114.53965488,34.901199449999986],[114.53854212,34.900947629999976],[114.52588056,34.89723918000003],[114.51787092000001,34.89532703999997],[114.51256776000001,34.894698209999994],[114.51027204,34.894444410000006],[114.51011148,34.894424159999986],[114.50997108,34.89442388999999],[114.50975076,34.89449345999998],[114.50919924,34.894652220000026],[114.5009484,34.89713441999999],[114.49429020000001,34.89932979000004],[114.48317052,34.90308611999998],[114.46229412000001,34.909312410000005],[114.45229692000001,34.91225136000001],[114.44676191999999,34.91330022000001],[114.43965264,34.91501544000004],[114.43541112000001,34.917365249999996],[114.43414752000001,34.91809226999997],[114.43382676,34.91830143000001],[114.42278592000001,34.92564345000003],[114.40614923999999,34.93616121000001],[114.39468792000001,34.941660929999976],[114.39423864000001,34.94184138000002],[114.393699,34.941892049999986],[114.38434044,34.942114889999985],[114.38394084000001,34.942115519999966],[114.3835614,34.94202615000002],[114.38062488,34.94115117],[114.37736904,34.940246759999994],[114.37684956000001,34.940107619999964],[114.37644996,34.939908359999976],[114.37612056,34.93958921999998],[114.37581096000001,34.93911015],[114.37009848000001,34.93094715000005],[114.36932952000001,34.92987939000004],[114.36906996,34.929480149999954],[114.36839064,34.92851219999999],[114.36470568,34.92542070000001],[114.35513796000001,34.91736300000003],[114.35265107999999,34.915268700000034],[114.34504068000001,34.91052462],[114.33895812,34.90883496000002],[114.30461916,34.90936245],[114.27397884000001,34.91040779999997],[114.26593392000001,34.90973855999997],[114.25652855999999,34.90895942999998],[114.24412116,34.90750098000001],[114.24080916000001,34.90712145],[114.24039876,34.90708149000002],[114.24009852,34.90714142999999],[114.23969856000001,34.9072812],[114.23905812000001,34.90753094999998],[114.23411460000001,34.90945883999998],[114.23578536000001,34.91138672999999],[114.23807640000001,34.91332461],[114.24043764000001,34.91556210000003],[114.24112776000001,34.91662094999998],[114.24165804,34.91744004],[114.2423784,34.91853884999999],[114.24263796000001,34.92142569000001],[114.24271788,34.92242460000002],[114.24223692000001,34.92586079999998],[114.24216636,34.92916722000001],[114.24118536,34.93271331000002],[114.24054456,34.93466118000002],[114.23985372,34.937018549999976],[114.23944296,34.94050470000005],[114.237351,34.94434049999998],[114.23644992000001,34.94765682],[114.2361594,34.95034395000001],[114.23491776,34.95400992000002],[114.23525760000001,34.95697658999998],[114.23615760000001,34.96075245000002],[114.23636748,34.962120990000024],[114.2367174,34.96458825000003],[114.2369172,34.96590683999995],[114.23857752,34.97179031999999],[114.23871684000001,34.975626119999966],[114.24009708000001,34.98031098],[114.24190752000001,34.98477606000003],[114.24307788,34.988721749999975],[114.24320748,34.99117902000001],[114.24328704,34.99301699999997],[114.24370680000001,34.99748208000003],[114.24410712000001,34.99798157999999],[114.24568788,34.99994943],[114.24584772,35.00014923],[114.24584772,35.00067870000001],[114.24584772,35.0035758],[114.24583799999999,35.00448489],[114.24571776,35.00517419999996],[114.24546756000001,35.00597339999998],[114.24534768000001,35.00668269000003],[114.2451072,35.007381990000006],[114.24484728,35.00818118999997],[114.24460716,35.00888048999998],[114.2445168,35.00938997999999],[114.24436668,35.01027908999999],[114.24410676000001,35.01110825999998],[114.24398652,35.011787580000004],[114.2437464,35.012486880000026],[114.24362616,35.01327608999997],[114.24337632000001,35.014095270000006],[114.24312612,35.01498437999998],[114.24276576000001,35.015673689999986],[114.24270564000001,35.01579356999997],[114.24239532,35.016472889999996],[114.24202524,35.01717218999999],[114.24193524,35.01768168000002],[114.24178512,35.01867069],[114.24177504000001,35.01957977999999],[114.2416548,35.020279080000016],[114.24141468,35.02107828000002],[114.24140496000001,35.02187747999993],[114.24128472000001,35.02277658000001],[114.24116448000001,35.023475880000014],[114.24091428000001,35.024175180000015],[114.24082428000001,35.024684670000006],[114.24066444,35.02557378],[114.24075444,35.02609325999996],[114.24091428000001,35.026982369999985],[114.24091428000001,35.02780155000002],[114.24118464,35.02876059000002],[114.24162492,35.02957976999998],[114.24192516,35.03014919999998],[114.24235536,35.03096838000002],[114.24283596000001,35.031577769999984],[114.24313584000001,35.0321472],[114.2435664,35.03297636999999],[114.24380652,35.033685659999975],[114.24410676000001,35.03424509999999],[114.2441766,35.03437497000003],[114.24425688000001,35.03487447000001],[114.24441672,35.03578355999997],[114.24441672,35.03668266000003],[114.24428676000001,35.037471870000005],[114.24428676000001,35.038291049999955],[114.24410676000001,35.038850489999994],[114.24403656000001,35.039080260000006],[114.24379644000001,35.03978954999997],[114.24378636,35.04057876000001],[114.24366648,35.04127805999999],[114.24354624,35.042077349999985],[114.24341628,35.04277664999997],[114.24316608,35.04358584000001],[114.24280572,35.04427515000004],[114.24270564000001,35.044794629999984],[114.2426556,35.04520422000001],[114.2425656,35.04569372999998],[114.24243564000001,35.04658284000002],[114.24230532,35.04738203999996],[114.24230532,35.04818124000002],[114.24218544,35.04888053999999],[114.24230532,35.04958982999999],[114.24266568,35.05028912999997],[114.24318588,35.05091849999998],[114.24375648,35.05137804000003],[114.24410676000001,35.051617800000024],[114.24448691999999,35.05188752999999],[114.2453376,35.05217724000003],[114.24606804000001,35.05258682999997],[114.24995064000001,35.05301639999998],[114.25054104,35.05308633000002],[114.25054104,35.05318623],[114.25054104,35.053386030000006],[114.25054104,35.053695720000015],[114.25054104,35.05399542000003],[114.25054104,35.05439501999999],[114.25054104,35.05469471999999],[114.25054104,35.05509432000001],[114.25054104,35.05520420999998],[114.25054104,35.055453960000015],[114.25507452000001,35.05570370999997],[114.25561488000001,35.05600340999997],[114.25652532000001,35.056502909999985],[114.25737600000001,35.05701239999999],[114.2579862,35.05760181000003],[114.25835664,35.05806135000003],[114.25895712,35.05881059999999],[114.259077,35.05951989],[114.25919724,35.060408999999986],[114.25955760000001,35.061208200000024],[114.25967748,35.06190750000001],[114.2598078,35.06228712000001],[114.26010804,35.063146259999975],[114.26040792,35.064015390000016],[114.26048820000001,35.06453487],[114.26060808000001,35.06535405],[114.26060808000001,35.065433970000036],[114.26067828000001,35.06583356999999],[114.26074848,35.066323080000004],[114.26087844,35.06721218999999],[114.26087844,35.06801139000001],[114.26085828000001,35.068800600000024],[114.26096844,35.06941998000001],[114.26111856,35.07030908999999],[114.26111856,35.071018380000034],[114.26111856,35.07191748000004],[114.26110847999999,35.07281658000001],[114.26122872,35.07351587999997],[114.26133888000001,35.07422517],[114.26147892,35.07512426999999],[114.2615988,35.076013379999964],[114.2615988,35.07671268000001],[114.2615988,35.077611780000026],[114.26158871999999,35.07852086999999],[114.26149872,35.07902037000002],[114.26133888000001,35.07991947000001],[114.26122872,35.08061876999998],[114.26108868,35.08151787000004],[114.26106852000001,35.08166771999999],[114.26108868,35.082317069999974],[114.26096844,35.083116270000005],[114.26093856,35.083296090000005],[114.26087844,35.08362576000005],[114.26081832000001,35.08392545999998],[114.26071824,35.08451486999998],[114.26046804,35.08531406999997],[114.26027796000001,35.08585352999998],[114.2599878,35.086712670000004],[114.25949748,35.08752186000004],[114.25911732,35.088321150000006],[114.25869684,35.088930540000014],[114.25814639999999,35.08970976000001],[114.25801644,35.09007938999999],[114.25770612000001,35.09094852000001],[114.25761612000001,35.09120826],[114.25740588000001,35.091807659999965],[114.25710564,35.09238708000006],[114.25666536,35.09320626],[114.25618512000001,35.093805660000044],[114.25610520000001,35.09390556],[114.25580496,35.094355109999995],[114.2552646,35.09513433000001],[114.25483404,35.09576370000001],[114.25471415999999,35.09591354999998],[114.25246236000001,35.09803142999998],[114.25138164,35.10082854000003],[114.25103136,35.10326583000005],[114.25103136,35.10578304],[114.25096152,35.10778086],[114.25099139999999,35.10955890000003],[114.25055112000001,35.11068768000004],[114.24996072,35.110767599999974],[114.24697884000001,35.11117719],[114.24674844,35.11121715000001],[114.24689856,35.11150677],[114.24766932,35.11240578],[114.24832956,35.11310507999998],[114.24921012,35.11364444999998],[114.24996072,35.11410390000001],[114.25009068,35.11417382999999],[114.25060115999999,35.11449351000004],[114.2511516,35.114843160000014],[114.25164192000001,35.11515275999997],[114.25201236000001,35.115392519999986],[114.25283280000001,35.11591191000003],[114.25384331999999,35.11626156],[114.25484412,35.116621200000004],[114.25539456,35.11681101],[114.25630536,35.11730043000001],[114.25722588000001,35.11778984999998],[114.25749588000001,35.11801961999996],[114.25757615999999,35.118179459999986],[114.25810644,35.11863899999997],[114.25875696,35.11936817999999],[114.25916736,35.11981764000001],[114.25967748,35.12060676000001],[114.26020776,35.12139597000003],[114.26061816,35.122025249999986],[114.26118876000001,35.12279439000002],[114.26175900000001,35.123563530000034],[114.26231952,35.12432268000002],[114.26267952,35.12517173999999],[114.26303988000001,35.12603078999995],[114.26316984,35.12633049000001],[114.26352012000001,35.127179549999966],[114.26388048000001,35.12802860999999],[114.26413068000001,35.128628010000014],[114.26468112,35.12941712999997],[114.26523156,35.13018627000002],[114.26547168,35.130535919999986],[114.26604192,35.13130506000003],[114.26661252000001,35.1320742],[114.2668926,35.13248370000001],[114.26717268,35.13283335000001],[114.26754312,35.13368240999999],[114.26792328,35.13453147],[114.2681436,35.135030970000024],[114.26860368000001,35.13585006000006],[114.26887404,35.13633948000002],[114.26906412000001,35.13721851000001],[114.2692542,35.13810752999996],[114.26935428,35.13853709999994],[114.26974452,35.13938616],[114.26995476,35.139835619999985],[114.2701848,35.14071473999999],[114.27032484,35.14124412000001],[114.27030504000001,35.14159377000004],[114.27023484,35.14214312999997],[114.27014484,35.14303214999998],[114.270075,35.14374134999996],[114.27030504000001,35.14462038],[114.27053508,35.14549940999998],[114.27075539999998,35.146378440000014],[114.27135588,35.147317409999985],[114.27190596,35.14809654000002],[114.2726166,35.14899563999997],[114.27298704,35.149445100000015],[114.27398748,35.149824719999984],[114.27481800000001,35.15015430000001],[114.27586884,35.15039405999998],[114.27691968,35.150653800000036],[114.27798024,35.150903460000045],[114.27860088,35.15105331000002],[114.2796816,35.15119316999999],[114.2807724,35.15132303999999],[114.28185312000001,35.15146290000003],[114.2827938,35.15197229999999],[114.28370424,35.15249177999998],[114.28417476,35.15343074999998],[114.2844948,35.15428980000003],[114.28481520000001,35.15514885000002],[114.28505532000001,35.15577813000001],[114.28518528000001,35.156677140000035],[114.28529544,35.15737635000003],[114.28539552000001,35.15827536000001],[114.28548552000001,35.159174369999995],[114.28553556,35.15967386999999],[114.28584588000001,35.16054291000001],[114.28614612000001,35.16141195000002],[114.28638624,35.16208119],[114.2868366,35.162660609999975],[114.28696656000001,35.162840339999995],[114.28755695999999,35.163599579999996],[114.28784712,35.16397911000001],[114.28820748000001,35.16482816999999],[114.28856784,35.16567723000002],[114.28869780000001,35.16597692999999],[114.28904808,35.16665615999996],[114.289128,35.16680601000001],[114.28931844,35.16717563999996],[114.28956863999998,35.16763508999997],[114.28990884000001,35.16829442999997],[114.29043912,35.16908355],[114.29095932,35.169872669999975],[114.29136972,35.17050195],[114.29195003999999,35.17126110000003],[114.29253036,35.17203024000004],[114.29311104,35.17278948000002],[114.29395164,35.17355861999996],[114.29470188,35.17421786999998],[114.29514252,35.17460748000003],[114.29612316000001,35.17480719],[114.29722368,35.174817180000005],[114.29783424,35.174817180000005],[114.29872488000001,35.174287800000016],[114.29954532000001,35.17381826999999],[114.30042516,35.173278270000004],[114.30154368000001,35.17289702999996],[114.30198324000001,35.172756540000016],[114.30289224,35.17326477000001],[114.30372132000001,35.17372304999998],[114.30413064000001,35.17455159],[114.30438048,35.17500069000003],[114.30448056,35.17526024999998],[114.30480996,35.17611885000003],[114.30513971999999,35.176987440000005],[114.30551916,35.17784595000002],[114.30581868,35.17853481],[114.30603864000001,35.17941356999998],[114.30610848,35.17973306999998],[114.30640799999999,35.180601659999994],[114.30648792000001,35.18082135],[114.30678780000001,35.18168993999998],[114.30696744000001,35.18222913000001],[114.30749664,35.18301753],[114.30801612,35.18381591999999],[114.3085356,35.184604320000005],[114.30877536,35.18551296000002],[114.30891504,35.18603226],[114.30984383999998,35.18650043999998],[114.31050336,35.186829119999985],[114.31155204000001,35.18709731999997],[114.31208124000001,35.18723646],[114.31317996,35.187294869999974],[114.31403892,35.18733356999999],[114.31510775999999,35.18715231000001],[114.31574712,35.18704151999999],[114.31676592000001,35.186710409999996],[114.31806408,35.18663868],[114.3191628,35.186637059999995],[114.32000195999998,35.18684568000001],[114.32022156000001,35.186885370000006],[114.32127059999999,35.1871236],[114.32243916,35.18728182000002],[114.32352780000001,35.18741006999998],[114.32461643999999,35.18753840999998],[114.32566512000001,35.18720729999998],[114.3266742,35.186866290000005],[114.32770271999999,35.186525189999955],[114.32819232,35.18635464000002],[114.32919096,35.18597367],[114.32978028000001,35.185753080000026],[114.33025980000001,35.18516303999999],[114.33119868,35.18469216000001],[114.33148848,35.18456193000002],[114.33248712000001,35.18418086999998],[114.33331619999998,35.18386010999999],[114.33372588,35.183729609999986],[114.33434508,35.18354898000003],[114.33527388,35.18326791],[114.33623292,35.18282708999998],[114.33700188,35.18248634999999],[114.3380106,35.18212526999999],[114.33855024,35.18192475000004],[114.33953916,35.18152371000003],[114.34027824,35.18077346999999],[114.34090752,35.18003340000003],[114.3411372,35.17977329999997],[114.34128696,35.17888409999999],[114.34116708,35.17778538000002],[114.34112712,35.17747578000002],[114.34089744,35.17659702],[114.34068792000001,35.17581816000003],[114.34054824,35.17491932999998],[114.34041828000001,35.17409034000001],[114.34055796000001,35.17319114999999],[114.34062816000001,35.17277148],[114.3412074,35.17200144000001],[114.34175676000001,35.17127144999998],[114.34261572000001,35.170870679999965],[114.34358483999999,35.17047963],[114.34467348,35.17060797000003],[114.34530276,35.17067700000002],[114.34607172000001,35.17131528000001],[114.34651128,35.17167420000005],[114.34726044,35.17233245999998],[114.34801931999999,35.17299072000004],[114.34821912000001,35.173170180000035],[114.349158,35.17364834999999],[114.35009688000001,35.17411653],[114.35102568,35.174574719999995],[114.35204448,35.174902949999996],[114.35308344,35.175221099999995],[114.35358276000001,35.175380309999994],[114.35386248,35.175399840000026],[114.35468148000001,35.17544861999996],[114.3552906,35.175487679999975],[114.35638932,35.17543619999998],[114.35748804,35.17539470999996],[114.35846688000001,35.17499375999999],[114.35895648,35.17478325000001],[114.3596358,35.17408296000001],[114.35993532,35.17378290000001],[114.3604548,35.17298298000001],[114.36078456,35.17248303000001],[114.36132384000001,35.171693099999985],[114.36163344,35.17083351000004],[114.36166368,35.17072361999998],[114.36188327999999,35.16998409000001],[114.36230304,35.16915428999999],[114.36225300000001,35.168694840000036],[114.36246288000001,35.16780545999998],[114.3626328,35.16708600000001],[114.36310224,35.16669567],[114.36341184000001,35.16644556],[114.3641808,35.165815110000004],[114.36526980000001,35.16553377],[114.36631848,35.16527259000002],[114.36737724000001,35.165021310000014],[114.3685458,35.164729980000004],[114.36906528,35.16458931],[114.3694548,35.16449886],[114.37054344,35.16456726000001],[114.37092324000001,35.164586699999965],[114.371892,35.16499485000001],[114.37305048,35.165592629999985],[114.37393968,35.16639048000002],[114.37424928,35.16668973000001],[114.37444872,35.16688926],[114.3745488,35.167068900000004],[114.37489836,35.16771780000001],[114.37504812,35.16796728000001],[114.37534764,35.16852627000001],[114.37566731999999,35.16909524999996],[114.37644636,35.169733529999995],[114.37688592,35.17009254000001],[114.3777348,35.17059078000001],[114.37845372000001,35.17126901999997],[114.37917300000001,35.17194734999997],[114.37944264000001,35.17219674],[114.37972236,35.17306542000003],[114.37993188,35.17369451999998],[114.38087076000001,35.17414272000004],[114.38181972000001,35.174590919999986],[114.38223912000001,35.174790089999966],[114.38301816,35.17542827999999],[114.38378712000001,35.17606655999999],[114.38455644000001,35.17670483999996],[114.38479584000001,35.1774837],[114.38473608000001,35.178392880000004],[114.38467596000001,35.179292069999974],[114.3839466,35.180082270000014],[114.38322732,35.18075259],[114.38214876,35.18137349999998],[114.38122968,35.18185437000003],[114.38030088000001,35.18233515000002],[114.37942176,35.182785960000004],[114.3787626,35.18350613999999],[114.37820316000001,35.18409636000002],[114.37812324000001,35.18499554999998],[114.37804332,35.18589474000001],[114.3779634,35.18679392999999],[114.37746372000001,35.18760375000002],[114.37697412,35.18840367],[114.37673436,35.188803629999995],[114.37698420000001,35.1896823],[114.37722396000001,35.19049121999999],[114.37786296,35.191229489999984],[114.37850232000001,35.19194787000001],[114.37880184000001,35.19229715999999],[114.37922124,35.1931257],[114.37964064,35.193954240000004],[114.38025984000001,35.19474255],[114.38125848,35.19544049999999],[114.3818478,35.19579923999998],[114.38192772000001,35.19669825000002],[114.38196768,35.19719766000002],[114.38242704000001,35.198016209999956],[114.38281656000001,35.19869499000003],[114.38330579999999,35.19950345999998],[114.38379504000001,35.20030202999998],[114.38402472,35.20069137],[114.38417448,35.20143045000001],[114.3841248,35.201590380000006],[114.38422452,35.20248947999999],[114.38427420000001,35.20289906999998],[114.38470368,35.203727699999995],[114.38512308,35.204556419999975],[114.38524296,35.204805990000004],[114.38534268000001,35.205705089999995],[114.38543232,35.20659410999996],[114.38548236000001,35.20709361000001],[114.38613144,35.20782207],[114.38677080000001,35.20856052000001],[114.38707032,35.20888982999999],[114.38783928000001,35.20952820000001],[114.38815896000001,35.20980746999999],[114.38901792,35.210365739999986],[114.38950716000001,35.21070477000001],[114.39000648000001,35.211523319999976],[114.39035604,35.21239209000001],[114.39072540000001,35.21320083000001],[114.39084528000001,35.21360034],[114.3904356,35.214430140000005],[114.39035568,35.21499974999999],[114.38985636000001,35.21569986],[114.38973612000001,35.21629943999999],[114.38973612000001,35.21670912000001],[114.38973612000001,35.21699882999999],[114.38937648000001,35.21768876999997],[114.38930664,35.21782871999997],[114.38885699999999,35.21864861999999],[114.38869716,35.218968570000015],[114.38851752000001,35.21929851],[114.38863704,35.21963807999997],[114.38876699999999,35.22000753],[114.389496,35.220396150000006],[114.38996544000001,35.220975030000005],[114.39041472000001,35.22183363000002],[114.39070452,35.22239270999999],[114.39095400000001,35.22310173000001],[114.39143352,35.22370049999999],[114.39217260000001,35.224199010000014],[114.3929916,35.22479733],[114.39375048000001,35.22539565],[114.39460944000001,35.22569417999998],[114.39565812000001,35.225942489999994],[114.39630756000001,35.22610143000002],[114.39740628000001,35.22609981000001],[114.39837504,35.22619836000002],[114.399234,35.2264869],[114.40028412000001,35.22674618999999],[114.4009458,35.2268973],[114.40191816000001,35.22719871000004],[114.40300104,35.227380509999975],[114.40399356,35.22759200999996],[114.40484568000001,35.22770343000001],[114.40582812000001,35.22780512999998],[114.4062792,35.22791583000003],[114.40668024,35.22800646000002],[114.40766268,35.22810806999998],[114.4084248,35.228279249999986],[114.40872540000001,35.22834971999999],[114.40937736,35.22851072999999],[114.41034972,35.22851243999997],[114.41121192,35.228414070000014],[114.41206404,35.22792599999999],[114.41267568,35.22741759000001],[114.41283624,35.22716811000001],[114.41328732000001,35.22670929],[114.41377872000001,35.22612069000002]]]}},{"type":"Feature","properties":{"id":"410728","name":"长垣县","adminCode":"410728","cityName":"新乡市","provinceName":"河南省","analysisUnitType":"黄河滩区涉及县域筛查单元","sourceNote":"用户提供的黄河滩区中下游涉及县区边界；表示涉及县域，不等同于精确滩区或湿地管理单元"},"geometry":{"type":"Polygon","coordinates":[[[114.89432579999999,35.391419640000045],[114.89517719999999,35.391211109999986],[114.89603867999998,35.39111255999999],[114.89676983999999,35.390714040000006],[114.8976216,35.39031569999997],[114.89848272,35.39000727000001],[114.89945436000002,35.389798920000004],[114.90021468,35.38944954],[114.90116219999999,35.38899809999999],[114.90186023999998,35.388746910000016],[114.90298739999997,35.38838502],[114.90409475999999,35.38838286],[114.90519167999999,35.388270720000016],[114.90627887999999,35.388168660000005],[114.90713675999999,35.387857260000004],[114.90763535999997,35.38780632],[114.90798456,35.38775565000002],[114.90884243999997,35.38744424999998],[114.90969024,35.38734272999997],[114.91033859999997,35.38719152999999],[114.91139591999999,35.386939710000014],[114.91237331999999,35.38662804],[114.91334064,35.38642635000001],[114.91403904000002,35.38617516000002],[114.91504631999999,35.38582352999997],[114.91577459999999,35.385812099999974],[114.91687151999997,35.38580985000002],[114.91797888,35.385797700000005],[114.91882668000001,35.38569609000003],[114.91992359999999,35.38568394000001],[114.92054207999999,35.385612750000014],[114.92163935999999,35.38548071999998],[114.92248715999997,35.38547901],[114.92358444,35.38546677000001],[114.92468136,35.38546461000004],[114.92577863999999,35.385462450000006],[114.92675603999997,35.38536057000001],[114.92773344000001,35.38535859000002],[114.92858123999999,35.38523708999999],[114.9296886,35.38524482999999],[114.93066599999999,35.38513296000001],[114.93128448000002,35.38506185999998],[114.93237168,35.38492974000001],[114.93334908,35.384827949999966],[114.93420696,35.38451654999998],[114.93450612000002,35.38443600000002],[114.93505475999999,35.38431504],[114.93615204000001,35.38421298000005],[114.93700955999999,35.38390158],[114.93785735999998,35.38370007000003],[114.93870515999998,35.383398660000026],[114.93956304000001,35.38329705],[114.94042092000002,35.38308555000001],[114.94126872,35.38298393999996],[114.94168776000001,35.38277334000005],[114.94202687999999,35.382622770000005],[114.94298447999999,35.382171329999984],[114.94371239999998,35.38177028999998],[114.94448064,35.38156895999999],[114.94552788000001,35.38129716000002],[114.94602647999999,35.3808666],[114.94638576000001,35.380156590000006],[114.94662516000001,35.37946673999997],[114.94703411999998,35.379106289999974],[114.94724364000001,35.37894608999998],[114.94767240000002,35.37828585000002],[114.94770227999997,35.37823581000001],[114.94833084,35.37765513000003],[114.94881971999999,35.37694494000001],[114.94920851999997,35.37644462999999],[114.94929815999998,35.376354540000015],[114.94945799999999,35.37606446999997],[114.94990691999998,35.37575388],[114.95038572,35.375043689999984],[114.95099412,35.37434312999998],[114.95177208000001,35.37370223999999],[114.95221091999998,35.37334170000005],[114.95293920000002,35.37284075999998],[114.95300904,35.37273078000002],[114.95348784000001,35.37206045999999],[114.95391659999997,35.37143018999996],[114.95452535999999,35.370929519999954],[114.95497391999999,35.370359189999974],[114.95512368,35.370169110000035],[114.95549268,35.369718749999976],[114.95585195999998,35.369018729999986],[114.95594160000002,35.36877879000002],[114.95610144000003,35.36831898],[114.95645027999998,35.36761896000002],[114.95669976000003,35.366919210000034],[114.95705903999998,35.36621919000002],[114.95742803999998,35.36541918000001],[114.95765736000001,35.36470944000003],[114.95777723999998,35.36400995999999],[114.95801664000004,35.36331011999999],[114.95813651999998,35.36261063999999],[114.95830607999997,35.36211077999996],[114.95837592000001,35.36191079999998],[114.95850552000002,35.36102142000001],[114.95861532,35.36031194999998],[114.95885471999999,35.35961219999999],[114.95908404,35.35881246000001],[114.95945340000002,35.35801253999999],[114.95975256000001,35.35714287],[114.95993220000001,35.35660304999998],[114.96042107999999,35.35600266000002],[114.96114899999999,35.355501720000035],[114.96187728,35.35510058999998],[114.96228624000001,35.35495991999999],[114.96272508,35.35479927000001],[114.96358296,35.354387969999976],[114.96432096000001,35.35398683999996],[114.96515904000002,35.35389530999997],[114.96529871999998,35.35388504999997],[114.96614652000002,35.35378343999999],[114.96700440000001,35.35357194000002],[114.96809160000002,35.35347987],[114.96895919999997,35.35325828999999],[114.96993696000003,35.353066589999976],[114.97078476000003,35.35286508000001],[114.97176215999998,35.35265331000002],[114.9727698,35.35229169000001],[114.97300919999998,35.35224120000002],[114.97393656,35.352049589999986],[114.97481460000002,35.351847989999996],[114.97565232000001,35.35126695000001],[114.97628088000002,35.35084611],[114.97704876,35.350205220000014],[114.97745808,35.34987474000001],[114.97748795999999,35.34983469000003],[114.97797648000001,35.349234299999985],[114.97845563999999,35.34853410000004],[114.97894415999998,35.34793370999999],[114.97943304000002,35.347133519999986],[114.9799716,35.34668288999997],[114.98004144000001,35.346632760000006],[114.98052024000002,35.346022469999966],[114.98121864000002,35.345331720000004],[114.98174747999998,35.34482124000001],[114.98247576000001,35.34422030999999],[114.98295456000001,35.343620009999995],[114.98373252,35.34297903000002],[114.98429123999999,35.34250841999999],[114.98456051999999,35.34224813999999],[114.98489964,35.34190785000003],[114.98550804,35.34140709],[114.98611679999999,35.34065666999998],[114.98671511999997,35.33990616000002],[114.98696460000002,35.33959602000004],[114.98781240000001,35.33902487999997],[114.98843088,35.33859405],[114.98914908,35.33819301000002],[114.98973768000002,35.337432600000014],[114.99024635999999,35.336792249999995],[114.99085511999998,35.33628149999999],[114.99108444000001,35.33615118000003],[114.99170292000001,35.33578038000001],[114.99271056,35.33542865999997],[114.99341867999999,35.335177469999984],[114.99428628,35.33508584999999],[114.99439608000002,35.33507568000002],[114.99470531999998,35.33504507999998],[114.99525395999999,35.334964080000034],[114.99610175999997,35.33476256999997],[114.99695964,35.334660960000015],[114.99805692,35.33465880000001],[114.99903432,35.33455692000003],[115.00001208,35.33438510999997],[115.00008191999999,35.33437503000001],[115.0009398,35.33416371],[115.00191756,35.333872199999995],[115.00258607999997,35.33370120000001],[115.00297488,35.33361057000002],[115.00363331999999,35.33345955],[115.00440156,35.33340825000001],[115.00450127999999,35.33334812999997],[115.00532928,35.33315679000004],[115.00630704000001,35.333155080000026],[115.00716492000002,35.33284386],[115.00825248000002,35.33271201000004],[115.00888104000003,35.332640909999995],[115.00972884000002,35.33233967999998],[115.0107066,35.33222807999998],[115.01168436000003,35.33193656999998],[115.01296128,35.33122503000001],[115.01299115999998,35.33099516999998],[115.01264232,35.32914764999998],[115.012413,35.32809915],[115.01237304,35.32796928000001],[115.01216351999997,35.32709060999999],[115.01155547999998,35.32459418999999],[115.01069759999999,35.32220810999999],[115.01020908,35.32058054999998],[115.00974036,35.31928274999999],[115.00894223999998,35.31850496999999],[115.00789463999998,35.31815721],[115.00643808,35.31835961999998],[115.00538076000002,35.31833153999997],[115.00401383999997,35.31855374999999],[115.00291655999999,35.318555729999986],[115.00193915999999,35.31846761999998],[115.0010712,35.31836925000002],[115.00009344,35.31796137],[115.00000379999999,35.31794157000002],[114.99911603999999,35.31767364000001],[114.99837767999999,35.31708567000002],[114.99752016000001,35.316777689999995],[114.99679187999999,35.31628962],[114.99629328,35.31568122000002],[114.99568488,35.31519296999999],[114.99505632,35.31458483999999],[114.99432839999997,35.31399686999999],[114.99428844,35.31397698000003],[114.99360012,35.313588719999984],[114.99281208000001,35.312960879999984],[114.99224364000003,35.31250251000001],[114.99186456000002,35.31180392999999],[114.99136596000002,35.31110562],[114.99075755999999,35.31049749],[114.9899796,35.30986964999998],[114.98919156000001,35.309241900000025],[114.98892227999998,35.309012669999994],[114.98830380000001,35.30841444000002],[114.98756580000003,35.30791647000002],[114.98694732,35.30741813999999],[114.98633892000002,35.30672009999999],[114.98572044000002,35.30612196000003],[114.98498244,35.305523999999956],[114.98427431999998,35.30483612999996],[114.9835662,35.30414816999999],[114.98313743999998,35.30372949000004],[114.98264855999999,35.303131080000014],[114.98203007999999,35.302642740000024],[114.98154156,35.30204433000002],[114.98110272000001,35.301216059999994],[114.98080319999998,35.30063718],[114.98018508,35.29994913000002],[114.97956660000003,35.299350900000015],[114.97882859999999,35.29894275000003],[114.97821984,35.29835451],[114.97772124,35.297746019999984],[114.97711283999999,35.297157690000006],[114.97637484,35.29675952999994],[114.97558679999999,35.29612170000001],[114.97514796,35.29576286999997],[114.97464899999999,35.29516437000001],[114.97439988,35.294465520000024],[114.97415039999998,35.29366667999999],[114.97379147999997,35.29296801000006],[114.97316292000001,35.29236978000003],[114.97268448,35.29166138999997],[114.97218552,35.29087298999996],[114.97157712,35.29012491000002],[114.97095863999999,35.28937674000004],[114.97070951999999,35.28906749999998],[114.97009103999999,35.288479259999995],[114.96948264000002,35.28773117999998],[114.96910356000002,35.28728225999998],[114.96849516000002,35.28678393000003],[114.96811608000002,35.286085260000014],[114.96750768000001,35.28559691999998],[114.96701880000002,35.28498843],[114.96664979999998,35.284289760000014],[114.96615119999998,35.28359136000002],[114.96537323999999,35.28296343000001],[114.96459492,35.282325510000014],[114.96418595999998,35.28200664],[114.96369743999998,35.28129815999999],[114.96307895999998,35.28069992999998],[114.96259008,35.28011141999999],[114.96222108,35.279402759999996],[114.96161267999999,35.278914329999985],[114.96099419999999,35.27816624999999],[114.96062520000002,35.27771732999998],[114.95997684,35.27697923999999],[114.95939832000002,35.276320979999966],[114.95877983999999,35.275572809999986],[114.95840075999999,35.27512398000002],[114.95806164000004,35.27426538000003],[114.95754288000002,35.27361692999998],[114.95705435999999,35.27282861999999],[114.95655540000001,35.272230029999996],[114.95620656,35.27137151999995],[114.95569788,35.27073306],[114.95544840000001,35.270034119999984],[114.95507940000002,35.26933544999999],[114.95486987999998,35.26904610000004],[114.95458079999997,35.26863704999998],[114.95421144000001,35.267948370000006],[114.95397203999998,35.26705962],[114.95372292,35.26624080000004],[114.95346371999997,35.26554186],[114.95309435999998,35.26484319],[114.95297484,35.26404408],[114.95266559999999,35.26317548999999],[114.95235636,35.26230680999998],[114.95222675999997,35.26193736000001],[114.95197727999998,35.26106858999999],[114.95172816,35.26034967000003],[114.95110967999997,35.259751440000024],[114.9506208,35.259152849999985],[114.95013227999999,35.25845444999999],[114.94980288,35.257465890000034],[114.94958364,35.256587129999964],[114.94901484,35.255898809999984],[114.9472494,35.255482560000026],[114.94583279999999,35.25526557000001],[114.94300968000002,35.25483140999998],[114.93726371999999,35.25387345000003],[114.93008171999999,35.25180920999997],[114.92706888000002,35.25059600999999],[114.92618112,35.25023807999999],[114.92592192,35.24997879000001],[114.92451539999999,35.24859270000002],[114.92389691999998,35.246855340000025],[114.92365751999999,35.24080076999998],[114.92435592,35.23411494000001],[114.92430623999998,35.23087764],[114.92440596000002,35.22870927000002],[114.92486496,35.22425201999999],[114.92556336000003,35.220284009999986],[114.92570303999999,35.217286200000004],[114.92670095999998,35.208171809999996],[114.92712036,35.20089701999998],[114.92671139999999,35.19808056],[114.92569439999998,35.1964143],[114.92382887999999,35.195408910000026],[114.91923996,35.19504810000005],[114.89822351999997,35.19529209],[114.88489415999999,35.193395429999974],[114.87819419999998,35.19191763000002],[114.87497939999999,35.190894149999984],[114.87045312000001,35.189449380000006],[114.86948147999999,35.189148329999995],[114.86260151999998,35.186980950000006],[114.85805508000001,35.184477149999985],[114.85237716,35.18039340000003],[114.84729,35.17614063000001],[114.84215315999998,35.16974001000001],[114.84027035999999,35.16730982999997],[114.83975987999999,35.166659760000016],[114.83780724000002,35.16413957999999],[114.83757684,35.16344999999998],[114.83569476000004,35.1592416],[114.83506403999998,35.15642360999998],[114.83523468000001,35.15428610999998],[114.83621640000003,35.15294888999998],[114.83862011999999,35.15124411000005],[114.84006263999999,35.15029721999999],[114.84185543999999,35.149360769999994],[114.84339803999998,35.14827419999999],[114.84387899999997,35.14747571999999],[114.84423935999999,35.14677696000001],[114.84447984000002,35.14607802],[114.84475056,35.145209339999994],[114.84489096,35.14472001],[114.84501119999999,35.144330580000016],[114.84526175999997,35.14345190999997],[114.84553211999999,35.142583229999985],[114.84568259999999,35.142073919999994],[114.84592308000002,35.141375069999995],[114.84616356000001,35.140566240000005],[114.84652392,35.13986748000001],[114.84682452,35.139008789999984],[114.84711539999999,35.138130120000035],[114.847416,35.13727152],[114.84760644,35.136362699999964],[114.84796716000002,35.135554139999996],[114.84808740000001,35.13485502000001],[114.84807731999999,35.13395591999999],[114.84806759999998,35.13305682000003],[114.84806759999998,35.132157810000024],[114.84806759999998,35.13125871000001],[114.84806796,35.130359699999985],[114.84805788,35.12976030000002],[114.84781776,35.12906064],[114.84714672000001,35.12834045999998],[114.84630539999999,35.127629909999975],[114.84573479999999,35.12716956000003],[114.84512388,35.126569350000025],[114.84475343999999,35.12576961000001],[114.84427283999999,35.12517947999999],[114.84372203999999,35.12438955000003],[114.84316116000001,35.12347965000002],[114.84267048000001,35.12287953],[114.84183923999997,35.12229893999998],[114.84119843999999,35.12178854999997],[114.84035711999998,35.121287790000025],[114.83956583999998,35.12065725000001],[114.83879472000002,35.12001680999999],[114.83801351999999,35.119386269999985],[114.83766324,35.11910609999998],[114.83717255999997,35.11850598],[114.83656164000001,35.117905680000014],[114.83607096000001,35.11730556000001],[114.83570052,35.11660571999998],[114.83520983999998,35.115905789999985],[114.83472887999999,35.11531566],[114.83441856,35.114446080000036],[114.83422848000001,35.113916339999975],[114.83374788,35.11321641000001],[114.8334876,35.11251665999998],[114.83336736000003,35.111817269999996],[114.83335727999997,35.11091817000002],[114.83335763999999,35.11001907000002],[114.83335764000002,35.10911007000003],[114.83335764000002,35.10821096999998],[114.83334792000001,35.10731187000001],[114.83334792000004,35.10641277000001],[114.8333382,35.10551367],[114.8333382,35.104604670000015],[114.83332848,35.10370556999995],[114.83332847999999,35.10280647000001],[114.83332848,35.10190746],[114.83331876,35.10100835999998],[114.83331876,35.100718650000026],[114.83346888,35.09982981],[114.83355923999999,35.09931041999998],[114.83355923999999,35.098411320000004],[114.83338896,35.09752194000004],[114.83322840000001,35.096632559999996],[114.83317835999999,35.09631287999999],[114.83316828,35.09551358999997],[114.8330484,35.09481410999996],[114.83279783999998,35.094024539999964],[114.83264736000001,35.093135249999996],[114.83247707999999,35.092235880000004],[114.83231688,35.09134650000001],[114.83193635999999,35.09052678],[114.83168579999999,35.08981712999997],[114.83144531999997,35.08901756999995],[114.83098488000002,35.08819766999999],[114.83078436,35.087238360000015],[114.83069436000001,35.086728689999994],[114.83020332000001,35.085928770000024],[114.82972272000002,35.085338639999996],[114.82935192000001,35.08462881000003],[114.82924175999999,35.08403922],[114.82922196000001,35.08392932999998],[114.82912152000002,35.08331975999996],[114.82909163999999,35.08312986000001],[114.82909163999999,35.08223075999998],[114.82909163999999,35.08143156000004],[114.82896131999998,35.08073208000001],[114.82896132,35.07992289000001],[114.82871075999999,35.07923322000002],[114.82847063999998,35.07843366000003],[114.82834032000002,35.07773418000005],[114.82803972,35.07687459000002],[114.82784928000001,35.076344850000005],[114.82772904000001,35.075635379999994],[114.82713828000001,35.07487524000001],[114.82662744000002,35.07413517000003],[114.82613676000003,35.07354504000003],[114.82564572000001,35.07284502],[114.82527528,35.07214518000001],[114.82502472,35.07144542999997],[114.82502472,35.07065621999999],[114.82465427999999,35.06994639],[114.82435367999999,35.069086800000036],[114.82404336000003,35.068217220000015],[114.82391304,35.06785740000004],[114.82367256,35.067047849999994],[114.82343208000002,35.06634819],[114.82305156000002,35.06554845],[114.82281107999998,35.064748889999976],[114.82256088,35.06405913000001],[114.82219008,35.06325939],[114.82206984000001,35.06246001000001],[114.8217696,35.061590430000024],[114.82157916000001,35.06106069000001],[114.82120871999997,35.060360850000016],[114.82096824000001,35.059481369999986],[114.82070796000001,35.05875164999999],[114.82058772000002,35.05806216000002],[114.82030728000001,35.05745241000002],[114.82022699999999,35.05726241999998],[114.81997679999999,35.05646285999999],[114.81985655999998,35.05567347],[114.81960600000001,35.05486391999997],[114.81947568000001,35.05416443999997],[114.81947567999998,35.05326533999997],[114.81923556,35.05256567999999],[114.81898500000001,35.051776109999984],[114.81810372000001,35.050006529999976],[114.81776316000001,35.04864735000001],[114.81819372000001,35.04666996000005],[114.81914519999998,35.04474332999998],[114.82338132000002,35.035888500000006],[114.82718687999999,35.025664410000026],[114.82902972000001,35.01833454000003],[114.83062163999999,35.011563659999986],[114.83094204000002,35.00910665999999],[114.83122248000001,35.00691920999999],[114.83090171999999,35.00079488999995],[114.83087184,35.0001954],[114.83087184,34.99997561999998],[114.83087184,34.999835760000046],[114.83083188,34.99907660999999],[114.83016120000003,34.99622892],[114.82875935999999,34.99356995999998],[114.82366212,34.99064576999998],[114.81879492000002,34.98792174000002],[114.81241572000002,34.98578478000002],[114.80995188000001,34.985131919999986],[114.80811912000001,34.984499940000006],[114.76330631999998,34.98810677999998],[114.76066607999998,34.988975999999965],[114.75692604000002,34.99082414999999],[114.75457595999998,34.993751039999964],[114.75277559999998,34.99581878999998],[114.75077544,34.99816625999999],[114.75005544,34.99989434999997],[114.74995536,34.99999425000002],[114.74994564000002,35.000034210000024],[114.74991540000002,35.00022402000001],[114.74988551999999,35.00075349000001],[114.74984556000001,35.00122302000002],[114.74985563999999,35.00156267999998],[114.74987544,35.00341083000002],[114.74989560000002,35.005238999999996],[114.74985563999999,35.006477849999975],[114.74985563999999,35.00736695999995],[114.74966556000003,35.008146180000004],[114.74956548000002,35.008525800000015],[114.7490856,35.009275049999985],[114.74810531999998,35.00975474999999],[114.74729531999999,35.009834669999975],[114.74641547999998,35.00991468000001],[114.74568540000001,35.010304379999994],[114.74507555999999,35.011013760000026],[114.74447543999999,35.01151334999995],[114.74438543999999,35.01162323999998],[114.74398547999999,35.01212273999997],[114.74338536000002,35.01262233000002],[114.74277552,35.01322181999999],[114.74217540000001,35.01372132000003],[114.74132544000001,35.01423089999995],[114.74083548,35.01493029000003],[114.74011548000001,35.015329979999976],[114.73938540000002,35.01592937999997],[114.73851563999999,35.016239160000005],[114.73768548000002,35.01682866000002],[114.73682544,35.01702855],[114.73609536000001,35.01702864000003],[114.73500564000003,35.01703872000001],[114.7347756,35.01703872000002],[114.73390547999999,35.017038810000024],[114.73293563999998,35.017138890000005],[114.73208532,35.01734867999999],[114.7311054,35.01744876],[114.73025544000002,35.01754875000001],[114.72928560000003,35.01753885000004],[114.72889535999998,35.01758880000005],[114.72781536000001,35.017718760000015],[114.72672564000001,35.01785871],[114.72657551999998,35.017858800000035],[114.72575543999999,35.017858800000035],[114.72536556000001,35.01798875999999],[114.72436548,35.01834849000001],[114.72335532000004,35.01869822999997],[114.72235559999997,35.01905796],[114.72149556000004,35.01945765000002],[114.72077555999998,35.019867329999975],[114.72007536000002,35.02010717999999],[114.71906555999999,35.02045691999999],[114.71851548,35.02076670000002],[114.71760540000002,35.02126629000002],[114.71711543999997,35.02186569000001],[114.71663556,35.022565079999985],[114.71614560000002,35.02317446999998],[114.71591556,35.023863870000035],[114.71554548,35.02456317000002],[114.71506559999997,35.02516266000001],[114.71469552,35.02587194999998],[114.71433551999998,35.026661160000046],[114.71421563999998,35.027370540000035],[114.71384556000001,35.028169740000024],[114.71361552000002,35.02886903999999],[114.71312556,35.02947852],[114.71252544,35.02997801999999],[114.71203548000003,35.03056752000001],[114.71142564000002,35.03126690999997],[114.71069555999999,35.03177640000003],[114.71025564,35.032136130000026],[114.70948560000001,35.03277558000003],[114.70923540000004,35.03347488000003],[114.70862555999999,35.03408436000001],[114.70833539999998,35.034643799999984],[114.70790555999999,35.03548305000001],[114.70753547999999,35.036272259999976],[114.70717547999999,35.03673189],[114.70656563999998,35.03748114000001],[114.70596552000002,35.03808063],[114.70544532,35.038520190000014],[114.70533552000002,35.03860020000002],[114.7046256,35.039279519999965],[114.70413563999999,35.039978909999995],[114.70377564,35.04067820999998],[114.7036554,35.041387590000014],[114.70353551999997,35.04227670000002],[114.70341564,35.04297600000002],[114.70328532,35.04334562999999],[114.70299551999997,35.044214759999996],[114.70269564,35.04507399000003],[114.70232556,35.04578328000001],[114.70172543999999,35.04629286000001],[114.70098564000001,35.04668256],[114.70001543999999,35.04708225000003],[114.69916692000002,35.04728313],[114.69830796,35.04738419999998],[114.69745943999999,35.04768506999999],[114.69639131999998,35.04791636999999],[114.69539268000004,35.04828744000002],[114.69441419999998,35.04868839000002],[114.69369563999999,35.04909897000003],[114.69283667999998,35.04948974999998],[114.69198816000004,35.05000040999999],[114.69101975999997,35.05040135999997],[114.69004127999997,35.050702500000014],[114.68932236000002,35.05110309],[114.68871359999997,35.05160340000001],[114.68785499999998,35.05190436000004],[114.68712600000002,35.05230494999996],[114.6862674,35.052705720000006],[114.68552868000002,35.053226280000004],[114.68468988000002,35.053816860000005],[114.68397096000001,35.05431735000001],[114.68336183999999,35.05480767000003],[114.68287296,35.05541778000002],[114.68222388,35.05598810999999],[114.68178468000002,35.05680792000001],[114.68129544,35.05760784],[114.68081592,35.05831776000002],[114.68020715999998,35.058818159999966],[114.67971791999999,35.05941819000001],[114.67961783999999,35.059488299999984],[114.67922868000001,35.060218110000015],[114.67861956000002,35.06072841000001],[114.6781404,35.061418440000025],[114.67766124,35.06201847000002],[114.67704203999998,35.06261876999998],[114.67656288,35.06321879999996],[114.67595376,35.063729190000004],[114.67559447999997,35.06417918999999],[114.67498536000002,35.064919350000025],[114.67412676000001,35.065230210000024],[114.67327824,35.06543118000002],[114.67272887999998,35.06573169000001],[114.67172052000001,35.066262509999945],[114.67072224000002,35.06663358],[114.67021319999999,35.06714379000002],[114.66951408000001,35.06783408999997],[114.66877536000003,35.068234679999996],[114.66804636000002,35.06873525999997],[114.66756719999998,35.069335289999984],[114.66708804000001,35.07013512000001],[114.66658872,35.07073523999998],[114.66622943999998,35.07143508000001],[114.66562031999999,35.07203528999997],[114.66511128000003,35.07267536999999],[114.66453204000003,35.07344540999999],[114.66404279999998,35.07414543],[114.66352368,35.07482547000002],[114.66307439999997,35.07564528000003],[114.66258516000002,35.0764452],[114.66205596,35.07711524999998],[114.66161675999997,35.07794504999998],[114.66125748,35.07864480000002],[114.66076824,35.079254909999996],[114.660279,35.07994484999999],[114.65979984,35.08054496999999],[114.65950031999998,35.08111484999996],[114.65907084000001,35.08194455999998],[114.65858159999999,35.08255467000001],[114.65822232,35.083244429999986],[114.65816219999999,35.083324439999984],[114.65785296,35.08369451999997],[114.65756316,35.08406459999999],[114.65725355999997,35.084454569999984],[114.65664479999998,35.08505487000003],[114.65627544000002,35.08575470999999],[114.65584596,35.086374630000016],[114.65530668,35.08715466],[114.65481780000002,35.087754690000004],[114.65421875999998,35.08836498000003],[114.65372951999998,35.088955019999986],[114.65347967999998,35.08966466999998],[114.65300052000002,35.090364689999994],[114.65263116000001,35.09115435],[114.652152,35.09175447000001],[114.65166276000001,35.092464390000025],[114.651423,35.09326395000002],[114.65112348000001,35.09383383000002],[114.65069436,35.09466362999997],[114.65051436,35.09519327999997],[114.65021483999999,35.096062859999975],[114.65021483999999,35.09686206000002],[114.65009532000002,35.09766143999998],[114.64972559999998,35.09836127999998],[114.64954596,35.09889092999997],[114.64976555999999,35.10219716999998],[114.64978536,35.10320598000001],[114.64939584000003,35.1034263],[114.64862723999998,35.10398673000004],[114.64786836000002,35.10468702000002],[114.64751880000001,35.105127029999984],[114.64613099999998,35.10659735999999],[114.6452922,35.10757746000001],[114.64493255999999,35.10801746999997],[114.64430364,35.10884745],[114.64366464,35.10965745000003],[114.64343495999998,35.11002734999996],[114.64312536,35.11059722999999],[114.64289567999998,35.11100709],[114.64241616,35.11183680000002],[114.64191684000002,35.11286639999999],[114.64142759999997,35.11392588000001],[114.64119792,35.11458548999996],[114.64095816000004,35.11540494000001],[114.64076844,35.11617434999998],[114.64047899999998,35.11686401999996],[114.64020936,35.117383859999975],[114.63991956000001,35.11788363000003],[114.63951024000002,35.11858346999999],[114.63883127999998,35.11967318999998],[114.63818219999997,35.12060307],[114.6376728,35.121293099999974],[114.63723359999999,35.12195297999999],[114.63696395999999,35.122302989999966],[114.63663456000002,35.12261304000002],[114.63613523999997,35.12300337000002],[114.63581556000001,35.12325348000001],[114.63567588000001,35.12338352999998],[114.63543612,35.123663609999994],[114.63520644000002,35.12393361],[114.63431795999999,35.12484387],[114.63353891999998,35.12562407999998],[114.63315947999999,35.12600424],[114.63248051999999,35.12672432999998],[114.63162191999999,35.127614609999966],[114.63124248000003,35.12796471000002],[114.63096312,35.12822481000001],[114.63081299999997,35.12834486999999],[114.63069347999999,35.12842497000002],[114.63050376,35.12853513],[114.63010416000002,35.12874545999999],[114.62970492000001,35.12890584000001],[114.62922575999998,35.12902634999999],[114.62865659999999,35.12911707000001],[114.62802768,35.12925783000003],[114.62764824000001,35.12935827],[114.62641992,35.129699550000026],[114.62498244000003,35.130131099999964],[114.62425343999999,35.130331889999965],[114.62307515999998,35.13076308000002],[114.62225652,35.13108384000004],[114.62117832,35.13157488],[114.62050943999999,35.13184551000002],[114.61956083999999,35.13217644],[114.61951079999997,35.132196509999986],[114.61837247999999,35.13255768],[114.6167154,35.133089399999996],[114.61580676000001,35.13339036000001],[114.61455864,35.13377169],[114.61374,35.13403250999995],[114.61355027999998,35.13411269999997],[114.61334040000001,35.134252830000015],[114.61216211999998,35.135403209999964],[114.61130351999999,35.136253530000026],[114.6112236,35.13632354999997],[114.61112388000002,35.136393569999996],[114.61103388000002,35.13644369999997],[114.61092407999999,35.13646377000001],[114.61080420000002,35.136463950000014],[114.61065444,35.136444240000024],[114.60885732000001,35.13622698000001],[114.60834827999999,35.136167760000006],[114.60806892000001,35.1360882],[114.60796883999998,35.13602843999998],[114.60787919999997,35.13594860999998],[114.6076794,35.13556934999999],[114.60757968000001,35.135459550000014],[114.60744971999999,35.13536991000003],[114.60731004000003,35.13531015000002],[114.60717036000001,35.135260379999984],[114.60701051999999,35.13525066000002],[114.60684096,35.13526082999997],[114.60668112000002,35.135281079999984],[114.60619187999998,35.13541158],[114.60545280000001,35.13567230999997],[114.60516335999999,35.13574269000003],[114.60405528000003,35.13598398],[114.60319668000004,35.13627486000005],[114.60249755999997,35.13648555000002],[114.60164904000001,35.13673647],[114.59905919999999,35.13729645000001],[114.59821716,35.13739482000001],[114.59780604000001,35.13750390000001],[114.59655287999999,35.13786110999998],[114.59615183999998,35.13793022999999],[114.5956806,35.13810914999999],[114.59541995999997,35.13814857000001],[114.59500884000002,35.138347559999985],[114.59485835999998,35.13842721],[114.59458763999999,35.13850658999999],[114.59393604000002,35.138575259999996],[114.59232180000002,35.138971709999986],[114.59058732000001,35.13932801999998],[114.58984536000001,35.13951639],[114.58944468,35.139565620000006],[114.58941443999998,35.13957552],[114.58778004000001,35.13993201000003],[114.58765980000001,35.13998168999997],[114.58752948,35.14001139000002],[114.58662732,35.14022946],[114.58564488,35.14051728000002],[114.58533384,35.14060655999999],[114.584652,35.14077512999998],[114.58365948000001,35.14108284000003],[114.58334880000001,35.141202180000015],[114.58252656,35.141400360000006],[114.58227600000001,35.141489820000025],[114.58195524,35.141569110000006],[114.58174464000001,35.14162859999998],[114.58130364,35.14184757],[114.58097280000001,35.141946839999996],[114.58048140000001,35.14218560999999],[114.5799702,35.142434370000004],[114.57893736000001,35.142941879999995],[114.57875700000001,35.14302144000003],[114.5774736,35.14354838999999],[114.57658116,35.14410612000001],[114.57572904,35.144524079999975],[114.57535824,35.144892989999974],[114.57509724,35.14527206999998],[114.57498708,35.145441720000036],[114.57486684000001,35.145551339999976],[114.57407484000001,35.14646889000001],[114.57393444,35.14658850000003],[114.57379404000001,35.146788029999975],[114.57351324000001,35.14704714000003],[114.57342288000001,35.14720689],[114.57285156,35.14782509999999],[114.57247032000001,35.14827392999997],[114.57177876,35.14923161999999],[114.57122724,35.14983993000001],[114.57085608,35.150198849999995],[114.57053531999999,35.15046795000002],[114.57040500000001,35.15063751],[114.56941248000001,35.15160464999996],[114.56882099999999,35.152102979999974],[114.56848008,35.152452000000025],[114.5681892,35.152701209999954],[114.56739719999999,35.153678700000015],[114.56720675999999,35.15387813999998],[114.5669058,35.15420717999999],[114.56578296,35.15523399000004],[114.56447940000001,35.15636043],[114.56410860000001,35.15663942999998],[114.56387784,35.156878740000046],[114.56351712,35.15718770999998],[114.562755,35.15797547999995],[114.56263476000001,35.15804522999997],[114.5618226,35.158862879999994],[114.5608902,35.159830109999994],[114.56018856,35.16050808],[114.56006796000001,35.16066774000001],[114.55983756,35.16084711000001],[114.55955676,35.16114627000001],[114.55884504000001,35.16182423999996],[114.55698996000001,35.163718829999986],[114.55695,35.16375869999998],[114.5563686,35.16427710000001],[114.55533576,35.16532415999996],[114.55468416,35.165882339999996],[114.553782,35.16657992999996],[114.5537118,35.16662978999999],[114.55337087999999,35.16680897999999],[114.55311996,35.16701832],[114.55252848,35.16730685999999],[114.55193700000001,35.16759548999998],[114.55144596000001,35.16783435000001],[114.55092468000001,35.16809310000002],[114.55070400000001,35.16820263000002],[114.55049340000001,35.168252130000006],[114.55016256,35.168411339999984],[114.55001208,35.16848100000001],[114.54863868000001,35.16921773999997],[114.54823764000001,35.169466770000035],[114.54811740000001,35.16957639],[114.54766632,35.16980535000001],[114.54751583999999,35.16993495000003],[114.54640308,35.17057224000001],[114.54610211999999,35.17078149],[114.54484896000001,35.17152840000001],[114.54470856,35.17157807999999],[114.54302448,35.172594],[114.54255324,35.172832859999986],[114.54195168000001,35.173221390000045],[114.54181128,35.17324109999996],[114.54141024,35.173470150000014],[114.54119964,35.173519649999974],[114.54069852,35.17376849999999],[114.53950548,35.174255850000016],[114.53834232,35.17480314000002],[114.5372598,35.17526070000001],[114.53397120000001,35.17690302000003],[114.53378076,35.17704251999997],[114.53363064000001,35.17707222000002],[114.53234724,35.17766927999998],[114.53209668,35.17781868000001],[114.53142492,35.17810713000002],[114.53063292,35.1782955],[114.52976064,35.178413850000034],[114.52624164,35.17847729999996],[114.5250288,35.17857495],[114.52385592,35.17874262000001],[114.52365540000001,35.17877223],[114.52284324,35.17882065000002],[114.52231187999999,35.17874982],[114.52204116,35.17871931],[114.52069800000001,35.178546960000006],[114.51993588,35.17837578000002],[114.51866256000001,35.177863859999995],[114.51847212000001,35.17774362],[114.51821148,35.177523389999976],[114.51739968000001,35.17645284],[114.51686832,35.17594236000003],[114.51646728,35.17566191999997],[114.51560508,35.17517078999998],[114.51517416,35.174930220000014],[114.51487320000001,35.17480971000001],[114.51413124000001,35.17459857],[114.51380040000001,35.174538],[114.5134998,35.17448751000001],[114.51192588,35.174274749999974],[114.51101364,35.174083319999994],[114.51032172000001,35.17399206000003],[114.50935944000001,35.17373052000001],[114.50920896000001,35.17373024999994],[114.50859732,35.173549260000044],[114.50848716,35.17353909],[114.5076048,35.173277730000024],[114.5073744,35.17324730999997],[114.50713356,35.173146959999976],[114.50682288,35.173086389999995],[114.50645208,35.17293591000002],[114.50493828,35.17251345000002],[114.50404584,35.17221203999997],[114.50384532000001,35.17218171],[114.502482,35.17164972],[114.50207088,35.17144910999998],[114.500106,35.17082604000001],[114.50000556,35.17080587999997],[114.4996146,35.17071525000001],[114.49882260000001,35.17062390000003],[114.49820124,35.17049294999998],[114.49758960000001,35.17031205],[114.49731888000001,35.17027154999996],[114.49635624000001,35.16999012000001],[114.49594548,35.16993944999997],[114.49436112000001,35.16986673000002],[114.49427112000001,35.169866550000016],[114.49296756000001,35.16989426999997],[114.49248659999999,35.1699633],[114.49201536000001,35.170092359999984],[114.49114308,35.17022070000005],[114.49061172,35.170349669999986],[114.49024056,35.170389000000014],[114.48914796000001,35.170606799999995],[114.48860652,35.17079570999999],[114.48844595999999,35.17085537999998],[114.48814535999999,35.17094474999999],[114.48823536,35.17143443999999],[114.48877680000001,35.172973979999995],[114.48871668000001,35.17340354999997],[114.48865656,35.17378308000002],[114.48865656,35.17458236999998],[114.48854639999999,35.175281490000025],[114.48829548,35.17608032999999],[114.48829548,35.17687962],[114.48820548,35.177389020000014],[114.488055,35.178287940000025],[114.48768384,35.17908650999998],[114.48766404000001,35.17921638000001],[114.4875636,35.17978563000001],[114.48732312,35.18048456999996],[114.48720288000001,35.181283679999986],[114.48695196,35.182082519999994],[114.48683172,35.18279162999996],[114.48680148000001,35.183361060000024],[114.48671148000001,35.18368055999998],[114.48659124000001,35.18437977000001],[114.4863504,35.18508869999999],[114.4863504,35.185778009999986],[114.4863504,35.18668719000003],[114.48609984000001,35.18738613],[114.48573876,35.1880848],[114.48561851999999,35.18879399999995],[114.4854882,35.18916336000004],[114.48518724,35.19002205],[114.48488664,35.19089073000002],[114.48476640000001,35.191589849999986],[114.48463608,35.192388959999995],[114.48455580000001,35.19289835999998],[114.48454572,35.192958209999965],[114.4845054,35.19327789],[114.48449568000001,35.193327840000016],[114.48439524000001,35.193987000000035],[114.48439524000001,35.19488619],[114.48431496,35.19540558000001],[114.48415476000001,35.19629450999996],[114.48402444,35.196663960000045],[114.48372348000001,35.197532550000034],[114.4834326,35.19839124000002],[114.48342252,35.19920051999998],[114.48330228,35.19999954],[114.48342252,35.20069910999999],[114.48342252,35.20149830999999],[114.48334224,35.202007709999975],[114.48319140000001,35.202896549999956],[114.48293076,35.20369530000002],[114.48282024000001,35.20439441999999],[114.48270000000001,35.205093450000014],[114.4825794,35.205992370000004],[114.4825794,35.206361999999984],[114.48257904,35.207261100000025],[114.48293004,35.207391599999966],[114.48367200000001,35.207802539999996],[114.48391248,35.20850228999998],[114.4842732,35.20919231999999],[114.48423288000001,35.209292129999994],[114.48439344,35.209891799999994],[114.48459396000001,35.21042163],[114.48488448,35.2112913],[114.48512496000001,35.21209095000001],[114.48521496000001,35.21261061000003],[114.48537516,35.21348999999995],[114.4854756,35.21360006999997],[114.48561564,35.21428965000001],[114.48573588000001,35.214999209999995],[114.48610668,35.21569914000001],[114.48634716000001,35.21649878999998],[114.48671796000001,35.21693898000001],[114.48736956,35.21776931999995],[114.48781056,35.21858931],[114.48804096,35.218979369999964],[114.48853236,35.21978945999998],[114.48902340000001,35.22058947000002],[114.48944424000001,35.221099769999995],[114.48951444000001,35.22118977],[114.49012608000001,35.221680360000015],[114.4909782,35.22219138000002],[114.49158948,35.222781869999984],[114.49244159999999,35.223183],[114.49305324,35.22368358000001],[114.49389528,35.224184609999966],[114.49426608,35.22454488000001],[114.49451664,35.22478509000003],[114.49499796,35.225375400000004],[114.49560924000001,35.225875980000026],[114.49633104,35.226376740000006],[114.49694232,35.22697722000001],[114.49705284000001,35.227177199999986],[114.49731312,35.227677149999984],[114.49791468000001,35.22816773999995],[114.49840572000001,35.228778030000015],[114.49913760000001,35.22916890000002],[114.50000988000001,35.22948021000001],[114.5007216,35.22986108999999],[114.50157372000001,35.230062509999996],[114.50226528,35.230303529999965],[114.5023056,35.23032360000002],[114.50328804,35.230665060000014],[114.50414016,35.23116617999998],[114.50436048,35.23131638999996],[114.50523276000001,35.23186755],[114.50578428,35.232168240000014],[114.50673648,35.23267952999997],[114.50766888000001,35.23316076000005],[114.50867112,35.23346234999996],[114.50979396000001,35.23367421000002],[114.51083688,35.23394591999998],[114.51180924,35.23435730999998],[114.51266136,35.23454874000001],[114.513273,35.23460984999999],[114.51363372,35.23465044000001],[114.51460644000001,35.23464224999997],[114.51558888,35.23484394000002],[114.51656124,35.23484574000002],[114.51756384000001,35.23514732999997],[114.51863664000001,35.23533911999996],[114.5195388,35.235560610000036],[114.52058136000001,35.23583232000002],[114.52143348,35.23613354999997],[114.52216536,35.236624500000026],[114.52306752000001,35.236955880000004],[114.52366908,35.237266740000024],[114.52399992000001,35.23743710999999],[114.52497228,35.23782861000001],[114.5258244,35.23821983999999],[114.52693752,35.238681449999994],[114.52760892,35.238962429999994],[114.52788972,35.239122810000026],[114.52887216,35.23951430999999],[114.52972428000001,35.23992551999998],[114.53042628,35.240166630000004],[114.53054652,35.24020686000001],[114.5314386,35.240518169999994],[114.53229072,35.24091939000002],[114.53314284000001,35.24122071000006],[114.53375448,35.24171147999998],[114.53447628,35.24221232999999],[114.5350476,35.24268293999995],[114.5358198,35.24331383999996],[114.53631084,35.243914229999966],[114.53635080000001,35.243964269999985],[114.53692248,35.24460470999999],[114.53741352,35.24521508999999],[114.53766408,35.245914930000005],[114.53782428000001,35.24613497999997],[114.53838588,35.246905379999994],[114.53886684000001,35.24771556000003],[114.53911740000001,35.24840540999998],[114.53960880000001,35.24901569999999],[114.53985936000001,35.24980545000003],[114.5399094,35.24996547],[114.54012,35.25053534999998],[114.54059088000001,35.25120558000003],[114.54084144,35.25201531000002],[114.5409516,35.25291468000001],[114.54112224,35.25356447999999],[114.54108192000001,35.253814139999974],[114.54142284000001,35.254564109999976],[114.54183359999999,35.2553841],[114.54217452,35.25611409000002],[114.542415,35.25691383000001],[114.54254532,35.25770339999997],[114.54266556,35.25841296],[114.54290604,35.25911279999998],[114.54291612,35.25918273000001],[114.54292620000001,35.259322590000004],[114.54293628,35.25941258999999],[114.54302628,35.26031186999998],[114.54310656000001,35.26054182000001],[114.54344712000001,35.261541629999975],[114.54376788,35.262401399999945],[114.54425928,35.26311167999999],[114.54474060000001,35.26370208],[114.54523164000001,35.26441244999999],[114.54584328,35.26490312999998],[114.54657516,35.26540407000004],[114.54707628,35.26621433999998],[114.54779808,35.26690509],[114.54839964,35.267405849999975],[114.54905124000001,35.26803648000001],[114.54974316,35.26898697],[114.5502342,35.269797240000024],[114.55075548,35.27043767999999],[114.55133688000001,35.27119808999997],[114.55194852000001,35.27169885000001],[114.5526804,35.272099890000014],[114.55305156,35.27255025000002],[114.55366284,35.27330076],[114.5540538,35.273601179999986],[114.5542446,35.273961270000015],[114.55490628000001,35.274731850000016],[114.55549776000001,35.27549235000003],[114.55609932,35.276003099999976],[114.55659036,35.27659350000002],[114.55744247999999,35.27699481000001],[114.55818444,35.277395940000005],[114.55903692000001,35.277597359999994],[114.56003952,35.27770923000002],[114.56113248000001,35.277901199999995],[114.56221536000001,35.278093170000034],[114.56306748,35.27838459000001],[114.56403984,35.278796160000056],[114.56489232000001,35.279087579999995],[114.56575452,35.27928908999999],[114.56663688,35.27947062],[114.56770968000001,35.27969255999995],[114.56856180000001,35.279983980000004],[114.56953452,35.280185669999995],[114.57051696,35.28048735],[114.57136944000001,35.28058895999996],[114.57203112,35.280740069999986],[114.57308376,35.28098199000001],[114.57327456,35.281012320000016],[114.57405648000001,35.28118368000001],[114.57491868000001,35.28128529],[114.5758914,35.28128717999997],[114.57675359999999,35.28167859000002],[114.57766620000001,35.28200007],[114.57879912,35.28232199999998],[114.5798118,35.28268371],[114.580674,35.28287523],[114.58152612,35.283386520000036],[114.58208772,35.283557429999966],[114.58249884,35.28378810000002],[114.58336104,35.284179420000015],[114.58409292,35.28458055000002],[114.58494540000001,35.28478206000001],[114.58579752,35.285093460000006],[114.58665971999999,35.285294969999995],[114.58758239999999,35.28557658000001],[114.58861524000001,35.28588834000001],[114.58947744000001,35.28618983999998],[114.5904498,35.28649152000003],[114.59130228000001,35.28669303000003],[114.59216448000001,35.28719423999997],[114.59289636000001,35.28778526999999],[114.59375892000001,35.28818658000001],[114.59462111999999,35.28838817999998],[114.59517263999999,35.28868904999998],[114.59608488000002,35.289190439999985],[114.59657628,35.28979091999998],[114.5971278,35.29009170000003],[114.59805012000001,35.29059317999999],[114.59902283999999,35.29099475999997],[114.59975472000002,35.29149579000001],[114.6006144,35.291994839999965],[114.60155292,35.29245321],[114.60178223999999,35.29252277999997],[114.60256128000003,35.29279151999999],[114.60329999999999,35.29318014],[114.60375935999998,35.29341936000001],[114.6046878,35.29389761999999],[114.60561623999999,35.294375970000004],[114.60647484,35.29467450000003],[114.60730356,35.294853239999966],[114.60739356,35.29479311999999],[114.60830184000004,35.294971769999975],[114.60915071999999,35.295280289999994],[114.60996936,35.295369119999954],[114.61000931999999,35.29536903000001],[114.61097772,35.295367680000005],[114.61183631999998,35.295456420000015],[114.61249512,35.295615360000006],[114.61354344,35.29586367000001],[114.61439232,35.29616228999998],[114.61505112,35.29631123999999],[114.61609944000001,35.29654955999998],[114.61683851999999,35.29694825999998],[114.61769712000002,35.297246789999996],[114.61842576000001,35.297645490000036],[114.61861547999999,35.29763522999998],[114.61928436,35.29784412000001],[114.61950395999999,35.29796373000001],[114.62001335999999,35.29825272000002],[114.62087196,35.298641249999974],[114.62185044,35.29883970000002],[114.62281884000001,35.29894824000002],[114.62379732000001,35.29894688999998],[114.62477580000001,35.29883565000001],[114.62499539999999,35.29878533999998],[114.62562431999997,35.29864457999999],[114.62660279999997,35.298443340000006],[114.62758127999997,35.29813230000001],[114.62855975999997,35.29813086000003],[114.62952816000002,35.298029609999986],[114.63015707999999,35.298028710000025],[114.63050664000002,35.29802826],[114.63137495999999,35.297927099999974],[114.63234372,35.29783584000001],[114.63248340000001,35.29781567999998],[114.63331212,35.297724600000016],[114.63405083999999,35.29772351999998],[114.63514920000001,35.29772198999998],[114.63624719999999,35.29771047000005],[114.63739559999999,35.29769886000002],[114.63844391999999,35.297417610000025],[114.63929244000002,35.29730655000003],[114.63968195999998,35.29717614000003],[114.64069031999998,35.29681497000003],[114.64169867999999,35.29646388000002],[114.64271712000001,35.29610271],[114.64344576,35.29570203000001],[114.64368552000002,35.29564173000003],[114.64377516000003,35.295621570000016],[114.64430436,35.29550097],[114.64516296,35.2954098],[114.64600175999999,35.29509893999997],[114.64698023999999,35.29479780000002],[114.64795871999999,35.29439675999999],[114.64856748,35.29389627000001],[114.64942608,35.29349540999997],[114.64987572000001,35.29339488000001],[114.65093376,35.29313361000001],[114.65199215999999,35.29289232000002],[114.65297063999999,35.292691080000004],[114.65358948000001,35.29261026000001],[114.65381916,35.29259001000005],[114.65466803999998,35.29247885999999],[114.65565623999998,35.29228769999996],[114.65651483999999,35.29219653000002],[114.65760311999999,35.292085109999995],[114.65858159999999,35.292083759999976],[114.65967996000002,35.29207223999998],[114.66053856000002,35.29188116999999],[114.66163691999999,35.29186965],[114.66249552,35.29176849000003],[114.66322415999998,35.2917675],[114.66432251999998,35.291765969999965],[114.66542052000003,35.29176444],[114.66627947999999,35.29167326999999],[114.66663876000001,35.291672819999995],[114.66774683999999,35.291661210000036],[114.66884520000002,35.29166966999999],[114.66994356000001,35.29165815000002],[114.67104155999999,35.29166660999999],[114.67213991999999,35.29166507999999],[114.67323828,35.29166354999999],[114.67433627999999,35.29165202999998],[114.67519524000002,35.29175075999999],[114.67605384,35.29204928999998],[114.67690236,35.29225799999998],[114.67776095999999,35.292546540000004],[114.67860948,35.29294506000005],[114.67916856000002,35.29325402999998],[114.68007720000001,35.29375236000002],[114.68052647999998,35.29412145000001],[114.68069640000002,35.29425104999999],[114.68145492000001,35.29475964],[114.68228364000001,35.29534797000001],[114.68314224000002,35.295636509999994],[114.68351159999999,35.29634544000001],[114.68399112,35.296944300000035],[114.68463983999997,35.297472959999986],[114.68541887999999,35.29810142999999],[114.68620763999999,35.298739799999986],[114.68647691999999,35.29888928999999],[114.68681640000001,35.29909863],[114.68705616000003,35.29924821000001],[114.68781503999998,35.29974671999995],[114.68865347999999,35.30033496000004],[114.68924243999999,35.300863619999966],[114.68926224,35.30093346000001],[114.68963160000003,35.30164220999999],[114.68987099999998,35.30233106999997],[114.68995092000002,35.30249082000001],[114.69024035999999,35.30302983000004],[114.69060972000001,35.303838390000045],[114.69122856000001,35.30452680000002],[114.69171779999999,35.30523536999999],[114.69184739999999,35.30593439999997],[114.69232655999998,35.30653307999996],[114.69269555999999,35.30722185000002],[114.69279527999998,35.30774105999996],[114.69295511999998,35.30863989],[114.69319452,35.309528550000024],[114.69331403999999,35.31022766999999],[114.69331403999999,35.31092687999997],[114.69332376,35.311825890000016],[114.69356316000002,35.31252483000004],[114.69356316000002,35.31322403999997],[114.69356279999998,35.314123050000006],[114.69357288,35.315032049999985],[114.69357252,35.315931059999976],[114.69357252,35.31683006999997],[114.69358224000003,35.316870030000025],[114.69369203999999,35.31752918999997],[114.69407147999998,35.31832776000002],[114.69432095999997,35.319116519999994],[114.69456036000003,35.31982545000001],[114.69468995999998,35.32062438000003],[114.69486960000002,35.32115349],[114.69517884,35.32203206999998],[114.69530843999998,35.322920999999994],[114.69555791999997,35.323719749999995],[114.69567744,35.32441878],[114.69579732,35.325227700000006],[114.69579696000001,35.326026900000016],[114.69604644,35.326725749999994],[114.69605616000004,35.32761477000001],[114.69604607999999,35.32852376999999],[114.6960558,35.32941279],[114.69593592,35.330122169999974],[114.69555648,35.330971770000005],[114.69519684000001,35.331831359999974],[114.69434832000002,35.33192244000001],[114.69373919999998,35.33235291000002],[114.69289032,35.33292351000001],[114.69246120000003,35.333353620000025],[114.69228120000002,35.333533710000005],[114.69215159999999,35.33377356],[114.69191184,35.33423346000001],[114.691662,35.33493303000003],[114.69155219999999,35.335632420000024],[114.69155184,35.336431530000006],[114.69158171999999,35.336621339999986],[114.69167171999999,35.33724053999998],[114.69179123999997,35.33792958000003],[114.69229019999999,35.33852826000002],[114.69265956000001,35.339226929999995],[114.6931488,35.339835510000036],[114.69387744,35.340323940000005],[114.69474576,35.34062238000004],[114.69560436,35.340830910000015],[114.69633336000003,35.34082992000002],[114.69743136,35.34081831000001],[114.69852972000002,35.34081678],[114.69967775999999,35.34082505999998],[114.70072716,35.34111432],[114.7013874,35.341324019999966],[114.70158720000002,35.34141392999998],[114.70256712,35.34141383999995],[114.70321728000002,35.341463790000034],[114.70429728000002,35.341553610000005],[114.70540716,35.34163343999997],[114.70599720000001,35.34208299000002],[114.70672692,35.342502479999986],[114.70770683999999,35.34261228],[114.70840704000001,35.342861940000006],[114.70942692000003,35.34321149999999],[114.70951691999998,35.343211500000024],[114.71040683999998,35.34330141],[114.71126688,35.34340121999999],[114.71211684000002,35.34361091999997],[114.71297688,35.34400044],[114.71358672,35.344000440000016],[114.71468687999999,35.344000349999995],[114.71578668,35.344000349999995],[114.71688684,35.34400025999999],[114.71799671999997,35.34400016999998],[114.71909688000002,35.34400008000006],[114.7192866,35.344050030000034],[114.71994647999998,35.34429978000003],[114.72092675999998,35.34439958999996],[114.72178644000002,35.34458931],[114.72275663999999,35.34488892],[114.72301655999999,35.344918889999995],[114.72374663999999,35.344998810000014],[114.72459660000001,35.34498873000001],[114.7256964,35.344978739999966],[114.72655644000002,35.345088540000006],[114.72716664,35.34507855000002],[114.72826643999997,35.345078459999996],[114.7293666,35.345078370000024],[114.73046639999998,35.345078370000024],[114.73094663999998,35.3450583],[114.73156655999998,35.34507827999998],[114.73241651999997,35.34497829],[114.73339644,35.34486840000001],[114.73425647999997,35.34477840000001],[114.73510644,35.344568609999996],[114.73580664,35.34432884999999],[114.7368168,35.34396912],[114.73779672,35.34365943000004],[114.73864668000002,35.34355952999999],[114.73962695999998,35.34334964999999],[114.740397,35.34316982999997],[114.74048699999997,35.343159840000034],[114.74145684000001,35.342959949999994],[114.74208684,35.342880030000025],[114.74316684,35.342750070000015],[114.74414712000001,35.34235046999999],[114.74436707999999,35.34228053999997],[114.74512704000001,35.34204068999999],[114.74597700000004,35.34174098999996],[114.74670708000001,35.34174098999996],[114.74769708,35.341740899999955],[114.74780723999999,35.341740899999955],[114.74890703999999,35.341730819999974],[114.74963711999999,35.34214032000001],[114.75006696,35.342270190000036],[114.75062711999999,35.34244001999998],[114.75135683999999,35.34292944000003],[114.75210672,35.34353873999999],[114.7529466,35.344128059999974],[114.75355644,35.34462756],[114.75425664000001,35.34486722999999],[114.75540647999999,35.34481727999998],[114.75590651999998,35.34482718000003],[114.76236708000002,35.34191982],[114.76512755999998,35.34061103999999],[114.76716731999998,35.34006149999996],[114.76776744,35.340091470000004],[114.77019743999999,35.34041097000001],[114.77216736,35.34079040999999],[114.77651724,35.34156935999995],[114.77656728000001,35.34157935000004],[114.77706732,35.34162929999998],[114.79082687999998,35.34362649000001],[114.79097664,35.34368642999998],[114.79444668000001,35.34495498000001],[114.79553639999999,35.34506478000002],[114.79638636,35.34516459000001],[114.79703651999999,35.34530444999998],[114.79809636,35.345544119999985],[114.79907628,35.345743920000004],[114.79992623999999,35.345833830000025],[114.80062751999999,35.34608457],[114.80163875999997,35.34643566000001],[114.80238,35.346846420000006],[114.80323139999997,35.34733718999999],[114.80384195999999,35.3479275],[114.80421239999998,35.34872724000002],[114.80455296000002,35.34931719],[114.80458319999998,35.34942708000001],[114.80471315999999,35.35012665],[114.8047128,35.35092584999997],[114.80446223999999,35.35173459],[114.80438231999999,35.35223400000002],[114.80423184000001,35.35312292999998],[114.80399136000003,35.35383185999998],[114.80404103999999,35.35446131999996],[114.80399100000001,35.35463106],[114.80423148,35.35533072000002],[114.80461163999999,35.356020570000005],[114.80522255999998,35.35653096000002],[114.8058234,35.35722117000001],[114.80656464,35.35773182999997],[114.80730587999997,35.35812251999998],[114.80815691999999,35.358513389999956],[114.80913863999997,35.358814529999975],[114.80986979999999,35.35930520999998],[114.81073092000001,35.35961615999996],[114.811452,35.360006849999984],[114.81174252000001,35.36020710000003],[114.81253380000001,35.36079768],[114.81259392,35.36085771000003],[114.8131746,35.36129816999998],[114.81378552,35.36189847],[114.81418620000002,35.36222868000002],[114.8149674,35.36285921999998],[114.8157486,35.363499750000024],[114.81647975999998,35.36399042999999],[114.81709068000002,35.36448084],[114.81771132,35.36509113000001],[114.81819227999999,35.365361580000005],[114.81844247999997,35.36548181999998],[114.8190534,35.36597223],[114.81991487999998,35.36627328000001],[114.82046568000001,35.366573790000025],[114.82137719999997,35.36707464000001],[114.82235856,35.36746569000003],[114.82328016,35.36795663999998],[114.82421147999999,35.368437509999964],[114.82449191999997,35.36854785000002],[114.82547363999998,35.368958879999965],[114.82617456000003,35.369349570000004],[114.82669548000001,35.369620110000014],[114.82682544,35.36977013999998],[114.82767684000001,35.37029088],[114.82837812,35.37072153],[114.82906895999999,35.37127196999999],[114.82999055999997,35.37192276],[114.83077175999998,35.372553300000035],[114.83105219999999,35.37275346],[114.83187336,35.373364110000026],[114.83241408000002,35.37395432999995],[114.83305524000001,35.37438488999998],[114.83369603999999,35.37498519000001],[114.83429687999998,35.37574533000002],[114.83499816000001,35.37633581999999],[114.83568899999999,35.37693621000002],[114.83641008,35.37778643999996],[114.83706132,35.378506709999954],[114.83755200000002,35.37910683],[114.83820288000001,35.379767160000014],[114.83877383999997,35.38030751999999],[114.83929475999999,35.380817730000025],[114.84000576000001,35.38149812999997],[114.84044639999998,35.38185849],[114.84123767999998,35.382499020000004],[114.84184860000002,35.38308933000003],[114.84266004,35.38357011000002],[114.84299051999997,35.383650479999986],[114.84356147999999,35.38408094999998],[114.84429263999999,35.38448163000001],[114.84514404,35.384882490000024],[114.84588528000002,35.385273179999984],[114.84661644,35.385773760000006],[114.84735732,35.38616454000004],[114.84808847999997,35.38667510999998],[114.84893988,35.38696607999998],[114.84950112,35.387266589999975],[114.85041227999999,35.387767530000026],[114.85048248,35.3877876],[114.85127376000001,35.388158399999995],[114.85164456000003,35.38835874],[114.85255608,35.38884959999999],[114.85347732,35.389350539999995],[114.85433880000002,35.38954161000002],[114.85531044000003,35.389642949999946],[114.85641240000001,35.389634579999985],[114.85738404,35.38973601000001],[114.85804499999999,35.38988684999999],[114.85851587999997,35.38999737000001],[114.85910664000002,35.39013812999998],[114.86007827999998,35.39022948000003],[114.86092968000001,35.39043063000003],[114.86129039999999,35.390431170000035],[114.86138075999999,35.39043126],[114.86179116000001,35.39042190000003],[114.86288303999999,35.390413530000025],[114.86386476000003,35.39031506999998],[114.86449583999998,35.390236139999985],[114.86557763999998,35.390107889999996],[114.86655936,35.39010932999998],[114.86741076000003,35.390400300000024],[114.86839248000001,35.390401829999995],[114.86936412,35.39050317000001],[114.86947427999999,35.39052332999999],[114.87035556,35.390694419999996],[114.87132720000001,35.39078585999997],[114.87230892,35.390887200000016],[114.87341088,35.390878829999956],[114.87450275999997,35.390880450000026],[114.87499344000003,35.39082132000004],[114.87535416,35.390771910000005],[114.87621563999998,35.390773170000024],[114.87730715999999,35.390764799999985],[114.87817872000002,35.39066615999999],[114.87915035999998,35.39066768999998],[114.88001184000001,35.39056904999999],[114.88086324000001,35.390660220000015],[114.88171464,35.39086127999998],[114.88257612000002,35.39095254000002],[114.88344767999999,35.39103372],[114.88453956,35.39113524000002],[114.88551119999998,35.39114667],[114.88637268000004,35.391237930000024],[114.88698360000002,35.39123883000002],[114.88808556000002,35.39123046],[114.88918715999999,35.39123216999996],[114.89028912000002,35.391233790000015],[114.89139108000002,35.39132532000002],[114.89237244000002,35.39152665000003],[114.89334408000003,35.3915181],[114.89432579999999,35.391419640000045]]]}},{"type":"Feature","properties":{"id":"410823","name":"武陟县","adminCode":"410823","cityName":"焦作市","provinceName":"河南省","analysisUnitType":"黄河滩区涉及县域筛查单元","sourceNote":"用户提供的黄河滩区中下游涉及县区边界；表示涉及县域，不等同于精确滩区或湿地管理单元"},"geometry":{"type":"Polygon","coordinates":[[[113.21670096000001,34.91031770999999],[113.21541072000001,34.91365400999998],[113.21491032,34.91566173],[113.2139502,34.91664065999999],[113.2138602,34.91677053000005],[113.21379036,34.91694035999997],[113.21374032,34.91726003999997],[113.21372016,34.91745975000001],[113.21371008000001,34.91772948],[113.21372016,34.91785935000001],[113.21415,34.91830881000004],[113.21417016000001,34.91835875999997],[113.21413992000001,34.91851859999998],[113.21206956,34.92272394],[113.21197956,34.92296369999999],[113.21196948000001,34.923243420000006],[113.21192952,34.92341324999998],[113.21132940000001,34.924641840000014],[113.21082936,34.92557082000002],[113.21020908000001,34.92684945],[113.20918884000001,34.92880731000004],[113.20845876,34.93030563000005],[113.2078086,34.93153431],[113.20657848,34.93398168000002],[113.20646832,34.93404162000002],[113.20400880000001,34.93396178999999],[113.20370856000001,34.93474091999998],[113.2035084,34.93540017000004],[113.20057728,34.94371112999999],[113.20001712000001,34.94525949000001],[113.19883488,34.94850434999998],[113.19860448,34.949253240000004],[113.19796332,34.95070071000003],[113.19789311999999,34.95090041999998],[113.19777288,34.95111003000002],[113.19754248000001,34.95169907999996],[113.19674112000001,34.952936579999964],[113.19627024,34.95355523999998],[113.19601967999999,34.95408426000001],[113.1957594,34.95481317000001],[113.19536844000001,34.95569157000001],[113.19522804,34.95616091999998],[113.19520824,34.95621078],[113.19508800000001,34.956410399999996],[113.19499764000001,34.95663009000002],[113.19498756,34.95677985],[113.19477732,34.957209150000025],[113.19474744,34.957278990000006],[113.19472728,34.95738888000001],[113.19466716000001,34.95763844999999],[113.19452675999999,34.95788801999999],[113.19443675999999,34.958197529999985],[113.19413615999999,34.958826450000004],[113.19355476000001,34.96173245999999],[113.19246216,34.967204909999964],[113.19198156,34.967154240000035],[113.19116039999999,34.96708322999999],[113.19006852000001,34.96713164999999],[113.18950799999999,34.96732064999999],[113.18401943999999,34.97027967000002],[113.18000328000001,34.97254163999997],[113.17820076000001,34.97271885000002],[113.17670856000001,34.972836660000006],[113.17495608,34.973024039999956],[113.17366403999999,34.97316209999998],[113.17296312,34.97307119999998],[113.17188168000001,34.97322950999998],[113.17117032,34.974417149999994],[113.1700482,34.976822940000055],[113.16934728000001,34.97837030999999],[113.16829536,34.97904810000003],[113.16669336000001,34.97887602000002],[113.16510108,34.97944320000001],[113.16461004,34.980421409999956],[113.16418920000001,34.98155954999999],[113.16327768000001,34.98378587999999],[113.16242592,34.986192030000005],[113.16132396,34.989746580000016],[113.16081276,34.993172069999986],[113.16135312,34.99540038000002],[113.16267468000001,34.99580178000001],[113.16385620000001,34.996372830000006],[113.16388644,34.99650269999998],[113.16408623999999,34.99856073000001],[113.16412620000001,34.99889049000001],[113.16404592,35.00000909999999],[113.16402612,35.000198909999995],[113.16426623999999,35.00033904000003],[113.16483720000001,35.000649540000005],[113.16528792000001,35.000899919999966],[113.16553812000001,35.00159957999998],[113.16567852,35.00230905000001],[113.16593916000001,35.00309870999995],[113.16606912,35.00379818999997],[113.16607920000001,35.004697290000024],[113.1662196,35.00550666000003],[113.16623976000001,35.00631584999998],[113.16637008000001,35.00700533999997],[113.16651084,35.01260001000003],[113.16648096,35.01351899999998],[113.166621,35.014108590000006],[113.166621,35.014218480000025],[113.16663108,35.01501776999999],[113.1667614,35.015727239999975],[113.16679164,35.01742553999997],[113.16693204,35.01823491000002],[113.167062,35.01892439999997],[113.16708216,35.01972368999997],[113.16733272,35.020423349999994],[113.16735288000001,35.02123254000005],[113.16762324000001,35.022831300000014],[113.16788388,35.02423026000003],[113.16798468,35.029844820000015],[113.1678846,35.03054394000001],[113.16764412,35.031252959999954],[113.16753396,35.03206197],[113.16706344,35.032760639999985],[113.16671315999999,35.03346939],[113.16624264000001,35.034178049999994],[113.16529152000001,35.03607479999998],[113.16518136,35.03630439000002],[113.16470076,35.036903159999994],[113.16435012000001,35.03761199999998],[113.16388968000001,35.039019870000004],[113.16377952,35.03971908000005],[113.16342924,35.04052772999996],[113.16332915999999,35.04133683],[113.16261816000001,35.042744429999985],[113.16252816000001,35.04285413999997],[113.16166704000001,35.043961859999996],[113.16105648,35.04447054000002],[113.16036564000001,35.04587814],[113.1597648,35.04649670999996],[113.15904371999999,35.04690522000002],[113.15806236,35.047113659999965],[113.15721132,35.04703256999999],[113.15623968,35.04704121000001],[113.15522844,35.04746934],[113.15467764,35.047858229999974],[113.15347632000001,35.04887549999998],[113.15299572,35.049584159999974],[113.15252484000001,35.05019283000004],[113.15225448000001,35.05079187000003],[113.15217456,35.05099157999996],[113.15194415999999,35.05180040999998],[113.15218464,35.05263993000003],[113.15244528000001,35.053339590000036],[113.15377728,35.054610209999986],[113.15500884000001,35.055321210000024],[113.15562984,35.05567175999999],[113.15639088,35.05600241999996],[113.15771279999998,35.05654376999999],[113.15903472000001,35.05725495],[113.17136256,35.063665740000005],[113.17342572000001,35.06472756],[113.17408668,35.06644673999996],[113.17445748,35.06714657999999],[113.17447728,35.067376350000025],[113.1744474,35.06748624000002],[113.1743574,35.06772590999997],[113.17381668,35.06975306999997],[113.17372668,35.07030243],[113.17370652000001,35.07063210000002],[113.17359636,35.07115139999999],[113.17354631999999,35.071590870000016],[113.17337640000001,35.07253974000003],[113.17335623999999,35.07266952000003],[113.17310604000001,35.074437389999986],[113.17290588,35.07554600999996],[113.17279608,35.07647499],[113.17273596000001,35.07672464999998],[113.17237560000001,35.07904179],[113.17238568,35.07921161999996],[113.17248576,35.07927174000003],[113.17330692,35.07951266999998],[113.17335696,35.07967251000001],[113.17329684,35.080241849999965],[113.1732468,35.08041168000003],[113.17273632000001,35.08090046999998],[113.17266612,35.081070210000036],[113.172516,35.082608399999984],[113.17239612,35.083347570000015],[113.17239612,35.08336755000001],[113.17235616,35.083906920000004],[113.17229604,35.08466606999999],[113.17222584,35.08510554000001],[113.17220604,35.085635010000004],[113.17207608000001,35.08687359],[113.17196592,35.08785242999997],[113.17191588,35.08872146999998],[113.17178592,35.08976024999998],[113.171796,35.089950059999985],[113.17198644000001,35.091338939999986],[113.17203648,35.093746619999976],[113.17243752,35.09584506],[113.17268772,35.09654472000002],[113.17270788,35.097344010000015],[113.17296816000001,35.09804367],[113.17297824,35.09885286000002],[113.17330908000001,35.10057158999997],[113.17351896000001,35.10165077999999],[113.17376916,35.10235043999996],[113.17389948,35.103049830000025],[113.17393944000001,35.10465831000001],[113.1738192,35.105347439999974],[113.17335804000001,35.10676530000001],[113.17336812,35.10797409000001],[113.17341780000001,35.10997209],[113.17354812,35.110671569999994],[113.17355784,35.11147077000001],[113.17405860000001,35.112070800000026],[113.17443912,35.11276064999999],[113.17493952000001,35.113450679999985],[113.1754302,35.114050709999994],[113.17593096,35.11474073999997],[113.17643136000001,35.11534086000002],[113.17705236,35.115831180000036],[113.17866444,35.11706228999999],[113.18058719999999,35.11782422999997],[113.18105772000001,35.117834850000044],[113.18792724000001,35.11836405000002],[113.18960988,35.118795960000035],[113.19051096000001,35.119326779999994],[113.1910416,35.12045637000003],[113.19160212,35.12385369],[113.19251256000001,35.13013866],[113.19254280000001,35.13027860999999],[113.19266268000001,35.13115790999996],[113.19296292,35.13164777999998],[113.19345360000001,35.13199814999998],[113.19352380000001,35.13204818999997],[113.19447528,35.132249339999994],[113.2020126,35.13328614],[113.20370208,35.13371561999996],[113.204682,35.13436487999998],[113.2057314,35.13677247],[113.21449956000001,35.138060819999986],[113.22283788,35.139209310000034],[113.22518724000001,35.139528899999995],[113.23035612000001,35.14028795999999],[113.23231559999999,35.14070744999999],[113.23485504,35.141756220000005],[113.23533492,35.14202595],[113.23561500000001,35.142315659999994],[113.23626444,35.143844040000005],[113.23660464,35.14420368000002],[113.23745424,35.14514265000002],[113.23756404000001,35.145262530000025],[113.23916388,35.14520250000002],[113.24062368,35.144822790000006],[113.24163348,35.14456305000004],[113.24360304000001,35.14371381000001],[113.24443284,35.14345406999998],[113.245443,35.143254269999986],[113.24609279999999,35.14312431000001],[113.24723256,35.14289453999998],[113.24864232,35.14273461000001],[113.25249144,35.143034129999975],[113.25847031999999,35.14284414],[113.25855024,35.14284413999999],[113.25864024,35.14284413999999],[113.25871008,35.14284413999999],[113.2590402,35.142324659999964],[113.25912012,35.141935049999994],[113.25942036,35.141485500000016],[113.26084992000001,35.14120577999996],[113.26087008,35.140995990000036],[113.2613604,35.13518208],[113.26144032,35.134692659999985],[113.26174056,35.134392960000014],[113.26234032,35.13414321000004],[113.26778928,35.13295422],[113.27004899999999,35.13213504000001],[113.27167872000001,35.13140577000002],[113.27465844000001,35.130117059999996],[113.27715792000001,35.130166920000015],[113.28189696000001,35.13025673999997],[113.2824366,35.13032658],[113.28291648000001,35.13052638000001],[113.28429635999998,35.13158522999999],[113.28912503999999,35.13555072],[113.29013448,35.13640976999995],[113.29265376,35.13841748999999],[113.29511328000001,35.13885686999997],[113.29850268000001,35.139016620000014],[113.29902252000001,35.13905649],[113.30558316000001,35.13959765999999],[113.30889768,35.14015223999999],[113.31257112,35.14280400000003],[113.31497736,35.143010280000006],[113.31705384,35.14193837999995],[113.3194302,35.140836150000005],[113.32479168,35.13878055],[113.32655892000001,35.13873797999997],[113.33147076,35.138561040000006],[113.33319804,35.13851856000004],[113.33346768000001,35.13703968000003],[113.33219976000001,35.13668193000003],[113.32907496,35.13575754],[113.32813680000001,35.13458015999997],[113.32799712,35.13442049999999],[113.32828656000001,35.13416040000001],[113.32862604,35.13386016000002],[113.32918512,35.13333996000002],[113.32984428,35.132759549999996],[113.33038356,35.13227930999996],[113.33049336,35.13216923999999],[113.3311122,35.13178881000001],[113.33349864,35.13026691],[113.33507616,35.12925566999999],[113.33941920000001,35.12881970999998],[113.34220452,35.129095379999974],[113.34226464000001,35.12911527000001],[113.34310308,35.129773349999994],[113.34337236,35.13117140999995],[113.34365172000001,35.13276935999998],[113.34391128,35.133468209999975],[113.34400092,35.13466683000002],[113.34395088000001,35.13587562],[113.3447094,35.13727305000006],[113.34521844,35.13796154999998],[113.34532824,35.138071260000025],[113.34582719999999,35.138550060000014],[113.34650616,35.13903857999999],[113.34656592,35.13908843999997],[113.34707495999999,35.139537180000005],[113.34793356,35.13982563000001],[113.3485524,35.14031423999999],[113.34856248000001,35.14112333999998],[113.34857256000001,35.14115331000003],[113.34910104000001,35.14390964999999],[113.34961008,35.14460813999999],[113.3501094,35.14520681999999],[113.35072824,35.14569542999996],[113.35221576,35.14667219999997],[113.35295448000001,35.14706073],[113.35402260000001,35.14737887999999],[113.35491108000001,35.14764725999999],[113.35576968000001,35.147835900000025],[113.35772628000001,35.14780304999997],[113.35856508,35.14760208000001],[113.35954356,35.147480760000036],[113.36038199999999,35.1471699],[113.36136048,35.14685876999998],[113.3620794,35.146338300000004],[113.36279832000001,35.14592763000002],[113.36330772000001,35.14530753],[113.363757,35.14472747999999],[113.36397659999999,35.144017919999996],[113.36433623999999,35.14320818999998],[113.36455584000001,35.14250861999997],[113.36491548000001,35.14179878999997],[113.365305,35.14130873999998],[113.36586408000001,35.14057875],[113.36766156,35.139057660000006],[113.36788116000001,35.13835809000002],[113.36785164000001,35.13674978999999],[113.36798160000001,35.135940420000004],[113.36807160000001,35.13535091999998],[113.36805144,35.134441830000014],[113.368401,35.133742080000005],[113.36848128000001,35.133232499999984],[113.36862096,35.132323229999976],[113.36860116,35.13153401999999],[113.36883084,35.13082446000001],[113.36882112,35.13002526000002],[113.36904072,35.1293157],[113.36952024,35.12871558000003],[113.37024924,35.12830491],[113.37108768,35.127994049999984],[113.37194628,35.12787290999998],[113.3726652,35.12746224000001],[113.37292476,35.12744189999999],[113.37461207999999,35.12743938000001],[113.37504156,35.12758859999997],[113.37547068,35.12772783],[113.37589008,35.127797130000026],[113.37644916,35.12790620999999],[113.37742728,35.128194480000005],[113.38036236,35.12875958999997],[113.38110144000001,35.128978290000035],[113.38231932000001,35.12932614],[113.3834274,35.129414430000004],[113.38427592,35.12970287999999],[113.38684164,35.13025853999999],[113.38771032000001,35.13055697999997],[113.38967664,35.13212253000002],[113.39030556,35.13341034000004],[113.39122355999999,35.13564674999996],[113.39267076,35.13744278999999],[113.39843148,35.13766418999996],[113.39904024,35.13779315999999],[113.40001908,35.13778199999999],[113.40087120000001,35.13787335000003],[113.40240479999999,35.13784608],[113.40282564,35.13784689],[113.40380807999999,35.137928519999974],[113.40467028,35.13821976000002],[113.40539172000001,35.13854070000003],[113.40638424000001,35.13900203999996],[113.40701567999999,35.13949272],[113.40763704000001,35.14009320000004],[113.40824832000001,35.140573800000006],[113.409,35.14096475999997],[113.41036332,35.14205609999996],[113.41084428,35.14264640999999],[113.41148580000001,35.143346879999996],[113.41187676000001,35.14403691],[113.41248804,35.14463738999999],[113.4132498,35.14601744999999],[113.41472327999999,35.14680926999999],[113.41559520000001,35.14720050000003],[113.41644732,35.14728195000003],[113.42047716,35.14722920999998],[113.42064744,35.14718952000002],[113.42132928000001,35.14702094999995],[113.42397564000001,35.1472554],[113.4253188,35.14736771999998],[113.42869704,35.147433780000014],[113.43062196000001,35.147507130000015],[113.43151404000001,35.14781843999998],[113.43482172,35.14896333000002],[113.43661631999998,35.149416119999984],[113.43696696,35.14947668999997],[113.43875148000001,35.14957982999999],[113.44014503999999,35.14896288000003],[113.44086684000001,35.14855455000001],[113.44171896,35.14834629000001],[113.44230036,35.14800761999997],[113.4424206,35.14793787],[113.44329252,35.147609730000006],[113.44413492000001,35.14751135999999],[113.44498668,35.14729311],[113.4458388,35.147174670000005],[113.44746276000001,35.147157659999976],[113.44778352,35.14714820999999],[113.44864572,35.14743953999997],[113.44902660000001,35.14771988999998],[113.44926744,35.14793012999997],[113.44939740000001,35.14801031999997],[113.44999896,35.14842107999995],[113.45222448000001,35.14958396999998],[113.452956,35.15007492],[113.45382828000001,35.15056604999995],[113.45444964,35.15105672999998],[113.4551916,35.151447690000005],[113.45580324000001,35.15193837],[113.45654484,35.15232932999999],[113.45671547999999,35.15240961000003],[113.45740704,35.15272055999997],[113.45801832000001,35.15331113999998],[113.4588906,35.15369237999998],[113.46230916,35.15443784999997],[113.4632916,35.15472936000001],[113.46415343999999,35.15512058999998],[113.46500556000001,35.15530202999999],[113.46574752000001,35.155692990000034],[113.46659964000001,35.155884420000014],[113.46821352,35.156606669999974],[113.46832368000001,35.156656800000015],[113.4691758,35.15683824000001],[113.470038,35.157129569999974],[113.47090019999999,35.15731091999999],[113.47187256000001,35.157402630000014],[113.47285500000001,35.157594239999995],[113.47370712,35.157765600000005],[113.47455924,35.157857129999975],[113.4750906,35.15797800000002],[113.47516080000001,35.15798808000002],[113.47542144,35.15804847000001],[113.47628364,35.15843978999999],[113.47713576000001,35.15872103999998],[113.47787736000001,35.15911209000001],[113.47843896,35.159232960000004],[113.47872948000001,35.15929343999998],[113.4804438,35.15986610999999],[113.4816066,35.16013800000001],[113.48182728,35.16017831999996],[113.48215812000001,35.16024887999999],[113.48302032000001,35.160530220000005],[113.48375220000001,35.16092127000002],[113.48460432,35.16110262000002],[113.48546652,35.16139394999998],[113.48718084000001,35.16176682],[113.48839368,35.161888860000005],[113.48889480000001,35.161939799999985],[113.49181224,35.16189516000001],[113.49278460000001,35.16207678],[113.49365688,35.162168219999984],[113.49449892000001,35.16234966000001],[113.49644364000001,35.16252309000003],[113.49730584000001,35.16270444000003],[113.49804780000001,35.16292566000001],[113.49902016,35.163277110000024],[113.49978228,35.16466742999997],[113.50002276000001,35.16530732999999],[113.50054440000001,35.16595775999998],[113.50115568000001,35.16654843000001],[113.50131624,35.16666867],[113.50177740000001,35.16703920000001],[113.50194768,35.16723935999996],[113.50278,35.168230080000015],[113.50316088000001,35.16892020000001],[113.50366236,35.16951060000001],[113.50412352000001,35.170140959999976],[113.50416348,35.17020098999999],[113.5047852,35.170801560000015],[113.50539684,35.17129233000001],[113.50589796000001,35.17189272000002],[113.5065294,35.17238348999999],[113.50726128,35.172964259999986],[113.50850472,35.17414559999998],[113.50900584,35.17483589999997],[113.5093968,35.17520624999999],[113.50962756000001,35.17542648],[113.51024892000001,35.175917250000005],[113.5111212,35.17680806999998],[113.51185308000001,35.17718904000004],[113.51248452,35.17778961000001],[113.51395836,35.17856162999998],[113.5148202,35.178942779999986],[113.51579292000001,35.17923429000003],[113.5165446,35.17972524],[113.51801844,35.180497169999995],[113.51877012,35.180658359999974],[113.51887020000001,35.180688510000024],[113.51993292,35.181160019999986],[113.52021372,35.180570970000026],[113.52042396,35.17916265000001],[113.52077496000001,35.17845390000004],[113.5207548,35.177654520000004],[113.52101544,35.17591653000002],[113.5212858,35.17413857999998],[113.52151656000001,35.173429650000024],[113.5218672,35.172730890000004],[113.52245868,35.172112500000026],[113.52250872,35.17208262000001],[113.52280932000001,35.17140375000002],[113.52328056,35.170805160000036],[113.52363156000001,35.17009641000001],[113.52410244000001,35.16948783000001],[113.52458376,35.168769360000006],[113.5249344,35.16806061],[113.52552588,35.167452299999994],[113.52566628000001,35.16728265000002],[113.52599712,35.16685371],[113.52609720000001,35.166644010000006],[113.52634776,35.16613496999999],[113.5264482,35.165435759999994],[113.52667860000001,35.164736819999966],[113.52678876,35.164037700000016],[113.52674880000001,35.16242903999998],[113.52685896,35.161630020000004],[113.52682872000001,35.16082065],[113.5270494,35.15942231999997],[113.53411656,35.15096339999999],[113.53874796000001,35.14369914000001],[113.53960008,35.143391070000035],[113.54044212000001,35.142983009999995],[113.54116392,35.142564869999994],[113.54285808,35.14213853999997],[113.54371056000001,35.14203026999999],[113.54455259999999,35.14171220999997],[113.54540472000001,35.14159394999995],[113.54624676,35.14138578000002],[113.54629680000001,35.14138587000002],[113.54820156000001,35.14135959000001],[113.54904396,35.141241330000035],[113.55001632000001,35.141223240000016],[113.55086844,35.14110497999997],[113.55243228,35.14080834000001],[113.55341471999999,35.14057047],[113.55426684000001,35.14035240000004],[113.55511895999999,35.14024412999999],[113.55681348,35.13961800000003],[113.55765552,35.13920012999999],[113.55884856,35.138183489999996],[113.55919956000001,35.13747491999998],[113.55921936,35.13719520000001],[113.55915923999999,35.135866439999994],[113.55863796,35.13447693],[113.55825707999999,35.13378690000003],[113.55799644000001,35.13308706000006],[113.55786612,35.13247739999997],[113.55785603999999,35.13239748000003],[113.55783624,35.130938940000036],[113.55782616,35.13068919000001],[113.55792624,35.12989025999999],[113.55803676000001,35.12918114999999],[113.55811668000001,35.129021490000014],[113.55837732,35.128472580000036],[113.55983136,35.12764629000001],[113.56067339999998,35.127538110000025],[113.56152552,35.12723013000002],[113.56190640000001,35.12721087000001],[113.56249788,35.12721204000001],[113.56335,35.127103859999984],[113.56432272,35.12718576000003],[113.56518492000001,35.12737727999998],[113.56690932000001,35.127950039999995],[113.56788168,35.12813184000004],[113.56886412,35.12842344000001],[113.569596,35.12880449999999],[113.57045819999999,35.129195730000006],[113.5713204,35.12948715000002],[113.5721826,35.129868480000034],[113.5725534,35.13005901],[113.5729242,35.13025953],[113.5737864,35.13055086000001],[113.57476884,35.13084254999998],[113.57625276,35.13162456000003],[113.57710488,35.13189591],[113.57808732000001,35.132087699999985],[113.57894952000001,35.13227913000003],[113.57992187999999,35.13226113000002],[113.58248832000001,35.132525819999955],[113.58347112,35.13261771],[113.58432324,35.13279914999998],[113.58517536,35.13289067999998],[113.58603756000001,35.132772510000024],[113.58748116000001,35.131956300000034],[113.5879524,35.13134798999998],[113.58854388,35.13083967],[113.590449,35.128406340000026],[113.591502,35.12629089000001],[113.59172232,35.12559213],[113.59220364000001,35.12497382999999],[113.59242432,35.124275069999975],[113.59289556,35.12356686000002],[113.5933668,35.12295845999997],[113.59372788,35.12226005999996],[113.59394856,35.121541319999956],[113.59441980000001,35.120743199999986],[113.59525212000001,35.11907685000002],[113.59582344,35.11791935999998],[113.59592388,35.117210430000014],[113.59661580000001,35.115603660000026],[113.59684656,35.11479509999999],[113.59707732000001,35.11409642999999],[113.59754856,35.11338822000001],[113.59775916000001,35.11198035000002],[113.59845108,35.109874259999984],[113.59865160000001,35.10846638999999],[113.59888236,35.107767630000026],[113.59899288000001,35.10705869999999],[113.59945404000001,35.105651370000004],[113.59979496000001,35.10484299000003],[113.60002536,35.10404424000002],[113.6003652,35.10322469999998],[113.60059488,35.10243531],[113.60069496000001,35.10162612],[113.60091492000001,35.10081675000003],[113.60124431999999,35.10016703999995],[113.60161404,35.09940726000001],[113.60184372,35.09869752000002],[113.60218356,35.09788769999997],[113.60278296,35.097187500000004],[113.60313252,35.09636769],[113.60359188000001,35.095567680000016],[113.60394144,35.094857849999975],[113.60417112,35.09414810999999],[113.604381,35.09274906000002],[113.60461068,35.09203932],[113.60531016,35.09062956],[113.60564964000001,35.08981982999997],[113.60652876,35.08887933000004],[113.60659860000001,35.08860951000001],[113.60705795999999,35.08758972000001],[113.60753748,35.08697952000001],[113.60788704000001,35.08627959],[113.60847636000001,35.08555940999999],[113.6089458,35.084859300000005],[113.60916576000001,35.084159639999996],[113.60940552000001,35.08343990999999],[113.60943540000001,35.083329930000026],[113.60948544,35.08314003000001],[113.60962512,35.08265025000002],[113.60972484000001,35.081930790000015],[113.60995488,35.08113114000002],[113.61086388000001,35.078302349999994],[113.61120336,35.077602509999956],[113.61143304000001,35.07689277],[113.61174264,35.076262860000014],[113.61214224,35.07548291999999],[113.61236184,35.07477326999998],[113.61259188000001,35.073873720000044],[113.61304116000001,35.07226451999999],[113.61350052,35.07155442],[113.61361068000001,35.07085493999997],[113.61464928000001,35.06873525999999],[113.61653712,35.06629464000002],[113.61701664,35.06558453999997],[113.61748607999999,35.06497443],[113.61783564000001,35.064274499999996],[113.61830507999998,35.06365439999999],[113.61890448000001,35.063034030000004],[113.61937392,35.062343909999996],[113.61984335999999,35.06173380000002],[113.62007304000001,35.061034049999996],[113.62042260000001,35.060224319999996],[113.6206422,35.05951458000006],[113.62087224000001,35.05905467999999],[113.62088196,35.05903470000001],[113.62099212000001,35.05881465],[113.62145148,35.057395260000014],[113.62205052,35.05688486999998],[113.62275972,35.05647410999997],[113.62360896000001,35.056163159999976],[113.62445784,35.055942120000026],[113.62497732,35.05575149999999],[113.62613616,35.05532013],[113.62674528000001,35.054809650000024],[113.62721472000001,35.05419954],[113.62781412000001,35.05368905999996],[113.6281536,35.05297923000002],[113.62850316000001,35.05217939999999],[113.62885272000001,35.05146948],[113.62945212000001,35.050959090000035],[113.62996152000001,35.0504388],[113.62992156,35.05034888999999],[113.63064084,35.04982833],[113.63111028,35.049228120000016],[113.63157972,35.048408219999985],[113.63408676,35.04627630000003],[113.63467572,35.045656019999996],[113.63562468,35.04443571000001],[113.63634395999999,35.04402495000006],[113.63681340000001,35.04322503],[113.63740272000001,35.04250476],[113.6383416,35.041094639999976],[113.63882076,35.04048444000003],[113.63928048000001,35.039075040000014],[113.6393802,35.03827557],[113.63930028,35.035068599999995],[113.63941007999999,35.034359040000005],[113.63936004,35.03171151000003],[113.6392002,35.03106233999997],[113.63916024000001,35.02908422999999],[113.63916024000001,35.028954269999964],[113.63915016,35.02866455999997],[113.63948964000001,35.027954730000005],[113.63971932000001,35.026545600000006],[113.64040836000001,35.02512585000002],[113.64063804,35.024426189999964],[113.64084791999998,35.02302713999998],[113.64082776000001,35.022217860000005],[113.64043824000001,35.02141919999998],[113.6400588,35.02073033999999],[113.63955912,35.02004174999999],[113.63893992000001,35.01954306],[113.63820084000001,35.01915452999999],[113.63734188000001,35.019065970000014],[113.63648292,35.01888740999997],[113.63563368000001,35.01879876000005],[113.6347848,35.01861021000004],[113.63380596,35.018521739999976],[113.632947,35.01834317999999],[113.63196816,35.01825471000003],[113.63087952,35.01827630999998],[113.63003028,35.01819765000002],[113.62803264,35.018220600000014],[113.627943,35.0181009],[113.62698395999999,35.01824219999999],[113.626125,35.01795375000002],[113.62527612000001,35.01786509999998],[113.62497624000001,35.01772569000001],[113.62441716000001,35.01747674999999],[113.6235582,35.01718829999997],[113.62353803999999,35.016428970000014],[113.62351788000001,35.015579819999985],[113.62396752000001,35.01418031999999],[113.62431708000001,35.01348048000003],[113.62454676,35.012770739999986],[113.62497624000001,35.01213065999998],[113.62502628,35.012050650000006],[113.62548564000001,35.01145053000001],[113.62608504,35.010840149999986],[113.62655448000001,35.010230040000025],[113.6272734,35.00971938000001],[113.6278728,35.009208989999976],[113.6287116,35.00879805000002],[113.62943088,35.008387380000016],[113.63159808,35.00699534999999],[113.63387544000001,35.00463410999999],[113.63478444,35.00273447999998],[113.63475419999999,35.00168544],[113.63425488,35.00099676],[113.63380524,35.00086761000002],[113.63135832,35.00015193000004],[113.63124852,34.999972200000016],[113.63101884000001,34.99956306000001],[113.62935096000001,34.99853670000002],[113.62670424000001,34.99779149999999],[113.62496616,34.99757433000002],[113.62412736,34.997465699999985],[113.62134060000001,34.99666082999997],[113.61890376000001,34.99586531999999],[113.6178648,34.995527280000026],[113.61612708000001,34.99479063000003],[113.61526812000001,34.99441235999996],[113.61444912,34.99405398000001],[113.61257136,34.993597320000056],[113.61041424000001,34.992851400000035],[113.60853648000001,34.991375759999976],[113.60554056,34.98835356000001],[113.60326356,34.98554007],[113.60253420000001,34.98463215000001],[113.60024748000001,34.981389090000015],[113.59835424,34.978190219999966],[113.5979532,34.97758011000001],[113.59787292,34.97745014999998],[113.59653984,34.97539005],[113.5942344,34.97200956000003],[113.59394352000001,34.97167944000003],[113.59198908,34.96840956000002],[113.59038528,34.96548987000004],[113.58919224,34.96280067000002],[113.58904212,34.96051287],[113.58886176,34.95965355],[113.58849096,34.957944720000036],[113.58820044000001,34.95507732000003],[113.58833111999999,34.951990949999946],[113.58860220000001,34.94781602999997],[113.58845244000001,34.94307096000001],[113.58858276000001,34.93935530999999],[113.58907452000001,34.936729110000016],[113.58908459999999,34.93507094999998],[113.58565596,34.933836150000005],[113.5842624,34.93374371999997],[113.58256788,34.93429010999997],[113.5796706,34.93527381000002],[113.57769528,34.93633905000002],[113.57637156000001,34.93901375999997],[113.5752786,34.94162889000004],[113.5717092,34.94497878],[113.56803972,34.948298520000016],[113.56340796,34.95060765000001],[113.5591668,34.954495829999956],[113.5575324,34.95575150999999],[113.55617916,34.957007640000036],[113.55218856,34.96286402999996],[113.54977224000001,34.964577809999966],[113.54690520000001,34.966310759999985],[113.54358672000001,34.96786307999999],[113.54001767999999,34.96886558999999],[113.5362078,34.96931819999999],[113.53284935999999,34.969392090000014],[113.52992183999999,34.96926698999999],[113.52699468,34.96915178999999],[113.52361608000001,34.96885605],[113.52159108000001,34.96871258999999],[113.51725992,34.96870485000003],[113.51241756,34.96761729000001],[113.50716444,34.966159469999994],[113.5024326,34.96422312000001],[113.49999648000001,34.963519499999975],[113.49662796000001,34.962534449999985],[113.49366084,34.96172003999996],[113.49054324000001,34.960865399999975],[113.4822726,34.959681810000006],[113.48129052,34.95952026000001],[113.48104968000001,34.959479849999994],[113.47731072,34.95888377999999],[113.47234848,34.958535210000015],[113.46659424,34.95866471999999],[113.44766724,34.96586283],[113.43326148,34.969772609999985],[113.42711628,34.97137974000001],[113.42232432,34.97278959],[113.41512648000001,34.97619293999999],[113.41234908000001,34.97924457],[113.40834912000001,34.98262371000002],[113.40603288000001,34.985326499999964],[113.40365688,34.98779952000001],[113.39947836,34.98880238999998],[113.39586432,34.98911675999999],[113.39147196,34.988982660000026],[113.38761851999999,34.98883785000001],[113.38347564,34.988014170000014],[113.38016112000001,34.98739929000003],[113.37682716,34.98611508000001],[113.37502032,34.985228400000004],[113.37460092,34.98502922999997],[113.37372252,34.98425126999995],[113.37311340000001,34.98428196000005],[113.36942988000001,34.98206930999998],[113.36848164,34.98141132],[113.36465844,34.97876937000001],[113.36015664,34.97501961],[113.354217,34.96924403999997],[113.3488368,34.96369761],[113.3319366,34.952403329999974],[113.32315188000001,34.94991807000001],[113.31656316,34.95049632000001],[113.30915544000001,34.95063608999998],[113.30175815999999,34.951445099999965],[113.29545168,34.952466509999994],[113.28997248,34.95346568999999],[113.28312312,34.95426506999997],[113.27817384000001,34.95457494000002],[113.27377464,34.95443534999998],[113.26854528,34.95429584999998],[113.26247640000001,34.95373677],[113.25805704000001,34.952907960000005],[113.25391776,34.95230891999998],[113.24994840000001,34.95151007999999],[113.24976840000001,34.951480109999984],[113.24506932,34.95021174000004],[113.24360988000001,34.94987226],[113.24233008,34.94957265],[113.24207016000001,34.94899332000003],[113.23867104,34.94716560000002],[113.23586159999999,34.94494818000003],[113.23385244,34.94182185],[113.23212336,34.93868544],[113.23175400000001,34.935079589999994],[113.23165464,34.931453669999996],[113.23178532,34.926249510000005],[113.23083636000001,34.92241388999999],[113.23024632,34.921864529999986],[113.22800712,34.92027639],[113.225148,34.918058880000004],[113.22400824,34.91745957000002],[113.22256859999999,34.91670051000001],[113.22247896,34.916630579999975],[113.22102924000001,34.915611690000034],[113.21997984000001,34.91407350000001],[113.21893044000001,34.91195589],[113.2176708,34.91059734000002],[113.21670096000001,34.91031770999999]]]}},{"type":"Feature","properties":{"id":"410825","name":"温县","adminCode":"410825","cityName":"焦作市","provinceName":"河南省","analysisUnitType":"黄河滩区涉及县域筛查单元","sourceNote":"用户提供的黄河滩区中下游涉及县区边界；表示涉及县域，不等同于精确滩区或湿地管理单元"},"geometry":{"type":"Polygon","coordinates":[[[112.9363182,34.83346544999996],[112.93383456000001,34.833500009999966],[112.93136100000001,34.83383418000002],[112.928967,34.83439794000001],[112.92871752,34.83445823999997],[112.92625404,34.83559151999999],[112.92447672,34.85280546000004],[112.92363828,34.860907890000014],[112.9228794,34.86820113000001],[112.92291900000001,34.87370490000004],[112.92280848,34.88055741000003],[112.92274836,34.88274504000002],[112.92263820000001,34.88681070000002],[112.92372540000001,34.88840684999998],[112.92554052000001,34.888703129999975],[112.92776496,34.888309379999974],[112.93101612000001,34.889232150000026],[112.93031808,34.890601950000004],[112.92844248,34.8922836],[112.92807348000001,34.89274376999999],[112.92477156000001,34.898353740000005],[112.92251724,34.903082609999984],[112.92229764000001,34.903522529999975],[112.92226776000001,34.903772279999984],[112.92201828,34.90600014000001],[112.92201828,34.90644960000003],[112.92198768,34.91388108000003],[112.9214988,34.91663886000001],[112.92142896,34.91702856000001],[112.92108012,34.91765847000001],[112.91978304000001,34.919948250000004],[112.91677055999999,34.92174168000003],[112.91540400000001,34.922413440000014],[112.9140378,34.92286551000001],[112.91267124,34.92352718999996],[112.91130468,34.92397925999998],[112.91078592000001,34.924149989999975],[112.9106862,34.92418014000002],[112.90993812,34.92443123999995],[112.90857156000001,34.92464345999999],[112.907205,34.92509553],[112.90584816,34.92532773000002],[112.90447188,34.92575972999998],[112.90311504,34.92622170000002],[112.90173875999999,34.926663689999984],[112.90038192,34.92711567],[112.89900168000001,34.928004060000006],[112.89845088000001,34.929132030000005],[112.89818052000001,34.93026027000003],[112.89817008,34.93137888000002],[112.89789972000001,34.932507210000004],[112.89788964,34.93295667],[112.89709836,34.93378458000002],[112.89595680000001,34.93497158999998],[112.89541608,34.935640109999966],[112.89486492,34.936767989999986],[112.89458448,34.93788623999999],[112.89485484000001,34.939015289999965],[112.89511512,34.940144249999975],[112.89566591999998,34.94126367000002],[112.89593591999999,34.94240270999996],[112.89612636000001,34.942772520000005],[112.89648672000001,34.94353211999998],[112.89651660000001,34.943671980000026],[112.89652668,34.94372192999998],[112.89653676,34.94376188999998],[112.896747,34.944651090000036],[112.89673656000001,34.94690838000003],[112.89645612000001,34.94779695000002],[112.89562488,34.95005316000004],[112.89397247999999,34.95160907999998],[112.89096828000001,34.95160503],[112.88740320000001,34.95158027999999],[112.8832974,34.9526934],[112.88304683999999,34.95284288999998],[112.87918116,34.955144999999966],[112.87807956,34.95650192999998],[112.87806948,34.95740084999998],[112.87821960000001,34.95747096],[112.87862028,34.95830049000001],[112.88053260000001,34.959441689999984],[112.8814038,34.96016205],[112.88189448,34.96057218],[112.88162412000001,34.961690520000005],[112.88079288,34.962588360000005],[112.87942091999999,34.96347549000001],[112.87804895999999,34.96370337000002],[112.876677,34.96369158000001],[112.87593576,34.96369059000001],[112.87531512000001,34.96368977999998],[112.87498464000001,34.96357944],[112.87394316000001,34.96322844],[112.87258128,34.963226639999974],[112.87120932,34.96389399000003],[112.87119888000001,34.966151369999956],[112.87145916,34.967280419999994],[112.87145916,34.96839911999999],[112.87172952,34.96952817000002],[112.87171944,34.97065676999998],[112.87198944,34.97177583000001],[112.87198944,34.972904519999986],[112.87197936000001,34.974033210000016],[112.87170900000001,34.97515154999998],[112.87142820000001,34.97626980000002],[112.87141812,34.977148829999976],[112.87141812,34.97739848999997],[112.87114776,34.97852682000005],[112.87112760000001,34.979235930000016],[112.87113768,34.97964551999995],[112.87086696,34.98077384999999],[112.870296,34.98369966],[112.87002564000001,34.98481799999997],[112.86894384,34.98534594],[112.86865368000001,34.98548544000001],[112.86728172,34.98570333000004],[112.86591984,34.98502239],[112.86558936,34.984892069999994],[112.86454787999999,34.98435135000001],[112.863186,34.983670319999995],[112.86182412,34.983888299999975],[112.86045216,34.98456573],[112.85907012000001,34.985462850000005],[112.85769816000001,34.98656976000001],[112.85687700000001,34.98769737],[112.85605548,34.98881498999999],[112.85577504000001,34.98912431999999],[112.85495388000001,34.98994224000001],[112.85443332000001,34.99037109000003],[112.85794800000001,34.99059545999998],[112.85948016,34.990897050000015],[112.86115236,34.99140870000002],[112.86149292,34.99152902999998],[112.86329544,34.992630089999984],[112.86387612,34.993260090000064],[112.86432683999999,34.993770120000015],[112.86540792000001,34.99514991],[112.86619920000001,34.99606988999999],[112.86757080000001,34.99887833999999],[112.86781092,34.99997742],[112.86786096,35.000167229999974],[112.86894240000001,35.00050833000004],[112.8701142,35.000889480000005],[112.87034460000001,35.000959679999966],[112.87047456,35.001759060000026],[112.87012428,35.0025678],[112.86964368000001,35.00316657000001],[112.86941328,35.003875590000035],[112.86905292,35.00459442000002],[112.86894276000001,35.00484399],[112.86868248,35.00541306000003],[112.8683718,35.00722088999998],[112.86814176,35.008729110000004],[112.86824184000001,35.00924868],[112.868352,35.00969841000001],[112.86853236,35.010317969999996],[112.86894276000001,35.01058823999998],[112.86930348,35.01082844999998],[112.87105596,35.01140022000001],[112.87185696,35.01142119],[112.8725478,35.01106245000002],[112.87473084000001,35.00984655],[112.87498104000001,35.009766899999995],[112.87569204,35.00952804000001],[112.8764232,35.009129430000016],[112.87727423999999,35.00901063000001],[112.87812564000001,35.00880200999997],[112.87909692000001,35.00879327999999],[112.87995804,35.008984169999984],[112.88068919999999,35.009384670000024],[112.88105964,35.01007451999997],[112.88131992000001,35.01078417000001],[112.88136024,35.01281213999997],[112.88136024,35.01399095999999],[112.88164068,35.014740569999994],[112.88187072000001,35.01539027999999],[112.88224152000001,35.01609002999999],[112.88348316000001,35.01707067000004],[112.88433420000001,35.017471349999994],[112.88602656,35.01793313999999],[112.88609676,35.018043120000016],[112.88703816,35.01834398999997],[112.88873052000001,35.01853605000001],[112.89178476000001,35.01850004999998],[112.89263580000001,35.01839123999998],[112.8951792,35.01746549999999],[112.8960306,35.01705699],[112.89688164,35.01675837000001],[112.89748248000001,35.01623970000001],[112.89796308000001,35.01554093999998],[112.89819348,35.01483201000002],[112.89855384,35.01413316000005],[112.89877416,35.013733829999964],[112.89878424000001,35.01342414000005],[112.89901464,35.01201582000002],[112.89923496,35.01131678999995],[112.90066416,35.009488440000005],[112.90091364,35.00879868000002],[112.90139244000001,35.008178489999985],[112.90198104000001,35.007678000000006],[112.90245984,35.00706779999996],[112.90281912,35.006357879999996],[112.90328784,35.00565776999999],[112.90345740000001,35.00546768999998],[112.90376664,35.00504757000003],[112.90411584,35.004337649999975],[112.90435523999999,35.003637989999994],[112.90471452,35.00293806000004],[112.90482432,35.00212868999997],[112.90481424000001,35.00132949000001],[112.90472424000001,35.001179819999976],[112.90456476,35.000920350000015],[112.90412592000001,35.00017181999999],[112.90411584,34.99998201000003],[112.90407624000001,34.99839396000001],[112.90407624000001,34.99825418999999],[112.90416624000001,34.995906810000015],[112.90500432,34.993957679999966],[112.90699943999999,34.99309530000005],[112.9085658,34.992423450000004],[112.91217732000001,34.991408429999936],[112.91340419999999,34.99138638000002],[112.91517,34.991413289999976],[112.91695560000001,34.991100540000005],[112.9176738,34.99095950999997],[112.91828256000001,34.99057890000001],[112.91970924,34.98964758],[112.92082668,34.98799752],[112.92172452000001,34.98721685999999],[112.92187392000001,34.987086809999994],[112.9234104,34.98628509],[112.92577451999999,34.98590141999996],[112.92656256,34.98595002000003],[112.92785964000001,34.98601769999999],[112.92988464000001,34.98625394999996],[112.93062300000001,34.986582269999985],[112.93154064000001,34.98700023000001],[112.93285752,34.98803676000001],[112.93390476,34.98917364000001],[112.93555068,34.99147826999996],[112.93721676000001,34.99274394000005],[112.93916184000001,34.99365960000003],[112.9417956,34.99499357999999],[112.94399016000001,34.995679109999976],[112.94457876,34.995857939999986],[112.94519724,34.996356270000014],[112.94638452000001,34.99730325000001],[112.94811036,34.998568920000025],[112.9493772,34.999955189999994],[112.94955684,35.00015472000002],[112.95017532,35.00062317],[112.95023544,35.000842769999984],[112.95042480000001,35.00152173000001],[112.95067428,35.00222057999998],[112.95093348,35.00301933000005],[112.95106308000001,35.00392814999998],[112.95144215999998,35.004626819999984],[112.95170135999999,35.00603487000002],[112.95222012,35.007422489999996],[112.95258912,35.00812115999999],[112.95271872000001,35.00882019000001],[112.95352692,35.01103653000001],[112.95373644,35.01162549],[112.95411516,35.012314169999975],[112.95424512000001,35.01302318999997],[112.95449424,35.01371205],[112.95476351999999,35.015110109999995],[112.9551426,35.01581868000001],[112.95564155999999,35.01651708000003],[112.95613008000001,35.01710558999998],[112.95686844,35.01750392999997],[112.9578462,35.01758213999998],[112.95870408,35.017680600000006],[112.95968148,35.01796859999999],[112.96043964,35.018356950000005],[112.96053936000001,35.01836675999995],[112.9617666,35.01935360999999],[112.96262448,35.01945198],[112.96347228,35.019140849999985],[112.96408104000001,35.018530469999995],[112.96516824000001,35.018518589999964],[112.96578672000001,35.01901700999998],[112.9661658,35.01971568000002],[112.966425,35.02050434999999],[112.96718316,35.022600810000014],[112.96744236,35.024008860000016],[112.96746216,35.02554722999999],[112.96746216,35.02560708000003],[112.96773144000001,35.02701512999998],[112.96775124000001,35.02791413999998],[112.96876859999999,35.030709449999996],[112.96925748000001,35.031307949999984],[112.96987596000001,35.03179637999998],[112.97037456000001,35.03249478000001],[112.97073384000001,35.03278376999996],[112.971123,35.03309282999998],[112.97197080000001,35.03348091000002],[112.97212056000001,35.03351060999998],[112.97281860000001,35.033669279999984],[112.97369664,35.03387754],[112.97564172,35.03385413999998],[112.97648988,35.03354301],[112.97734775999999,35.03343167999997],[112.97831543999999,35.033120279999984],[112.97916324,35.03291904],[112.98001140000001,35.032607909999996],[112.98060972,35.03209743],[112.98145788000001,35.031886200000045],[112.98243564,35.03178459],[112.98365244,35.03166264000001],[112.9845006,35.031461400000005],[112.98535848,35.031350070000016],[112.98620627999999,35.03103893999999],[112.98730356,35.03083725],[112.987683,35.03070674999999],[112.98839112,35.03051568000001],[112.9893588,35.03040417000004],[112.99045608,35.03010258000001],[112.99143384,35.02989117000002],[112.99201236,35.02967039999999],[112.99228164,35.02958004000004],[112.99324932,35.029268640000026],[112.99375836,35.02901808000001],[112.99409748000001,35.028857609999974],[112.99507523999999,35.028646199999976],[112.99591296000001,35.028544860000004],[112.99676112,35.02813382999999],[112.9984668,35.02792116000001],[112.99931496,35.027610030000005],[113.00003316,35.02751886000001],[113.00017284,35.027498609999974],[113.00114016,35.02748673000001],[113.00211756,35.02738484999999],[113.00452092,35.027340210000006],[113.0050494,35.027349119999975],[113.00601672,35.02723733999997],[113.00687424,35.02712582999996],[113.00772204,35.026724610000024],[113.00868936,35.02652292000002],[113.00953716000001,35.02640133],[113.01149196,35.02598795999995],[113.01171120000001,35.02595753999999],[113.01245928,35.025876180000004],[113.01330672,35.02577456999998],[113.01428412,35.025552900000015],[113.01513192,35.02544138999998],[113.01609924,35.02512981000002],[113.01695676,35.025028200000015],[113.01792408,35.02481651999998],[113.01890148000001,35.02480464],[113.01974928,35.02469304000004],[113.0208462,35.024680890000006],[113.0218236,35.02456911000003],[113.02279092,35.024267519999995],[113.02376832,35.02415565],[113.02461576,35.02384434000002],[113.02611192,35.02349181000001],[113.02656048,35.023420979999976],[113.02740828,35.02330937999997],[113.0283756,35.02289799],[113.029353,35.02269620999998],[113.03020044,35.02248479999997],[113.03117784000001,35.022472829999984],[113.03214516,35.02216125000001],[113.03385048000001,35.02194813000002],[113.03469828,35.021736720000014],[113.03554608,35.021425320000006],[113.03639352,35.02131380999999],[113.03736083999999,35.021002229999986],[113.03820864000001,35.02079073000001],[113.03918603999999,35.02077885],[113.04089136,35.02116503999999],[113.041629,35.02156319999999],[113.04212759999999,35.022151529999995],[113.04251676000001,35.02294992000001],[113.04303516,35.025755939999996],[113.04329436,35.02645469999999],[113.04342396000001,35.02715372999998],[113.04348408,35.03046014999997],[113.0433642,35.03115962999998],[113.04339408,35.03276784000003],[113.04328428000001,35.033467320000014],[113.04329436,35.03395682999998],[113.04332424,35.03587472999999],[113.04281556000001,35.03742407999999],[113.0426262,35.03799387],[113.04251640000001,35.03878325999998],[113.04228708000001,35.03949291000001],[113.04213732,35.04039227999997],[113.05074420000001,35.04036545999999],[113.05991916,35.04095685000001],[113.0630706,35.04105063000001],[113.06697984,35.041412610000016],[113.07601548000001,35.04384243],[113.07615516,35.043852150000006],[113.08487184,35.04517379999999],[113.09263056,35.044788960000034],[113.10349572000001,35.04339108000002],[113.10440688,35.04320252999999],[113.105799,35.042774939999994],[113.10632964,35.04262580999997],[113.10685020000001,35.042486669999974],[113.10736104,35.042337540000005],[113.10823224,35.04219885000002],[113.10910344000001,35.04206025000002],[113.10981444000001,35.04192137999999],[113.11119647999999,35.04178341000001],[113.11485156,35.041638690000006],[113.11849656000001,35.041513949999995],[113.11868663999999,35.041504229999966],[113.11937784000001,35.04135536999998],[113.11989840000001,35.041216229999996],[113.12040924,35.041077089999995],[113.12233164,35.04022055999998],[113.12320284,35.03979225],[113.12372376,35.039513250000006],[113.12424431999999,35.03922425999996],[113.12476488,35.03907512999998],[113.12503524,35.03897559],[113.12597664,35.03864726999996],[113.12684784000001,35.03835872999998],[113.12771904,35.03822012999995],[113.12963172,35.03837267999998],[113.13033264,35.038513529999996],[113.13102384000001,35.03865428999999],[113.13172476000001,35.03879514000002],[113.13328680000001,35.03951658],[113.13415836,35.03993742],[113.13519984000001,35.04065813999998],[113.13642168000001,35.04151898999998],[113.13746316000001,35.04223970999999],[113.13798372000001,35.042520149999994],[113.13885528,35.04295098],[113.13937584,35.04323142000001],[113.14094796,35.043813000000036],[113.14180944,35.044093980000014],[113.14233,35.04424454999998],[113.14320120000001,35.04438557999999],[113.14372212,35.044526250000004],[113.14424268,35.044676820000035],[113.14494396,35.044817580000014],[113.14545444000001,35.04495816],[113.14615536000001,35.045099009999994],[113.14685664000001,35.04523985999999],[113.14754747999999,35.04539070000005],[113.1482484,35.04553155000002],[113.14875924,35.04567212999999],[113.14928988000001,35.04596256000002],[113.14963044000001,35.045953019999985],[113.15137284000001,35.04610529999997],[113.15224404,35.04624642000004],[113.15275488,35.046386999999974],[113.15328552000001,35.04652757999997],[113.15380644000001,35.04666816000004],[113.15432700000001,35.046818729999984],[113.15522844,35.04746934],[113.15623968,35.04704121000001],[113.15721132,35.04703256999999],[113.15806236,35.047113659999965],[113.15904371999999,35.04690522000002],[113.1597648,35.04649670999996],[113.16036564000001,35.04587814],[113.16105648,35.04447054000002],[113.16166704000001,35.043961859999996],[113.16252816000001,35.04285413999997],[113.16261816000001,35.042744429999985],[113.16332915999999,35.04133683],[113.16342924,35.04052772999996],[113.16377952,35.03971908000005],[113.16388968000001,35.039019870000004],[113.16435012000001,35.03761199999998],[113.16470076,35.036903159999994],[113.16518136,35.03630439000002],[113.16529152000001,35.03607479999998],[113.16624264000001,35.034178049999994],[113.16671315999999,35.03346939],[113.16706344,35.032760639999985],[113.16753396,35.03206197],[113.16764412,35.031252959999954],[113.1678846,35.03054394000001],[113.16798468,35.029844820000015],[113.16788388,35.02423026000003],[113.16762324000001,35.022831300000014],[113.16735288000001,35.02123254000005],[113.16733272,35.020423349999994],[113.16708216,35.01972368999997],[113.167062,35.01892439999997],[113.16693204,35.01823491000002],[113.16679164,35.01742553999997],[113.1667614,35.015727239999975],[113.16663108,35.01501776999999],[113.166621,35.014218480000025],[113.166621,35.014108590000006],[113.16648096,35.01351899999998],[113.16651084,35.01260001000003],[113.16637008000001,35.00700533999997],[113.16623976000001,35.00631584999998],[113.1662196,35.00550666000003],[113.16607920000001,35.004697290000024],[113.16606912,35.00379818999997],[113.16593916000001,35.00309870999995],[113.16567852,35.00230905000001],[113.16553812000001,35.00159957999998],[113.16528792000001,35.000899919999966],[113.16483720000001,35.000649540000005],[113.16426623999999,35.00033904000003],[113.16402612,35.000198909999995],[113.16404592,35.00000909999999],[113.16412620000001,34.99889049000001],[113.16408623999999,34.99856073000001],[113.16388644,34.99650269999998],[113.16385620000001,34.996372830000006],[113.16267468000001,34.99580178000001],[113.16135312,34.99540038000002],[113.16081276,34.993172069999986],[113.16132396,34.989746580000016],[113.16242592,34.986192030000005],[113.16327768000001,34.98378587999999],[113.16418920000001,34.98155954999999],[113.16461004,34.980421409999956],[113.16510108,34.97944320000001],[113.16669336000001,34.97887602000002],[113.16829536,34.97904810000003],[113.16934728000001,34.97837030999999],[113.1700482,34.976822940000055],[113.17117032,34.974417149999994],[113.17188168000001,34.97322950999998],[113.17296312,34.97307119999998],[113.17366403999999,34.97316209999998],[113.17495608,34.973024039999956],[113.17670856000001,34.972836660000006],[113.17820076000001,34.97271885000002],[113.18000328000001,34.97254163999997],[113.18401943999999,34.97027967000002],[113.18950799999999,34.96732064999999],[113.19006852000001,34.96713164999999],[113.19116039999999,34.96708322999999],[113.19198156,34.967154240000035],[113.19246216,34.967204909999964],[113.19355476000001,34.96173245999999],[113.19413615999999,34.958826450000004],[113.19443675999999,34.958197529999985],[113.19452675999999,34.95788801999999],[113.19466716000001,34.95763844999999],[113.19472728,34.95738888000001],[113.19474744,34.957278990000006],[113.19477732,34.957209150000025],[113.19498756,34.95677985],[113.19499764000001,34.95663009000002],[113.19508800000001,34.956410399999996],[113.19520824,34.95621078],[113.19522804,34.95616091999998],[113.19536844000001,34.95569157000001],[113.1957594,34.95481317000001],[113.19601967999999,34.95408426000001],[113.19627024,34.95355523999998],[113.19674112000001,34.952936579999964],[113.19754248000001,34.95169907999996],[113.19777288,34.95111003000002],[113.19789311999999,34.95090041999998],[113.19796332,34.95070071000003],[113.19860448,34.949253240000004],[113.19883488,34.94850434999998],[113.20001712000001,34.94525949000001],[113.20057728,34.94371112999999],[113.2035084,34.93540017000004],[113.20370856000001,34.93474091999998],[113.20400880000001,34.93396178999999],[113.20646832,34.93404162000002],[113.20657848,34.93398168000002],[113.2078086,34.93153431],[113.20845876,34.93030563000005],[113.20918884000001,34.92880731000004],[113.21020908000001,34.92684945],[113.21082936,34.92557082000002],[113.21132940000001,34.924641840000014],[113.21192952,34.92341324999998],[113.21196948000001,34.923243420000006],[113.21197956,34.92296369999999],[113.21206956,34.92272394],[113.21413992000001,34.91851859999998],[113.21417016000001,34.91835875999997],[113.21415,34.91830881000004],[113.21372016,34.91785935000001],[113.21371008000001,34.91772948],[113.21372016,34.91745975000001],[113.21374032,34.91726003999997],[113.21379036,34.91694035999997],[113.2138602,34.91677053000005],[113.2139502,34.91664065999999],[113.21491032,34.91566173],[113.21541072000001,34.91365400999998],[113.21670096000001,34.91031770999999],[113.21182224,34.907990309999974],[113.20561404,34.905373290000036],[113.20054560000001,34.90321571999999],[113.20039548,34.90319574],[113.193396,34.90155837],[113.18914008,34.900493580000024],[113.18253048000001,34.89823700999999],[113.17668192000001,34.89603147000004],[113.1710436,34.894445489999974],[113.16575556,34.89297984000004],[113.15761380000001,34.89038153999998],[113.15218571999999,34.889375160000036],[113.14641707999999,34.888028670000004],[113.14218096,34.88701400999999],[113.13945684000001,34.886500829999974],[113.13731376000001,34.886397960000025],[113.13612216,34.88542739999998],[113.13541116,34.88410800000003],[113.1333786,34.879600530000005],[113.13208691999999,34.87606299000001],[113.1316164,34.87479390000001],[113.13139608,34.87376484000003],[113.12502768,34.861790249999984],[113.12399628,34.85985111],[113.1227946,34.86119786999997],[113.12033076,34.86226311],[113.11850808000001,34.86291975],[113.11733628,34.86333762000001],[113.11344036000001,34.863841619999974],[113.10668028,34.863662340000005],[113.10276420000001,34.86343715999998],[113.09969088000001,34.86287438999996],[113.09632956,34.86135257999997],[113.09363676000001,34.85993930999997],[113.08949784,34.857240479999966],[113.0858874,34.85467035],[113.08119984000001,34.85169288],[113.07671172,34.84913444999994],[113.07309156000001,34.84642455000004],[113.06966075999999,34.843854150000006],[113.06749644,34.842429989999985],[113.06550168000001,34.84084562999999],[113.06370636000001,34.83971046000001],[113.05952748,34.839378720000035],[113.05480968,34.840776059999996],[113.05469988,34.84076624999997],[113.02855704000001,34.847168219999986],[113.02612308,34.849110510000024],[113.02403832,34.85119194000004],[113.02184412000001,34.85292407999998],[113.01976908,34.85469581999997],[113.0169762,34.85678867999997],[113.01383412000001,34.85903192999997],[113.01050268,34.86068622],[113.00716116000001,34.86235058999998],[113.00381964,34.86371535000003],[113.00117652,34.86448943999999],[113.00000940000001,34.864751340000005],[112.99834368,34.86512394],[112.99568076,34.865308709999994],[112.99375584,34.86521240999999],[112.99336668000001,34.86519315000001],[112.99088303999999,34.864938089999974],[112.98854916,34.86424328999996],[112.98585636,34.86340925999999],[112.98318336000001,34.86257522999998],[112.98100932000001,34.861430610000006],[112.97921399999998,34.860584969999984],[112.97848572000001,34.85985713999996],[112.97812680000001,34.86000762000005],[112.97596248,34.858293660000015],[112.97180375999999,34.855284960000006],[112.9678344,34.85256543000003],[112.96332612,34.84985697000005],[112.95898776,34.84655883],[112.95429048000001,34.843411079999996],[112.94942327999999,34.83983412000003],[112.94671068000001,34.83783144],[112.94400780000001,34.83596852999999],[112.94113536,34.83469529999998],[112.94025768,34.83437724],[112.93880148,34.833860460000004],[112.9363182,34.83346544999996]]]}},{"type":"Feature","properties":{"id":"410883","name":"孟州市","adminCode":"410883","cityName":"焦作市","provinceName":"河南省","analysisUnitType":"黄河滩区涉及县域筛查单元","sourceNote":"用户提供的黄河滩区中下游涉及县区边界；表示涉及县域，不等同于精确滩区或湿地管理单元"},"geometry":{"type":"Polygon","coordinates":[[[112.84225380000001,34.812584369999996],[112.8406518,34.81261209000002],[112.83905952,34.812929520000026],[112.83675624,34.813545570000024],[112.83464304,34.81432182],[112.83253020000001,34.815377699999964],[112.83059736,34.816433850000024],[112.82761296,34.81823763000001],[112.82682168000001,34.81901568000001],[112.82555987999999,34.81968321],[112.82354676,34.82154837],[112.81427316,34.82715924000003],[112.81025736000001,34.82965088999998],[112.80534012000001,34.832520809999984],[112.80380796,34.833337740000005],[112.802436,34.83406503],[112.80128436000001,34.83431316],[112.79973276000001,34.834660920000026],[112.79589372,34.835100569999966],[112.79277468000001,34.834970789999964],[112.78930571999999,34.83431162999999],[112.78909584,34.83428165999998],[112.78523700000001,34.83359262000002],[112.78473732,34.83335286000004],[112.78249812,34.832324070000006],[112.77838944000001,34.83071613000002],[112.77404100000001,34.82834894999998],[112.77039204,34.82673101999996],[112.76697348,34.82547263999997],[112.76489412000001,34.82475353999997],[112.76491392,34.824573810000004],[112.76078544,34.82201700000001],[112.75508735999999,34.81986987],[112.75028892,34.8180723],[112.75005924,34.81801245000003],[112.74688008000001,34.81718363999999],[112.74388128000001,34.816764330000005],[112.7432412,34.816674510000034],[112.73917248000001,34.81673462999997],[112.7353338,34.81734420000002],[112.72856544000001,34.81856307],[112.72359708,34.81937243999998],[112.71976812000001,34.82036136000003],[112.71592908000001,34.821520109999994],[112.7123298,34.82305838999999],[112.70965068000001,34.82477630999996],[112.70675124,34.82705358000002],[112.70430180000001,34.82970029999999],[112.7021022,34.83252666000001],[112.70121228,34.83333566999999],[112.70015244000001,34.834314420000005],[112.69943352,34.83498429],[112.69674828000001,34.83688545000001],[112.69475208,34.83878579999999],[112.69274544000001,34.84048634999999],[112.6918872,34.841296530000015],[112.69060956000001,34.841957400000005],[112.68942156,34.84321748999999],[112.68929196,34.84335744000003],[112.68811404,34.84386846],[112.68654695999999,34.84453977000001],[112.68463068000001,34.84503179999998],[112.68214524000001,34.845624449999995],[112.67999928,34.846026929999994],[112.67729424,34.84644021000005],[112.67368128000001,34.847134379999964],[112.66905996000001,34.848039689999986],[112.66419888,34.84894535999996],[112.65967728000001,34.84975068000005],[112.65448716,34.850656889999975],[112.6515528,34.85126025000001],[112.64896764000001,34.85175327000003],[112.64580360000001,34.85263662000003],[112.64344776,34.85341907999998],[112.64074308,34.85439170999999],[112.63815792000001,34.85507454000001],[112.6359018,34.85566700999997],[112.63522320000001,34.85590767000003],[112.63421484000001,34.86048381000001],[112.63493124,34.88013980999999],[112.63507056,34.88408495999999],[112.63603859999999,34.888188689999986],[112.63655736000001,34.89040538999997],[112.63641732,34.893162360000034],[112.63613760000001,34.89505055999999],[112.63634712000001,34.89676821000003],[112.63501944000001,34.89773904],[112.63370184,34.89774101999997],[112.63217472000001,34.897743359999986],[112.63217472000001,34.899741],[112.63209444,34.90323732000003],[112.6330722,34.90710174],[112.63311216000001,34.907231610000025],[112.63311216000001,34.90741143000002],[112.63320180000001,34.90741124999996],[112.63320180000001,34.90752113999998],[112.63322195999999,34.90769096999998],[112.63324176,34.90807049999998],[112.63325184,34.90827030000003],[112.63325184,34.90837020000001],[112.63328172,34.90880966999999],[112.63329144000001,34.908839639999954],[112.63332168,34.909129260000014],[112.63337136000001,34.90945883999998],[112.63338144000001,34.90956873000001],[112.63339152,34.90971849],[112.63340124,34.90986833999996],[112.63340124,34.90996824000001],[112.6333512,34.91025804000002],[112.63331124,34.91044785],[112.63326156000001,34.910617769999966],[112.63321151999999,34.91073764999998],[112.63315176,34.91084763],[112.63294187999999,34.911237600000035],[112.63285224,34.91141751000002],[112.63282236,34.911497430000004],[112.63279212,34.911627389999964],[112.63278240000001,34.91169731999999],[112.63277232,34.911847170000016],[112.63276223999999,34.91194706999999],[112.63276223999999,34.91206694999998],[112.63277232,34.91219682],[112.63283208,34.91240651999998],[112.63289184,34.912556190000004],[112.632912,34.912616129999975],[112.632912,34.91274600000002],[112.63275216000001,34.91278622999998],[112.6329714,34.91565282000002],[112.63294152,34.91664182999999],[112.63287168000001,34.91765082000001],[112.63285152,34.91790057000004],[112.63319064,34.92030752999998],[112.63277124000001,34.921157220000005],[112.6293678,34.92116226000001],[112.62610404,34.92086741999997],[112.62497616,34.92088902000003],[112.62421764,34.92090017999996],[112.62234131999999,34.920932849999986],[112.61903760000001,34.92060812999996],[112.61879784,34.920578519999985],[112.61547432,34.92058337999999],[112.6107432,34.92099000000001],[112.60740960000001,34.921903860000015],[112.60664100000001,34.92205487999996],[112.60641132,34.92208521000001],[112.60406556000001,34.92241829999997],[112.60231884000001,34.92281043000001],[112.60210932000001,34.92284067000003],[112.60150056,34.92299141999999],[112.59801972000001,34.923669480000015],[112.5948132,34.92423315],[112.5905544,34.92537417000002],[112.58915148000001,34.92565137000001],[112.58568468,34.926394319999986],[112.58178696,34.92678689999998],[112.57914132,34.927361460000036],[112.57690679999999,34.92895572000001],[112.575033,34.93014101999999],[112.57433136,34.93186794000001],[112.57360992000001,34.93385441999999],[112.57341948000001,34.93438353000001],[112.5728478,34.93787859000001],[112.57236648,34.94160369000001],[112.57215588000001,34.94360106000002],[112.57215588000001,34.945498980000025],[112.57166448000001,34.94629728000001],[112.57012152,34.947443250000006],[112.56918948,34.94794095000002],[112.56852816,34.94828942999998],[112.56678468000001,34.94875580999996],[112.5660132,34.94926386000001],[112.56559200000001,34.95080141999998],[112.56559164000001,34.95366819],[112.56565176000001,34.956075690000034],[112.56551136,34.95762377999998],[112.5645894,34.958780819999994],[112.56446916,34.95894038999999],[112.56307632000001,34.95876812999997],[112.56272568,34.95876750000001],[112.56295572,34.95988665],[112.5629658,34.960006530000015],[112.56412824,34.961556960000024],[112.56468912000001,34.96167783000002],[112.56668316000001,34.96334957999998],[112.56743448,34.964219969999974],[112.56875675999999,34.96582052999998],[112.56990876,34.968459779999954],[112.5723834,34.97191037999998],[112.57295472000001,34.97212116000001],[112.57397676000001,34.972562519999954],[112.57556976000001,34.97313474000002],[112.57758396,34.973328149999986],[112.57971804,34.97327207999997],[112.58337528000001,34.97337855],[112.58776404000001,34.974205560000016],[112.58947728,34.97453820000004],[112.59250344,34.97511303000002],[112.60163484,34.97886990000002],[112.60247292000001,34.9790985],[112.60469880000001,34.97977458000001],[112.60525788000001,34.97994359999996],[112.60699452,34.980470549999986],[112.60940976,34.98048711000003],[112.61075724000001,34.979975730000014],[112.61333232000001,34.97965245000001],[112.61615724,34.97916897000002],[112.61897172,34.97870546999998],[112.61903184,34.97871537000001],[112.62147696,34.97889167999997],[112.62446136000001,34.97953680000001],[112.62497040000001,34.97962598999998],[112.62760524,34.979712119999995],[112.6307196,34.97969771999997],[112.63085928000001,34.97969753999999],[112.63100904000001,34.979697359999996],[112.63421268,34.97948298000003],[112.64051052,34.98207129],[112.64507172,34.98411275999999],[112.65297624,34.98801740999999],[112.65483276,34.98809471999997],[112.65710832,34.98822143999998],[112.66002287999999,34.98818733000002],[112.66022268,34.988256990000004],[112.66039224,34.98831666000002],[112.66197912000001,34.98888383999996],[112.66418484,34.990439130000006],[112.66616088,34.991595180000004],[112.66667999999999,34.99189415999999],[112.66862616,34.993319939999985],[112.67056224000001,34.99459587000002],[112.67179992000001,34.99633232999999],[112.67302716,34.999367490000004],[112.67300700000001,34.99998696000001],[112.67299728,35.00017677000003],[112.67378568000001,35.00083494000002],[112.67442432,35.00137359000001],[112.67480376,35.00217225],[112.67493336,35.00287137000001],[112.67518284,35.00357031000003],[112.6753128,35.004269429999994],[112.67556228000001,35.004968370000014],[112.67569188,35.005667490000015],[112.67620092,35.00706537000003],[112.67658036,35.00776413],[112.67718912000001,35.00846261999997],[112.6773288,35.00916174000003],[112.67781804,35.00986032],[112.67793792,35.01055944000002],[112.67794763999999,35.011358640000026],[112.67807760000001,35.01206775],[112.67845668000001,35.012766509999985],[112.678776,35.01307575000002],[112.678956,35.0133552],[112.679325,35.01405405000002],[112.67994384,35.01466254000001],[112.68043307999999,35.01526131000002],[112.68105192,35.015859810000016],[112.68301824000001,35.01744543000002],[112.68596268,35.01901979999998],[112.68669132000001,35.01951830999998],[112.68730980000001,35.020006919999986],[112.68816840000001,35.02030545000001],[112.68877716,35.020794060000036],[112.69024452000001,35.02178100000002],[112.69087308,35.022279689999976],[112.69149192,35.022888179999995],[112.69234044000001,35.02348641000001],[112.69295928000001,35.02397502000003],[112.693698,35.02437362999999],[112.69454616,35.02467216],[112.69540476,35.02506050999997],[112.69626299999999,35.025349050000024],[112.69700172,35.025747659999986],[112.69797984,35.02613583000001],[112.6996866,35.02653308999996],[112.70054592000001,35.02682244000001],[112.70103552,35.02708218000005],[112.70107584,35.02711214999998],[112.70202552,35.02762163999999],[112.70263536,35.028111149999994],[112.70337516000001,35.028510749999995],[112.703985,35.02901025000002],[112.7048346,35.02928996999997],[112.70655432000001,35.030079179999994],[112.70729412,35.03047878000001],[112.7081538,35.03067857999999],[112.70900339999999,35.030968290000004],[112.70986344,35.030858400000014],[112.71083292,35.030858400000014],[112.71169296000001,35.03115810000001],[112.71255264,35.031347910000015],[112.71341232,35.03174750999999],[112.71426228,35.03203721999997],[112.71500208,35.032426829999984],[112.71586176000001,35.03272653000002],[112.71684132,35.03311614000002],[112.71769128000001,35.03350574999999],[112.71917088000001,35.03430495000001],[112.71978072,35.03480445],[112.72102056,35.03599325999999],[112.72175028,35.03638286999999],[112.72298004000001,35.03738187000002],[112.72363992000001,35.03814111000002],[112.72495932000001,35.039769479999954],[112.72618908000001,35.040768480000004],[112.72649904000001,35.04112811999998],[112.72668912,35.04135789000001],[112.72730904000001,35.04184739999998],[112.72791888,35.04244679999999],[112.72840884,35.0430462],[112.72898844000001,35.04386538000001],[112.72963823999999,35.043745500000014],[112.7304882,35.04343581000003],[112.73193792000001,35.042616630000026],[112.73279760000001,35.042316930000005],[112.7336472,35.04210714],[112.73436720000001,35.04170753999997],[112.73521679999999,35.04139784999997],[112.73606676,35.041287960000005],[112.73704632,35.040878370000016],[112.73800607999999,35.04067857000001],[112.73898600000001,35.040558690000005],[112.73995547999999,35.04024900000002],[112.74092532,35.04014910000001],[112.74178500000001,35.040039209999996],[112.74275483999999,35.04002921999998],[112.7436048,35.039819429999994],[112.74386471999999,35.03980943999998],[112.74749351999999,35.039779470000006],[112.74835356000001,35.039369880000024],[112.75006284000001,35.03875050000001],[112.75077276,35.03825099999998],[112.75294212,35.037032220000015],[112.75379172000001,35.036822430000015],[112.75464167999999,35.03651273999997],[112.75549128,35.03640284999999],[112.75694100000001,35.03559366000001],[112.75780067999999,35.03527398],[112.75997004,35.034055200000026],[112.76068968000001,35.03355569999995],[112.76141976000001,35.03314610999999],[112.76189928000001,35.03253671999999],[112.76273916000001,35.03212713000002],[112.76394876,35.031108149999994],[112.7649186,35.030708549999986],[112.7653884,35.030099159999985],[112.766598,35.02908018000002],[112.76732772000001,35.028680579999985],[112.7682774,35.02746179999998],[112.76900712000001,35.02695231],[112.76948700000001,35.02635290999999],[112.77068652000001,35.02533392999999],[112.77213624000001,35.02452473999997],[112.77273600000001,35.02401524999996],[112.77560483999999,35.020368900000015],[112.77621468000001,35.0197695],[112.77693432000001,35.01926000999998],[112.77766404,35.01885042000004],[112.7782638,35.01834092999995],[112.7789838,35.017931339999976],[112.78007352,35.01762164999998],[112.78042308,35.016812460000004],[112.78102284,35.01610317000002],[112.7818728,35.015693580000026],[112.78259244,35.015283990000036],[112.78356228000001,35.01498428999999],[112.78501164000001,35.013965309999996],[112.78621116000001,35.01294633000001],[112.78717092000001,35.01173754000001],[112.78752084,35.01102824999999],[112.78786032000001,35.00892027],[112.78782000000001,35.005613579999974],[112.79333844,35.00414505],[112.8016386,35.00080065],[112.8024594,35.00047206000003],[112.80314052,35.00019314999998],[112.80321072,35.00000342999999],[112.80390156,34.99809641999996],[112.80403188000001,34.99774703999997],[112.80482316000001,34.99629966000001],[112.8057246,34.99461270000004],[112.80716676,34.99410509999999],[112.80815820000001,34.993766789999995],[112.811643,34.99338176999999],[112.81422672000001,34.99284573000004],[112.81443696,34.992816030000014],[112.82014512,34.99164476999999],[112.82341968,34.991719019999984],[112.82374008000001,34.99176932999999],[112.82648400000001,34.992242460000035],[112.82890716,34.99357409999996],[112.83063948,34.994385450000024],[112.83155064,34.99446653999999],[112.83289272,34.99458813000001],[112.83310296,34.994598389999965],[112.83328332,34.99461863999999],[112.83598692000001,34.99514153999999],[112.83814980000001,34.99571376000003],[112.838841,34.99590437999998],[112.84133436,34.99648694999999],[112.84370748,34.997299110000036],[112.84579043999999,34.99726194000001],[112.84690212000001,34.9972434],[112.84886484,34.996197149999986],[112.85220996000001,34.99217613000002],[112.85334144000001,34.991268659999996],[112.85358192000001,34.99106921999999],[112.85443332000001,34.99037109000003],[112.85495388000001,34.98994224000001],[112.85577504000001,34.98912431999999],[112.85605548,34.98881498999999],[112.85687700000001,34.98769737],[112.85769816000001,34.98656976000001],[112.85907012000001,34.985462850000005],[112.86045216,34.98456573],[112.86182412,34.983888299999975],[112.863186,34.983670319999995],[112.86454787999999,34.98435135000001],[112.86558936,34.984892069999994],[112.86591984,34.98502239],[112.86728172,34.98570333000004],[112.86865368000001,34.98548544000001],[112.86894384,34.98534594],[112.87002564000001,34.98481799999997],[112.870296,34.98369966],[112.87086696,34.98077384999999],[112.87113768,34.97964551999995],[112.87112760000001,34.979235930000016],[112.87114776,34.97852682000005],[112.87141812,34.97739848999997],[112.87141812,34.977148829999976],[112.87142820000001,34.97626980000002],[112.87170900000001,34.97515154999998],[112.87197936000001,34.974033210000016],[112.87198944,34.972904519999986],[112.87198944,34.97177583000001],[112.87171944,34.97065676999998],[112.87172952,34.96952817000002],[112.87145916,34.96839911999999],[112.87145916,34.967280419999994],[112.87119888000001,34.966151369999956],[112.87120932,34.96389399000003],[112.87258128,34.963226639999974],[112.87394316000001,34.96322844],[112.87498464000001,34.96357944],[112.87531512000001,34.96368977999998],[112.87593576,34.96369059000001],[112.876677,34.96369158000001],[112.87804895999999,34.96370337000002],[112.87942091999999,34.96347549000001],[112.88079288,34.962588360000005],[112.88162412000001,34.961690520000005],[112.88189448,34.96057218],[112.8814038,34.96016205],[112.88053260000001,34.959441689999984],[112.87862028,34.95830049000001],[112.87821960000001,34.95747096],[112.87806948,34.95740084999998],[112.87807956,34.95650192999998],[112.87918116,34.955144999999966],[112.88304683999999,34.95284288999998],[112.8832974,34.9526934],[112.88740320000001,34.95158027999999],[112.89096828000001,34.95160503],[112.89397247999999,34.95160907999998],[112.89562488,34.95005316000004],[112.89645612000001,34.94779695000002],[112.89673656000001,34.94690838000003],[112.896747,34.944651090000036],[112.89653676,34.94376188999998],[112.89652668,34.94372192999998],[112.89651660000001,34.943671980000026],[112.89648672000001,34.94353211999998],[112.89612636000001,34.942772520000005],[112.89593591999999,34.94240270999996],[112.89566591999998,34.94126367000002],[112.89511512,34.940144249999975],[112.89485484000001,34.939015289999965],[112.89458448,34.93788623999999],[112.89486492,34.936767989999986],[112.89541608,34.935640109999966],[112.89595680000001,34.93497158999998],[112.89709836,34.93378458000002],[112.89788964,34.93295667],[112.89789972000001,34.932507210000004],[112.89817008,34.93137888000002],[112.89818052000001,34.93026027000003],[112.89845088000001,34.929132030000005],[112.89900168000001,34.928004060000006],[112.90038192,34.92711567],[112.90173875999999,34.926663689999984],[112.90311504,34.92622170000002],[112.90447188,34.92575972999998],[112.90584816,34.92532773000002],[112.907205,34.92509553],[112.90857156000001,34.92464345999999],[112.90993812,34.92443123999995],[112.9106862,34.92418014000002],[112.91078592000001,34.924149989999975],[112.91130468,34.92397925999998],[112.91267124,34.92352718999996],[112.9140378,34.92286551000001],[112.91540400000001,34.922413440000014],[112.91677055999999,34.92174168000003],[112.91978304000001,34.919948250000004],[112.92108012,34.91765847000001],[112.92142896,34.91702856000001],[112.9214988,34.91663886000001],[112.92198768,34.91388108000003],[112.92201828,34.90644960000003],[112.92201828,34.90600014000001],[112.92226776000001,34.903772279999984],[112.92229764000001,34.903522529999975],[112.92251724,34.903082609999984],[112.92477156000001,34.898353740000005],[112.92807348000001,34.89274376999999],[112.92844248,34.8922836],[112.93031808,34.890601950000004],[112.93101612000001,34.889232150000026],[112.92776496,34.888309379999974],[112.92554052000001,34.888703129999975],[112.92372540000001,34.88840684999998],[112.92263820000001,34.88681070000002],[112.92274836,34.88274504000002],[112.92280848,34.88055741000003],[112.92291900000001,34.87370490000004],[112.9228794,34.86820113000001],[112.92363828,34.860907890000014],[112.92447672,34.85280546000004],[112.92625404,34.83559151999999],[112.92608448,34.835671710000014],[112.92363072,34.836745049999955],[112.92136632,34.83853722000002],[112.91840388,34.841069820000044],[112.91582016,34.843891409999976],[112.91373540000001,34.84597292999999],[112.91198976000001,34.84717479000001],[112.9098852,34.84809764999999],[112.90743144,34.84901115],[112.90531680000001,34.84963439999999],[112.9028634,34.85069774999997],[112.90006044,34.851771809999974],[112.89740688,34.85254761000002],[112.8949434,34.853453099999975],[112.89285036000001,34.854309270000016],[112.89220956,34.854118560000025],[112.89038688000001,34.85456549999999],[112.88539008,34.85448864],[112.88181528000001,34.85395422],[112.87859076000001,34.85312064000001],[112.8757068,34.851408479999996],[112.87498572000001,34.85082807],[112.87334376000001,34.84952721],[112.87133100000001,34.847356769999976],[112.86895788000001,34.84475630999999],[112.86712584,34.84228653000001],[112.8650832,34.83864764999999],[112.86198936000001,34.834398030000045],[112.86159876,34.833858030000016],[112.86127835999999,34.83331821000003],[112.85955648000001,34.83036900000001],[112.85587188000001,34.824700080000035],[112.8534786,34.820920890000004],[112.85125596,34.81743158999996],[112.84908336000001,34.81541081999998],[112.84745112,34.81425980999997],[112.84600896,34.813408679999974],[112.84421652,34.81284681000002],[112.84225380000001,34.812584369999996]]]}},{"type":"Feature","properties":{"id":"410926","name":"范县","adminCode":"410926","cityName":"濮阳市","provinceName":"河南省","analysisUnitType":"黄河滩区涉及县域筛查单元","sourceNote":"用户提供的黄河滩区中下游涉及县区边界；表示涉及县域，不等同于精确滩区或湿地管理单元"},"geometry":{"type":"Polygon","coordinates":[[[115.64826300000006,35.92823309999998],[115.65180792000005,35.92791791999998],[115.65490320000002,35.92793340000006],[115.65680040000004,35.92766061],[115.65891720000005,35.927267579999985],[115.66110384000005,35.927044379999984],[115.66258164000003,35.92700226000001],[115.66454868000005,35.92735928999998],[115.66583675999998,35.92581759000001],[115.66668564,35.92473651000002],[115.66782359999999,35.92377494999997],[115.66874232000002,35.92303370999997],[115.66938132000001,35.92206288000002],[115.67043972000003,35.92132136999996],[115.67144844000003,35.920349999999964],[115.67235708,35.919508770000014],[115.67328552,35.91882746999999],[115.67420424000004,35.91784628999998],[115.67488320000007,35.91677538000001],[115.67495304000005,35.91665531999999],[115.67513268000002,35.916375059999986],[115.67535264000004,35.915164919999995],[115.67628108000001,35.91358371000002],[115.67679048000004,35.912723039999946],[115.67756916000005,35.91146205000005],[115.67834784000004,35.91055098000001],[115.67913696000008,35.90957996999999],[115.67984579999998,35.90878896],[115.68104388,35.90798733000001],[115.68310091999999,35.90726435999999],[115.68478823999997,35.90710182],[115.68717468,35.90745822000003],[115.68935160000005,35.90781498],[115.69075955999999,35.907822810000006],[115.69195764000003,35.90770104000003],[115.69307579999999,35.90759943000004],[115.69555224000007,35.906705820000035],[115.69724964000004,35.90556344999998],[115.69910688,35.90428077],[115.69923684000005,35.90420057999999],[115.70000579999999,35.903459610000006],[115.70121612000004,35.90266968000002],[115.70249663999999,35.90136980999999],[115.70342688000005,35.89971011999997],[115.70336712000002,35.89856064000003],[115.70288724000002,35.89695144000004],[115.70190695999999,35.89592192999998],[115.7012766,35.89494246],[115.70037623999998,35.89407287999999],[115.69869828000003,35.89252551],[115.69723056000005,35.891318340000005],[115.69646196000004,35.89039989],[115.69591260000006,35.88947117999998],[115.69543344,35.88810255000006],[115.69558356000006,35.88656309999999],[115.69580316000004,35.88539337000001],[115.69582332000003,35.885273400000024],[115.69616280000005,35.88433335],[115.69634244,35.88404328000002],[115.69673196000008,35.883423],[115.69724136000002,35.882332739999974],[115.6980204,35.88131214000003],[115.69886927999998,35.88028137000001],[115.70042808000008,35.87869061999998],[115.7017086,35.87710140000002],[115.70256899999998,35.87630175000002],[115.70383944000004,35.87556213000003],[115.70475996000005,35.874542610000006],[115.70528016000002,35.87417279999998],[115.70561064000005,35.87392296],[115.70625072000001,35.873063370000004],[115.70725152000003,35.87175405000003],[115.7078916,35.87067458999998],[115.70839200000003,35.86970502000004],[115.70890248,35.86873554],[115.70940252000001,35.867196359999966],[115.70930280000003,35.86645665000001],[115.70942267999997,35.86611689999999],[115.70901264000003,35.86484744999996],[115.70825268000009,35.86375799999999],[115.70755248000005,35.86208885999999],[115.70700240000005,35.86128930000005],[115.70596199999999,35.85922028999998],[115.70492196000002,35.85761108999999],[115.70392152,35.856681569999964],[115.70358132000003,35.85634172999994],[115.70226119999998,35.85508235999996],[115.70164092,35.853463170000005],[115.69961088000008,35.851784489999986],[115.69850280000001,35.85052673999998],[115.69831308000006,35.85032711999996],[115.6973148,35.84932901999999],[115.69640616000001,35.848460790000004],[115.69578695999998,35.84765214000003],[115.69507811999999,35.84662362],[115.69438944,35.84541518999996],[115.69384043999999,35.844496469999996],[115.69433975999999,35.84306646],[115.69574771999999,35.84221488000003],[115.69731552000003,35.841522959999985],[115.69977180000002,35.84029005000001],[115.700832,35.83927026000003],[115.70054184000001,35.83879047000003],[115.69981212,35.83818108000005],[115.69896324,35.83737260999998],[115.69861404000002,35.836363619999986],[115.69846428,35.8350345],[115.69791527999999,35.83343609999999],[115.69789548000003,35.83334619000001],[115.69771584000001,35.831117520000014],[115.69771583999999,35.831027610000014],[115.69760604000001,35.82981837000001],[115.69725684000008,35.82850949999999],[115.69703724000007,35.827100459999976],[115.69668804000001,35.82569169000003],[115.69646844000003,35.82398286],[115.69636872000007,35.822673630000004],[115.69613904000003,35.821674449999996],[115.69602960000005,35.82056520000003],[115.69569012000005,35.81905644000001],[115.69535064000006,35.81724780000002],[115.69526100000002,35.81503902],[115.69492188000004,35.813220389999984],[115.69494204000002,35.81162117999999],[115.69497192000001,35.80991190000001],[115.69487220000003,35.80850277000002],[115.69489236,35.80709346000002],[115.69480272000004,35.80528446],[115.69494276,35.80398494999999],[115.69509252000007,35.802685350000026],[115.69512275999998,35.80067628],[115.69527252000006,35.79936651000002],[115.69568183999999,35.79655652999996],[115.69572179999999,35.79394698000004],[115.69600152000002,35.79204699000004],[115.69615128000001,35.790437069999996],[115.69655088000005,35.78853690000002],[115.69695012000004,35.78673672000003],[115.69734936000002,35.78492655000003],[115.69769892000004,35.78360634000002],[115.69785876000002,35.78253633000001],[115.69819824000002,35.78102613000003],[115.69826808,35.78029614000001],[115.69841783999999,35.77961610000001],[115.69861764000002,35.778925980000004],[115.69888728000001,35.77729590000002],[115.69911696,35.775915839999946],[115.69926672000005,35.77454595000002],[115.69913675999997,35.77316642999998],[115.69942656,35.77167630000002],[115.69957631999999,35.77007637000005],[115.69972608000005,35.768766419999984],[115.69994567999998,35.767446479999975],[115.70031576000001,35.76590667000001],[115.70064588000002,35.76422700000005],[115.70015556000001,35.76371715000003],[115.69954608000002,35.76330782999996],[115.69869755999997,35.762789070000025],[115.69784867999999,35.76218040000004],[115.69710996000005,35.76177153000001],[115.69600152,35.76146310000003],[115.69441392000004,35.76093543000002],[115.69331556000004,35.76032712000001],[115.69122864000005,35.75970008999999],[115.69107888000003,35.759650320000034],[115.68976092,35.75938221000005],[115.68766392000002,35.75905524],[115.68508776000002,35.75851893000002],[115.68287124000004,35.75830212000001],[115.68041496000004,35.75796561],[115.67819808000002,35.757838710000016],[115.6764708,35.75772117000003],[115.67400444000003,35.75749464000001],[115.67153807999999,35.75735811000004],[115.66871244,35.757132119999966],[115.66625616000006,35.75679560999998],[115.66378979999999,35.756469179999996],[115.66096416000002,35.75603322000002],[115.65825804000005,35.755507080000015],[115.65568188000002,35.755070759999974],[115.65420408000003,35.75465288999999],[115.65261648000002,35.75403530999999],[115.65163800000005,35.753616720000046],[115.65102887999997,35.75340765000003],[115.64980092,35.75308940999996],[115.64882208000006,35.75278080000003],[115.64808336000007,35.752571909999986],[115.64747424000005,35.75236284000003],[115.64673552000005,35.75195388000001],[115.64599644000005,35.75174499000003],[115.64563716000008,35.75143557000001],[115.64520768000003,35.750716290000035],[115.64425908000007,35.75092761000002],[115.64207244000004,35.751830489999996],[115.640874,35.752282019999974],[115.63960608000001,35.752843710000064],[115.63776864000003,35.75332620000002],[115.63659072000002,35.75310785999999],[115.63540236,35.752709609999975],[115.63337520000005,35.751662639999985],[115.63162812000007,35.75022542999999],[115.6313286,35.74998585000002],[115.63106868000003,35.749766249999986],[115.62975072000003,35.74820844000003],[115.62878232000004,35.747119979999994],[115.62774372000007,35.74637162999999],[115.62697512000004,35.74567278000004],[115.62599628000004,35.74504431000002],[115.62508764000003,35.74451564999999],[115.62497784000006,35.74447587],[115.62375996000004,35.744057639999966],[115.62187248000004,35.74313046000001],[115.62075432,35.742612149999985],[115.61938632000006,35.74223415000001],[115.61886720000003,35.74208484000001],[115.6171896,35.74173726000002],[115.61564195999998,35.74137950999999],[115.61361516000005,35.74086246],[115.60927140000007,35.74043864999999],[115.60632588000003,35.740012859999986],[115.6029012,35.73976769999999],[115.59974471999999,35.73958140000004],[115.59813120000004,35.739398609999995],[115.59622644,35.7393852],[115.59320928000005,35.739249930000014],[115.59075372000001,35.73871569000001],[115.58884895999998,35.73875223000001],[115.58730528,35.73873953999997],[115.58470932000002,35.738385029999954],[115.58211299999999,35.737850520000016],[115.58042928000003,35.73748763999998],[115.57889567999999,35.73708498],[115.57728180000001,35.73678221999998],[115.57566792,35.73642942],[115.57447524000003,35.73601739999998],[115.57307196000005,35.735445090000006],[115.57118735999998,35.73457200000001],[115.56993456,35.73353007000001],[115.56840096000008,35.732597580000004],[115.56748872000003,35.73201608999997],[115.56609552000002,35.73121392000001],[115.56470231999998,35.73040167000002],[115.56267768000004,35.72947835999993],[115.56029196000004,35.72842446000003],[115.55889876000003,35.72778222000001],[115.55841780000007,35.72778131999994],[115.55821728000004,35.72778095999997],[115.55764596000006,35.727799950000005],[115.55700444000001,35.72783883],[115.55574155999997,35.728056540000026],[115.55376660000003,35.72827299],[115.55194248000004,35.728659719999975],[115.55059932,35.72893728000003],[115.54961687999999,35.729455410000014],[115.54828380000005,35.729722980000034],[115.54651944000001,35.72999982000001],[115.54469496000004,35.73056637000003],[115.54315128,35.731023569999984],[115.54174800000008,35.73146097000002],[115.54019424000002,35.731798109999986],[115.53851052000007,35.73207504000002],[115.53674616000006,35.73257175],[115.53534287999999,35.73279917999998],[115.53274656000009,35.73329444999999],[115.53099227999999,35.73357129],[115.52839632000007,35.73372662999998],[115.52706288000002,35.733894209999995],[115.52594040000004,35.73395226000006],[115.52482764000004,35.73360036],[115.52336460000005,35.732618190000004],[115.52274324,35.73146745000002],[115.52233248000003,35.73055710000001],[115.52172120000004,35.72888661000001],[115.52117003999999,35.72785601999998],[115.51950647999999,35.72624366999998],[115.51810319999998,35.725941270000035],[115.51691052000007,35.725939200000006],[115.51543704000002,35.726106599999994],[115.51305096000004,35.72678214],[115.51157747999999,35.72699948999998],[115.51018428,35.72687708999997],[115.50863052000007,35.72715428999995],[115.50750804000003,35.727202260000006],[115.50541319999999,35.72713863000001],[115.50337848000001,35.72638532999998],[115.50234600000003,35.726033699999974],[115.50071231999999,35.725730940000005],[115.50001068000003,35.72506998000002],[115.49928924000005,35.724358889999955],[115.49849760000006,35.72391753000003],[115.49689380000005,35.72297478000001],[115.49677356000004,35.72289459000001],[115.49640276000007,35.72264403000002],[115.49579148000001,35.72214300000004],[115.49485944000001,35.72166141000002],[115.49429784000004,35.72137044000001],[115.49416752000006,35.721260189999974],[115.49368656,35.72086940999998],[115.48972764000005,35.71800282000001],[115.48899612000002,35.717521589999976],[115.48836468000006,35.717020559999995],[115.48763315999999,35.716629239999975],[115.48684116000001,35.715997980000004],[115.48639044000001,35.71563717000003],[115.48565856,35.71524594000002],[115.48520748000004,35.71486515000001],[115.48486691999999,35.71461458999999],[115.48407491999998,35.713993230000014],[115.48328328,35.71336188000001],[115.48268208000005,35.71268093999999],[115.48019663999999,35.71019693999999],[115.47995580000006,35.709906599999975],[115.47992592000007,35.70987654000003],[115.47847259999999,35.70859413],[115.4774304,35.70768234000003],[115.47698940000001,35.70733161],[115.47643824000004,35.70702057000001],[115.47623772000003,35.70693021],[115.47561636000002,35.70643917000004],[115.47476424,35.706057570000006],[115.47426312000005,35.70545681999998],[115.47352152000002,35.70506550000003],[115.47288000000003,35.704474380000036],[115.47240912000001,35.70386363999998],[115.47208835999999,35.70300323999995],[115.47189791999999,35.70247304999998],[115.47152711999999,35.70177257999998],[115.47150732,35.701652519999996],[115.47139716000001,35.701082550000045],[115.47076572000005,35.70033150000003],[115.47039492000002,35.69988086999999],[115.47014436000003,35.69919075000002],[115.46976348000005,35.69849036999999],[115.46927244000001,35.69789970000005],[115.46885124,35.69708933999999],[115.46882136000005,35.69706927000002],[115.46838036000001,35.69624882999999],[115.46792928000005,35.69542839000003],[115.46776908000004,35.69511815999999],[115.46750843999999,35.694418049999975],[115.46701740000007,35.693717400000004],[115.46663652000005,35.69301701999998],[115.46638596000008,35.692326900000005],[115.46600507999997,35.69162652000001],[115.46538372,35.69113556999999],[115.46489267999999,35.69053491000004],[115.46451180000005,35.68984452],[115.46389043999997,35.68909365],[115.46326908000003,35.688352859999995],[115.46302824000003,35.68806252000002],[115.46264736000002,35.68735214999999],[115.46225676000003,35.68689162],[115.46214624000005,35.68676148],[115.46152488,35.686270529999994],[115.46091360000003,35.68551965999999],[115.46072316000001,35.685279449999996],[115.46054280000003,35.68507920000003],[115.45992108000004,35.68457825999999],[115.45941024,35.68397751000004],[115.45867836000002,35.68359627],[115.45781616000001,35.68340466000007],[115.45731504000001,35.68280400000002],[115.45705476000005,35.68258367999999],[115.45653348000002,35.682172830000006],[115.45608240000007,35.68181210999999],[115.45559136000003,35.681221440000016],[115.45509024000002,35.680520879999996],[115.45470936000005,35.67982049999998],[115.45439868000003,35.678960370000006],[115.45420824000007,35.67843027],[115.45382736000008,35.67772989],[115.45369704000001,35.67703005000003],[115.45344648000005,35.67633993],[115.45331616000004,35.675649990000004],[115.45305588000005,35.674939890000026],[115.45292556000001,35.67424004999996],[115.45261487999997,35.67337991999999],[115.45242443999999,35.672849819999996],[115.45216380000001,35.672049719999976],[115.45199352000007,35.671159890000006],[115.45190352000002,35.67064995000002],[115.45153271999997,35.66994966],[115.45139232000001,35.66924972999996],[115.45114176000001,35.66855961],[115.45101144000007,35.66784978],[115.45070076000007,35.66698964999999],[115.4505906,35.66669958000001],[115.45038036000011,35.66612943],[115.45025004000001,35.66576943000002],[115.44987924,35.66505906000003],[115.44961860000005,35.664368939999996],[115.44906744000006,35.66358828000003],[115.44862644,35.66297772000001],[115.44800508000003,35.66223693000002],[115.44738336000006,35.661486150000016],[115.44676200000006,35.660745360000014],[115.44601032,35.660004300000004],[115.44539904,35.65950335999999],[115.44489792000005,35.65891269],[115.44416604000001,35.658231660000006],[115.44353460000004,35.65762073999999],[115.44291323999998,35.656879950000004],[115.44253236000007,35.65642940999999],[115.44216156000003,35.65572912000001],[115.44167052000006,35.65513844999998],[115.44094872000005,35.65444742999999],[115.44041772000004,35.65394666999996],[115.43992632000004,35.653346099999965],[115.43930496000004,35.65275516],[115.43868360000002,35.652004380000044],[115.43806224,35.65126358999999],[115.43745096000006,35.65051280999994],[115.43693975999999,35.64968229000001],[115.43662908000003,35.648812170000014],[115.43631840000003,35.647952039999986],[115.43617800000003,35.64757197000002],[115.4358072,35.64677177999997],[115.43530608000005,35.64618111],[115.43492520000002,35.64548072999995],[115.43467464000007,35.64479061000002],[115.43417351999999,35.64409005000001],[115.4336724,35.64348948000001],[115.43306112,35.64289863000001],[115.43256000000001,35.642307960000025],[115.43181804000001,35.64181682999998],[115.43095620000005,35.64142533],[115.43021424000008,35.641024110000025],[115.4293524,35.64063270000001],[115.42873104000005,35.64002187000006],[115.42798908000005,35.639640630000024],[115.42724748000005,35.639139420000014],[115.42638527999998,35.63865809999998],[115.42559364000002,35.63802693000002],[115.42514256000003,35.63766621000004],[115.42440096000001,35.63726499000001],[115.42378932000008,35.636774130000006],[115.42316796000004,35.63602334999997],[115.42278708000003,35.63557290000005],[115.42241627999998,35.63488250999998],[115.42179492000004,35.63413182000003],[115.42141404000007,35.633681280000005],[115.42080276000002,35.63318043000001],[115.4204218800001,35.632500119999996],[115.41967992000006,35.63209890000002],[115.41889835999997,35.63146772999997],[115.41844728000002,35.63110710000002],[115.41758508000008,35.6306157],[115.41647232,35.63082341999999],[115.4156202,35.63123157000001],[115.41476844000002,35.63152973999999],[115.41391632000001,35.631728010000025],[115.41305412000003,35.631846270000004],[115.41207167999998,35.632154159999985],[115.41121956000002,35.63226242999998],[115.41035772000001,35.63257059000002],[115.40963592000003,35.63306891999997],[115.40893427999998,35.63331740999998],[115.40792160000004,35.63367525000003],[115.40693916000008,35.63388323999998],[115.40608704000005,35.63419140000002],[115.40534544000006,35.634589739999996],[115.40474388000001,35.63509823999996],[115.40401199999998,35.635496580000016],[115.40315987999999,35.635804740000026],[115.40229804000006,35.636013],[115.40131560000002,35.63622099],[115.40046348000003,35.63632925999997],[115.39960307999999,35.63632881000002],[115.39850472000003,35.63635032000002],[115.39739664000005,35.636351850000025],[115.39629828000004,35.63637336000003],[115.39543968000005,35.63667432000002],[115.39459116000008,35.636775479999976],[115.39395216000001,35.63700624000001],[115.39373256000006,35.63708652000003],[115.39313351999999,35.63758701],[115.39264428000006,35.63819738999997],[115.39221479999998,35.63882757000004],[115.39168559999997,35.639607870000006],[115.39144584000005,35.64030780000001],[115.39133604000001,35.641107449999986],[115.39109628000004,35.64191727000001],[115.39086660000005,35.642357369999985],[115.39044720000003,35.643187440000005],[115.39002780000001,35.64402750000001],[115.38990792000001,35.64472725],[115.38969839999999,35.64545714999998],[115.38943848,35.646336990000016],[115.38907920000004,35.64713700000002],[115.38886932000004,35.647856819999994],[115.38860976,35.648736659999976],[115.38848988000007,35.64953640000002],[115.3882602,35.650246229999986],[115.38814032,35.65094597999997],[115.38796068000002,35.6514759],[115.38767088000012,35.65234584000001],[115.38731124000003,35.65305594000005],[115.38695196,35.65385595000001],[115.38622296000004,35.65446660000003],[115.38549432000002,35.65496726999997],[115.38340776000004,35.65472040000001],[115.38149076000002,35.65453311],[115.38071208000008,35.65390464000005],[115.38008316000004,35.65331586],[115.37934444000007,35.652717270000025],[115.37872560000001,35.652118499999986],[115.37822664000008,35.651529539999935],[115.37761752000002,35.65103067],[115.37686872000003,35.650641959999994],[115.37625996000007,35.650043190000005],[115.37564112,35.64955431000005],[115.37502228000007,35.64913544999999],[115.37419356,35.64854694000002],[115.37346491999998,35.648148240000005],[115.37283600000002,35.64764937000002],[115.37210700000004,35.64726066000002],[115.37147808000003,35.64684179999999],[115.37061983999999,35.646263279999985],[115.37000100000003,35.64567450000002],[115.36950168000003,35.645075549999966],[115.36900272000003,35.644516649999964],[115.36889292000004,35.644386869999984],[115.36826400000002,35.64378810000002],[115.36788456,35.64309905999999],[115.36734564,35.64231030000001],[115.36688663999999,35.641491389999985],[115.36639740000003,35.640702539999964],[115.36601832000004,35.64000351000002],[115.36576884000004,35.639304300000006],[115.36526952000003,35.63871534000001],[115.36489044000007,35.63801631000002],[115.36445124000004,35.63765712000002],[115.36365240000005,35.63702856],[115.36267428000005,35.637030000000024],[115.36182540000006,35.63743095000001],[115.36121628000002,35.63794143000001],[115.36072704,35.63864171999997],[115.36037748000007,35.63935181999998],[115.36013808000004,35.64005165999999],[115.36001820000004,35.640751410000014],[115.35965856000009,35.64146151],[115.35955848000003,35.64216126000001],[115.35942852000004,35.6430609],[115.35931872000005,35.64376065000002],[115.35919884000005,35.64456030000002],[115.35908904000001,35.64515006999998],[115.35908903999999,35.64526004999998],[115.35884927999999,35.646059879999996],[115.35885900000002,35.64696933000003],[115.35874919999999,35.64785898],[115.35851952,35.648558910000006],[115.35839964000004,35.64935855999998],[115.35840936000001,35.65015802999997],[115.35804972000007,35.65096812000001],[115.35793992,35.651767770000006],[115.35784992000006,35.652277529999985],[115.35771024000003,35.653177260000014],[115.35771996000004,35.65397673],[115.35771996000004,35.65487619000003],[115.35748992000002,35.65567602000002],[115.35737004000003,35.65647575999999],[115.35737004000003,35.65693547999994],[115.35738012,35.65728521999998],[115.35737004000003,35.657335170000025],[115.35726996000007,35.65817486999998],[115.3575295200001,35.65887407999997],[115.35789888000002,35.65967309999999],[115.35803856000007,35.66003265000002],[115.3583478,35.66090169000002],[115.35846768000002,35.66125134000005],[115.35865740000003,35.66177073],[115.35903648000006,35.66245977000001],[115.35904656,35.663269319999976],[115.35905628000006,35.66416878000004],[115.35906635999999,35.66506824000003],[115.35895620000004,35.66586788999999],[115.35883631999998,35.66656764],[115.35880644000005,35.666657640000004],[115.35865668000002,35.66710755000003],[115.35836688000005,35.667967410000024],[115.35812712000006,35.66877732000001],[115.35763788000001,35.66957751000001],[115.35715872000006,35.67027770999999],[115.35691896000007,35.67098763],[115.35656940000008,35.67167774999997],[115.35595020000004,35.67228822000004],[115.35533100000004,35.67271887000001],[115.35449255999998,35.67329964000003],[115.35388344000006,35.67381020999998],[115.35377364,35.674020270000014],[115.35359363999997,35.67438027000001],[115.35316416000006,35.67521034000002],[115.35268500000004,35.67582071999996],[115.35207587999997,35.676321210000005],[115.3517166,35.67677148000003],[115.35110748000002,35.677531890000026],[115.35062795999998,35.67823208999997],[115.35001884000003,35.67893255999997],[115.34940972000005,35.67944312999996],[115.34929991999999,35.68014278999998],[115.34929992000002,35.68084245000003],[115.34930964000003,35.68175180999999],[115.34943924000005,35.6824413],[115.34953896,35.682730920000026],[115.34968872000002,35.68314051],[115.35019776000001,35.683939259999974],[115.35044724000004,35.68473846000004],[115.35095627999999,35.68542731999998],[115.35120576000004,35.68623650999997],[115.35194448,35.686625220000025],[115.35198444000001,35.686665180000006],[115.35268320000004,35.68712391000003],[115.35342228000005,35.68751262000003],[115.3542906,35.68800114000002],[115.35514919999997,35.68839966000002],[115.35601788000004,35.68869828000002],[115.35686640000004,35.68868712000002],[115.35797448000005,35.688685590000006],[115.35882336000002,35.68857444000002],[115.35968196000006,35.68826340000001],[115.36034076000003,35.688102569999984],[115.36139916,35.68785129],[115.36213824000001,35.68745052],[115.36261739999998,35.686840229999994],[115.36321644000002,35.68612977000003],[115.3638255600001,35.68562918999997],[115.36456464000003,35.68522842000001],[115.36483392000002,35.68499820000005],[115.36528356000001,35.68461777000004],[115.36614216000005,35.68420682999995],[115.36675128000003,35.683706250000036],[115.36735031999999,35.68310577000003],[115.36820892000003,35.68289472000002],[115.36899768000002,35.68252383000003],[115.36906751999997,35.68249377000001],[115.36992612000004,35.682182730000015],[115.37077500000007,35.682081660000016],[115.37163360000008,35.682070410000044],[115.37274168000005,35.68205888999999],[115.37360028000003,35.682147629999996],[115.37425908000003,35.68230665999998],[115.37502804000002,35.68247541],[115.37538732000002,35.68256486999999],[115.376256,35.682853499999986],[115.3771146,35.68324202999998],[115.37798292000005,35.68353066000004],[115.37872164000002,35.684029350000024],[115.37946036000001,35.684428049999994],[115.38019944,35.684926739999995],[115.38093816000001,35.685305460000016],[115.38130751999998,35.68575474000002],[115.38193644000005,35.68650336],[115.38194616000003,35.68709304000004],[115.38194616000006,35.68800249000005],[115.38195587999998,35.68890186],[115.38208583999999,35.68960133999998],[115.38184607999997,35.69041115999998],[115.38124704000005,35.69091165000001],[115.38051804000001,35.69131251000003],[115.37990892000003,35.691822990000006],[115.37917992000006,35.69222376000004],[115.37870076000006,35.69283413999998],[115.37784216000003,35.69313509999996],[115.37698355999999,35.693546039999994],[115.37626464000003,35.694046800000024],[115.37528616,35.69445792000003],[115.37502660000007,35.69456816999999],[115.37423748,35.69485914000001],[115.37337888000003,35.69516019000001],[115.37252028000007,35.695361249999976],[115.37154180000002,35.695572479999996],[115.37069328000004,35.69578353],[115.36983468000003,35.695884689999986],[115.36899588000004,35.695965780000044],[115.36884612,35.695986030000036],[115.36799760000002,35.69630697000004],[115.36713900000001,35.69650802999996],[115.36628004000005,35.69680908000007],[115.36543152,35.69702013000003],[115.36466256000001,35.697111209999996],[115.36444295999998,35.69713145999998],[115.36364448000003,35.697302459999975],[115.362576,35.697523860000004],[115.36150752,35.69775516],[115.36052904000003,35.698056390000005],[115.35987024000005,35.698217220000004],[115.35882192000004,35.69847849000002],[115.35796332000004,35.69887944000001],[115.35723431999999,35.699280299999984],[115.35662520000004,35.69979078000002],[115.35588648000004,35.70019173],[115.35528744000004,35.70070247999996],[115.35454836000008,35.70111342],[115.35404940000005,35.701414109999995],[115.35369984,35.701614539999966],[115.35322068000005,35.7022251],[115.35298092000005,35.70291531000003],[115.35287112000002,35.70362541],[115.35285131999998,35.70365538],[115.35250176000005,35.70432578999997],[115.35238188000001,35.70503589000001],[115.35215220000003,35.70573609000001],[115.35203232000008,35.70652611000003],[115.35192252,35.70723621],[115.35153336000005,35.70756669000001],[115.35132348000005,35.70773697],[115.35095412000003,35.708447340000006],[115.35047496000001,35.709047910000024],[115.34998572000002,35.70974846999998],[115.34962644000004,35.71054884000003],[115.34926680000004,35.710999289999975],[115.34866776000003,35.71175007000004],[115.34862816000003,35.71179012000002],[115.34804892000001,35.712360809999986],[115.34718024000004,35.71298189999997],[115.34635151999998,35.713583010000015],[115.34630184000002,35.71374303],[115.34623200000004,35.71394309999998],[115.34593248000004,35.71481340000002],[115.34563296,35.71568361000002],[115.34552316000006,35.71638372],[115.34552316,35.71708355999999],[115.34553288000006,35.717983380000014],[115.34567292000006,35.718683130000045],[115.34568300000004,35.71940295000002],[115.34568300000005,35.719443],[115.34568300000004,35.719482960000036],[115.34568300000005,35.71956297000003],[115.34568300000005,35.71959294000001],[115.34581260000002,35.72048268000002],[115.34595228000005,35.721272340000006],[115.34751972000001,35.72808912],[115.34890752000004,35.73505620000002],[115.34894747999998,35.73523611000001],[115.34979600000005,35.73953433000005],[115.34980608000004,35.73957428999999],[115.35045515999998,35.74107315000004],[115.35046488000002,35.74197306000001],[115.35059484000001,35.74266272999996],[115.35060456000005,35.743472639999986],[115.35080436000001,35.74400228999999],[115.35086412000004,35.74416212999996],[115.35095412,35.74468197000003],[115.35111395999999,35.74556163000001],[115.35137352000007,35.74626119999997],[115.35149340000004,35.74697085000003],[115.35163308,35.747860590000016],[115.35189264000002,35.748660060000006],[115.35201216000006,35.74935981000001],[115.35217200000001,35.749969559999975],[115.35219216000003,35.75001950999997],[115.35223212000004,35.750279430000006],[115.35224184000008,35.75086928999999],[115.35225192000007,35.75176919999999],[115.35225192000001,35.75267900999997],[115.35202224000003,35.753479200000015],[115.35200244000008,35.753569200000015],[115.35193260000004,35.753999220000004],[115.35179256000005,35.75488931999998],[115.35155316000008,35.75558951999999],[115.35106392000003,35.75619009000001],[115.35050484000003,35.75639078999998],[115.35037524,35.75644101000001],[115.34935680000005,35.756802270000016],[115.34928696000003,35.75683241999999],[115.348698,35.75711312999999],[115.34849820000001,35.75721339000002],[115.34776956000002,35.75761434],[115.34749020000005,35.757844649999974],[115.34671152000003,35.758485629999996],[115.34594256000004,35.759126519999974],[115.34509404000002,35.75943765000001],[115.34410584000001,35.75983887],[115.34312772000007,35.76016017000001],[115.34242860000005,35.760401009999995],[115.34142059999998,35.760762360000015],[115.34068188000003,35.76127320000001],[115.34045220000006,35.761973399999995],[115.34050224000002,35.762043329999976],[115.34094144000005,35.76256271999996],[115.341201,35.763262199999964],[115.34157036000002,35.76371166],[115.34219928000002,35.76446073],[115.34247864,35.76468032999999],[115.34326739999999,35.76530916000002],[115.34404608000006,35.765947979999986],[115.34454504000004,35.76654720000002],[115.34517396000005,35.76714632999997],[115.34591267999998,35.7677352],[115.34653187999999,35.768334329999966],[115.34728032000004,35.768833289999996],[115.34789952000001,35.769332339999984],[115.34851836000003,35.769921479999994],[115.34913720000004,35.77041053999996],[115.3504548,35.77182857999998],[115.35130332000003,35.77284728999998],[115.35142320000006,35.77297716],[115.35173280000001,35.77326669000007],[115.35177276000009,35.77336658999997],[115.35570576000006,35.77549113000002],[115.35619500000001,35.775870390000016],[115.35681383999999,35.77645944000001],[115.35731280000005,35.77705874999999],[115.35744276,35.77774850999997],[115.35745284000004,35.77854833999996],[115.35721308000005,35.779158539999976],[115.35741288000001,35.779648230000014],[115.35746256,35.77979817000001],[115.35747264,35.779858110000035],[115.35796188000009,35.78044743],[115.35858072000003,35.780946479999955],[115.35944904000002,35.78143526999999],[115.36019784,35.78193422999999],[115.36068708,35.782533540000024],[115.36124580000002,35.78331267],[115.36168500000005,35.78393205],[115.36194455999998,35.78463153000001],[115.36231392000003,35.785321019999984],[115.36293276000006,35.78582007000002],[115.36343208000004,35.786519369999986],[115.36406100000005,35.78710841999997],[115.36454988000001,35.78780772000005],[115.36480944000003,35.788507289999984],[115.36518888000005,35.78920668000001],[115.36531847999998,35.78999643],[115.36576776000001,35.79058575000002],[115.36634664000002,35.79079499999999],[115.36691580000007,35.790894179999995],[115.36802352000005,35.79097275000002],[115.36899191999997,35.790641550000025],[115.37046936000003,35.79109956000001],[115.37204652000003,35.79153741],[115.37671788000003,35.79570080999996],[115.37783603999999,35.79670925999998],[115.37808552000004,35.79702885000002],[115.37919324000003,35.79744735000002],[115.38037116000001,35.79799572000001],[115.38105012000001,35.798364809999995],[115.38194832000005,35.798583600000015],[115.38293652000003,35.79898230000002],[115.38399456000008,35.799320880000025],[115.38427427999999,35.799420510000026],[115.38512244000005,35.799829379999984],[115.38578124000006,35.80017840000004],[115.38648000000008,35.80048736999998],[115.38732852000003,35.800806059999964],[115.38818712000001,35.80114481999997],[115.38917532000005,35.801543339999974],[115.38998352000002,35.80219197],[115.39127124000004,35.80335972000001],[115.39235916000005,35.80434783000002],[115.39313784,35.804726639999984],[115.39394604000006,35.80521534000007],[115.39446516000007,35.80555446000004],[115.39545335999999,35.80597296000002],[115.3957428,35.806092570000004],[115.39662120000004,35.80663113000001],[115.39693080000005,35.80681068],[115.39783908000004,35.80731918000001],[115.39874736000004,35.80783775999998],[115.39994508,35.80841601000003],[115.40103768000004,35.80892748000001],[115.40148840000008,35.80917812999998],[115.40212992000004,35.80991883000001],[115.40268108000002,35.81054945999999],[115.40331251999994,35.81129024999998],[115.40394396000003,35.81203094999999],[115.40434463999999,35.81263133999998],[115.40504628000005,35.81407179],[115.40860380000008,35.81918541],[115.41077820000007,35.822967300000045],[115.41235176,35.82513891000004],[115.41339396000002,35.82606023999999],[115.41416544,35.826741269999985],[115.41469680000003,35.82701207999999],[115.4193771600001,35.82924903],[115.42019904000003,35.82954036000001],[115.42040928000002,35.82962063999999],[115.42110084000001,35.829911700000046],[115.42163220000003,35.83019249999999],[115.42198284000006,35.83047294000001],[115.42234356000006,35.83076346000002],[115.42269456000004,35.8310439],[115.42305528000001,35.83132443],[115.42340592000005,35.831614860000016],[115.42376664000004,35.83203534000001],[115.42411728000005,35.83245572999996],[115.42447836000001,35.832886110000004],[115.42463856000008,35.83325628000002],[115.42465872000001,35.833306230000005],[115.4246886,35.833376250000036],[115.42483908000003,35.83374633000003],[115.42532004000005,35.83455678000001],[115.42580100000004,35.83535723999999],[115.42615164000006,35.83585763999998],[115.42667256000003,35.83664820000001],[115.42723380000008,35.83741877999996],[115.42771476000007,35.83828917000004],[115.42825584000005,35.83899981000004],[115.42861656000002,35.83943019000003],[115.42914792000003,35.840140830000045],[115.42968900000004,35.84085138000003],[115.43004971999999,35.84128185000002],[115.43041043999999,35.84171223000003],[115.43094144000004,35.84242287],[115.43118192000003,35.842753079999994],[115.43150268000002,35.84319345000004],[115.43165315999998,35.84341358999998],[115.43201388000001,35.843834069999964],[115.4323746,35.84412459000003],[115.43293583999998,35.844895169999994],[115.4335068,35.84566584000005],[115.43407812000008,35.84643642000002],[115.43465916000004,35.84720708999999],[115.43523047999999,35.847987749999966],[115.43542092,35.84823795],[115.43577156000002,35.84866833],[115.43613228,35.849238750000055],[115.436493,35.849659139999964],[115.43668344000001,35.84990943],[115.43703408,35.85037977],[115.43738508000007,35.850800160000006],[115.43774579999999,35.851230629999996],[115.43827680000003,35.85194126999997],[115.43881787999999,35.85250197000001],[115.43951952000003,35.85320279999999],[115.44025104000008,35.85390381000002],[115.44077196000006,35.854354529999995],[115.44113268000004,35.854624980000025],[115.44148368,35.85491550000003],[115.44201468000001,35.85548619],[115.44237540000002,35.85590657999999],[115.44273612000006,35.856187109999986],[115.44333732000004,35.85693779999998],[115.44394860000003,35.85768857999998],[115.44433956,35.85823901999999],[115.44456996000007,35.85867921000001],[115.44459012000007,35.85870918000002],[115.44508116000003,35.85952970999998],[115.44549192000008,35.860020209999995],[115.44614316,35.86071105000001],[115.44684480000004,35.86116204000001],[115.44755616000002,35.861583149999994],[115.44826787999997,35.86201415999999],[115.44868872000009,35.86226481000004],[115.44914951999999,35.862565499999995],[115.44969096000004,35.86284629999999],[115.45061292000001,35.863337700000024],[115.45127424000005,35.86369869000006],[115.45180523999998,35.86396950000004],[115.45233660000008,35.864110440000005],[115.45321860000006,35.86439187000002],[115.45373952,35.86453272000001],[115.4546316,35.86460426999997],[115.45533324000004,35.86451553000002],[115.45620516000007,35.86464702000002],[115.45708716000004,35.86478849999998],[115.45778844000002,35.86491963000004],[115.4583198,35.86505049000002],[115.45937208000001,35.86533228000005],[115.45991316,35.865613080000024],[115.46083512000003,35.86610448],[115.46185752000004,35.86659606000003],[115.46263908000003,35.86704732000003],[115.46384184,35.86756914000004],[115.46419248000004,35.86765976999999],[115.46507448000008,35.867791260000025],[115.46575596000002,35.86794237000005],[115.46676792000005,35.869713390000015],[115.46692812000002,35.870103539999995],[115.46731872,35.87078394000002],[115.46774964000001,35.87178429000002],[115.46784000000005,35.872064280000004],[115.46795016,35.872194420000014],[115.46813052,35.872344719999994],[115.46839116000001,35.87245506000002],[115.47088631999999,35.87349905999999],[115.47222912,35.87442101999998],[115.4738628,35.87548346999999],[115.47523548000004,35.87627556000002],[115.47653832000003,35.87681772000001],[115.47805176000006,35.87719023000002],[115.47982548000009,35.877443220000025],[115.48176984000008,35.87764662],[115.48650024000007,35.87874453000003],[115.48879488000003,35.87973821999995],[115.49413655999999,35.882126729999996],[115.49563956,35.88279921000001],[115.49967840000001,35.88427575000001],[115.50070080000005,35.884567530000005],[115.50205404,35.88493994999999],[115.50409920000001,35.88554366999998],[115.50692627999997,35.88648857999998],[115.50891132,35.887262040000046],[115.51102668000003,35.88786585],[115.51314204000003,35.88835968000002],[115.51560839999999,35.88879419999999],[115.51758336000002,35.889117749999976],[115.51786416000003,35.88915834],[115.51969872000004,35.889601590000034],[115.52159376000003,35.88986510999996],[115.52328828000005,35.88995825999997],[115.52512284000002,35.89017165],[115.52778971999997,35.89047666],[115.52990508,35.89063056],[115.53209064,35.89100460000001],[115.53385536000003,35.891387730000005],[115.53547932000001,35.89177068000001],[115.53711335999998,35.89248348000003],[115.53909840000003,35.893436940000015],[115.54079255999997,35.89433972999999],[115.54207596000005,35.895181859999965],[115.54349940000003,35.89591427999999],[115.54464239999999,35.896976009999975],[115.54627644000001,35.898228630000006],[115.54761960000003,35.898950880000015],[115.54962480000006,35.90041419000002],[115.55103852,35.901386729999956],[115.55229204000007,35.902118969999975],[115.55290332000003,35.902400130000004],[115.55318412,35.90252064000001],[115.55423712000004,35.902892609999995],[115.55586108000001,35.90344557000003],[115.55756568000002,35.90451863999999],[115.55891928000001,35.90525106],[115.56020268000005,35.906093370000036],[115.56140580000006,35.906595570000015],[115.56261900000004,35.90743769999997],[115.56340128000004,35.908289100000005],[115.56482472000006,35.909191620000016],[115.56624852000004,35.91020412],[115.56782279999999,35.91150686999998],[115.56903600000001,35.91246897000002],[115.57060020000004,35.91354177000003],[115.57224432000004,35.914664699999996],[115.57373832000002,35.915567310000036],[115.57530216,35.916520140000024],[115.57547279999997,35.916640380000025],[115.57578348,35.916840989999955],[115.57694664000006,35.91759303000005],[115.57776852000006,35.91817443000003],[115.57865088000001,35.918785979999996],[115.58028528000003,35.919728909999954],[115.58284163999998,35.92069353000002],[115.58461644000006,35.92129670999998],[115.58592972000002,35.92167912000003],[115.58674188000005,35.92191060000004],[115.58872692000006,35.92257426000004],[115.59155400000002,35.922839490000015],[115.59395016000005,35.92321389000003],[115.59629628000002,35.923768200000005],[115.59884256000002,35.92414287000001],[115.60110372000004,35.92440323999998],[115.60191264000005,35.92454201999998],[115.60210235999999,35.924541749999996],[115.60252175999999,35.92451106000002],[115.60300092000001,35.92443042],[115.60375979999999,35.92445931],[115.60823316000001,35.92376279999997],[115.60908168000002,35.92364157],[115.61247684000007,35.923136669999955],[115.61323572000008,35.922995549999975],[115.61513256000003,35.92274283],[115.61646060000004,35.92244097000002],[115.61807844000002,35.92213857],[115.61937624000001,35.921976750000006],[115.619616,35.92194632999999],[115.62130332000002,35.92180385999999],[115.62397956000005,35.92182995999998],[115.62498792000008,35.92177848],[115.62524748,35.92176804000002],[115.62657552000003,35.92151613],[115.62874236000003,35.92092303000003],[115.62939144,35.92053216000004],[115.63153812,35.9191692],[115.63286616,35.91892728000001],[115.63420428000005,35.918685360000005],[115.63560216000002,35.91878328000003],[115.63659072000002,35.918891820000006],[115.64001540000004,35.92004652000003],[115.64226216000002,35.920763100000045],[115.64355996000003,35.92224099000001],[115.64441892000006,35.92308959999999],[115.64542728000002,35.92455786000001],[115.64721468,35.92637496000003],[115.64826300000006,35.92823309999998]]]}},{"type":"Feature","properties":{"id":"410927","name":"台前县","adminCode":"410927","cityName":"濮阳市","provinceName":"河南省","analysisUnitType":"黄河滩区涉及县域筛查单元","sourceNote":"用户提供的黄河滩区中下游涉及县区边界；表示涉及县域，不等同于精确滩区或湿地管理单元"},"geometry":{"type":"Polygon","coordinates":[[[115.74282023999999,35.82531719999999],[115.74181979999997,35.825397209999984],[115.74059940000002,35.82569708999999],[115.73925876,35.825866920000024],[115.73814816,35.82607689],[115.73709768000002,35.82624681000001],[115.7363676,35.82659664],[115.73563716,35.82695646000003],[115.73479692000004,35.82775602000003],[115.73400636000001,35.82846567000003],[115.73328599999999,35.82890540999999],[115.73276580000002,35.82962505000001],[115.73220563999999,35.83020483],[115.73153531999999,35.83074456],[115.73091468,35.83140416999999],[115.73035451999998,35.832073859999966],[115.72972416,35.832833459999975],[115.7294142,35.83337319000002],[115.72937388000001,35.833433219999996],[115.72921404,35.833713030000034],[115.72871364000002,35.83433276999997],[115.72808327999998,35.83545219],[115.72779311999999,35.835901919999976],[115.72745292,35.83675152000001],[115.72722287999997,35.837201340000036],[115.72704251999998,35.83783098000001],[115.72675235999999,35.838730530000035],[115.72663247999999,35.83922030999997],[115.72641216000001,35.839630080000006],[115.72606187999999,35.84036970000002],[115.72524143999999,35.84142918000003],[115.72418088,35.84245869000003],[115.72255007999999,35.843868000000015],[115.72162992000003,35.84471750999998],[115.71998904000002,35.84619684000002],[115.71887843999998,35.84681649000003],[115.71875856000001,35.84704635000001],[115.71818832000002,35.84743623000001],[115.71752772000002,35.84788596000001],[115.71694740000001,35.848275750000006],[115.71599699999997,35.84874554999997],[115.71488675999998,35.849165310000004],[115.71365627999998,35.84946518999998],[115.7125158,35.84972501999996],[115.71134507999999,35.84989494000003],[115.70999472000001,35.84982501000002],[115.70880419999997,35.84945519999999],[115.70789375999999,35.84892545999999],[115.70718348000001,35.84842569],[115.70679360000003,35.84795589000004],[115.70652360000001,35.847506160000016],[115.70568336,35.847026369999995],[115.70478299999999,35.84610684000001],[115.70409287999999,35.84523726],[115.70297255999998,35.84380796999998],[115.70207220000002,35.84259864],[115.70159195999999,35.84150919000001],[115.70083199999999,35.83927026000003],[115.6997718,35.84029005000001],[115.69731552,35.841522959999985],[115.69574771999999,35.84221488000001],[115.69433975999999,35.84306646],[115.69384044000002,35.844496469999974],[115.69438944,35.84541518999997],[115.69507811999999,35.84662361999998],[115.69578695999998,35.84765214],[115.69640615999998,35.84846079000001],[115.69731479999997,35.84932901999996],[115.69831308,35.85032711999996],[115.69850279999999,35.85052673999998],[115.69961088000001,35.851784489999986],[115.70164092000002,35.853463170000005],[115.70226119999998,35.85508235999999],[115.70358132,35.85634172999997],[115.70392152,35.856681569999964],[115.70492196,35.85761108999999],[115.70596199999999,35.85922028999998],[115.7070024,35.86128930000004],[115.70755248000002,35.862088860000036],[115.70825267999999,35.86375799999999],[115.70901264000001,35.86484744999996],[115.70942267999997,35.86611689999999],[115.7093028,35.86645665],[115.70940252000001,35.867196359999994],[115.70890248,35.86873554],[115.70839199999998,35.86970502],[115.7078916,35.87067458999998],[115.70725152,35.87175405000003],[115.70625071999999,35.873063370000004],[115.70561063999999,35.87392296],[115.70528016000002,35.87417279999998],[115.70475995999999,35.87454260999999],[115.70383943999998,35.87556213000003],[115.70256899999998,35.87630175000002],[115.7017086,35.87710140000002],[115.70042808,35.87869061999998],[115.69886927999998,35.88028136999998],[115.69802039999998,35.88131214000003],[115.69724135999999,35.882332739999974],[115.69673196000001,35.883423],[115.69634244,35.88404328000002],[115.6961628,35.88433335],[115.69582331999999,35.885273400000024],[115.69580316,35.88539336999998],[115.69558355999997,35.88656309999999],[115.69543343999999,35.888102550000006],[115.69591259999999,35.88947117999998],[115.69646196000001,35.89039989],[115.69723056,35.891318340000005],[115.69869828000003,35.89252551000001],[115.70037624000001,35.89407287999999],[115.70127659999997,35.89494246000001],[115.70190695999999,35.89592192999998],[115.70288724,35.89695144000002],[115.70336712000002,35.89856064000003],[115.70342688000001,35.899710119999995],[115.70249663999999,35.90136980999999],[115.70121611999998,35.90266967999999],[115.70000579999999,35.903459610000006],[115.69923684,35.90420058000001],[115.69910688,35.90428076999998],[115.69724963999998,35.90556344999998],[115.69555224,35.906705820000035],[115.69307579999999,35.907599430000026],[115.69195764,35.90770103999999],[115.69075956000002,35.907822810000006],[115.6893516,35.90781498],[115.68717468000003,35.90745822000003],[115.68478824,35.907101820000015],[115.68310091999999,35.90726435999998],[115.68104388000002,35.907987330000005],[115.67984579999998,35.90878896],[115.67913696,35.90957996999999],[115.67834784,35.91055098000001],[115.67756916,35.91146205000002],[115.67679048000001,35.912723039999975],[115.67628108000001,35.91358371000002],[115.67535264000001,35.915164919999995],[115.67513268000002,35.916375059999986],[115.67495304,35.91665531999999],[115.67488320000002,35.91677538000002],[115.67420424,35.91784628999998],[115.67328552,35.91882746999999],[115.67235708000003,35.91950876999998],[115.67144844,35.920349999999964],[115.67043971999999,35.92132137],[115.66938131999999,35.922062880000006],[115.66874232,35.92303370999997],[115.66782359999999,35.92377494999997],[115.66668564,35.924736509999995],[115.66583675999998,35.92581759000002],[115.66454868,35.92735928999998],[115.66729439999999,35.92783521],[115.66856268,35.9281233],[115.67037996,35.92853055],[115.67157803999999,35.92882872000001],[115.67291615999997,35.92912671000003],[115.67439396,35.929304550000026],[115.67740932000002,35.929830059999965],[115.67987568000001,35.930196360000025],[115.68149316000002,35.93059398000001],[115.68261168,35.9310123],[115.68366,35.93159063999999],[115.68512772,35.93222846999998],[115.68632616,35.93280663000004],[115.68772404000002,35.93372445],[115.68835295999997,35.93470347],[115.68869244,35.93557287],[115.68904200000001,35.936832239999994],[115.68930156,35.93814165000003],[115.68964103999998,35.94038094000002],[115.69039992000002,35.94215960999998],[115.69079916,35.94386889000002],[115.69091904,35.94405870000003],[115.69135859999999,35.94490794000001],[115.69198752,35.94565692000004],[115.6938048,35.94709413000003],[115.69528259999998,35.94762198],[115.69682016000002,35.948029680000026],[115.69837788,35.948437379999994],[115.70034563999998,35.94850506000001],[115.70238648,35.948584979999964],[115.70393736000001,35.94876488999997],[115.70590799999998,35.948764800000006],[115.70717843999998,35.94866471999997],[115.70837903999998,35.948554650000005],[115.70950944000002,35.94833460000002],[115.71105995999999,35.94806460000003],[115.71276059999998,35.94772458],[115.71565175999999,35.94758445000001],[115.71776280000002,35.94724433999999],[115.71967331999998,35.947034280000025],[115.72199459999999,35.94681423],[115.72376507999999,35.94671415],[115.72502580000001,35.94694409999999],[115.72657632,35.94718394999999],[115.72812683999999,35.94759381000001],[115.73064791999998,35.94863358],[115.73360892000001,35.94933332999997],[115.73511984,35.94960324],[115.73663040000002,35.949873150000045],[115.73929116000001,35.95098285],[115.741332,35.951842620000036],[115.7428026,35.95259241000004],[115.74399311999997,35.95305231000001],[115.7442732,35.953152300000035],[115.74982548,35.95503168000002],[115.75006559999999,35.95511169000001],[115.75277676000002,35.95596137999998],[115.75684835999999,35.957350979999994],[115.76048975999998,35.95857056999999],[115.76274083999998,35.95944024000001],[115.76413116000002,35.960190030000014],[115.76560176,35.96076989999999],[115.76805299999998,35.96260941],[115.7693832,35.963929080000014],[115.77105395999999,35.965708740000004],[115.77154427999997,35.96673852],[115.77209436000003,35.96823818999997],[115.77278483999997,35.96920793999998],[115.77376512000001,35.97075764999999],[115.77515579999998,35.97241725000002],[115.77599604,35.97328701000003],[115.77696624,35.97425676000002],[115.77787668000002,35.97517655999998],[115.77885731999999,35.976896190000005],[115.77876695999998,35.97781599],[115.77721643999998,35.97946587000002],[115.77601583999999,35.98020584999998],[115.77445523999998,35.98111575000002],[115.77368520000002,35.98186572000003],[115.77297492,35.982655649999984],[115.77289463999999,35.98368543000001],[115.77286475999998,35.98388540999999],[115.77267467999998,35.98471529999996],[115.7733648,35.98545509999999],[115.77428531999998,35.98632485999999],[115.77547583999998,35.98673472000001],[115.77673619999999,35.98696457999999],[115.77821687999999,35.98725438000001],[115.77947723999999,35.987154300000014],[115.78131828,35.98543448999998],[115.78251851999998,35.984744460000044],[115.78399920000001,35.98487432999997],[115.78525955999999,35.98533413999999],[115.7869404,35.98620381000001],[115.78819103999997,35.9872335],[115.78959144000001,35.98831322999998],[115.79127228000002,35.989762770000034],[115.7926626,35.99085240000005],[115.79350283999999,35.99182214999999],[115.79441328000003,35.99314181999999],[115.79712443999999,35.997270749999984],[115.79808492,35.99922032999999],[115.79841504,36.00000009000001],[115.79843483999997,36.00005013],[115.79850504,36.00023004000002],[115.7993154,36.00055998],[115.79966531999997,36.00181979999997],[115.80022583999998,36.00308007000002],[115.80077700000001,36.00445076999999],[115.80189911999999,36.00652221],[115.80253055999998,36.00709308],[115.8029514,36.0078336],[115.80372288,36.00858464999997],[115.80477515999999,36.00892620000003],[115.80698016000001,36.009659429999964],[115.8084432,36.010141470000015],[115.81160004000002,36.01094606999997],[115.81434612,36.011460060000005],[115.81554888,36.01157184000003],[115.81738307999998,36.01139454000001],[115.81786403999998,36.01134521999998],[115.81920683999999,36.011297249999984],[115.82082071999999,36.01106964000002],[115.82377704,36.010834020000004],[115.82631252000002,36.011127779999974],[115.82757539999999,36.01129958999998],[115.82848763999998,36.01153088999998],[115.83088272000002,36.011414430000045],[115.83299772000001,36.00999783000004],[115.83568367999999,36.008162100000014],[115.83849996000001,36.00610668000002],[115.8414264,36.004231349999955],[115.84146671999999,36.00422135999999],[115.84265940000002,36.00382320000003],[115.84427291999998,36.003365730000006],[115.84583639999998,36.002908169999984],[115.84835171999998,36.00283194000003],[115.84941407999997,36.002793510000004],[115.85165903999999,36.00260693999998],[115.85294207999998,36.002678849999995],[115.85598875999999,36.003223259999984],[115.85821356000001,36.00543608999999],[115.86015756000002,36.006938639999966],[115.86040811999999,36.00712899000004],[115.86122999999999,36.00817992],[115.86193128,36.009790650000014],[115.862202,36.01088081999997],[115.8623424,36.01277055000001],[115.86234204,36.01386035999999],[115.86248243999998,36.01432044000003],[115.86515831999999,36.01609398000001],[115.86944772,36.01776986999997],[115.87135212000001,36.01851245999998],[115.87498991999999,36.020097360000015],[115.8783174,36.021551850000016],[115.88212583999999,36.02298698999999],[115.88509224000002,36.024250949999995],[115.88952203999999,36.025577010000006],[115.89240852,36.02644101],[115.89326064,36.026442179999975],[115.89404220000002,36.02633336999997],[115.89600672,36.02575637999996],[115.89771024,36.02490912000001],[115.89947424,36.02411181000001],[115.90088363999999,36.02348081999999],[115.90277975999999,36.022907069999945],[115.90425683999999,36.02233421999999],[115.90545456000001,36.02188179000002],[115.90665228000002,36.021299490000025],[115.9076304,36.02089755000001],[115.909956,36.019863089999994],[115.91100395999999,36.01952100000001],[115.91321976,36.01868660999997],[115.91446715999999,36.01931382000004],[115.91769095999999,36.02147651999998],[115.92016595999998,36.02364074999998],[115.92301031999999,36.025644329999984],[115.92475704,36.02733021000002],[115.92509616000001,36.02764944000001],[115.92851939999997,36.02982177000001],[115.93135367999999,36.031835339999986],[115.93534571999997,36.033676649999975],[115.93942776000002,36.03519782999998],[115.93991664,36.03538673999999],[115.94466720000001,36.03723651],[115.95074507999999,36.03925349999998],[115.95569508,36.040802940000006],[115.96026563999999,36.04203324],[115.96368887999998,36.04234607999998],[115.96749155999997,36.042668190000015],[115.97245128000002,36.0440577],[115.97625359999999,36.04452974999997],[115.98063515999999,36.04484070000001],[115.98463692,36.04484250000004],[115.98711191999999,36.04593717000003],[115.98787008,36.04701536999999],[115.98958655999999,36.04825161000003],[115.99225092,36.04995575999998],[115.99432667999999,36.051191280000026],[115.99701084,36.052745490000014],[116.00000459999998,36.05462900999997],[116.00044379999999,36.05490819000003],[116.00481599999999,36.05723027999999],[116.00840988,36.05959377000001],[116.00881919999999,36.059872950000006],[116.01396971999998,36.06389342999997],[116.01420948,36.06413300999996],[116.01872135999997,36.06793452000002],[116.02290384000003,36.07200666000004],[116.02674683999997,36.07566938999999],[116.03075975999998,36.07933185],[116.03171807999999,36.08030996999998],[116.03227715999999,36.08107893000002],[116.03383416000003,36.083245860000005],[116.03391408,36.08336565000002],[116.03409371999999,36.083615309999985],[116.03649924000001,36.08682057],[116.03721816,36.08762922000001],[116.04139056000001,36.09242118000001],[116.04500387999998,36.0968841],[116.04839795999997,36.100537649999985],[116.05003524,36.102654449999946],[116.05074408,36.103623030000044],[116.05130316000002,36.104371919999984],[116.05180248,36.10483100999998],[116.05293071999999,36.105338970000005],[116.05483763999999,36.10567566],[116.05880087999999,36.10635867000005],[116.06206572000004,36.10683296999998],[116.06544,36.10744713000002],[116.06827535999999,36.1080621],[116.07406595999997,36.10927187999998],[116.07659171999998,36.109977300000004],[116.07805944,36.110454660000016],[116.08087463999999,36.11140965000005],[116.08106436,36.11146923000005],[116.08457832,36.11244294000002],[116.08611588000001,36.11243033999999],[116.08659503999998,36.11243952000001],[116.08792308,36.11223729],[116.09090819999997,36.11178224999996],[116.09378352,36.11184723000004],[116.0935938,36.11144772000002],[116.09325467999999,36.1092789],[116.09392428000002,36.10683846000004],[116.09525268,36.103577130000026],[116.09757971999997,36.09964430999999],[116.09975664000002,36.095841450000016],[116.10142955999999,36.09176390999999],[116.10309348,36.08701722],[116.10425591999999,36.08375949000001],[116.10430632000002,36.08334962999998],[116.10432612,36.08313966],[116.10459719999999,36.08078058],[116.10459719999999,36.07939080000005],[116.10459719999999,36.078191009999976],[116.10274392000001,36.07479917999998],[116.09939952000002,36.071686800000016],[116.09275104,36.06577929],[116.08794936000002,36.061328339999996],[116.08597259999999,36.059951970000014],[116.0797932,36.05564330999998],[116.07357419999998,36.05111478000001],[116.06840315999999,36.04692437999998],[116.066187,36.044368649999996],[116.06194476000002,36.039926699999995],[116.05956948000001,36.03520169999999],[116.05720391999999,36.02959686000003],[116.05526820000001,36.02400128999999],[116.05289291999999,36.01735659000003],[116.05095756000001,36.00965141999999],[116.04966047999999,36.00422478000001],[116.04877271999999,36.00026702999998],[116.04871259999999,36.000037170000006],[116.04867264000002,35.999907300000004],[116.04827339999999,35.99859824999999],[116.04821364,35.99692883999999],[116.04829355999999,35.99600895],[116.04836340000001,35.99504900999999],[116.04773484000002,35.993220570000034],[116.04746519999998,35.99212131000005],[116.04739536,35.99103167999999],[116.04718584000001,35.99012232],[116.04697632,35.988852959999974],[116.04676679999997,35.98760367000002],[116.04649715999999,35.98640442],[116.04635748000003,35.98508493000002],[116.04629772,35.98353549],[116.04604823999998,35.982216270000016],[116.0458884,35.98124678999996],[116.04581856000001,35.980157160000026],[116.04532968000004,35.97924824999998],[116.0447706,35.97763958999997],[116.04428171999999,35.97655068000005],[116.04365279999998,35.97535206000001],[116.04281436000001,35.973174059999984],[116.04261455999999,35.97213473999997],[116.04219551999999,35.971215660000006],[116.04113748000003,35.96989787999999],[116.0405784,35.96909904],[116.03953007999999,35.96824107000003],[116.03854188000001,35.96778288000001],[116.03788308000001,35.96730416999996],[116.03565683999999,35.96738796000004],[116.03198339999997,35.967714210000025],[116.02820987999999,35.96855057999997],[116.02363752,35.96937821999997],[116.01978408000002,35.97007473000001],[116.01575100000002,35.97090147000003],[116.01135864,35.97173873999999],[116.00669663999999,35.97270650999998],[116.00311284000001,35.97340257000001],[116.00000819999998,35.97384771],[115.99889004000003,35.97400998],[115.99433856000002,35.97440912999999],[115.98895871999999,35.97465014999999],[115.98609420000001,35.97454601999998],[115.98279011999999,35.97436278000001],[115.98010524,35.974268370000026],[115.97653188,35.97372575999999],[115.97385707999997,35.973051390000016],[115.97020380000001,35.97236910000002],[115.96628124000001,35.971387289999996],[115.96093128000001,35.970468389999965],[115.9536852,35.968613579999975],[115.94748672000003,35.96717645999999],[115.94149775999999,35.96590890000001],[115.93595843999998,35.9652402],[115.93126692,35.964699839999994],[115.92588708000002,35.96446080000005],[115.92312228,35.96424642],[115.92127547999999,35.964050219999976],[115.91859059999997,35.96371569000003],[115.91682407999998,35.963449289999964],[115.91520695999999,35.96319261000003],[115.91351999999999,35.96292603],[115.9118334,35.962659449999975],[115.91014643999998,35.96215292999999],[115.90845947999998,35.961756390000005],[115.9067826,35.96130990000001],[115.90532531999999,35.96086287000001],[115.90409771999998,35.96041538999999],[115.90218108000002,35.95989932999999],[115.90089372000001,35.95914198000001],[115.89944435999999,35.958123179999994],[115.89860232,35.95730211000003],[115.89815123999999,35.95648149000002],[115.89801119999998,35.95560138000001],[115.89795107999998,35.954671409999996],[115.89804107999998,35.95341168000001],[115.89805115999998,35.95266180000001],[115.89837191999999,35.95147235999998],[115.89885287999999,35.95029318000004],[115.89902315999998,35.949223530000005],[115.89935399999999,35.947794150000036],[115.89951419999997,35.946914400000004],[115.89999515999999,35.94566510999999],[115.90031484,35.94479463000002],[115.90071407999997,35.94416391000003],[115.90110324,35.943293159999996],[115.90166232,35.94236219999999],[115.90229088000001,35.94142098],[115.90245071999999,35.940670829999995],[115.90283987999999,35.94005010000003],[115.9035786,35.93867877000004],[115.90420752000001,35.93666772000001],[115.90463663999999,35.935696979999975],[115.90492608000001,35.93432655000001],[115.90492608000001,35.93421657],[115.90493616,35.93294666999998],[115.90472663999999,35.932037220000005],[115.90438715999997,35.93106801000001],[115.90389828000002,35.930199060000035],[115.90337915999999,35.928650250000025],[115.90224119999999,35.927522549999985],[115.90080371999998,35.92594557000002],[115.89889284,35.924925780000024],[115.89697872,35.924653080000006],[115.89512472,35.924510520000034],[115.8932808,35.924117939999995],[115.89133643999998,35.923975109999986],[115.89007355999999,35.92380338999998],[115.88873075999999,35.9238015],[115.88726735999998,35.92361943],[115.88591448,35.92349747999997],[115.88429088,35.92331522999998],[115.88253696,35.92297277999997],[115.87812732,35.92239651000001],[115.87571208,35.92213317000002],[115.87498056,35.92197216],[115.87318667999999,35.92154960999996],[115.87128228,35.92113696000002],[115.87002947999999,35.920455299999986],[115.86944844,35.920134540000014],[115.86868667999998,35.91970344000001],[115.86757427999997,35.91901196999999],[115.86624119999999,35.91810026999998],[115.86539952,35.917399169999996],[115.86484836000001,35.916828389999985],[115.86466764,35.91664820999999],[115.86455748,35.91653805000004],[115.86380579999998,35.9152272],[115.86317435999999,35.914016429999975],[115.86261312,35.913155759999995],[115.86194171999999,35.912025000000014],[115.86124043999999,35.91005427000005],[115.86078936,35.90789391000003],[115.86105972000001,35.90574461999998],[115.86181140000002,35.90417592],[115.86279383999998,35.90261748000001],[115.86572027999999,35.90068185000001],[115.86791519999998,35.899135380000004],[115.86944879999999,35.898087960000005],[115.86961907999999,35.89797824999996],[115.87156343999999,35.89681149],[115.87350815999999,35.89546473000002],[115.87498127999997,35.89464717],[115.87594356,35.894108700000025],[115.87836924000001,35.89335243],[115.88030352,35.892585449999984],[115.88225795999999,35.89143858000001],[115.88443308,35.88989228999996],[115.88605704,35.888924970000005],[115.88725980000002,35.88761718],[115.88804172,35.886528719999966],[115.88889384000001,35.88557021999999],[115.88967575999999,35.88476165999998],[115.89045767999998,35.88351326999999],[115.89096888000002,35.88264432],[115.89060816,35.881824150000014],[115.88974667999997,35.880843330000005],[115.88829371999998,35.87960187000003],[115.88678064000003,35.877870540000025],[115.88634972000001,35.87726016],[115.88543784000002,35.87618934000001],[115.88375448000001,35.87450777999998],[115.88203079999998,35.87310594000004],[115.87978620000001,35.87115366000001],[115.87843331999998,35.87000228999999],[115.87717079999999,35.86881114],[115.87598820000001,35.86774994999998],[115.87505651999999,35.86704894],[115.87498631999999,35.86698891],[115.87370364,35.86592762999995],[115.87286196000001,35.86528673999999],[115.87176971999999,35.864175689999996],[115.87071743999999,35.86373441999998],[115.86945456000001,35.86277312999997],[115.86856284,35.86209218999997],[115.86675887999999,35.86104026999999],[115.86387275999999,35.85952701],[115.86117708000002,35.85788406000001],[115.85848104,35.85603123],[115.85636675999999,35.85497877000001],[115.85489327999998,35.85443706000001],[115.85404152,35.85397608],[115.8508746,35.85210264000001],[115.84956204,35.851461119999996],[115.84515239999998,35.84914622999999],[115.84293731999999,35.848523519999986],[115.84063224,35.84805066000004],[115.83832715999999,35.847727739999975],[115.83619235999998,35.84778479999995],[115.83452843999999,35.84807244],[115.83321552,35.84858040000002],[115.83146160000001,35.84924775000001],[115.82996796000002,35.849835450000015],[115.82866512,35.85050343000002],[115.82735183999999,35.85132126000002],[115.82595863999998,35.85205898999999],[115.82520696,35.85250781999999],[115.82427492,35.853026310000025],[115.82269128,35.85342393000001],[115.81999524,35.85437982000001],[115.81682796,35.85548502000001],[115.81376075999998,35.85658032],[115.81125515999999,35.857316610000005],[115.80892992000001,35.85751334999999],[115.80615359999999,35.85801932999996],[115.80317711999997,35.858515049999994],[115.79955947999999,35.85931029000001],[115.7964984,35.85959010000003],[115.79289696000002,35.859710069999984],[115.79012567999997,35.859680100000006],[115.78750451999998,35.859440159999956],[115.78484375999999,35.859540150000015],[115.78252248000003,35.85965013],[115.78069188,35.85965013],[115.77894119999998,35.85948021],[115.77705047999999,35.85912038999997],[115.77551003999999,35.85883049999999],[115.77287879999999,35.85844071000002],[115.77202847999997,35.85843071999999],[115.77108816000002,35.85829077],[115.76981772000002,35.85823083000003],[115.76887740000002,35.85808088999998],[115.76798712000002,35.8579809],[115.76722679999997,35.85771107999999],[115.76628647999999,35.857571130000025],[115.76540591999999,35.85724127999999],[115.76468592000002,35.856871469999966],[115.76398572000001,35.85628179],[115.76320524,35.855911979999945],[115.76244492,35.85541220999999],[115.76184480000002,35.85504240000002],[115.76129472000002,35.854582589999964],[115.76041451999998,35.853902999999974],[115.75998432,35.85317328],[115.75966428000002,35.8526736],[115.75945403999998,35.85217383000004],[115.75929419999997,35.851684049999996],[115.75908395999998,35.85104442],[115.75898424,35.850234779999994],[115.75893419999998,35.84960513999996],[115.75883411999999,35.84888549999998],[115.75879416000001,35.84806587000004],[115.75875455999999,35.84703636000001],[115.75871459999999,35.84594690999997],[115.75867464,35.84486744999999],[115.75858464,35.84368809000003],[115.75843488000004,35.84251863000002],[115.75824479999999,35.84057958000001],[115.75826495999998,35.83941021],[115.75817495999998,35.83891044],[115.75740491999998,35.837541090000016],[115.7567148,35.83604187000002],[115.75634472,35.834742540000036],[115.75580471999997,35.83359306],[115.75574459999997,35.833433219999996],[115.75572443999998,35.833383180000006],[115.75554443999998,35.832913469999994],[115.75527443999998,35.832413700000004],[115.75506456000001,35.831913930000006],[115.75446443999999,35.83100439],[115.75419408,35.830554659999976],[115.75387403999999,35.830054889999985],[115.7537142,35.829605069999985],[115.7534442,35.82923526],[115.75305396000002,35.82878553000001],[115.75262375999999,35.82832571999998],[115.75202364000003,35.82782594999999],[115.75142351999999,35.82727623],[115.75076328000002,35.82695646000003],[115.75005299999998,35.82656657999998],[115.74988307999998,35.82647666999995],[115.74960263999999,35.82637668000002],[115.74883259999997,35.826106859999975],[115.74751212,35.82572706000001],[115.74629172000002,35.825667030000005],[115.74541115999999,35.82547713000002],[115.74428075999998,35.825397209999984],[115.74386064,35.825367239999984],[115.74282023999999,35.82531719999999]]]}},{"type":"Feature","properties":{"id":"410928","name":"濮阳县","adminCode":"410928","cityName":"濮阳市","provinceName":"河南省","analysisUnitType":"黄河滩区涉及县域筛查单元","sourceNote":"用户提供的黄河滩区中下游涉及县区边界；表示涉及县域，不等同于精确滩区或湿地管理单元"},"geometry":{"type":"Polygon","coordinates":[[[115.35745284,35.778548339999986],[115.35744276,35.77774850999998],[115.35731279999999,35.77705874999998],[115.35681384,35.77645944000001],[115.35619499999999,35.77587039],[115.35570575999999,35.77549113000001],[115.35177276000002,35.77336658999997],[115.3517328,35.773266690000035],[115.3514232,35.77297715999998],[115.35130332,35.77284728999998],[115.3504548,35.77182857999998],[115.34913720000002,35.77041054],[115.34851835999999,35.769921479999994],[115.34789952,35.76933234000001],[115.34728032,35.768833289999996],[115.34653187999999,35.768334329999966],[115.34591268000001,35.76773519999999],[115.34517396000003,35.76714632999997],[115.34454504000001,35.76654720000002],[115.34404608000003,35.765947979999986],[115.34326739999999,35.765309160000015],[115.34247864,35.76468032999999],[115.34219928000002,35.76446073],[115.34157036000002,35.763711659999984],[115.341201,35.763262199999964],[115.34094144000001,35.76256272],[115.34050224,35.762043329999976],[115.3404522,35.761973399999995],[115.34068188000002,35.76127320000001],[115.34142059999998,35.760762360000015],[115.34242859999999,35.760401009999995],[115.34312772,35.76016017000001],[115.34410583999998,35.759838870000024],[115.34509403999999,35.759437649999974],[115.34594256,35.75912652000003],[115.34671151999997,35.758485629999996],[115.3474902,35.757844649999974],[115.34776956000002,35.75761434],[115.34849820000001,35.75721339000002],[115.348698,35.75711312999999],[115.34928695999997,35.75683241999999],[115.34935680000001,35.756802269999966],[115.35037524,35.75644101000001],[115.35050484000003,35.75639078999998],[115.35106391999997,35.75619009000001],[115.35155316,35.75558952],[115.35179256000002,35.75488931999998],[115.3519326,35.753999220000004],[115.35200243999999,35.753569200000015],[115.35202224000003,35.753479199999994],[115.35225191999999,35.75267900999997],[115.35225191999999,35.75176920000001],[115.35224183999999,35.75086928999999],[115.35223212000001,35.750279430000035],[115.35219215999999,35.75001951],[115.35217199999998,35.74996955999999],[115.35201215999999,35.74935980999997],[115.35189263999999,35.748660060000006],[115.35163307999997,35.747860589999995],[115.3514934,35.74697085000001],[115.35137351999998,35.74626119999998],[115.35111395999999,35.74556163000001],[115.35095412000003,35.744681969999995],[115.35086412,35.744162129999985],[115.35080435999998,35.74400228999999],[115.35060456000001,35.74347264000001],[115.35059484000001,35.742662729999985],[115.35046487999999,35.74197306000002],[115.35045515999998,35.741073150000034],[115.34980608000004,35.73957428999997],[115.34979600000001,35.73953433000005],[115.34894747999998,35.73523611000002],[115.34890752000001,35.73505620000002],[115.34751972000001,35.72808912],[115.34595228000003,35.72127233999999],[115.34581259999999,35.720482679999975],[115.34568300000001,35.719592940000005],[115.34568300000001,35.71956297000003],[115.34568300000001,35.719482960000015],[115.34568300000001,35.71944300000001],[115.34568300000001,35.71940295000002],[115.34567292000001,35.71868312999999],[115.34553287999998,35.717983380000014],[115.34552316,35.71708356000001],[115.34552316,35.71638372],[115.34563295999997,35.71568361000001],[115.34593248,35.71481340000002],[115.34623199999999,35.71394309999998],[115.34630184,35.71374303],[115.34635151999998,35.713583010000015],[115.34718024,35.71298189999997],[115.34804891999998,35.712360809999986],[115.34862815999999,35.71179012000002],[115.34866776,35.71175007000001],[115.34926680000004,35.710999289999975],[115.34962644,35.71054884000003],[115.34998571999999,35.709748470000015],[115.35047496000001,35.709047910000024],[115.35095412000003,35.70844734000003],[115.35132348000002,35.70773697000001],[115.35153335999999,35.70756669000001],[115.35192252,35.70723621],[115.35203232,35.70652611000003],[115.3521522,35.70573609000001],[115.35238188000001,35.70503589000001],[115.35250176,35.70432578999997],[115.35285131999998,35.70365538],[115.35287112000002,35.70362541],[115.35298092,35.70291531],[115.35322068,35.7022251],[115.35369983999998,35.701614539999966],[115.3540494,35.701414109999995],[115.35454836000001,35.70111342],[115.35528743999998,35.70070247999996],[115.35588648,35.70019173000003],[115.35662519999998,35.699790780000015],[115.35723431999999,35.699280299999984],[115.35796332,35.69887944000001],[115.35882191999998,35.69847849],[115.35987024000002,35.698217220000004],[115.36052904,35.698056390000005],[115.36150752,35.69775516],[115.362576,35.697523860000004],[115.36364448,35.697302459999975],[115.36444296,35.69713146000003],[115.36466256000001,35.697111209999996],[115.36543152,35.697020130000006],[115.36628004,35.69680908000004],[115.36713899999998,35.69650802999999],[115.36799760000002,35.69630697000001],[115.36884611999997,35.695986030000036],[115.36899588000001,35.69596578],[115.36983468,35.695884689999986],[115.37069328000003,35.69578353],[115.37154179999999,35.695572479999996],[115.37252027999999,35.695361249999976],[115.37337888000002,35.69516019000001],[115.37423747999999,35.69485914000002],[115.37502660000001,35.69456816999999],[115.37528616,35.69445792000003],[115.37626463999997,35.694046800000024],[115.37698355999999,35.693546039999994],[115.37784215999999,35.69313509999996],[115.37870075999997,35.69283413999998],[115.37917991999998,35.69222376],[115.37990892,35.691822990000006],[115.38051803999998,35.69131251000003],[115.38124703999999,35.69091165],[115.38184607999997,35.69041115999998],[115.38208583999999,35.68960133999998],[115.38195587999998,35.68890186],[115.38194616000003,35.68800248999999],[115.38194616,35.68709304000004],[115.38193643999999,35.68650336000001],[115.38130751999998,35.68575474000002],[115.38093816000001,35.68530546000001],[115.38019944000001,35.684926739999995],[115.37946035999998,35.68442804999998],[115.37872164000002,35.68402934999998],[115.37798292000004,35.68353066000004],[115.37711459999997,35.68324202999998],[115.376256,35.682853500000036],[115.37538731999999,35.682564869999986],[115.37502803999999,35.68247541],[115.37425907999997,35.68230665999998],[115.37360027999999,35.682147629999996],[115.37274168000002,35.68205888999999],[115.37163360000004,35.682070410000044],[115.37077499999998,35.682081659999994],[115.36992612,35.682182730000015],[115.36906751999997,35.68249377000001],[115.36899767999999,35.68252383000003],[115.36820891999999,35.682894719999986],[115.36735031999999,35.68310577000003],[115.36675128,35.683706249999986],[115.36614216000001,35.68420682999998],[115.36528356000001,35.684617770000024],[115.36483392000002,35.684998200000024],[115.36456464000003,35.68522842],[115.36382556,35.685629189999986],[115.36321644000002,35.68612977],[115.3626174,35.68684022999998],[115.36213823999998,35.68745052],[115.36139916,35.68785129],[115.36034075999997,35.688102569999984],[115.35968195999999,35.688263400000004],[115.35882336000002,35.68857444000002],[115.35797448000001,35.688685590000006],[115.35686640000002,35.68868711999998],[115.35601788,35.68869828000002],[115.35514919999997,35.68839966],[115.35429059999998,35.68800114000002],[115.35342228,35.68751261999999],[115.3526832,35.68712391000003],[115.35198444000002,35.686665180000006],[115.35194448,35.68662522000001],[115.35120575999998,35.68623650999997],[115.35095627999999,35.685427319999995],[115.35044723999998,35.68473846000004],[115.35019776,35.683939259999974],[115.34968871999999,35.68314050999998],[115.34953895999998,35.682730920000026],[115.34943924,35.6824413],[115.34930963999999,35.68175180999995],[115.34929992000002,35.68084245000003],[115.34929992000002,35.68014278999998],[115.34940972000001,35.679443129999946],[115.35001883999998,35.678932559999986],[115.35062795999998,35.67823208999997],[115.35110748,35.677531890000026],[115.35171659999997,35.67677148000003],[115.35207587999997,35.676321209999976],[115.35268499999998,35.67582071999996],[115.35316416,35.675210340000035],[115.35359364,35.67438027000001],[115.35377364,35.674020270000035],[115.35388343999998,35.673810210000006],[115.35449256000001,35.673299640000025],[115.35533099999999,35.672718870000004],[115.35595020000001,35.67228822000004],[115.35656939999998,35.67167774999997],[115.35691895999997,35.67098763],[115.35715871999999,35.67027770999999],[115.35763787999998,35.66957751000001],[115.35812711999999,35.668777320000004],[115.35836687999999,35.667967409999996],[115.35865668,35.66710755000003],[115.35880644000004,35.666657640000004],[115.35883632000001,35.66656764],[115.3589562,35.66586788999995],[115.35906635999999,35.66506824000003],[115.35905627999999,35.66416878000004],[115.35904656000002,35.663269319999976],[115.35903647999999,35.66245976999999],[115.3586574,35.66177073],[115.35846768000002,35.66125134000005],[115.35834779999999,35.660901689999996],[115.35803855999998,35.66003265000002],[115.35789888,35.65967309999999],[115.35752952,35.65887408000001],[115.35726996000001,35.65817486999998],[115.35737003999999,35.65733517],[115.35738011999999,35.65728521999998],[115.35737003999999,35.65693547999994],[115.35737003999999,35.65647575999999],[115.35748991999999,35.655676019999966],[115.35771995999998,35.65487619000003],[115.35771996000001,35.653976730000025],[115.35771024,35.653177260000014],[115.35784991999999,35.652277529999985],[115.35793991999999,35.65176776999998],[115.35804972000003,35.650968119999995],[115.35840936000001,35.65015802999999],[115.35839964,35.64935855999998],[115.35851952,35.64855890999999],[115.3587492,35.64785898],[115.358859,35.64696933000002],[115.35884927999999,35.646059879999996],[115.35908903999999,35.64526004999998],[115.35908903999999,35.64515006999999],[115.35919883999999,35.64456029999999],[115.35931872000002,35.64376065000001],[115.35942852000001,35.6430609],[115.35955847999998,35.64216126000001],[115.35965855999999,35.64146151],[115.36001820000001,35.64075141],[115.36013808,35.640051659999976],[115.36037747999998,35.63935182000002],[115.36072703999997,35.638641720000024],[115.36121628000002,35.63794142999999],[115.3618254,35.63743095000001],[115.36267428,35.637030000000024],[115.36365240000003,35.637028559999976],[115.36445124,35.637657119999986],[115.36489044000002,35.63801630999998],[115.36526952000003,35.63871533999998],[115.36576884,35.639304300000006],[115.36601832000001,35.64000351000002],[115.36639740000003,35.640702539999985],[115.36688664000002,35.64149138999999],[115.36734564000002,35.64231030000001],[115.36788456,35.64309905999999],[115.36826400000001,35.64378810000002],[115.36889292,35.64438686999999],[115.36900272,35.644516649999964],[115.36950167999998,35.64507555000001],[115.37000099999997,35.64567450000002],[115.37061983999999,35.646263279999985],[115.37147808,35.64684179999999],[115.37210700000001,35.647260660000015],[115.37283599999999,35.64764937000002],[115.37346491999998,35.64814823999998],[115.37419356,35.64854694000002],[115.37502228000001,35.64913545],[115.37564112,35.64955430999999],[115.37625995999998,35.65004318999998],[115.37686871999998,35.65064196000004],[115.37761752,35.65103067],[115.37822664,35.651529539999935],[115.37872560000001,35.652118499999986],[115.37934444000003,35.652717270000025],[115.38008315999998,35.65331586],[115.38071208000002,35.653904640000015],[115.38149075999999,35.65453311],[115.38340775999998,35.65472040000001],[115.38549432000002,35.65496726999997],[115.38622296,35.65446660000003],[115.38695196,35.653855949999986],[115.38731124,35.653055940000016],[115.38767087999999,35.65234584000001],[115.38796067999999,35.65147589999998],[115.38814031999998,35.65094597999997],[115.38826019999999,35.650246229999986],[115.38848988,35.64953640000002],[115.38860976000002,35.648736659999976],[115.38886932000001,35.64785681999998],[115.38907919999998,35.64713700000002],[115.38943848000001,35.64633699000001],[115.38969840000001,35.645457150000006],[115.38990791999998,35.64472724999997],[115.39002779999998,35.64402750000001],[115.39044720000001,35.643187440000005],[115.3908666,35.642357369999985],[115.39109627999999,35.641917270000015],[115.39133604,35.641107449999986],[115.39144584,35.6403078],[115.3916856,35.639607870000006],[115.39221479999998,35.638827570000004],[115.39264427999997,35.63819739000002],[115.39313351999999,35.63758701],[115.39373255999998,35.637086520000004],[115.39395216,35.63700624000001],[115.39459116000002,35.63677547999998],[115.39543968,35.63667432000002],[115.39629828000002,35.63637336000003],[115.39739664,35.636351850000004],[115.39850472,35.63635032000001],[115.39960307999999,35.63632880999999],[115.40046348000003,35.63632925999997],[115.40131560000002,35.63622099],[115.40229803999998,35.63601300000003],[115.40315987999999,35.635804740000026],[115.40401199999998,35.63549658],[115.40474388000001,35.63509823999996],[115.40534543999998,35.63458974000003],[115.40608704,35.63419140000002],[115.40693916,35.63388323999998],[115.40792159999998,35.63367525],[115.40893428000001,35.63331741],[115.40963591999997,35.63306891999997],[115.41035771999998,35.632570589999986],[115.41121956000002,35.63226242999998],[115.41207167999998,35.632154159999985],[115.41305412,35.631846270000004],[115.41391632,35.63172800999998],[115.41476843999999,35.63152973999999],[115.41562020000002,35.63123157000001],[115.41647232000003,35.63082341999999],[115.41758508,35.6306157],[115.41672324,35.63021430000004],[115.41598127999998,35.629813080000005],[115.41534984000002,35.62923221999998],[115.41460824000002,35.62884098999997],[115.41389652000001,35.628150060000046],[115.41317472,35.62745904000005],[115.41275388000001,35.62703846999999],[115.41225276,35.62644789],[115.4116314,35.62585703999999],[115.41101004,35.62535609999996],[115.41038832000001,35.62476524999999],[115.40963664,35.62386435],[115.40939615999999,35.62356401999997],[115.40898539999999,35.62016526],[115.40890548000002,35.61911577000005],[115.40820419999999,35.61501680999999],[115.40761343999999,35.609868719999994],[115.40663135999999,35.604799830000026],[115.40491775999998,35.60164848000002],[115.40316348,35.600455889999964],[115.40273255999999,35.6001552],[115.40236176,35.599714829999996],[115.40193084,35.599284270000005],[115.40115900000002,35.598643290000005],[115.40050739999998,35.59802246999998],[115.3998864,35.59751198999999],[115.39914767999998,35.59713318],[115.39852884,35.5966344],[115.39778004,35.59614579000001],[115.39705140000001,35.59574709000001],[115.39643219999998,35.59524822000002],[115.39557396000002,35.59485968999999],[115.39471536000003,35.59457115000002],[115.39385675999998,35.59400270999999],[115.39300824000001,35.59343427000002],[115.39248948,35.593095240000004],[115.39200023999999,35.59249628999999],[115.39126152,35.59199769000004],[115.39076256000001,35.59140881999998],[115.39014372,35.59091003999999],[115.38964440000001,35.590221179999986],[115.38927503999999,35.589522150000036],[115.38877608,35.588923290000004],[115.38832679999997,35.58809447999997],[115.38802764000002,35.58753531000003],[115.38765828,35.58673629000002],[115.38702936,35.585987760000016],[115.38641052000003,35.585239050000006],[115.38579168,35.584500420000026],[115.38516276,35.58375179999998],[115.38486359999997,35.58333248999998],[115.38467388,35.583052949999995],[115.38388511999997,35.582424480000014],[115.38343619999999,35.582065380000046],[115.38281735999998,35.58131676000001],[115.38243791999999,35.580877559999976],[115.38182916,35.58027879000001],[115.38132983999999,35.579689920000014],[115.38071099999999,35.57919104999999],[115.38009216000002,35.578452420000026],[115.3797228,35.57800323],[115.37910396,35.57750444999998],[115.37847504,35.57675582999998],[115.37810604000002,35.57631663],[115.37785656000003,35.57560743000002],[115.37735724000004,35.57491856999997],[115.37698824000002,35.57422953000003],[115.37673876000001,35.57353040999999],[115.37635931999999,35.57283138000001],[115.37605007999998,35.571962429999985],[115.37585028000004,35.57143305000003],[115.37535132,35.57073419999998],[115.375032,35.57034486000003],[115.37486208,35.57013525000001],[115.37341488,35.569247849999996],[115.37162784,35.56964997000002],[115.36981091999998,35.57065184999999],[115.36901207999999,35.57089277999996],[115.36791408,35.57122407000001],[115.36507907999999,35.57127788999996],[115.36184484000003,35.57020301999999],[115.35570576000002,35.567113409999976],[115.34877864000002,35.56160648999999],[115.34350859999999,35.55724643999998],[115.34207112000001,35.555849280000025],[115.34166216,35.55499040999998],[115.34023475999999,35.55353331000004],[115.33716071999999,35.54994968999999],[115.33585391999999,35.54512451999997],[115.336413,35.54293518],[115.33869036,35.536346369999976],[115.34080716,35.531696520000004],[115.343064,35.527446180000005],[115.34386284000001,35.525676239999996],[115.34536079999998,35.52139709999998],[115.34703839999999,35.51709761999998],[115.35169139999999,35.50895675999999],[115.35296976,35.50486779],[115.35342911999999,35.50184919000002],[115.35358932,35.500449869999976],[115.35330959999999,35.500100489999966],[115.35323976000001,35.50002057000003],[115.35281063999999,35.49947166000002],[115.34980680000001,35.49769704000001],[115.34325911999997,35.495127720000006],[115.33972571999998,35.493563700000045],[115.3389474,35.49279536999996],[115.33869791999999,35.49203639999998],[115.33872815999997,35.49039777000001],[115.33835916,35.48969883000002],[115.33809960000004,35.4889998],[115.33797000000001,35.488300499999994],[115.33772088,35.487601469999966],[115.33759128,35.486912250000024],[115.33759128000003,35.48600298000004],[115.33758155999999,35.48530359000003],[115.33744187999997,35.48451447000001],[115.33743215999999,35.483605290000014],[115.33742244000001,35.48270610000001],[115.33741272,35.48180682000003],[115.33741272,35.48120732999996],[115.33755276,35.48031795000003],[115.33764276,35.479808280000015],[115.33763304000001,35.47889910000004],[115.33761324,35.477999909999994],[115.33761324,35.47740042],[115.33744404,35.476511400000035],[115.33735404,35.47601190000001],[115.3370448,35.47514313],[115.33684536000003,35.474613839999996],[115.33623659999999,35.47400517000003],[115.33537799999999,35.47381643999998],[115.33439987999998,35.47392767999999],[115.33391063999998,35.47462770000001],[115.33356108000002,35.47542744000003],[115.3334412,35.476226909999966],[115.33321116000002,35.477036550000015],[115.33309127999999,35.47784600999999],[115.33295124000001,35.47873538999996],[115.33286124000001,35.47923506999997],[115.3325718,35.48010473999999],[115.33238171999997,35.48064446999997],[115.33203252000003,35.481354300000014],[115.33155299999999,35.48194442999998],[115.33106375999998,35.48265444000004],[115.33058459999998,35.48324457],[115.33009536,35.483864669999996],[115.32936636,35.484365250000025],[115.3288872,35.48497536],[115.32827808000002,35.48546568000001],[115.32767903999999,35.48618585999998],[115.32681036000002,35.48666655000003],[115.32558239999997,35.487417509999986],[115.32425471999998,35.48772899999999],[115.32227831999998,35.48737187999995],[115.31979287999998,35.48647593],[115.31624976,35.485231680000034],[115.30811447999997,35.48263472999999],[115.30117764000002,35.47961657999997],[115.29648072000003,35.47706075999998],[115.2924318,35.47451348999997],[115.28736336,35.47022787],[115.28504424,35.46771038999995],[115.28400456,35.46683126999998],[115.28296487999998,35.46562248],[115.28195543999999,35.463884129999975],[115.28026596000001,35.462035979999975],[115.27962623999997,35.46125666999997],[115.27633728,35.45862938999999],[115.26602147999999,35.44717077],[115.26497171999999,35.446551389999996],[115.26242256,35.44448346000005],[115.26114311999999,35.442735209999974],[115.25971391999998,35.441416530000005],[115.25855436,35.440317630000024],[115.25673491999999,35.43910892999998],[115.25348591999999,35.436791339999985],[115.24995719999998,35.43431390999996],[115.24503888,35.43083747999999],[115.24416912,35.43029810999999],[115.23619188000002,35.42531337000002],[115.23032352000001,35.422536419999986],[115.22342591999998,35.41844079000002],[115.22171664,35.41692230999998],[115.22140667999999,35.41664258999997],[115.21809828000002,35.413705619999995],[115.21774836000002,35.41351581000003],[115.21712880000004,35.4128265],[115.21634904000003,35.41219713000003],[115.21348019999999,35.409559769999994],[115.21036116,35.40801150000002],[115.20852156,35.40787181999999],[115.20651168000002,35.40914081999998],[115.20449135999999,35.41127913],[115.20218088000001,35.41448646000002],[115.19962020000003,35.41667427],[115.19932968,35.41692366],[115.19881883999997,35.417352510000036],[115.19546255999998,35.420115420000016],[115.19338896,35.42132142000002],[115.19185608000004,35.42221844999999],[115.18826003999997,35.42378202000001],[115.18493435999999,35.425036260000006],[115.18162884,35.42563107000001],[115.17792264,35.426125439999986],[115.17421643999998,35.426499930000034],[115.17053076000002,35.42665463999998],[115.16718564000001,35.426030489999974],[115.16657435999998,35.42618951999998],[115.16572296,35.426298240000015],[115.16487156,35.42649687000002],[115.16392008,35.42650551000001],[115.15801068,35.42614757999998],[115.14945744000002,35.425486170000006],[115.1430174,35.42441814000002],[115.13567628,35.422679430000024],[115.12701288,35.420709150000036],[115.12503971999999,35.42024673],[115.11905076000001,35.418839670000004],[115.11824940000001,35.41865867999996],[115.11467387999998,35.41781448],[115.11322199999998,35.41746276000002],[115.10951616,35.416798109999995],[115.10928576000002,35.41674789],[115.10904527999999,35.41668758999998],[115.10600075999997,35.41583412],[115.10272583999999,35.414810459999984],[115.10010179999999,35.414117370000014],[115.097877,35.41343157000005],[115.09657019999999,35.41320414],[115.09465464000002,35.41345740000003],[115.0943652,35.41370777999999],[115.09388639999997,35.41430807999998],[115.09314804,35.414709119999976],[115.09229988000001,35.41492043999999],[115.09138224000002,35.41542165000001],[115.09083324000001,35.41572243],[115.08985583999998,35.41593402000002],[115.08888816000001,35.41604571000004],[115.08780060000001,35.41617756000006],[115.08718212000001,35.41624865999999],[115.08608484000001,35.41626063000001],[115.08523704000001,35.41607235000003],[115.08436908000003,35.415674279999976],[115.08339168,35.41537629000001],[115.0825338,35.414978220000016],[115.08163632,35.41446036000001],[115.08081839999998,35.413992269999994],[115.07988059999998,35.413524359999954],[115.07922252,35.41300596000001],[115.07873364000001,35.412407370000004],[115.07812523999998,35.41191894],[115.07774651999999,35.41122018000001],[115.07724791999999,35.41051169999998],[115.07723820000004,35.40972239999998],[115.07739768000002,35.408832839999995],[115.07753772,35.407943370000005],[115.07759748000001,35.40762351000001],[115.07788727999998,35.40675374999998],[115.078077,35.40621392999999],[115.07843628000002,35.40541392000002],[115.07867567999999,35.40470408999997],[115.07903495999999,35.40401405999999],[115.07951412000001,35.40330378000001],[115.0797636,35.40260394000002],[115.08024276,35.40200355000002],[115.08053220000001,35.40113379000001],[115.08072192000002,35.40059396999996],[115.08108119999999,35.399893949999985],[115.08119099999999,35.39909448000001],[115.08147035999998,35.39808504],[115.08155028000002,35.397585360000015],[115.08178968000001,35.39688561000002],[115.08193944,35.39599623],[115.08197940000002,35.39575646999999],[115.08136092,35.39354976000004],[115.0789572,35.389298339999954],[115.07565564000001,35.384289210000034],[115.07183532,35.378931509999994],[115.06953132000001,35.37598860000002],[115.0683642,35.37510156000001],[115.06639896,35.37474542999997],[115.06073255999999,35.37455580000002],[115.04553875999999,35.375921729999995],[115.03973267999997,35.375832270000025],[115.03023551999999,35.37598923000003],[115.02548675999999,35.37558819000003],[115.02010979999997,35.374409010000015],[115.01828423999997,35.37330336000002],[115.01622936000001,35.37121913999998],[115.01381556,35.367397379999986],[115.01183087999999,35.36195634000001],[115.01096363999997,35.35460522999998],[115.01158319999999,35.34532343999996],[115.01212247999999,35.33928848999997],[115.01259156000002,35.336490389999966],[115.01265167999999,35.333793],[115.01266175999999,35.33368310999999],[115.01271179999999,35.33336334000005],[115.01296128,35.33122503000001],[115.01168436000003,35.33193656999998],[115.0107066,35.33222807999998],[115.00972884000002,35.33233967999998],[115.00888104000003,35.332640909999995],[115.00825248000002,35.33271201000004],[115.00716492000002,35.33284386],[115.00630704000001,35.333155080000026],[115.00532928,35.33315679000004],[115.00450127999999,35.33334812999997],[115.00440156,35.33340825000001],[115.00363331999999,35.33345955],[115.00297488,35.33361057000002],[115.00258607999997,35.33370120000001],[115.00191756,35.333872199999995],[115.0009398,35.33416371],[115.00008191999999,35.33437503000001],[115.00001208,35.33438510999997],[114.99903432,35.33455692000003],[114.99805692,35.33465880000001],[114.99695964,35.334660960000015],[114.99610175999997,35.33476256999997],[114.99525395999999,35.334964080000034],[114.99470531999998,35.33504507999998],[114.99439608000002,35.33507568000002],[114.99428628,35.33508584999999],[114.99341867999999,35.335177469999984],[114.99271056,35.33542865999997],[114.99170292000001,35.33578038000001],[114.99108444000001,35.33615118000003],[114.99085511999998,35.33628149999999],[114.99024635999999,35.336792249999995],[114.98973768000002,35.337432600000014],[114.98914908,35.33819301000002],[114.98843088,35.33859405],[114.98781240000001,35.33902487999997],[114.98696460000002,35.33959602000004],[114.98671511999997,35.33990616000002],[114.98611679999999,35.34065666999998],[114.98550804,35.34140709],[114.98489964,35.34190785000003],[114.98456051999999,35.34224813999999],[114.98429123999999,35.34250841999999],[114.98373252,35.34297903000002],[114.98295456000001,35.343620009999995],[114.98247576000001,35.34422030999999],[114.98174747999998,35.34482124000001],[114.98121864000002,35.345331720000004],[114.98052024000002,35.346022469999966],[114.98004144000001,35.346632760000006],[114.9799716,35.34668288999997],[114.97943304000002,35.347133519999986],[114.97894415999998,35.34793370999999],[114.97845563999999,35.34853410000004],[114.97797648000001,35.349234299999985],[114.97748795999999,35.34983469000003],[114.97745808,35.34987474000001],[114.97704876,35.350205220000014],[114.97628088000002,35.35084611],[114.97565232000001,35.35126695000001],[114.97481460000002,35.351847989999996],[114.97393656,35.352049589999986],[114.97300919999998,35.35224120000002],[114.9727698,35.35229169000001],[114.97176215999998,35.35265331000002],[114.97078476000003,35.35286508000001],[114.96993696000003,35.353066589999976],[114.96895919999997,35.35325828999999],[114.96809160000002,35.35347987],[114.96700440000001,35.35357194000002],[114.96614652000002,35.35378343999999],[114.96529871999998,35.35388504999997],[114.96515904000002,35.35389530999997],[114.96432096000001,35.35398683999996],[114.96358296,35.354387969999976],[114.96272508,35.35479927000001],[114.96228624000001,35.35495991999999],[114.96187728,35.35510058999998],[114.96114899999999,35.355501720000035],[114.96042107999999,35.35600266000002],[114.95993220000001,35.35660304999998],[114.95975256000001,35.35714287],[114.95945340000002,35.35801253999999],[114.95908404,35.35881246000001],[114.95885471999999,35.35961219999999],[114.95861532,35.36031194999998],[114.95850552000002,35.36102142000001],[114.95837592000001,35.36191079999998],[114.95830607999997,35.36211077999996],[114.95813651999998,35.36261063999999],[114.95801664000004,35.36331011999999],[114.95777723999998,35.36400995999999],[114.95765736000001,35.36470944000003],[114.95742803999998,35.36541918000001],[114.95705903999998,35.36621919000002],[114.95669976000003,35.366919210000034],[114.95645027999998,35.36761896000002],[114.95610144000003,35.36831898],[114.95594160000002,35.36877879000002],[114.95585195999998,35.369018729999986],[114.95549268,35.369718749999976],[114.95512368,35.370169110000035],[114.95497391999999,35.370359189999974],[114.95452535999999,35.370929519999954],[114.95391659999997,35.37143018999996],[114.95348784000001,35.37206045999999],[114.95300904,35.37273078000002],[114.95293920000002,35.37284075999998],[114.95221091999998,35.37334170000005],[114.95177208000001,35.37370223999999],[114.95099412,35.37434312999998],[114.95038572,35.375043689999984],[114.94990691999998,35.37575388],[114.94945799999999,35.37606446999997],[114.94929815999998,35.376354540000015],[114.94920851999997,35.37644462999999],[114.94881971999999,35.37694494000001],[114.94833084,35.37765513000003],[114.94770227999997,35.37823581000001],[114.94767240000002,35.37828585000002],[114.94724364000001,35.37894608999998],[114.94703411999998,35.379106289999974],[114.94662516000001,35.37946673999997],[114.94638576000001,35.380156590000006],[114.94602647999999,35.3808666],[114.94552788000001,35.38129716000002],[114.94580723999998,35.38158623999998],[114.94581696,35.38161621000002],[114.94630583999998,35.38231451999999],[114.94680444000004,35.38311273],[114.94741284000001,35.38361105999999],[114.94778183999999,35.38430964000003],[114.94833047999998,35.38460825999999],[114.94925783999997,35.38510587000001],[114.94987631999997,35.38570401],[114.9503652,35.38630241999999],[114.95122271999999,35.38669031999999],[114.95162196,35.38701926999999],[114.95240963999997,35.38765701],[114.95262924,35.38783637999995],[114.95318760000002,35.38828485000001],[114.95380608000002,35.38898289000002],[114.95454407999999,35.38958085000002],[114.95491308,35.39002968000001],[114.95553156,35.390777669999984],[114.95602008000002,35.39147598],[114.95663856000002,35.39217402],[114.95725704,35.39277224999997],[114.95799503999999,35.393370119999986],[114.95848356000002,35.393958630000014],[114.95885256,35.394657120000005],[114.959421,35.395575119999975],[114.95996964,35.396363250000014],[114.96045851999999,35.39716145999999],[114.96089735999999,35.397769950000004],[114.96138588,35.398458269999985],[114.96144564000001,35.39855807999999],[114.96182471999998,35.399246670000004],[114.96244319999998,35.39984480999999],[114.96305123999997,35.40054302999996],[114.96366971999998,35.401141349999996],[114.96410855999999,35.40150018000002],[114.96489624000002,35.402138099999966],[114.96552480000001,35.402556510000004],[114.96579408,35.40272588999997],[114.96637224,35.40313440000001],[114.96724019999999,35.40363228],[114.96754944,35.40384153],[114.9678486,35.40405078],[114.96870611999998,35.40461858999999],[114.96932460000001,35.405216910000014],[114.97001255999997,35.405785169999994],[114.97080060000002,35.4064131],[114.97166820000002,35.40704085],[114.97251599999997,35.407858589999975],[114.97315427999997,35.40861675000001],[114.97339367999997,35.408776140000015],[114.97400207999998,35.40919464000001],[114.97473,35.40980276999998],[114.97534848,35.41049100000002],[114.97586724000001,35.41110947999998],[114.97658507999999,35.41179762000002],[114.97744295999999,35.41229549999999],[114.97818096,35.41268376],[114.97880951999997,35.41311225000001],[114.97965732,35.41368014999998],[114.98014584000002,35.41447854000001],[114.98039531999999,35.41517756999999],[114.98028551999998,35.41607712],[114.98028551999998,35.41665671999999],[114.98029524000002,35.41698639000002],[114.98029524000002,35.41700637000001],[114.98017572,35.41777605000003],[114.97980636000001,35.418506219999976],[114.97957704000001,35.41938606000001],[114.97933763999998,35.42018598000005],[114.97921776000001,35.42088563999998],[114.97897836000001,35.421675569999984],[114.97886855999998,35.422575120000005],[114.97862915999998,35.42328503999998],[114.97850927999998,35.42398470000002],[114.97826987999998,35.42468472000002],[114.97803048000002,35.42548454999998],[114.97784075999998,35.42602455000002],[114.97754124,35.426994390000004],[114.97744151999999,35.42789393999997],[114.97732163999999,35.428793490000025],[114.97720211999999,35.42968305000001],[114.97709232000001,35.43038271000001],[114.97709232000001,35.430572609999984],[114.97689252000002,35.43104259000002],[114.97662324000001,35.43191252999999],[114.97636368000002,35.432792369999966],[114.97613435999999,35.43349229999999],[114.975765,35.43419249999998],[114.97508676000001,35.43475338000002],[114.97430843999999,35.43539436],[114.97346063999998,35.435905649999974],[114.97276224000001,35.43614676000001],[114.97174488000002,35.43649847999997],[114.97086684,35.43670997999999],[114.96978936,35.43691193999996],[114.96893148,35.43711345000003],[114.96795408000003,35.43742502999999],[114.96698640000001,35.437626810000026],[114.96694643999997,35.437606829999986],[114.96600864000003,35.43772860000001],[114.96490127999999,35.43774066],[114.96405347999999,35.43793218],[114.96335507999999,35.43818336999999],[114.96233735999999,35.438535000000044],[114.96147948,35.438746499999986],[114.96093084,35.439047280000004],[114.96002291999999,35.43954867],[114.95929464,35.44004969999998],[114.95861639999998,35.440610490000005],[114.95783807999999,35.44125156000001],[114.95747879999999,35.44175178],[114.9573492,35.441961929999984],[114.95685023999998,35.442802170000014],[114.95651076000001,35.443662210000014],[114.95639087999999,35.44436186999998],[114.95639087999999,35.44526115000001],[114.95640060000002,35.44616043000001],[114.95653019999999,35.44695953999997],[114.95677968000003,35.44775846999999],[114.95716848000002,35.44850709000002],[114.95751731999998,35.449355789999984],[114.9578964,35.45005455000002],[114.95839499999998,35.450753040000016],[114.95875428,35.45155169999998],[114.95913300000001,35.45225046],[114.95963196000001,35.45303886000001],[114.96012047999999,35.45374742999998],[114.96061908000001,35.454545820000014],[114.96110795999999,35.45524440000001],[114.96160656000002,35.45604279000001],[114.96195576,35.45679159000001],[114.96235463999999,35.45763021000003],[114.96238452000001,35.45793989999999],[114.96247416,35.458339410000036],[114.96248424,35.45912879999999],[114.96249395999999,35.46003806999998],[114.96237408,35.46093762000001],[114.96213468,35.46163746000003],[114.96201479999998,35.462527019999996],[114.96202451999999,35.4634263],[114.96203424,35.46432558],[114.96204432,35.46523484999997],[114.96217392000001,35.46603405000002],[114.96217356,35.46693333000002],[114.96242303999999,35.467632269999996],[114.96255264,35.468341560000006],[114.96268223999999,35.469250560000006],[114.96292128000003,35.47012941000002],[114.96305088000001,35.47093859999999],[114.96328020000001,35.47165761000003],[114.96354947999998,35.47232658],[114.96355955999998,35.472526380000026],[114.96367908000002,35.47332557999997],[114.96395844000003,35.474174370000014],[114.96430764,35.47503305999998],[114.96465647999999,35.47578186000002],[114.96505572000001,35.47662047999997],[114.96542472000002,35.47706948999997],[114.96607308,35.47784772000001],[114.96666168,35.478616050000035],[114.96703067999998,35.47941471],[114.96654179999999,35.48001519000001],[114.96594312000002,35.48062575000003],[114.96508488000002,35.48091716999998],[114.96410712,35.480928959999986],[114.96383784,35.48091941999997],[114.96299975999997,35.480930940000015],[114.9621516,35.48083257000004],[114.96117384000001,35.48083436999999],[114.96041568000001,35.48075579999998],[114.95931804,35.480657969999996],[114.95823048,35.48054996999999],[114.9573726,35.48035179000002],[114.95651436,35.48025341999998],[114.95553659999999,35.480055329999985],[114.95441915999999,35.480067389999995],[114.95333195999999,35.47995948000002],[114.95235420000002,35.47997126999998],[114.9513462,35.47987317000002],[114.95026872,35.47967535000001],[114.94929096000001,35.479577250000006],[114.94842299999999,35.47948887000001],[114.9475752,35.479190700000004],[114.94683684000002,35.47879236000004],[114.94597896,35.47869399000001],[114.94512071999999,35.47840581000003],[114.94426284,35.47830753],[114.94328508000002,35.47830932999998],[114.94218744000001,35.478311309999974],[114.94109015999997,35.47831329],[114.94010232000001,35.47842507000001],[114.93912456000002,35.478626670000004],[114.93827640000002,35.478828089999986],[114.93741816,35.479129409999985],[114.93704916,35.479339920000015],[114.93695916,35.479400040000044],[114.93614088000002,35.47984121999998],[114.93522288,35.480342430000015],[114.93478404,35.48070296999997],[114.93400536,35.48134385999998],[114.93364608,35.48215385999999],[114.93353592000001,35.48305332000001],[114.93353592000001,35.48374271999997],[114.93354564000002,35.48465199000003],[114.93366516,35.48534112],[114.93379476000003,35.48615022000002],[114.93392435999998,35.486839439999976],[114.93405359999998,35.48764854000001],[114.93430308,35.48844738000002],[114.93442223999998,35.489346479999995],[114.93455184,35.49014559000003],[114.93477143999998,35.49068469000002],[114.93481104000003,35.49083454000004],[114.93506052000001,35.49163338000001],[114.93554903999998,35.492341950000025],[114.93591803999999,35.49304070999996],[114.93641699999998,35.49363930000002],[114.93690552000001,35.494327800000015],[114.93740448000001,35.49492639000002],[114.93801287999999,35.49552479999997],[114.93846179999998,35.495883719999995],[114.93924983999999,35.49652182000002],[114.93998820000003,35.49702005999997],[114.94071647999998,35.49740840999998],[114.94145483999999,35.49790665],[114.94313064,35.499012750000006],[114.94366955999999,35.49940145999999],[114.94407851999999,35.499700439999984],[114.94444752000001,35.49995964000002],[114.94495655999998,35.50027842000003],[114.94499616,35.50033836000002],[114.94575468,35.50069673999998],[114.94664244,35.50120470000001],[114.94748051999998,35.50179276000001],[114.94833875999997,35.50218093],[114.94919664,35.50247919],[114.95005488000002,35.50256757000002],[114.95094264,35.50275584999997],[114.9520104,35.50296375000002],[114.95299824,35.50306194000002],[114.953976,35.50326003000001],[114.95442491999998,35.503359119999985],[114.955353,35.50354730999999],[114.95548259999998,35.503606979999994],[114.95655,35.50384494000001],[114.95740824000003,35.50425308999999],[114.95826612,35.50454127000001],[114.95925396,35.50493916000001],[114.95977272000002,35.50544784000001],[114.96049092,35.506126080000016],[114.96085020000002,35.50683491999997],[114.96134880000002,35.507633400000024],[114.96163788,35.508542130000045],[114.96185712,35.50942106999997],[114.96198671999998,35.51013036],[114.9622362,35.51092928999995],[114.96235572,35.51173839000002],[114.96248496000003,35.51262750000002],[114.96274451999999,35.513326529999986],[114.96288384000002,35.51417559000002],[114.96324275999997,35.51502428999998],[114.96336227999998,35.515923390000005],[114.96362147999999,35.516722320000014],[114.96375108000001,35.51752152],[114.96388067999999,35.51822072999998],[114.96388067999999,35.51912001000001],[114.96388031999999,35.52001938000003],[114.96377052,35.52072903],[114.96378023999998,35.521628310000004],[114.96377987999999,35.52252758999998],[114.96364992000002,35.52334722000002],[114.96349007999999,35.52423686999995],[114.96334031999999,35.52512643000001],[114.96319055999997,35.526046049999984],[114.96295080000002,35.526925799999994],[114.96296052,35.527615199999985],[114.9629706,35.52851457],[114.96298032000001,35.52941384999998],[114.96297996000003,35.530313129999996],[114.96297996,35.531222490000026],[114.96298968,35.532111780000015],[114.96299939999999,35.53251147000002],[114.96299939999999,35.53302104999999],[114.96300912000002,35.533920329999994],[114.96300876,35.534819610000014],[114.96288887999998,35.53551935999998],[114.96289895999998,35.53632872999999],[114.96290868000001,35.53722801000004],[114.96265884000002,35.53801785],[114.96253895999999,35.53872750000004],[114.96254903999998,35.538777449999955],[114.96218976,35.53952759999998],[114.96194028,35.54032743000004],[114.96158064000002,35.541027539999966],[114.96105179999999,35.54169804000004],[114.96061259999999,35.542528200000014],[114.96049272,35.54332775999999],[114.96013343999999,35.54412786000001],[114.95989368000004,35.54492769000001],[114.95990340000002,35.54583695999998],[114.95990340000002,35.54673632999999],[114.95991312,35.54763561000003],[114.95992283999999,35.54853488999999],[114.96005244,35.54923410000002],[114.96005244,35.55004347],[114.96018168000002,35.551132470000006],[114.96018167999999,35.55203174999998],[114.96019139999999,35.55292104],[114.96020112000002,35.553830399999974],[114.96019104000003,35.554190129999974],[114.96021084,35.554729679999994],[114.96021084,35.55562896000003],[114.96021047999999,35.556528330000035],[114.96010068000001,35.557227989999994],[114.95986092,35.55802782000002],[114.95986092,35.558927099999984],[114.95984075999998,35.55898712999996],[114.95963124,35.55972692999999],[114.95949119999999,35.560476630000004],[114.95913191999999,35.56135665000002],[114.95891232000001,35.562236399999996],[114.95866284000002,35.562956310000004],[114.95858291999998,35.56300643999999],[114.95842307999997,35.563836059999964],[114.95831327999997,35.56453571999997],[114.95813328,35.56507562999997],[114.95783412,35.565935580000016],[114.95769408000002,35.56678517999999],[114.95735459999999,35.56764521999999],[114.95711519999999,35.56834505999998],[114.95699532,35.569154699999984],[114.95675556,35.570034449999994],[114.95664576000001,35.57084409000001],[114.95639592000002,35.57164392000001],[114.95603664,35.57244401999998],[114.95542823999999,35.572944780000014],[114.95518848,35.57375460000002],[114.95481912000001,35.57454471000002],[114.95433995999998,35.57535498000003],[114.95404079999997,35.57592513],[114.95358143999998,35.576785349999994],[114.95300292,35.57755583999997],[114.95252376,35.57825622000001],[114.95177532000002,35.57877722999997],[114.95103696,35.579478060000014],[114.95019887999999,35.58006918000001],[114.94935072,35.580370590000015],[114.94856267999998,35.58079178999999],[114.94751508,35.581083480000004],[114.94666692,35.58138488999997],[114.94577915999999,35.581586400000006],[114.94470168000001,35.581788270000004],[114.94384344,35.58198969000001],[114.94274615999998,35.58210173999998],[114.94176839999999,35.582303429999996],[114.94091051999999,35.582404949999976],[114.93993275999999,35.58260663999999],[114.93894492000003,35.58271842000001],[114.93785735999998,35.58282038999998],[114.93687995999997,35.58282218999998],[114.93590219999997,35.58292398000002],[114.93516384000002,35.58292533000002],[114.93405647999998,35.582937480000005],[114.9329592,35.582939460000006],[114.93185184000001,35.58294162],[114.93127295999999,35.58296268000002],[114.93075420000002,35.58295368000003],[114.92965691999999,35.582955659999975],[114.92867915999999,35.58315734999999],[114.92782127999999,35.58326895000001],[114.92753184,35.583289469999976],[114.92684352000002,35.58337065000006],[114.92597556,35.583572159999974],[114.9252372,35.58364352999997],[114.92487792000001,35.58368412000002],[114.92390052,35.58378590999996],[114.92280288000003,35.58388787999997],[114.9221844,35.58396905999996],[114.92109683999999,35.584101],[114.92023896,35.58410261999999],[114.91913159999999,35.58411467999999],[114.91828344,35.58421619999999],[114.91730603999999,35.58441789000002],[114.91644779999999,35.58452940000004],[114.91535052000002,35.58462137999996],[114.91425324,35.58463343999998],[114.91314587999999,35.58463559999999],[114.91275671999999,35.584686269999985],[114.91166915999997,35.58481821],[114.9105816,35.58496014000002],[114.90959412,35.58505194000002],[114.90849647999998,35.58516390000001],[114.90764868000001,35.58526551000001],[114.90676056,35.585457030000036],[114.90570323999998,35.58567888000002],[114.90471540000001,35.58578067000002],[114.90374772000001,35.58599226],[114.90288983999999,35.58619376999998],[114.90203195999999,35.58649517999999],[114.90106391999998,35.586906750000026],[114.90045552,35.58740751],[114.8995962,35.587817639999976],[114.89861447999999,35.58821598000002],[114.89788332,35.588614679999985],[114.89725259999999,35.589133439999955],[114.89642100000002,35.58972185999998],[114.89568983999999,35.59012056000004],[114.89482871999998,35.59062896999998],[114.89421779999999,35.59112783999998],[114.89376707999999,35.59139693999999],[114.89287571999999,35.591925329999995],[114.89214456000002,35.59243401000001],[114.8915736,35.59290282000001],[114.89080248000002,35.593541280000025],[114.89006124,35.59403997000001],[114.88920983999999,35.59454837999999],[114.88847868,35.59494707999997],[114.88784759999997,35.59545584999998],[114.88701636,35.59604426999999],[114.88628519999999,35.59665285000002],[114.88555403999999,35.597051549999996],[114.88482288,35.597550150000004],[114.88421195999999,35.59805900999999],[114.88335083999998,35.59845752999999],[114.88236911999999,35.598865860000004],[114.88151771999999,35.59906449],[114.88096692,35.599263570000005],[114.87995532,35.59961195999999],[114.87894407999998,35.599970339999985],[114.87846311999999,35.60066927999999],[114.87834287999998,35.60137874999996],[114.87798251999999,35.60207787000003],[114.87785219999998,35.60244750000001],[114.87755159999998,35.603316629999966],[114.87725135999999,35.60417576999995],[114.87714084000002,35.60487525000002],[114.8770206,35.605674629999974],[114.87690072000001,35.60647401000003],[114.87690036,35.607373560000006],[114.8767902,35.608173030000025],[114.8767902,35.609072490000024],[114.8767902,35.609982030000054],[114.87681036,35.610901559999995],[114.87705048000002,35.61178149000002],[114.87730103999999,35.61258140999997],[114.87743100000003,35.61328124999998],[114.877431,35.61408081000001],[114.877431,35.61470045999995],[114.87744108000003,35.61489035999998],[114.87744108,35.61498036000002],[114.87744108,35.6158899],[114.87725063999999,35.61689907000003],[114.87669983999999,35.61771789],[114.87610871999998,35.61847668000001],[114.87587832,35.61919596000004],[114.87513708000002,35.61959466000001],[114.87497688,35.61966441000002],[114.87428603999999,35.61999327000002],[114.87355487999997,35.62049196000001],[114.8726934,35.62090056000002],[114.87171203999999,35.6212989],[114.87098087999998,35.62170767999999],[114.87024971999999,35.622306269999996],[114.86961863999998,35.62294509],[114.86942819999997,35.623224629999974],[114.8690376,35.62381377000001],[114.86903759999997,35.624713320000005],[114.8690376,35.62561286999999],[114.86904731999998,35.62651242000001],[114.86931768000002,35.62725239999998],[114.86942783999999,35.62752240000003],[114.8696784,35.62813242000001],[114.86991851999998,35.62900227000001],[114.87043944000003,35.62974261000003],[114.87104028,35.63050310999997],[114.87155112000002,35.63112348000002],[114.87234240000002,35.63176427999996],[114.87312359999997,35.632395090000045],[114.87374424,35.63299565999999],[114.87419496,35.633356110000044],[114.87497615999997,35.63398691999999],[114.87571740000001,35.634687570000025],[114.87620808000001,35.635387949999995],[114.87682908,35.635988519999984],[114.87757032,35.63657927999999],[114.87819131999998,35.637179850000024],[114.87855168,35.63787996000001],[114.87886200000001,35.63872002000003],[114.87918275999998,35.639580059999936],[114.87915251999999,35.639629920000004],[114.87942288000002,35.640379980000006],[114.87969323999998,35.641119960000026],[114.88004387999999,35.64198000000001],[114.8801742,35.642679840000014],[114.8804244,35.64346976999998],[114.88079484000002,35.644279860000005],[114.88129560000003,35.64508023],[114.88191659999998,35.645770710000015],[114.88213692,35.64595097999999],[114.88252752,35.646271379999995],[114.88350924000001,35.64657260999999],[114.88437072,35.646863760000016],[114.88538232000002,35.64706508999998],[114.88658400000001,35.64726669000001],[114.88768596000001,35.64735831000001],[114.88879763999999,35.647359839999986],[114.88989923999999,35.64735146999996],[114.89100119999999,35.64744300000001],[114.89186267999999,35.64754425],[114.89284403999999,35.64764558999999],[114.89370552,35.64773676000001],[114.89459688000002,35.647918020000006],[114.89566859999998,35.64813942000001],[114.89653007999998,35.648530469999976],[114.89752152,35.64883169999998],[114.89850323999998,35.64902303999999],[114.89920416,35.64926396999999],[114.90022476,35.64961434],[114.90096311999999,35.65021274999999],[114.90133211999999,35.65101158999998],[114.90157151999999,35.65179081000002],[114.90158160000001,35.651810789999985],[114.90154164,35.65196073000001],[114.90158159999999,35.65271034],[114.90159168000002,35.65360989000001],[114.90160139999999,35.65451943000001],[114.90160139999999,35.65541897999996],[114.90179111999997,35.655948360000025],[114.90210036000002,35.656807319999984],[114.90254927999999,35.657726039999986],[114.90308820000003,35.65851462000003],[114.90357707999998,35.659103489999964],[114.90419556,35.65960209000003],[114.90481403999999,35.66020068],[114.90518304,35.66038986000001],[114.90567191999997,35.66069882999996],[114.90665976000003,35.66098683000002],[114.90763752,35.661175019999966],[114.90852528000002,35.66148318000002],[114.90959304,35.66167118999999],[114.91058051999998,35.66195919],[114.91145855999997,35.66247731999999],[114.91229664,35.66305547999997],[114.913035,35.663553900000004],[114.91341408000002,35.664352830000006],[114.913773,35.66505186],[114.91390295999999,35.66574125999998],[114.91391268000002,35.66655081000001],[114.91391268000002,35.66664081000001],[114.91391268000002,35.66696066999998],[114.91391304000001,35.667450450000025],[114.91383311999998,35.6679603],[114.91368336000002,35.66885013000001],[114.91356384000001,35.66965995000001],[114.91345404000002,35.670549779999995],[114.91332444000001,35.67144950999998],[114.91333415999999,35.67235905000001],[114.91334423999999,35.67325859999997],[114.91334423999999,35.674158150000004],[114.91323444000001,35.67495798000001],[114.91323444000001,35.67575763000002],[114.91311492,35.67665736],[114.91300512,35.677457190000005],[114.91300512,35.67805695],[114.91300512000001,35.678956500000005],[114.91301519999999,35.67985605000001],[114.91302528000001,35.68075560000001],[114.91302527999999,35.68165515],[114.913035,35.6825547],[114.913035,35.68345424999998],[114.913035,35.68436378999999],[114.91304507999999,35.68526333999999],[114.91305515999998,35.68616289000004],[114.91337447999999,35.689450680000014],[114.91539983999999,35.68904721],[114.91626779999999,35.68912559999996],[114.91736508,35.689243589999954],[114.91795368,35.689242509999985],[114.91809336,35.68924224000004],[114.91847280000002,35.68924160999997],[114.91957007999999,35.68932954000002],[114.92042796000001,35.68942791],[114.92140571999998,35.68961610000002],[114.92227403999999,35.68971447],[114.92313192000002,35.68980285000002],[114.92422919999997,35.68990085999999],[114.92520696,35.69009894999999],[114.92606519999998,35.69019741],[114.92692308000001,35.69038578],[114.92791091999997,35.690583870000026],[114.92842968,35.69076288000001],[114.9287688,35.690882219999985],[114.92962703999999,35.691280470000024],[114.93048492000003,35.69157873],[114.9308442,35.691728039999965],[114.93135288000002,35.69196698999998],[114.93209124,35.692365509999966],[114.93306900000002,35.69266359000002],[114.93395711999999,35.692761959999984],[114.93508428000003,35.69296977],[114.93614196000001,35.693247780000014],[114.93700020000001,35.69343614999998],[114.93775835999998,35.693754570000024],[114.93798768000002,35.69384412000002],[114.93860652,35.69434280999998],[114.93934451999998,35.69473124999997],[114.94020276000002,35.69492961000002],[114.94106063999999,35.69492807999997],[114.94215828000002,35.69492610000004],[114.94326564,35.69492411999997],[114.94424340000003,35.69481243000001],[114.94510128000002,35.694710910000005],[114.94595951999997,35.694409499999985],[114.946947,35.69420780999998],[114.94779516,35.69379651000001],[114.94865304,35.693495100000035],[114.9495012,35.69309370000002],[114.95011968000001,35.69259284999996],[114.95066832,35.69239188],[114.95167596,35.69204025],[114.95269368000001,35.69167854000002],[114.95342195999999,35.69127741000004],[114.95432988,35.69094594],[114.95525796000003,35.69046453000003],[114.95570687999998,35.69036373000002],[114.95677427999999,35.69011190999998],[114.95783196000002,35.689860089999996],[114.95880971999999,35.68955850000003],[114.95979720000001,35.68934673000003],[114.96065508,35.68914530999999],[114.96163284000001,35.68884363],[114.96264047999998,35.68863195000002],[114.96371832,35.688430080000025],[114.96469572000001,35.68843827000001],[114.96567347999999,35.688336570000004],[114.96666132000001,35.68832477999999],[114.96751920000001,35.68802337000002],[114.96787848000002,35.68802274000001],[114.96899592000001,35.68802067000001],[114.96914568,35.688020400000006],[114.97009356,35.6880087],[114.97120091999999,35.68800671999998],[114.97242816000002,35.68819446000004],[114.97353551999998,35.688202380000014],[114.97440348,35.68839074999998],[114.97550075999999,35.68838877000001],[114.97638887999999,35.68856706000001],[114.97747643999999,35.68878504],[114.97810499999999,35.68885388999998],[114.97872347999999,35.68892273999999],[114.98045975999999,35.69124860999999],[114.98137776,35.69332608000001],[114.98210640000002,35.695563840000005],[114.9832638,35.70071966999999],[114.9832836,35.70081957000004],[114.98337251999997,35.70463800000002],[114.98391071999998,35.70677621999998],[114.98499756,35.70920334000002],[114.98613408000001,35.71174035000003],[114.99046956000001,35.72732655000003],[114.99051959999997,35.72748638999996],[114.99055956000001,35.727596279999986],[114.99210468,35.73196172999997],[114.99327179999999,35.73241937999999],[114.99424919999997,35.732797380000015],[115.00001568,35.73250677000003],[115.00126236000001,35.73244440000002],[115.00231967999997,35.73236240999997],[115.00238952000001,35.73235224000002],[115.00251912000002,35.73235196999998],[115.00259904000002,35.7323418],[115.00490304000003,35.73216747000002],[115.00748603999999,35.73197253000003],[115.00810452,35.73193131000003],[115.01239319999999,35.731833119999976],[115.01453772000002,35.73177894000001],[115.02129996,35.731006199999996],[115.02138996,35.731006020000024],[115.02151955999997,35.731035720000015],[115.02159911999999,35.73103553999999],[115.02381348000002,35.73080136000001],[115.02580824,35.73058761000001],[115.0328898,35.73005399999999],[115.03892376000002,35.72975240999998],[115.03962216000002,35.72968113000003],[115.03976184,35.72967087000003],[115.04772071999999,35.728865639999995],[115.05015432,35.72862102000003],[115.05033395999999,35.728620660000004],[115.05339612,35.72831483999999],[115.06035780000002,35.72769150000002],[115.0635492,35.72739531000001],[115.06366908000001,35.72737515],[115.07249592000001,35.726588190000015],[115.07452055999998,35.72640423000003],[115.08151211999997,35.72571087000003],[115.08343703999999,35.726137019999996],[115.08454367999998,35.72821431000002],[115.08480287999998,35.728913700000014],[115.08519168000001,35.72975277],[115.08559055999999,35.730681749999995],[115.08604919999999,35.73150066],[115.08637859999999,35.731959930000016],[115.0873758,35.73340766999995],[115.08784416,35.736156179999995],[115.08954947999999,35.73772254],[115.09001819999999,35.73808155000004],[115.09063632000002,35.73868023000005],[115.09113491999999,35.73926918999998],[115.09162380000001,35.74006803],[115.09212240000001,35.74065699],[115.09238160000002,35.74086641999999],[115.09269083999997,35.74112580000002],[115.09352856000002,35.741773979999984],[115.09403724,35.742032999999964],[115.0942068,35.742122640000034],[115.094466,35.74224216000001],[115.0953336,35.74274039999999],[115.09619147999999,35.743038659999996],[115.09716888,35.743326749999994],[115.09751807999999,35.743446090000006],[115.0980264,35.74362501000002],[115.09901388,35.74391309999999],[115.09963236,35.74398195],[115.1007228,35.74410237000001],[115.10159399999998,35.74430351999996],[115.10257535999997,35.74449485999999],[115.10343683999997,35.74479600000002],[115.10417808000001,35.74518695999999],[115.10500896000002,35.74571805],[115.10527968,35.74581839999999],[115.10540963999999,35.74585853999999],[115.10553995999999,35.745908760000006],[115.10603063999999,35.74607940000003],[115.10681183999999,35.746600410000035],[115.10775323999998,35.74708155],[115.10862443999999,35.74757268000002],[115.10924544000002,35.74806345000004],[115.10986644000002,35.74866420000002],[115.11039707999998,35.74908485999999],[115.11117827999999,35.749725839999975],[115.11142884,35.74992617999999],[115.11154872,35.75001627],[115.11196955999999,35.75034684000002],[115.11259055999999,35.751047579999984],[115.11302112000001,35.75146805999997],[115.11373212,35.75215890000004],[115.11422280000001,35.75262950999997],[115.11446328000001,35.75285981999998],[115.11518435999999,35.753550659999966],[115.115805,35.75414141999998],[115.11650628,35.754952230000015],[115.11696672000001,35.75561274000004],[115.11704700000001,35.75574288000001],[115.11754776000001,35.75643344999998],[115.11791819999999,35.75723381999998],[115.11856907999999,35.75795454000001],[115.11899964,35.758515060000015],[115.11916991999998,35.75873519999997],[115.11986111999998,35.75953602000001],[115.12041192000001,35.76031667999997],[115.12072223999999,35.760597029999964],[115.12086228000001,35.760737160000026],[115.12103256,35.76090744000001],[115.12171367999998,35.76148821000004],[115.12241459999998,35.76222909000003],[115.12313567999999,35.76289995000003],[115.12363644000001,35.76351050999995],[115.12424736,35.76420126000001],[115.12474811999999,35.76500181000004],[115.12499868000003,35.765702009999984],[115.12502856,35.765752049999996],[115.12536911999999,35.76640238999996],[115.12581983999998,35.76703283999999],[115.12586988000004,35.767092960000014],[115.12604016000002,35.767053179999955],[115.12673099999999,35.76689415000001],[115.12770264000002,35.76658563000001],[115.12844387999998,35.76617667000005],[115.12930536,35.76597795000001],[115.13015639999999,35.76566924999998],[115.13088792,35.76516029999999],[115.13174904000002,35.76486159000002],[115.13262060000002,35.764442909999985],[115.13333159999999,35.763744059999986],[115.13406275999999,35.763245189999964],[115.13492424000002,35.763046379999984],[115.13577563999999,35.7626277],[115.13662704000001,35.762129009999974],[115.13775887999999,35.76162069000002],[115.13858004000002,35.76102192],[115.13940119999998,35.76056318999999],[115.14033287999999,35.76008456999998],[115.14127427999999,35.75959596000001],[115.14200543999999,35.75919707999997],[115.14265667999997,35.75903804999998],[115.14375828000001,35.758769580000006],[115.14468959999999,35.75828097000002],[115.14531059999997,35.758141920000014],[115.14556116000001,35.75807225999999],[115.14653243999999,35.75777373000002],[115.14738383999999,35.75756493],[115.1482554,35.757246240000015],[115.14909672,35.75714742],[115.14982787999998,35.75673854999999],[115.15068900000001,35.75643974999996],[115.15167072000003,35.75613123000001],[115.15189104000001,35.75605149000003],[115.15193099999999,35.75601161999998],[115.15226147999999,35.75581209000002],[115.15356360000001,35.75512403999999],[115.15448520000001,35.75461544999998],[115.15458528,35.754415650000006],[115.15483583999999,35.75391605999998],[115.15569695999999,35.75380733999997],[115.15642812000003,35.75329839000001],[115.15703903999999,35.752699439999965],[115.15708944,35.75263950000003],[115.15752000000003,35.752100219999974],[115.1583714,35.75159144999999],[115.15874184,35.75113208999998],[115.15934268,35.75038310999998],[115.15978368000002,35.75002374000002],[115.15981356000002,35.749993860000025],[115.15996367999999,35.74986408000002],[115.16080500000001,35.74927539],[115.16154623999999,35.74876653000005],[115.16239764000001,35.74846772999998],[115.16324903999998,35.74805903999998],[115.16410044000001,35.74785024000001],[115.16507172000001,35.74769165999997],[115.16592312000002,35.74747287000003],[115.16643396,35.74733363999999],[115.16728536000001,35.74723481999998],[115.16826672,35.74712618999998],[115.16936831999999,35.747117729999964],[115.17048035999998,35.74710936000002],[115.17157187999999,35.74710080999999],[115.17244307999998,35.74718208],[115.17354504,35.7472836],[115.17440615999999,35.747584740000015],[115.17540767999999,35.74778607000001],[115.17648948,35.74796751000002],[115.17678000000001,35.74800791999999],[115.17713027999999,35.74805840999997],[115.17725052,35.74808855999999],[115.17786144,35.74817946000001],[115.17895332,35.74835090999999],[115.17997499999998,35.74848230999997],[115.18103663999997,35.748733769999994],[115.18189776000001,35.74903490999998],[115.18275924000002,35.74923606000003],[115.18374060000002,35.74962738000003],[115.18461216,35.749918529999995],[115.18499268,35.75002905000001],[115.18559352,35.75020986000002],[115.18597404,35.750290320000005],[115.18604424000002,35.75031047999996],[115.18645500000001,35.750401020000005],[115.18665515999999,35.750511269999976],[115.18685532,35.75062152000002],[115.18718579999998,35.75080197],[115.18784711999999,35.75095280999999],[115.18890876000002,35.751184290000026],[115.18965971999998,35.751585240000026],[115.19064144,35.75187656999997],[115.19159291999999,35.752307760000015],[115.19260452,35.75266911000002],[115.19358588,35.753060430000005],[115.19445708,35.75315159999996],[115.19530848000001,35.753542740000015],[115.19604972,35.75414367000002],[115.19691119999997,35.7546348],[115.19766216,35.75502576000002],[115.19861364000002,35.75548701000003],[115.19955503999998,35.756038170000004],[115.20049571999998,35.756518590000006],[115.20104544000002,35.75680847999997],[115.20197531999999,35.757298260000034],[115.20273527999998,35.75764817999999],[115.20377531999998,35.75815794000001],[115.20455507999999,35.75878775999999],[115.20529488,35.759267549999976],[115.20592487999998,35.759767409999974],[115.20666467999999,35.760167279999976],[115.20740483999998,35.76075705],[115.20814463999999,35.76125691000002],[115.20875448000002,35.761756680000005],[115.20949428,35.76223655999998],[115.21012427999999,35.76273641999999],[115.21073412,35.76333618],[115.21123416000002,35.764026030000004],[115.21197396,35.764525890000016],[115.21254419999998,35.76498570000002],[115.21335384000002,35.7656355],[115.21407384000003,35.76631526999998],[115.2145638,35.76690513000001],[115.21517364,35.76749490000003],[115.21520387999999,35.76751497000001],[115.2159336,35.76819473999997],[115.21646352000002,35.76869460000002],[115.21716336,35.76938435999997],[115.21767347999999,35.77018418999999],[115.21828332,35.77077395999999],[115.21915344000001,35.771273820000005],[115.21989323999999,35.771763600000014],[115.22045304000002,35.77206348000001],[115.22094299999999,35.77233339000001],[115.22137283999997,35.77255326],[115.22223288000002,35.773043130000005],[115.22268288000002,35.77340304000002],[115.22347271999999,35.774042759999986],[115.22442276,35.77457259],[115.22544264,35.77492242],[115.22640240000003,35.775352260000005],[115.2274122,35.77571207999999],[115.22839212,35.77589189999999],[115.22925215999999,35.77620176999998],[115.22999195999999,35.77659165000001],[115.23028211999998,35.77665159000002],[115.23097188,35.776881450000026],[115.23168179999999,35.77712139],[115.23272184,35.777481210000005],[115.23357179999999,35.77806099000002],[115.23431160000001,35.77856085],[115.23493151999999,35.77925061000003],[115.23555144,35.77985046000001],[115.23590136,35.78027030999999],[115.23600144000002,35.78039028000001],[115.23604139999999,35.78045021999998],[115.2367812,35.780950080000025],[115.23729132,35.78153993999996],[115.23791123999999,35.782229700000016],[115.23865104000002,35.782729560000014],[115.23926123999999,35.783229420000005],[115.24001111999999,35.78371919999998],[115.24029119999999,35.78398911000002],[115.2403812,35.78371919999998],[115.24037112,35.78281938000003],[115.24036103999998,35.78211953999999],[115.24011084,35.78141969999997],[115.2399708,35.78061987000003],[115.23972096000001,35.77982003999999],[115.23966083999997,35.77966002],[115.23961080000002,35.779550040000025],[115.23957084,35.779410090000006],[115.23947112000002,35.77912019999999],[115.23910104,35.77843035],[115.23884112000002,35.777620530000014],[115.23858084,35.77692068999999],[115.23858084000003,35.77613084999999],[115.23881088,35.775431009999984],[115.23942072000003,35.774821080000024],[115.24003056000001,35.77462101],[115.24028076,35.77451102999998],[115.24135068,35.77429098000001],[115.2422406,35.77410090000001],[115.2433404,35.77399083],[115.24412016000004,35.77389075000001],[115.24443011999998,35.773860779999964],[115.24506012,35.773780679999966],[115.24602996,35.77357062],[115.24611996,35.77355063999998],[115.24688963999999,35.77337054999998],[115.24786955999998,35.77336047],[115.24872959999998,35.773260390000004],[115.24994927999998,35.77327029000001],[115.25100911999999,35.77326021000001],[115.25175936000001,35.773260119999996],[115.25185907999999,35.77325013000002],[115.25285915999999,35.773340039999965],[115.25390892000001,35.77383981000001],[115.25446871999999,35.77413969000001],[115.25532876000001,35.77442958],[115.25630868,35.77461939],[115.25657868,35.77466934000001],[115.25659848,35.774769330000005],[115.25732855999998,35.77496921999997],[115.25803847999998,35.77520907000001],[115.2587286,35.77551894000002],[115.25889851999997,35.77560893999999],[115.25987844000001,35.77589883],[115.26062832000001,35.77629861000002],[115.26148799999999,35.77648851],[115.26221808000001,35.77656843],[115.26234804,35.776578420000014],[115.26345791999998,35.77657833000003],[115.26455772000001,35.776568160000004],[115.26566759999999,35.77656806999998],[115.2667674,35.77655799000001],[115.26714756,35.77653791999995],[115.26787728,35.77654781999996],[115.26872724,35.77654781999996],[115.26971724,35.77663763999999],[115.27057691999998,35.776837529999995],[115.27107695999999,35.77742739000003],[115.27145712000001,35.77822713000002],[115.27158708,35.779026960000024],[115.27159715999997,35.779916789999966],[115.27160724,35.780826600000026],[115.27160724,35.78142654000001],[115.27149744000002,35.78212637999996],[115.27150751999999,35.78303619000004],[115.27151760000001,35.78393600999996],[115.27140744000002,35.78463585000004],[115.2715374,35.78532570000003],[115.27197768,35.786155500000014],[115.27228763999999,35.78673536999999],[115.27290755999998,35.787225240000005],[115.2734076,35.787815100000024],[115.27426728000002,35.78830487999998],[115.27488756000002,35.78881473000003],[115.27575732000003,35.78920452000003],[115.27649748000002,35.78960439000004],[115.27736724000003,35.79009417000003],[115.27822728,35.79028407000002],[115.27908696,35.79068394],[115.28011692,35.79103377],[115.28113679999997,35.791373609999994],[115.28215667999997,35.79172343999998],[115.28254692000002,35.791863299999974],[115.28276688,35.79193332000002],[115.28303688,35.79206328000003],[115.28341668,35.79226317],[115.28443656,35.792603009999986],[115.28513675999999,35.792842860000036],[115.28624664000002,35.79296274000001],[115.28685647999998,35.79303267000004],[115.28784647999998,35.79303257999999],[115.28883612000001,35.792932500000035],[115.28894628000002,35.79223266],[115.2889362,35.79142275000003],[115.28905608,35.790902909999986],[115.28898588,35.79075288000001],[115.28904599999997,35.790522929999966],[115.28915579999997,35.789723100000025],[115.28915579999997,35.78882328000003],[115.28914571999998,35.78792346000003],[115.28912555999999,35.787023640000015],[115.28912555999999,35.786123820000014],[115.28911547999999,35.78562396000004],[115.28925552000001,35.78473413],[115.28934552000001,35.78422418999999],[115.28958528000003,35.78351426999998],[115.2895752,35.782614449999976],[115.28956512,35.78171462999997],[115.28979516,35.78101479],[115.29015479999998,35.78021487000004],[115.29063468000001,35.77951503000002],[115.29150480000003,35.77930496999996],[115.29184464000001,35.77919490000002],[115.29248471999998,35.77899491999999],[115.29333431999999,35.778594870000006],[115.29431423999999,35.77838481000001],[115.29541404000001,35.77825476],[115.29603396000002,35.778184740000015],[115.29714383999999,35.778174570000004],[115.29825372000002,35.77816448999998],[115.29936359999999,35.77816440000002],[115.30034280000001,35.778253769999985],[115.30087199999998,35.778353040000006],[115.30132128000001,35.7784425],[115.30217987999998,35.77864130999996],[115.3031778,35.778939929999986],[115.30403639999997,35.779028759999996],[115.30490508,35.779417560000006],[115.30576332,35.77961637000004],[115.30662192000003,35.77991516999998],[115.30737071999998,35.78030415000003],[115.30822932000001,35.78070293999999],[115.30896804000002,35.78109183000001],[115.30983636,35.78159061000002],[115.31058515999999,35.78197959],[115.31144375999999,35.78247836999997],[115.31229227999998,35.783057159999956],[115.31305079999998,35.78346602999999],[115.31391948000001,35.78375483999999],[115.31485799999997,35.784233549999946],[115.31503764000001,35.78427324000002],[115.31526696000002,35.78439294000002],[115.31576627999998,35.78444226000001],[115.31663460000001,35.784841050000004],[115.31725379999999,35.785440179999995],[115.31800223999998,35.78583906],[115.31862143999999,35.7863382],[115.31912040000003,35.78692743000002],[115.31990916,35.787556259999995],[115.32069791999999,35.78819517000001],[115.32097728000002,35.78841476999997],[115.32159612,35.789113800000024],[115.32221496,35.789602859999995],[115.32271428,35.79030216],[115.32356280000002,35.79088095000001],[115.32421151999999,35.79139998],[115.32495023999998,35.79188894999999],[115.32544956000001,35.79248817000001],[115.32615840000001,35.79317711999998],[115.32668724000003,35.79367634999997],[115.32718655999997,35.79427557],[115.32768552000002,35.794974780000004],[115.32806495999998,35.795674170000005],[115.3286838,35.79617330999998],[115.32910319999999,35.79670269000002],[115.3298916,35.79607179],[115.33080023999999,35.79556067999998],[115.33134924,35.79525000000001],[115.33214772,35.79480900000001],[115.33269672,35.794348379999995],[115.33341528,35.79392754000001],[115.33431384000002,35.79339645000001],[115.33521203999997,35.79286535999995],[115.33563143999997,35.79263487000001],[115.33653971999998,35.79213375000002],[115.33700879999998,35.79188318999998],[115.33739832,35.79166269000004],[115.33793723999999,35.791212060000014],[115.33855608,35.790611309999946],[115.33938479999999,35.79002036999997],[115.34001335999999,35.78958962999996],[115.34074236,35.788988700000026],[115.34147099999998,35.78847785999998],[115.34238936000001,35.78796674999998],[115.34293836000003,35.787666060000014],[115.34354712,35.78716538999999],[115.34428583999998,35.78675444999999],[115.34513436,35.78635340999999],[115.34599295999998,35.78604228000001],[115.34698116000001,35.785641059999996],[115.34796936,35.78523984],[115.34893776,35.784828630000014],[115.349337,35.7843582],[115.35035508000001,35.78381694000001],[115.35138324000002,35.783165700000005],[115.35196212000001,35.78239503],[115.35258131999998,35.78189426999999],[115.35342983999999,35.781393240000014],[115.35403860000002,35.78079249],[115.3545678,35.78050187999997],[115.35476724000002,35.78038164000004],[115.35504696000001,35.78014125000002],[115.35527663999999,35.77994099999999],[115.35537636,35.779870890000005],[115.35628464,35.77937975999999],[115.35721308000001,35.779158539999976],[115.35745284,35.778548339999986]]]}}]}