{
"type": "FeatureCollection",
"name": "黄河滩区中下游县区边界",
"features": [
{ "type": "Feature", "properties": { "Name": "梁山县", "AdminCode": "370832", "Kind": "0137", "CityAdCode": "370800", "CityName": "济宁市", "ProName": "山东省", "Shape_Leng": 1.6794171248400001, "Shape_Area": 0.09503690632, "sheng": 370000 }, "geometry": { "type": "Polygon", "coordinates": [ [ [ 116.3267802, 35.6147447, 0.0 ], [ 116.3287368, 35.6149218, 0.0 ], [ 116.3309134, 35.6151985, 0.0 ], [ 116.3320816, 35.6154968, 0.0 ], [ 116.3341483, 35.6160036, 0.0 ], [ 116.3372231, 35.6166888, 0.0 ], [ 116.3401085, 35.6173844, 0.0 ], [ 116.3420654, 35.6180113, 0.0 ], [ 116.3454296, 35.6193257, 0.0 ], [ 116.3483849, 35.6211006, 0.0 ], [ 116.3498522, 35.6225378, 0.0 ], [ 116.3506208, 35.623686, 0.0 ], [ 116.3506907, 35.6249353, 0.0 ], [ 116.3504808, 35.6258551, 0.0 ], [ 116.3490728, 35.6279758, 0.0 ], [ 116.3474651, 35.6297572, 0.0 ], [ 116.3464063, 35.6308381, 0.0 ], [ 116.3446589, 35.6322099, 0.0 ], [ 116.3437402, 35.6331307, 0.0 ], [ 116.3427617, 35.6337518, 0.0 ], [ 116.3408645, 35.6358134, 0.0 ], [ 116.3384777, 35.6373059, 0.0 ], [ 116.33701, 35.6384474, 0.0 ], [ 116.3359516, 35.6398782, 0.0 ], [ 116.3356016, 35.641198, 0.0 ], [ 116.3353817, 35.6423977, 0.0 ], [ 116.3352517, 35.6434273, 0.0 ], [ 116.3353817, 35.6444066, 0.0 ], [ 116.3353813, 35.645556, 0.0 ], [ 116.3354512, 35.6466953, 0.0 ], [ 116.3355206, 35.6478945, 0.0 ], [ 116.3355206, 35.6491539, 0.0 ], [ 116.3353205, 35.6504134, 0.0 ], [ 116.3351009, 35.6516131, 0.0 ], [ 116.3347513, 35.6526531, 0.0 ], [ 116.3338024, 35.6539837, 0.0 ], [ 116.3317752, 35.6548963, 0.0 ], [ 116.3288498, 35.6553502, 0.0 ], [ 116.3253852, 35.655875, 0.0 ], [ 116.3239171, 35.6566068, 0.0 ], [ 116.3233778, 35.6568774, 0.0 ], [ 116.3228886, 35.657078, 0.0 ], [ 116.3220401, 35.657449, 0.0 ], [ 116.3211311, 35.6591595, 0.0 ], [ 116.3214803, 35.6603783, 0.0 ], [ 116.3221092, 35.6614569, 0.0 ], [ 116.3229577, 35.6624251, 0.0 ], [ 116.3240759, 35.663293, 0.0 ], [ 116.3255533, 35.6639805, 0.0 ], [ 116.3270909, 35.6647279, 0.0 ], [ 116.3283887, 35.6666849, 0.0 ], [ 116.3284985, 35.6668447, 0.0 ], [ 116.3287778, 35.6682136, 0.0 ], [ 116.3298258, 35.670161, 0.0 ], [ 116.3305246, 35.671959, 0.0 ], [ 116.3311632, 35.6736572, 0.0 ], [ 116.3314426, 35.6755458, 0.0 ], [ 116.3313025, 35.6770252, 0.0 ], [ 116.3312125, 35.6777449, 0.0 ], [ 116.3311524, 35.6784046, 0.0 ], [ 116.3315714, 35.6802331, 0.0 ], [ 116.3317208, 35.6817821, 0.0 ], [ 116.3323397, 35.6835602, 0.0 ], [ 116.3330485, 35.6851683, 0.0 ], [ 116.3333977, 35.686537, 0.0 ], [ 116.3339665, 35.6877356, 0.0 ], [ 116.3345256, 35.6893938, 0.0 ], [ 116.334805, 35.6905427, 0.0 ], [ 116.3352938, 35.6923811, 0.0 ], [ 116.3355635, 35.6927205, 0.0 ], [ 116.336272, 35.6936389, 0.0 ], [ 116.3375402, 35.6939869, 0.0 ], [ 116.338369, 35.6941555, 0.0 ], [ 116.3385486, 35.694675, 0.0 ], [ 116.3384586, 35.6950749, 0.0 ], [ 116.3390774, 35.6962134, 0.0 ], [ 116.3390072, 35.6974128, 0.0 ], [ 116.3384381, 35.6989028, 0.0 ], [ 116.3376691, 35.6999935, 0.0 ], [ 116.3372497, 35.7010139, 0.0 ], [ 116.3372497, 35.7027334, 0.0 ], [ 116.33697, 35.7040535, 0.0 ], [ 116.3369002, 35.7053134, 0.0 ], [ 116.33697, 35.7069129, 0.0 ], [ 116.33697, 35.7080126, 0.0 ], [ 116.3367605, 35.7093727, 0.0 ], [ 116.3369002, 35.7109322, 0.0 ], [ 116.3375989, 35.7125307, 0.0 ], [ 116.337739, 35.7137302, 0.0 ], [ 116.3390069, 35.7161279, 0.0 ], [ 116.3412436, 35.7175043, 0.0 ], [ 116.3427912, 35.7187718, 0.0 ], [ 116.3438399, 35.7193201, 0.0 ], [ 116.3441293, 35.7194497, 0.0 ], [ 116.3469352, 35.7208253, 0.0 ], [ 116.3484828, 35.7219228, 0.0 ], [ 116.3501003, 35.7228302, 0.0 ], [ 116.3521174, 35.7240971, 0.0 ], [ 116.352427, 35.7242966, 0.0 ], [ 116.3524669, 35.7243265, 0.0 ], [ 116.3525566, 35.7243764, 0.0 ], [ 116.3555021, 35.7265017, 0.0 ], [ 116.3573294, 35.7279288, 0.0 ], [ 116.3587374, 35.7291966, 0.0 ], [ 116.3595262, 35.731275, 0.0 ], [ 116.3599056, 35.733884, 0.0 ], [ 116.3588771, 35.7356651, 0.0 ], [ 116.3575393, 35.7367469, 0.0 ], [ 116.35691, 35.7381175, 0.0 ], [ 116.3562811, 35.7392582, 0.0 ], [ 116.3555021, 35.740809, 0.0 ], [ 116.3553624, 35.741959, 0.0 ], [ 116.3544437, 35.7428801, 0.0 ], [ 116.3538148, 35.7438009, 0.0 ], [ 116.3530458, 35.7445918, 0.0 ], [ 116.351568, 35.7456336, 0.0 ], [ 116.3499505, 35.7460258, 0.0 ], [ 116.3487622, 35.7459675, 0.0 ], [ 116.3472145, 35.7454498, 0.0 ], [ 116.3460265, 35.7451115, 0.0 ], [ 116.3448184, 35.7446534, 0.0 ], [ 116.3435602, 35.7437953, 0.0 ], [ 116.3425118, 35.742597, 0.0 ], [ 116.3413134, 35.7417289, 0.0 ], [ 116.340255, 35.7410506, 0.0 ], [ 116.3381483, 35.7397239, 0.0 ], [ 116.3368102, 35.7392659, 0.0 ], [ 116.3349832, 35.7389785, 0.0 ], [ 116.3328862, 35.7388615, 0.0 ], [ 116.331548, 35.7389234, 0.0 ], [ 116.3302801, 35.7394851, 0.0 ], [ 116.3293715, 35.740806, 0.0 ], [ 116.3288722, 35.7421864, 0.0 ], [ 116.3281032, 35.7436172, 0.0 ], [ 116.3271848, 35.7452181, 0.0 ], [ 116.3259864, 35.7465894, 0.0 ], [ 116.3250778, 35.7474505, 0.0 ], [ 116.3248981, 35.7491503, 0.0 ], [ 116.3248384, 35.7499902, 0.0 ], [ 116.3248682, 35.75021, 0.0 ], [ 116.3242991, 35.7512906, 0.0 ], [ 116.3232504, 35.7524318, 0.0 ], [ 116.3219825, 35.7537432, 0.0 ], [ 116.3206444, 35.7549448, 0.0 ], [ 116.3193764, 35.7563262, 0.0 ], [ 116.3181182, 35.7573577, 0.0 ], [ 116.3180282, 35.7575877, 0.0 ], [ 116.3175991, 35.758708, 0.0 ], [ 116.3175491, 35.7599277, 0.0 ], [ 116.3173694, 35.7602879, 0.0 ], [ 116.3167801, 35.7615284, 0.0 ], [ 116.3162909, 35.7631286, 0.0 ], [ 116.314943, 35.7642702, 0.0 ], [ 116.3139545, 35.7653012, 0.0 ], [ 116.3134055, 35.7662218, 0.0 ], [ 116.3121372, 35.7671432, 0.0 ], [ 116.3109391, 35.7678247, 0.0 ], [ 116.3097907, 35.7687159, 0.0 ], [ 116.3095312, 35.7689163, 0.0 ], [ 116.3085624, 35.7688476, 0.0 ], [ 116.3077837, 35.7687986, 0.0 ], [ 116.306995, 35.7694196, 0.0 ], [ 116.306905, 35.7695297, 0.0 ], [ 116.3068052, 35.7696398, 0.0 ], [ 116.3053375, 35.7713613, 0.0 ], [ 116.3050477, 35.7717016, 0.0 ], [ 116.3041294, 35.7733524, 0.0 ], [ 116.3038396, 35.7740625, 0.0 ], [ 116.302851, 35.7746437, 0.0 ], [ 116.3007443, 35.7753863, 0.0 ], [ 116.2993352, 35.7760072, 0.0 ], [ 116.297865, 35.7765772, 0.0 ], [ 116.2963044, 35.7770871, 0.0 ], [ 116.2954642, 35.7781769, 0.0 ], [ 116.2947539, 35.7793766, 0.0 ], [ 116.2941239, 35.7806863, 0.0 ], [ 116.2939039, 35.781606, 0.0 ], [ 116.2937736, 35.7833255, 0.0 ], [ 116.2932037, 35.7850451, 0.0 ], [ 116.2927836, 35.7861348, 0.0 ], [ 116.2925734, 35.7872745, 0.0 ], [ 116.2922933, 35.788704, 0.0 ], [ 116.2917932, 35.7901936, 0.0 ], [ 116.2918631, 35.7913333, 0.0 ], [ 116.2917932, 35.7927129, 0.0 ], [ 116.291723, 35.7931028, 0.0 ], [ 116.2916532, 35.7936826, 0.0 ], [ 116.2917832, 35.7955721, 0.0 ], [ 116.2920733, 35.7967817, 0.0 ], [ 116.2933337, 35.7976913, 0.0 ], [ 116.2953742, 35.798101, 0.0 ], [ 116.2970647, 35.7987307, 0.0 ], [ 116.2984752, 35.7994203, 0.0 ], [ 116.2981148, 35.8006799, 0.0 ], [ 116.2972746, 35.8015396, 0.0 ], [ 116.2958742, 35.8018797, 0.0 ], [ 116.2943834, 35.8020497, 0.0 ], [ 116.2932631, 35.8023297, 0.0 ], [ 116.2915027, 35.8025598, 0.0 ], [ 116.2896023, 35.8027299, 0.0 ], [ 116.2883617, 35.8029599, 0.0 ], [ 116.2877616, 35.8030599, 0.0 ], [ 116.2851606, 35.8032901, 0.0 ], [ 116.2819296, 35.8035203, 0.0 ], [ 116.2780484, 35.8039105, 0.0 ], [ 116.276598, 35.8038706, 0.0 ], [ 116.276018, 35.8038508, 0.0 ], [ 116.2743275, 35.8040808, 0.0 ], [ 116.2729868, 35.804081, 0.0 ], [ 116.2704564, 35.8039713, 0.0 ], [ 116.269186, 35.8043012, 0.0 ], [ 116.2678453, 35.8044713, 0.0 ], [ 116.2667952, 35.8048812, 0.0 ], [ 116.2658848, 35.805451, 0.0 ], [ 116.2654646, 35.8063607, 0.0 ], [ 116.2648242, 35.8079, 0.0 ], [ 116.2635538, 35.8096794, 0.0 ], [ 116.2620832, 35.811049, 0.0 ], [ 116.2601824, 35.8121986, 0.0 ], [ 116.2591218, 35.8128185, 0.0 ], [ 116.2580616, 35.8135681, 0.0 ], [ 116.2570813, 35.8144179, 0.0 ], [ 116.256091, 35.8151077, 0.0 ], [ 116.2551805, 35.8159174, 0.0 ], [ 116.25413, 35.8171669, 0.0 ], [ 116.2537798, 35.8174268, 0.0 ], [ 116.2535598, 35.8176068, 0.0 ], [ 116.2533596, 35.8177568, 0.0 ], [ 116.2529395, 35.8180966, 0.0 ], [ 116.2524294, 35.8184865, 0.0 ], [ 116.2510988, 35.8196961, 0.0 ], [ 116.2499483, 35.8206657, 0.0 ], [ 116.2497582, 35.8208257, 0.0 ], [ 116.2483477, 35.8216953, 0.0 ], [ 116.2468771, 35.8230549, 0.0 ], [ 116.2457467, 35.8243143, 0.0 ], [ 116.2446163, 35.8256338, 0.0 ], [ 116.2443762, 35.8258738, 0.0 ], [ 116.2435658, 35.8266635, 0.0 ], [ 116.2425755, 35.8279829, 0.0 ], [ 116.2420052, 35.8292424, 0.0 ], [ 116.241525, 35.8303219, 0.0 ], [ 116.2412348, 35.8314215, 0.0 ], [ 116.2405944, 35.8326709, 0.0 ], [ 116.2400141, 35.8333306, 0.0 ], [ 116.2398341, 35.8335306, 0.0 ], [ 116.239054, 35.8342204, 0.0 ], [ 116.2386436, 35.8345902, 0.0 ], [ 116.2376431, 35.8354299, 0.0 ], [ 116.236453, 35.8361096, 0.0 ], [ 116.2352524, 35.8365595, 0.0 ], [ 116.2346422, 35.8373691, 0.0 ], [ 116.2345522, 35.8374791, 0.0 ], [ 116.2339218, 35.8385686, 0.0 ], [ 116.2335316, 35.8393982, 0.0 ], [ 116.2330715, 35.8403478, 0.0 ], [ 116.232651, 35.8419471, 0.0 ], [ 116.2325711, 35.8436663, 0.0 ], [ 116.2312405, 35.8453256, 0.0 ], [ 116.2302502, 35.8460654, 0.0 ], [ 116.2292594, 35.8474448, 0.0 ], [ 116.228489, 35.849044, 0.0 ], [ 116.2282691, 35.8507032, 0.0 ], [ 116.228619, 35.8526424, 0.0 ], [ 116.2280585, 35.8539718, 0.0 ], [ 116.2277082, 35.8552812, 0.0 ], [ 116.2272179, 35.8567105, 0.0 ], [ 116.2265778, 35.8576301, 0.0 ], [ 116.2258675, 35.8588895, 0.0 ], [ 116.225447, 35.859969, 0.0 ], [ 116.2252372, 35.8609585, 0.0 ], [ 116.225447, 35.861918, 0.0 ], [ 116.225577, 35.8628377, 0.0 ], [ 116.2261469, 35.8639871, 0.0 ], [ 116.226347, 35.8650166, 0.0 ], [ 116.2266368, 35.866336, 0.0 ], [ 116.226837, 35.8673054, 0.0 ], [ 116.2269767, 35.8694744, 0.0 ], [ 116.2268964, 35.8706239, 0.0 ], [ 116.2270364, 35.8718833, 0.0 ], [ 116.2270663, 35.872663, 0.0 ], [ 116.2271063, 35.8734826, 0.0 ], [ 116.2271761, 35.8748619, 0.0 ], [ 116.2273061, 35.8771508, 0.0 ], [ 116.227516, 35.8788101, 0.0 ], [ 116.2275858, 35.8803493, 0.0 ], [ 116.2277957, 35.8817287, 0.0 ], [ 116.2281456, 35.883108, 0.0 ], [ 116.2282756, 35.8843574, 0.0 ], [ 116.2283454, 35.8857267, 0.0 ], [ 116.2283454, 35.8868762, 0.0 ], [ 116.2284152, 35.8883655, 0.0 ], [ 116.228065, 35.889455, 0.0 ], [ 116.2274245, 35.8905945, 0.0 ], [ 116.2267243, 35.8913941, 0.0 ], [ 116.2254539, 35.8919139, 0.0 ], [ 116.2243336, 35.8922637, 0.0 ], [ 116.2229332, 35.8920838, 0.0 ], [ 116.2213826, 35.8919139, 0.0 ], [ 116.2201126, 35.8916241, 0.0 ], [ 116.2160413, 35.8906345, 0.0 ], [ 116.2154912, 35.8903447, 0.0 ], [ 116.2129604, 35.8890554, 0.0 ], [ 116.2128906, 35.8878559, 0.0 ], [ 116.2129007, 35.8871763, 0.0 ], [ 116.2128208, 35.8865365, 0.0 ], [ 116.212901, 35.8851572, 0.0 ], [ 116.2129709, 35.8837279, 0.0 ], [ 116.2128211, 35.8826984, 0.0 ], [ 116.212851, 35.8825586, 0.0 ], [ 116.2129014, 35.8817289, 0.0 ], [ 116.2129712, 35.8807594, 0.0 ], [ 116.2129014, 35.8797799, 0.0 ], [ 116.2124114, 35.8793801, 0.0 ], [ 116.2116511, 35.8787504, 0.0 ], [ 116.2098205, 35.8799498, 0.0 ], [ 116.2084799, 35.8808095, 0.0 ], [ 116.2076296, 35.881729, 0.0 ], [ 116.2072994, 35.8825686, 0.0 ], [ 116.2072793, 35.8826486, 0.0 ], [ 116.2069992, 35.8836181, 0.0 ], [ 116.2069992, 35.8850474, 0.0 ], [ 116.2079093, 35.8873463, 0.0 ], [ 116.2086394, 35.8883058, 0.0 ], [ 116.2086793, 35.8884257, 0.0 ], [ 116.2092294, 35.8896251, 0.0 ], [ 116.2088791, 35.8911743, 0.0 ], [ 116.2079687, 35.8916841, 0.0 ], [ 116.2060682, 35.8911144, 0.0 ], [ 116.2049479, 35.889975, 0.0 ], [ 116.2039478, 35.8895452, 0.0 ], [ 116.2030676, 35.8891254, 0.0 ], [ 116.2006668, 35.8897851, 0.0 ], [ 116.1999763, 35.8906247, 0.0 ], [ 116.1998464, 35.8907845, 0.0 ], [ 116.1994756, 35.8912738, 0.0 ], [ 116.199315, 35.8914235, 0.0 ], [ 116.197722, 35.8916013, 0.0 ], [ 116.1955577, 35.8918883, 0.0 ], [ 116.1928523, 35.8922047, 0.0 ], [ 116.1899762, 35.8923708, 0.0 ], [ 116.1877219, 35.8925377, 0.0 ], [ 116.1861088, 35.8924257, 0.0 ], [ 116.1844952, 35.8924836, 0.0 ], [ 116.1826618, 35.8933408, 0.0 ], [ 116.1820202, 35.8943195, 0.0 ], [ 116.1813186, 35.8956279, 0.0 ], [ 116.1805471, 35.8979758, 0.0 ], [ 116.1802562, 35.8991749, 0.0 ], [ 116.1797551, 35.9004337, 0.0 ], [ 116.1787734, 35.9006825, 0.0 ], [ 116.1777211, 35.900891, 0.0 ], [ 116.1754668, 35.9009482, 0.0 ], [ 116.1732121, 35.9012352, 0.0 ], [ 116.1701161, 35.901691, 0.0 ], [ 116.168643, 35.9023791, 0.0 ], [ 116.1677315, 35.9032877, 0.0 ], [ 116.1668398, 35.9038565, 0.0 ], [ 116.1667393, 35.9039264, 0.0 ], [ 116.165407, 35.9044446, 0.0 ], [ 116.1640642, 35.9046628, 0.0 ], [ 116.1613285, 35.9044892, 0.0 ], [ 116.1596452, 35.9037971, 0.0 ], [ 116.1579618, 35.902995, 0.0 ], [ 116.15711, 35.9020841, 0.0 ], [ 116.1564088, 35.9013333, 0.0 ], [ 116.1555066, 35.9003022, 0.0 ], [ 116.154104, 35.8975516, 0.0 ], [ 116.1534128, 35.8956616, 0.0 ], [ 116.1527717, 35.8941814, 0.0 ], [ 116.1520805, 35.8931509, 0.0 ], [ 116.1516298, 35.8922607, 0.0 ], [ 116.1512392, 35.8914806, 0.0 ], [ 116.1507481, 35.8900606, 0.0 ], [ 116.150117, 35.8889103, 0.0 ], [ 116.1499867, 35.8879905, 0.0 ], [ 116.1494158, 35.8869103, 0.0 ], [ 116.1485744, 35.8859396, 0.0 ], [ 116.1472417, 35.8852382, 0.0 ], [ 116.1453478, 35.8851857, 0.0 ], [ 116.1440752, 35.8859237, 0.0 ], [ 116.142953, 35.8868418, 0.0 ], [ 116.141971, 35.88815, 0.0 ], [ 116.1413996, 35.8891788, 0.0 ], [ 116.1410389, 35.8904478, 0.0 ], [ 116.1404075, 35.8921062, 0.0 ], [ 116.1395755, 35.8925649, 0.0 ], [ 116.1380225, 35.892363, 0.0 ], [ 116.1333936, 35.889758, 0.0 ], [ 116.1321412, 35.8890567, 0.0 ], [ 116.1309787, 35.8884155, 0.0 ], [ 116.1298066, 35.8880241, 0.0 ], [ 116.1296762, 35.8880539, 0.0 ], [ 116.1246359, 35.8908261, 0.0 ], [ 116.1212692, 35.8914515, 0.0 ], [ 116.1202874, 35.8908205, 0.0 ], [ 116.1200066, 35.8898405, 0.0 ], [ 116.1201571, 35.8888711, 0.0 ], [ 116.1197363, 35.8880108, 0.0 ], [ 116.1191956, 35.8878403, 0.0 ], [ 116.1182534, 35.8875491, 0.0 ], [ 116.1164898, 35.8882266, 0.0 ], [ 116.1156481, 35.889135, 0.0 ], [ 116.1138042, 35.8904621, 0.0 ], [ 116.1117702, 35.8912591, 0.0 ], [ 116.1102071, 35.8918768, 0.0 ], [ 116.1080928, 35.8931236, 0.0 ], [ 116.1071608, 35.893832, 0.0 ], [ 116.1070906, 35.8938919, 0.0 ], [ 116.1070405, 35.8939319, 0.0 ], [ 116.106259, 35.8950104, 0.0 ], [ 116.1051966, 35.8963285, 0.0 ], [ 116.1046955, 35.898097, 0.0 ], [ 116.1039838, 35.9009552, 0.0 ], [ 116.1034826, 35.903644, 0.0 ], [ 116.103082, 35.9049732, 0.0 ], [ 116.1029819, 35.9050731, 0.0 ], [ 116.1023404, 35.906282, 0.0 ], [ 116.1018497, 35.9071412, 0.0 ], [ 116.1003564, 35.908569, 0.0 ], [ 116.0988178, 35.9094203, 0.0 ], [ 116.0971308, 35.9090134, 0.0 ], [ 116.0960029, 35.9084455, 0.0 ], [ 116.0951742, 35.9073572, 0.0 ], [ 116.0941961, 35.9063292, 0.0 ], [ 116.0939466, 35.9060997, 0.0 ], [ 116.0930779, 35.9053514, 0.0 ], [ 116.0911116, 35.9039253, 0.0 ], [ 116.0889354, 35.9034092, 0.0 ], [ 116.0873881, 35.903462, 0.0 ], [ 116.085771, 35.9043747, 0.0 ], [ 116.084214, 35.9053473, 0.0 ], [ 116.0826768, 35.9066597, 0.0 ], [ 116.081329, 35.9080319, 0.0 ], [ 116.0799916, 35.909354, 0.0 ], [ 116.079143, 35.9104953, 0.0 ], [ 116.0785739, 35.9119859, 0.0 ], [ 116.0780047, 35.9133067, 0.0 ], [ 116.0775857, 35.9145071, 0.0 ], [ 116.0768768, 35.9155882, 0.0 ], [ 116.0766472, 35.9165484, 0.0 ], [ 116.0766173, 35.9166984, 0.0 ], [ 116.0767469, 35.9196975, 0.0 ], [ 116.0760679, 35.9236378, 0.0 ], [ 116.073702, 35.9283509, 0.0 ], [ 116.0702582, 35.9326161, 0.0 ], [ 116.0664646, 35.936012, 0.0 ], [ 116.0658259, 35.9373228, 0.0 ], [ 116.0652568, 35.9383535, 0.0 ], [ 116.0639089, 35.9400655, 0.0 ], [ 116.062222, 35.9414482, 0.0 ], [ 116.0607445, 35.9414408, 0.0 ], [ 116.0596865, 35.9411527, 0.0 ], [ 116.0551742, 35.9410806, 0.0 ], [ 116.0544056, 35.9420517, 0.0 ], [ 116.053128, 35.9427938, 0.0 ], [ 116.0517902, 35.943356, 0.0 ], [ 116.0501731, 35.9434288, 0.0 ], [ 116.0499636, 35.9434192, 0.0 ], [ 116.0484062, 35.9433619, 0.0 ], [ 116.0473478, 35.9436938, 0.0 ], [ 116.0460202, 35.943866, 0.0 ], [ 116.0443933, 35.9444887, 0.0 ], [ 116.0443631, 35.9445288, 0.0 ], [ 116.0435444, 35.94523, 0.0 ], [ 116.0427859, 35.9469709, 0.0 ], [ 116.0426959, 35.947111, 0.0 ], [ 116.043674, 35.948269, 0.0 ], [ 116.0447922, 35.9488969, 0.0 ], [ 116.0464093, 35.9503337, 0.0 ], [ 116.0484458, 35.9516498, 0.0 ], [ 116.0504222, 35.952746, 0.0 ], [ 116.0518298, 35.9536034, 0.0 ], [ 116.0529476, 35.9545312, 0.0 ], [ 116.053996, 35.9555091, 0.0 ], [ 116.0553334, 35.9564866, 0.0 ], [ 116.0554234, 35.9565664, 0.0 ], [ 116.056022, 35.9574551, 0.0 ], [ 116.0574296, 35.9590523, 0.0 ], [ 116.0582681, 35.9603806, 0.0 ], [ 116.0586875, 35.9614696, 0.0 ], [ 116.0596656, 35.9630175, 0.0 ], [ 116.0598553, 35.9640169, 0.0 ], [ 116.059945, 35.9645566, 0.0 ], [ 116.0600051, 35.9660561, 0.0 ], [ 116.0594359, 35.9669669, 0.0 ], [ 116.0590864, 35.9682872, 0.0 ], [ 116.0585172, 35.969368, 0.0 ], [ 116.0578084, 35.9707988, 0.0 ], [ 116.0570297, 35.9718799, 0.0 ], [ 116.0561711, 35.973371, 0.0 ], [ 116.0558219, 35.9737615, 0.0 ], [ 116.0552527, 35.9743924, 0.0 ], [ 116.0541947, 35.9754839, 0.0 ], [ 116.0531363, 35.9763955, 0.0 ], [ 116.0522179, 35.9770769, 0.0 ], [ 116.0505209, 35.9786194, 0.0 ], [ 116.0492328, 35.9793715, 0.0 ], [ 116.0489732, 35.9795318, 0.0 ], [ 116.047476, 35.9802743, 0.0 ], [ 116.0458884, 35.9812468, 0.0 ], [ 116.0458186, 35.9801572, 0.0 ], [ 116.0453297, 35.9792482, 0.0 ], [ 116.0447706, 35.9776396, 0.0 ], [ 116.0442817, 35.9765507, 0.0 ], [ 116.0436528, 35.9753521, 0.0 ], [ 116.0428144, 35.9731741, 0.0 ], [ 116.0426146, 35.9721347, 0.0 ], [ 116.0421955, 35.9712157, 0.0 ], [ 116.0411375, 35.9698979, 0.0 ], [ 116.0405784, 35.969099, 0.0 ], [ 116.0395301, 35.9682411, 0.0 ], [ 116.0385419, 35.9677829, 0.0 ], [ 116.0378831, 35.9673042, 0.0 ], [ 116.0356568, 35.967388, 0.0 ], [ 116.0319834, 35.9677142, 0.0 ], [ 116.0282099, 35.9685506, 0.0 ], [ 116.0236375, 35.9693782, 0.0 ], [ 116.0197841, 35.9700747, 0.0 ], [ 116.015751, 35.9709015, 0.0 ], [ 116.0113586, 35.9717387, 0.0 ], [ 116.0066966, 35.9727065, 0.0 ], [ 116.0031128, 35.9734026, 0.0 ], [ 116.0000082, 35.9738477, 0.0 ], [ 115.99889, 35.97401, 0.0 ], [ 115.9943386, 35.9744091, 0.0 ], [ 115.9889587, 35.9746501, 0.0 ], [ 115.9860942, 35.974546, 0.0 ], [ 115.9827901, 35.9743628, 0.0 ], [ 115.9801052, 35.9742684, 0.0 ], [ 115.9765319, 35.9737258, 0.0 ], [ 115.9738571, 35.9730514, 0.0 ], [ 115.9702038, 35.9723691, 0.0 ], [ 115.9662812, 35.9713873, 0.0 ], [ 115.9609313, 35.9704684, 0.0 ], [ 115.9536852, 35.9686136, 0.0 ], [ 115.9474867, 35.9671765, 0.0 ], [ 115.9414978, 35.9659089, 0.0 ], [ 115.9359584, 35.9652402, 0.0 ], [ 115.9312669, 35.9646998, 0.0 ], [ 115.9258871, 35.9644608, 0.0 ], [ 115.9231223, 35.9642464, 0.0 ], [ 115.9212755, 35.9640502, 0.0 ], [ 115.9185906, 35.9637157, 0.0 ], [ 115.9168241, 35.9634493, 0.0 ], [ 115.915207, 35.9631926, 0.0 ], [ 115.91352, 35.962926, 0.0 ], [ 115.9118334, 35.9626594, 0.0 ], [ 115.9101464, 35.9621529, 0.0 ], [ 115.9084595, 35.9617564, 0.0 ], [ 115.9067826, 35.9613099, 0.0 ], [ 115.9053253, 35.9608629, 0.0 ], [ 115.9040977, 35.9604154, 0.0 ], [ 115.9021811, 35.9598993, 0.0 ], [ 115.9008937, 35.959142, 0.0 ], [ 115.8994444, 35.9581232, 0.0 ], [ 115.8986023, 35.9573021, 0.0 ], [ 115.8981512, 35.9564815, 0.0 ], [ 115.8980112, 35.9556014, 0.0 ], [ 115.8979511, 35.9546714, 0.0 ], [ 115.8980411, 35.9534117, 0.0 ], [ 115.8980512, 35.9526618, 0.0 ], [ 115.8983719, 35.9514724, 0.0 ], [ 115.8988529, 35.9502932, 0.0 ], [ 115.8990232, 35.9492235, 0.0 ], [ 115.899354, 35.9477942, 0.0 ], [ 115.8995142, 35.9469144, 0.0 ], [ 115.8999952, 35.9456651, 0.0 ], [ 115.9003148, 35.9447946, 0.0 ], [ 115.9007141, 35.9441639, 0.0 ], [ 115.9011032, 35.9432932, 0.0 ], [ 115.9016623, 35.9423622, 0.0 ], [ 115.9022909, 35.941421, 0.0 ], [ 115.9024507, 35.9406708, 0.0 ], [ 115.9028399, 35.9400501, 0.0 ], [ 115.9035786, 35.9386788, 0.0 ], [ 115.9042075, 35.9366677, 0.0 ], [ 115.9046366, 35.935697, 0.0 ], [ 115.9049261, 35.9343266, 0.0 ], [ 115.9049261, 35.9342166, 0.0 ], [ 115.9049362, 35.9329467, 0.0 ], [ 115.9047266, 35.9320372, 0.0 ], [ 115.9043872, 35.931068, 0.0 ], [ 115.9038983, 35.9301991, 0.0 ], [ 115.9033792, 35.9286502, 0.0 ], [ 115.9022412, 35.9275225, 0.0 ], [ 115.9008037, 35.9259456, 0.0 ], [ 115.8988928, 35.9249258, 0.0 ], [ 115.8969787, 35.9246531, 0.0 ], [ 115.8951247, 35.9245105, 0.0 ], [ 115.8932808, 35.9241179, 0.0 ], [ 115.8913364, 35.9239751, 0.0 ], [ 115.8900736, 35.9238034, 0.0 ], [ 115.8887308, 35.9238015, 0.0 ], [ 115.8872674, 35.9236194, 0.0 ], [ 115.8859145, 35.9234975, 0.0 ], [ 115.8842909, 35.9233152, 0.0 ], [ 115.882537, 35.9229728, 0.0 ], [ 115.8781273, 35.9223965, 0.0 ], [ 115.8757121, 35.9221332, 0.0 ], [ 115.8749806, 35.9219722, 0.0 ], [ 115.8731867, 35.9215496, 0.0 ], [ 115.8712823, 35.921137, 0.0 ], [ 115.8700295, 35.9204553, 0.0 ], [ 115.8694484, 35.9201345, 0.0 ], [ 115.8686867, 35.9197034, 0.0 ], [ 115.8675743, 35.919012, 0.0 ], [ 115.8662412, 35.9181003, 0.0 ], [ 115.8653995, 35.9173992, 0.0 ], [ 115.8648484, 35.9168284, 0.0 ], [ 115.8646676, 35.9166482, 0.0 ], [ 115.8645575, 35.9165381, 0.0 ], [ 115.8638058, 35.9152272, 0.0 ], [ 115.8631744, 35.9140164, 0.0 ], [ 115.8626131, 35.9131558, 0.0 ], [ 115.8619417, 35.912025, 0.0 ], [ 115.8612404, 35.9100543, 0.0 ], [ 115.8607894, 35.9078939, 0.0 ], [ 115.8610597, 35.9057446, 0.0 ], [ 115.8618114, 35.9041759, 0.0 ], [ 115.8627938, 35.9026175, 0.0 ], [ 115.8657203, 35.9006819, 0.0 ], [ 115.8679152, 35.8991354, 0.0 ], [ 115.8694488, 35.898088, 0.0 ], [ 115.8696191, 35.8979782, 0.0 ], [ 115.8715634, 35.8968115, 0.0 ], [ 115.8735082, 35.8954647, 0.0 ], [ 115.8749813, 35.8946472, 0.0 ], [ 115.8759436, 35.8941087, 0.0 ], [ 115.8783692, 35.8933524, 0.0 ], [ 115.8803035, 35.8925855, 0.0 ], [ 115.882258, 35.8914386, 0.0 ], [ 115.8844331, 35.8898923, 0.0 ], [ 115.886057, 35.888925, 0.0 ], [ 115.8872598, 35.8876172, 0.0 ], [ 115.8880417, 35.8865287, 0.0 ], [ 115.8888938, 35.8855702, 0.0 ], [ 115.8896758, 35.8847617, 0.0 ], [ 115.8904577, 35.8835133, 0.0 ], [ 115.8909689, 35.8826443, 0.0 ], [ 115.8906082, 35.8818242, 0.0 ], [ 115.8897467, 35.8808433, 0.0 ], [ 115.8882937, 35.8796019, 0.0 ], [ 115.8867806, 35.8778705, 0.0 ], [ 115.8863497, 35.8772602, 0.0 ], [ 115.8854378, 35.8761893, 0.0 ], [ 115.8837545, 35.8745078, 0.0 ], [ 115.8820308, 35.8731059, 0.0 ], [ 115.8797862, 35.8711537, 0.0 ], [ 115.8784333, 35.8700023, 0.0 ], [ 115.8771708, 35.8688111, 0.0 ], [ 115.8759882, 35.86775, 0.0 ], [ 115.8750565, 35.8670489, 0.0 ], [ 115.8749863, 35.8669889, 0.0 ], [ 115.8737036, 35.8659276, 0.0 ], [ 115.872862, 35.8652867, 0.0 ], [ 115.8717697, 35.8641757, 0.0 ], [ 115.8707174, 35.8637344, 0.0 ], [ 115.8710983, 35.8628153, 0.0 ], [ 115.8713291, 35.8619861, 0.0 ], [ 115.8716599, 35.8611268, 0.0 ], [ 115.8721312, 35.8603178, 0.0 ], [ 115.872953, 35.8592694, 0.0 ], [ 115.8727428, 35.8581796, 0.0 ], [ 115.8724022, 35.8566398, 0.0 ], [ 115.8722021, 35.8549103, 0.0 ], [ 115.8718615, 35.8534804, 0.0 ], [ 115.8718316, 35.8531905, 0.0 ], [ 115.8708197, 35.8517797, 0.0 ], [ 115.8703589, 35.8504197, 0.0 ], [ 115.8704791, 35.8489804, 0.0 ], [ 115.8711008, 35.8470321, 0.0 ], [ 115.8716725, 35.8449938, 0.0 ], [ 115.8722042, 35.8424356, 0.0 ], [ 115.8721445, 35.8407162, 0.0 ], [ 115.8718741, 35.8390066, 0.0 ], [ 115.871674, 35.8369372, 0.0 ], [ 115.8721855, 35.8349288, 0.0 ], [ 115.8724062, 35.8336196, 0.0 ], [ 115.8724062, 35.8335297, 0.0 ], [ 115.8724062, 35.8333197, 0.0 ], [ 115.8724166, 35.8308108, 0.0 ], [ 115.8723569, 35.8293813, 0.0 ], [ 115.8719461, 35.8277915, 0.0 ], [ 115.8717359, 35.8261119, 0.0 ], [ 115.8714756, 35.8246922, 0.0 ], [ 115.8714457, 35.8242924, 0.0 ], [ 115.8714158, 35.822573, 0.0 ], [ 115.8716369, 35.8203343, 0.0 ], [ 115.8708755, 35.8181642, 0.0 ], [ 115.8701141, 35.8160342, 0.0 ], [ 115.8715274, 35.8150164, 0.0 ], [ 115.873011, 35.8139888, 0.0 ], [ 115.8747052, 35.8130314, 0.0 ], [ 115.8749856, 35.8129318, 0.0 ], [ 115.876399, 35.8124539, 0.0 ], [ 115.8778825, 35.8116062, 0.0 ], [ 115.8794964, 35.8112185, 0.0 ], [ 115.8811902, 35.8109308, 0.0 ], [ 115.8828142, 35.8103132, 0.0 ], [ 115.884859, 35.8094662, 0.0 ], [ 115.8870341, 35.8089592, 0.0 ], [ 115.8886577, 35.8086715, 0.0 ], [ 115.8903518, 35.8081739, 0.0 ], [ 115.8923264, 35.8073168, 0.0 ], [ 115.8941506, 35.8070494, 0.0 ], [ 115.8959146, 35.8069917, 0.0 ], [ 115.8980998, 35.8072844, 0.0 ], [ 115.8998537, 35.8075265, 0.0 ], [ 115.9020198, 35.8078727, 0.0 ], [ 115.9032874, 35.8080502, 0.0 ], [ 115.9048246, 35.8084472, 0.0 ], [ 115.9064413, 35.8088539, 0.0 ], [ 115.9079785, 35.8091409, 0.0 ], [ 115.9095254, 35.8091979, 0.0 ], [ 115.9108531, 35.8088556, 0.0 ], [ 115.9124, 35.8082329, 0.0 ], [ 115.9132486, 35.8074416, 0.0 ], [ 115.9136784, 35.8054916, 0.0 ], [ 115.9142472, 35.8045808, 0.0 ], [ 115.9158643, 35.8035481, 0.0 ], [ 115.916863, 35.8020669, 0.0 ], [ 115.9172824, 35.8008665, 0.0 ], [ 115.9173122, 35.8008265, 0.0 ], [ 115.9180909, 35.7996055, 0.0 ], [ 115.9181309, 35.7995454, 0.0 ], [ 115.918979, 35.7984041, 0.0 ], [ 115.9221431, 35.7978384, 0.0 ], [ 115.9239697, 35.797615, 0.0 ], [ 115.9257964, 35.7974416, 0.0 ], [ 115.9265048, 35.7972903, 0.0 ], [ 115.9282516, 35.7969371, 0.0 ], [ 115.9316255, 35.7966608, 0.0 ], [ 115.9347794, 35.7960451, 0.0 ], [ 115.9369654, 35.7955312, 0.0 ], [ 115.9392211, 35.7945573, 0.0 ], [ 115.942455, 35.7930318, 0.0 ], [ 115.9440124, 35.7917793, 0.0 ], [ 115.9463282, 35.7905754, 0.0 ], [ 115.9488734, 35.789561, 0.0 ], [ 115.9521077, 35.7886553, 0.0 ], [ 115.955212, 35.7879498, 0.0 ], [ 115.9558308, 35.7878087, 0.0 ], [ 115.9580167, 35.7872948, 0.0 ], [ 115.9604824, 35.7866705, 0.0 ], [ 115.9630877, 35.7854761, 0.0 ], [ 115.9669411, 35.7834198, 0.0 ], [ 115.97342, 35.7780401, 0.0 ], [ 115.978811, 35.7748316, 0.0 ], [ 115.9814963, 35.774047, 0.0 ], [ 115.9838122, 35.7744625, 0.0 ], [ 115.9858584, 35.7746986, 0.0 ], [ 115.9885336, 35.7745937, 0.0 ], [ 115.9918679, 35.7744377, 0.0 ], [ 115.9924968, 35.773397, 0.0 ], [ 115.9943641, 35.7712146, 0.0 ], [ 115.9954427, 35.7699532, 0.0 ], [ 116.0000154, 35.7666065, 0.0 ], [ 116.0225665, 35.7500408, 0.0 ], [ 116.0309516, 35.7422977, 0.0 ], [ 116.0322494, 35.7410756, 0.0 ], [ 116.0347648, 35.7387415, 0.0 ], [ 116.0365118, 35.7373886, 0.0 ], [ 116.0405244, 35.7342918, 0.0 ], [ 116.043309, 35.732147, 0.0 ], [ 116.0563939, 35.7251631, 0.0 ], [ 116.0628113, 35.7207115, 0.0 ], [ 116.0633902, 35.7204205, 0.0 ], [ 116.0651866, 35.7194971, 0.0 ], [ 116.067911, 35.7176921, 0.0 ], [ 116.0687995, 35.7168605, 0.0 ], [ 116.0674823, 35.7148438, 0.0 ], [ 116.0674128, 35.7132944, 0.0 ], [ 116.0670834, 35.7116556, 0.0 ], [ 116.0670636, 35.7115757, 0.0 ], [ 116.0671435, 35.7100259, 0.0 ], [ 116.0681915, 35.7086042, 0.0 ], [ 116.0683913, 35.7084438, 0.0 ], [ 116.0698183, 35.7073411, 0.0 ], [ 116.0708663, 35.7068191, 0.0 ], [ 116.0727624, 35.7063153, 0.0 ], [ 116.0746582, 35.7058015, 0.0 ], [ 116.0752172, 35.7055204, 0.0 ], [ 116.0759257, 35.7051091, 0.0 ], [ 116.0778218, 35.7042554, 0.0 ], [ 116.0805362, 35.70348, 0.0 ], [ 116.0823424, 35.7024664, 0.0 ], [ 116.0825922, 35.7015761, 0.0 ], [ 116.0835599, 35.7009342, 0.0 ], [ 116.0839292, 35.6993941, 0.0 ], [ 116.0854765, 35.6978516, 0.0 ], [ 116.0870933, 35.6962492, 0.0 ], [ 116.0885704, 35.6951567, 0.0 ], [ 116.0896882, 35.6935653, 0.0 ], [ 116.0898383, 35.6922357, 0.0 ], [ 116.0895589, 35.6912069, 0.0 ], [ 116.0894995, 35.6896678, 0.0 ], [ 116.0890805, 35.6878298, 0.0 ], [ 116.0888015, 35.6859014, 0.0 ], [ 116.0886722, 35.683653, 0.0 ], [ 116.0895107, 35.682472, 0.0 ], [ 116.0896604, 35.6822218, 0.0 ], [ 116.0912074, 35.6812492, 0.0 ], [ 116.0935128, 35.6806748, 0.0 ], [ 116.096387, 35.6805091, 0.0 ], [ 116.0979235, 35.6808457, 0.0 ], [ 116.0995403, 35.6813022, 0.0 ], [ 116.1010516, 35.6820324, 0.0 ], [ 116.1023443, 35.6826338, 0.0 ], [ 116.1042379, 35.6832661, 0.0 ], [ 116.1056408, 35.6836478, 0.0 ], [ 116.1078156, 35.6820817, 0.0 ], [ 116.1101408, 35.6806458, 0.0 ], [ 116.1123257, 35.6789298, 0.0 ], [ 116.1149314, 35.6772843, 0.0 ], [ 116.1175972, 35.6751792, 0.0 ], [ 116.1188701, 35.673452, 0.0 ], [ 116.1190908, 35.6717433, 0.0 ], [ 116.1192114, 35.6710439, 0.0 ], [ 116.119372, 35.6701446, 0.0 ], [ 116.1192118, 35.6689451, 0.0 ], [ 116.1191016, 35.6680754, 0.0 ], [ 116.1187913, 35.6666758, 0.0 ], [ 116.1187812, 35.6666158, 0.0 ], [ 116.1186811, 35.6661859, 0.0 ], [ 116.1181303, 35.6641863, 0.0 ], [ 116.1165978, 35.6616557, 0.0 ], [ 116.1168084, 35.6604567, 0.0 ], [ 116.1170892, 35.6595676, 0.0 ], [ 116.1174398, 35.6584587, 0.0 ], [ 116.1179413, 35.6561108, 0.0 ], [ 116.1185832, 35.6541728, 0.0 ], [ 116.1192146, 35.6524846, 0.0 ], [ 116.1194252, 35.6519453, 0.0 ], [ 116.1202072, 35.6499374, 0.0 ], [ 116.1210492, 35.6478798, 0.0 ], [ 116.1223222, 35.6459826, 0.0 ], [ 116.1238658, 35.6439958, 0.0 ], [ 116.1250283, 35.6426281, 0.0 ], [ 116.1252688, 35.6423387, 0.0 ], [ 116.1262012, 35.6406208, 0.0 ], [ 116.126923, 35.6392226, 0.0 ], [ 116.1291074, 35.6387558, 0.0 ], [ 116.131342, 35.6379293, 0.0 ], [ 116.1345586, 35.6372839, 0.0 ], [ 116.1372643, 35.6366279, 0.0 ], [ 116.1415933, 35.6359241, 0.0 ], [ 116.1419839, 35.6358547, 0.0 ], [ 116.1461124, 35.6353204, 0.0 ], [ 116.1515135, 35.6345381, 0.0 ], [ 116.1558526, 35.6336444, 0.0 ], [ 116.1594198, 35.6326996, 0.0 ], [ 116.1643298, 35.6318966, 0.0 ], [ 116.1645505, 35.6318569, 0.0 ], [ 116.1674262, 35.631381, 0.0 ], [ 116.1717253, 35.6303772, 0.0 ], [ 116.1767657, 35.6290146, 0.0 ], [ 116.1835495, 35.6271846, 0.0 ], [ 116.1889304, 35.6260523, 0.0 ], [ 116.1901231, 35.6257641, 0.0 ], [ 116.1911952, 35.6255755, 0.0 ], [ 116.196997, 35.6246536, 0.0 ], [ 116.2014034, 35.6245676, 0.0 ], [ 116.2039342, 35.6244278, 0.0 ], [ 116.2049746, 35.6243278, 0.0 ], [ 116.206645, 35.623918, 0.0 ], [ 116.2182582, 35.6222588, 0.0 ], [ 116.221199, 35.6221888, 0.0 ], [ 116.2293214, 35.6214892, 0.0 ], [ 116.234073, 35.6211593, 0.0 ], [ 116.2356934, 35.6212094, 0.0 ], [ 116.2386342, 35.6213592, 0.0 ], [ 116.2443956, 35.6211393, 0.0 ], [ 116.2463465, 35.6210694, 0.0 ], [ 116.2499472, 35.6210394, 0.0 ], [ 116.2504876, 35.6210394, 0.0 ], [ 116.2572995, 35.6211593, 0.0 ], [ 116.2651615, 35.6210394, 0.0 ], [ 116.2674022, 35.6210794, 0.0 ], [ 116.2704229, 35.6211293, 0.0 ], [ 116.2750543, 35.6206896, 0.0 ], [ 116.2800356, 35.6204797, 0.0 ], [ 116.2843272, 35.6203398, 0.0 ], [ 116.2874081, 35.6202098, 0.0 ], [ 116.2907089, 35.61996, 0.0 ], [ 116.2926695, 35.61989, 0.0 ], [ 116.2957205, 35.6197801, 0.0 ], [ 116.2938593, 35.6221988, 0.0 ], [ 116.2923286, 35.6237581, 0.0 ], [ 116.2961798, 35.6234882, 0.0 ], [ 116.2976501, 35.6233783, 0.0 ], [ 116.3006698, 35.6220579, 0.0 ], [ 116.3015888, 35.6206273, 0.0 ], [ 116.3021483, 35.6186875, 0.0 ], [ 116.3036261, 35.6186254, 0.0 ], [ 116.3043947, 35.6196038, 0.0 ], [ 116.3050232, 35.6213721, 0.0 ], [ 116.3062109, 35.6229195, 0.0 ], [ 116.3081776, 35.6241262, 0.0 ], [ 116.3093058, 35.6240147, 0.0 ], [ 116.3111929, 35.6241919, 0.0 ], [ 116.3128104, 35.6240696, 0.0 ], [ 116.3139286, 35.6240181, 0.0 ], [ 116.3156861, 35.6233359, 0.0 ], [ 116.317084, 35.6224643, 0.0 ], [ 116.3182126, 35.6213233, 0.0 ], [ 116.3192609, 35.6202424, 0.0 ], [ 116.3200399, 35.6193817, 0.0 ], [ 116.3208089, 35.6183512, 0.0 ], [ 116.322147, 35.6172599, 0.0 ], [ 116.324114, 35.615428, 0.0 ], [ 116.3254421, 35.6149165, 0.0 ], [ 116.3267802, 35.6147447, 0.0 ] ] ] } },
{ "type": "Feature", "properties": { "Name": "东平县", "AdminCode": "370923", "Kind": "0137", "CityAdCode": "370900", "CityName": "泰安市", "ProName": "山东省", "Shape_Leng": 2.0981899394400001, "Shape_Area": 0.13398422272, "sheng": 370000 }, "geometry": { "type": "Polygon", "coordinates": [ [ [ 116.3038396, 35.7740625, 0.0 ], [ 116.3054473, 35.7747502, 0.0 ], [ 116.3062958, 35.7755487, 0.0 ], [ 116.3071346, 35.7765274, 0.0 ], [ 116.3090419, 35.7778345, 0.0 ], [ 116.3095211, 35.7789835, 0.0 ], [ 116.3109989, 35.7802511, 0.0 ], [ 116.3124068, 35.781109, 0.0 ], [ 116.3136748, 35.7819171, 0.0 ], [ 116.3151428, 35.7828249, 0.0 ], [ 116.3160612, 35.7830836, 0.0 ], [ 116.3169799, 35.7833423, 0.0 ], [ 116.3184476, 35.7840302, 0.0 ], [ 116.3197858, 35.7844882, 0.0 ], [ 116.3208442, 35.7848868, 0.0 ], [ 116.3218226, 35.7855253, 0.0 ], [ 116.3230708, 35.7864934, 0.0 ], [ 116.3234401, 35.7867828, 0.0 ], [ 116.324289, 35.7875815, 0.0 ], [ 116.3264558, 35.7912477, 0.0 ], [ 116.327664, 35.7930257, 0.0 ], [ 116.3286324, 35.7941142, 0.0 ], [ 116.3299007, 35.7954922, 0.0 ], [ 116.3310289, 35.7966904, 0.0 ], [ 116.3327864, 35.7978379, 0.0 ], [ 116.3346833, 35.7985852, 0.0 ], [ 116.3369999, 35.799152, 0.0 ], [ 116.3396761, 35.8000084, 0.0 ], [ 116.3397258, 35.8000183, 0.0 ], [ 116.3416432, 35.8000658, 0.0 ], [ 116.34368, 35.8002431, 0.0 ], [ 116.3445786, 35.8003219, 0.0 ], [ 116.3448083, 35.8003416, 0.0 ], [ 116.344948, 35.8003614, 0.0 ], [ 116.3472044, 35.8005883, 0.0 ], [ 116.3486725, 35.8005365, 0.0 ], [ 116.3500103, 35.8004748, 0.0 ], [ 116.3525468, 35.7995517, 0.0 ], [ 116.353665, 35.7985905, 0.0 ], [ 116.355073, 35.7971589, 0.0 ], [ 116.3557019, 35.7967182, 0.0 ], [ 116.3562012, 35.7963476, 0.0 ], [ 116.3572596, 35.7958963, 0.0 ], [ 116.3573096, 35.7959063, 0.0 ], [ 116.3579188, 35.7959255, 0.0 ], [ 116.3586676, 35.7959544, 0.0 ], [ 116.3597857, 35.795843, 0.0 ], [ 116.3621023, 35.79566, 0.0 ], [ 116.3644888, 35.7959569, 0.0 ], [ 116.3656271, 35.7962453, 0.0 ], [ 116.3691317, 35.7959508, 0.0 ], [ 116.3692915, 35.7959806, 0.0 ], [ 116.370959, 35.7962384, 0.0 ], [ 116.3722972, 35.7965766, 0.0 ], [ 116.3738347, 35.7973744, 0.0 ], [ 116.3750328, 35.7981328, 0.0 ], [ 116.3755224, 35.7984621, 0.0 ], [ 116.3765905, 35.7993805, 0.0 ], [ 116.377709, 35.8002988, 0.0 ], [ 116.3778188, 35.8003487, 0.0 ], [ 116.3786872, 35.8009273, 0.0 ], [ 116.3799554, 35.8016653, 0.0 ], [ 116.381493, 35.8019032, 0.0 ], [ 116.3826212, 35.8019517, 0.0 ], [ 116.384868, 35.8015489, 0.0 ], [ 116.3870449, 35.8005166, 0.0 ], [ 116.387824, 35.7996859, 0.0 ], [ 116.3878938, 35.7996058, 0.0 ], [ 116.3886624, 35.7989149, 0.0 ], [ 116.3897208, 35.7979336, 0.0 ], [ 116.3899307, 35.7977134, 0.0 ], [ 116.3914682, 35.7967915, 0.0 ], [ 116.3932956, 35.7954692, 0.0 ], [ 116.3943342, 35.794918, 0.0 ], [ 116.3951129, 35.794497, 0.0 ], [ 116.3965907, 35.7942651, 0.0 ], [ 116.3984879, 35.7939726, 0.0 ], [ 116.4003066, 35.7939714, 0.0 ], [ 116.4025616, 35.7943154, 0.0 ], [ 116.4037644, 35.7946076, 0.0 ], [ 116.4050975, 35.7949499, 0.0 ], [ 116.4064406, 35.7956423, 0.0 ], [ 116.4073226, 35.7960639, 0.0 ], [ 116.407994, 35.796385, 0.0 ], [ 116.4092569, 35.7970073, 0.0 ], [ 116.4093372, 35.7970574, 0.0 ], [ 116.4095579, 35.7971977, 0.0 ], [ 116.4101692, 35.7975887, 0.0 ], [ 116.4121438, 35.7983923, 0.0 ], [ 116.4134066, 35.7988444, 0.0 ], [ 116.4155915, 35.7991984, 0.0 ], [ 116.4168544, 35.7990206, 0.0 ], [ 116.4189593, 35.7984545, 0.0 ], [ 116.4199514, 35.7979864, 0.0 ], [ 116.4210844, 35.7973085, 0.0 ], [ 116.4216456, 35.7970496, 0.0 ], [ 116.4220664, 35.7968504, 0.0 ], [ 116.4224974, 35.7966311, 0.0 ], [ 116.4230489, 35.7963322, 0.0 ], [ 116.4253439, 35.7966763, 0.0 ], [ 116.4253741, 35.7966763, 0.0 ], [ 116.4272684, 35.7974196, 0.0 ], [ 116.428882, 35.7983924, 0.0 ], [ 116.4301549, 35.7994246, 0.0 ], [ 116.430646, 35.8005051, 0.0 ], [ 116.430696, 35.8007151, 0.0 ], [ 116.4308562, 35.8019447, 0.0 ], [ 116.4308558, 35.8030342, 0.0 ], [ 116.4309257, 35.8042337, 0.0 ], [ 116.4312162, 35.8055536, 0.0 ], [ 116.4313462, 35.807203, 0.0 ], [ 116.4342323, 35.8083476, 0.0 ], [ 116.4352946, 35.8086993, 0.0 ], [ 116.4367879, 35.8094516, 0.0 ], [ 116.4369082, 35.8095019, 0.0 ], [ 116.4387424, 35.809655, 0.0 ], [ 116.4400254, 35.810367, 0.0 ], [ 116.4400754, 35.8104071, 0.0 ], [ 116.4417588, 35.8113197, 0.0 ], [ 116.4431016, 35.8123415, 0.0 ], [ 116.4445049, 35.8127538, 0.0 ], [ 116.4457678, 35.813036, 0.0 ], [ 116.4473014, 35.8131287, 0.0 ], [ 116.4480527, 35.8138297, 0.0 ], [ 116.4492554, 35.8141717, 0.0 ], [ 116.4505982, 35.8143241, 0.0 ], [ 116.4523025, 35.8142271, 0.0 ], [ 116.4531244, 35.8141886, 0.0 ], [ 116.4534451, 35.8142092, 0.0 ], [ 116.4536856, 35.8142996, 0.0 ], [ 116.4537857, 35.8144897, 0.0 ], [ 116.4537554, 35.8147295, 0.0 ], [ 116.4533245, 35.8154984, 0.0 ], [ 116.4529735, 35.8160674, 0.0 ], [ 116.452372, 35.816686, 0.0 ], [ 116.4517603, 35.8171148, 0.0 ], [ 116.4512088, 35.8176835, 0.0 ], [ 116.4508578, 35.8185124, 0.0 ], [ 116.4508675, 35.8196719, 0.0 ], [ 116.4509075, 35.8203716, 0.0 ], [ 116.450797, 35.8216508, 0.0 ], [ 116.4505057, 35.8237192, 0.0 ], [ 116.4505255, 35.8245588, 0.0 ], [ 116.4510266, 35.8257291, 0.0 ], [ 116.4512869, 35.8261994, 0.0 ], [ 116.4516779, 35.8267098, 0.0 ], [ 116.4524792, 35.8274608, 0.0 ], [ 116.4533213, 35.8279321, 0.0 ], [ 116.4539826, 35.8279933, 0.0 ], [ 116.4546842, 35.8276648, 0.0 ], [ 116.4563683, 35.8269281, 0.0 ], [ 116.4576614, 35.8264207, 0.0 ], [ 116.4586637, 35.8264225, 0.0 ], [ 116.4592048, 35.8265534, 0.0 ], [ 116.4595957, 35.826764, 0.0 ], [ 116.4599266, 35.8270844, 0.0 ], [ 116.4600065, 35.8273145, 0.0 ], [ 116.4600565, 35.8279442, 0.0 ], [ 116.4595752, 35.8284432, 0.0 ], [ 116.458322, 35.8293605, 0.0 ], [ 116.4573799, 35.8300784, 0.0 ], [ 116.4569386, 35.8305674, 0.0 ], [ 116.4567283, 35.8309067, 0.0 ], [ 116.4566077, 35.8313564, 0.0 ], [ 116.4567377, 35.832426, 0.0 ], [ 116.4569782, 35.8331361, 0.0 ], [ 116.4570984, 35.8332962, 0.0 ], [ 116.4574793, 35.8335568, 0.0 ], [ 116.4581204, 35.8338778, 0.0 ], [ 116.458862, 35.834139, 0.0 ], [ 116.4595237, 35.8342801, 0.0 ], [ 116.4600148, 35.8344609, 0.0 ], [ 116.4609266, 35.8350522, 0.0 ], [ 116.4614677, 35.8357029, 0.0 ], [ 116.4618083, 35.8359134, 0.0 ], [ 116.4624296, 35.8361544, 0.0 ], [ 116.4636925, 35.8366564, 0.0 ], [ 116.4642538, 35.8368274, 0.0 ], [ 116.4648449, 35.8368584, 0.0 ], [ 116.4657571, 35.8365602, 0.0 ], [ 116.4668396, 35.8359825, 0.0 ], [ 116.4672508, 35.8354634, 0.0 ], [ 116.4673814, 35.8345241, 0.0 ], [ 116.4675719, 35.8335049, 0.0 ], [ 116.4676223, 35.8333151, 0.0 ], [ 116.4684546, 35.8317374, 0.0 ], [ 116.4689759, 35.8312187, 0.0 ], [ 116.4696876, 35.8307601, 0.0 ], [ 116.4697578, 35.8307103, 0.0 ], [ 116.4698579, 35.8306905, 0.0 ], [ 116.4709505, 35.8304826, 0.0 ], [ 116.4717623, 35.8306639, 0.0 ], [ 116.4723736, 35.8312047, 0.0 ], [ 116.4726241, 35.831525, 0.0 ], [ 116.4727242, 35.831915, 0.0 ], [ 116.472704, 35.8325947, 0.0 ], [ 116.4725132, 35.833324, 0.0 ], [ 116.4725032, 35.8333739, 0.0 ], [ 116.4719016, 35.8345723, 0.0 ], [ 116.4708288, 35.8362095, 0.0 ], [ 116.4706682, 35.8367089, 0.0 ], [ 116.470728, 35.8375786, 0.0 ], [ 116.471309, 35.8385891, 0.0 ], [ 116.4714995, 35.8390593, 0.0 ], [ 116.4717097, 35.8391796, 0.0 ], [ 116.4719704, 35.8392101, 0.0 ], [ 116.4726821, 35.8390514, 0.0 ], [ 116.473464, 35.8387729, 0.0 ], [ 116.4747071, 35.8378656, 0.0 ], [ 116.4753688, 35.8374371, 0.0 ], [ 116.476421, 35.8372091, 0.0 ], [ 116.4771526, 35.8371504, 0.0 ], [ 116.477744, 35.8372414, 0.0 ], [ 116.4793777, 35.8377941, 0.0 ], [ 116.4804498, 35.8382458, 0.0 ], [ 116.4816425, 35.8385677, 0.0 ], [ 116.4831858, 35.8385306, 0.0 ], [ 116.4842885, 35.8383027, 0.0 ], [ 116.4856918, 35.8378054, 0.0 ], [ 116.4868646, 35.8371679, 0.0 ], [ 116.4877369, 35.8367796, 0.0 ], [ 116.4883781, 35.8366708, 0.0 ], [ 116.4889094, 35.8365918, 0.0 ], [ 116.4896813, 35.8367132, 0.0 ], [ 116.4901021, 35.8369837, 0.0 ], [ 116.4912242, 35.8379553, 0.0 ], [ 116.4916854, 35.838256, 0.0 ], [ 116.492026, 35.8384365, 0.0 ], [ 116.4922564, 35.8384369, 0.0 ], [ 116.4925973, 35.8383576, 0.0 ], [ 116.4928277, 35.838278, 0.0 ], [ 116.4931686, 35.8382886, 0.0 ], [ 116.4933191, 35.8383688, 0.0 ], [ 116.4934894, 35.8385091, 0.0 ], [ 116.4936596, 35.8387692, 0.0 ], [ 116.49398, 35.8394795, 0.0 ], [ 116.4944509, 35.8399202, 0.0 ], [ 116.4948919, 35.8401808, 0.0 ], [ 116.4956436, 35.8407019, 0.0 ], [ 116.4962747, 35.8412227, 0.0 ], [ 116.4963848, 35.8413629, 0.0 ], [ 116.4965252, 35.841673, 0.0 ], [ 116.4967254, 35.8425029, 0.0 ], [ 116.4968856, 35.8427231, 0.0 ], [ 116.4971462, 35.8429334, 0.0 ], [ 116.4978576, 35.8434944, 0.0 ], [ 116.4991403, 35.8444763, 0.0 ], [ 116.4994808, 35.8446568, 0.0 ], [ 116.499892, 35.8447475, 0.0 ], [ 116.5006134, 35.8447988, 0.0 ], [ 116.5010141, 35.8447396, 0.0 ], [ 116.5016153, 35.8445807, 0.0 ], [ 116.5022366, 35.8442121, 0.0 ], [ 116.502678, 35.8436132, 0.0 ], [ 116.502728, 35.8430736, 0.0 ], [ 116.5026082, 35.8423337, 0.0 ], [ 116.5018972, 35.841053, 0.0 ], [ 116.5016066, 35.8403729, 0.0 ], [ 116.5014965, 35.8397629, 0.0 ], [ 116.5015868, 35.8394133, 0.0 ], [ 116.5018777, 35.838934, 0.0 ], [ 116.5024188, 35.8386752, 0.0 ], [ 116.5031104, 35.8385065, 0.0 ], [ 116.5038415, 35.8385378, 0.0 ], [ 116.505445, 35.8387007, 0.0 ], [ 116.5064468, 35.8388125, 0.0 ], [ 116.507669, 35.8394844, 0.0 ], [ 116.5084808, 35.8397658, 0.0 ], [ 116.5089316, 35.8397866, 0.0 ], [ 116.509172, 35.8396871, 0.0 ], [ 116.5094726, 35.8392978, 0.0 ], [ 116.5096832, 35.8391282, 0.0 ], [ 116.5098838, 35.8390487, 0.0 ], [ 116.5103446, 35.8390495, 0.0 ], [ 116.5106653, 35.8390701, 0.0 ], [ 116.5112766, 35.8392211, 0.0 ], [ 116.5119077, 35.8393722, 0.0 ], [ 116.5121881, 35.8395227, 0.0 ], [ 116.5123685, 35.8400427, 0.0 ], [ 116.5129794, 35.8409435, 0.0 ], [ 116.5133401, 35.841324, 0.0 ], [ 116.5140914, 35.841945, 0.0 ], [ 116.5141516, 35.8421251, 0.0 ], [ 116.5141814, 35.842355, 0.0 ], [ 116.5139107, 35.8430541, 0.0 ], [ 116.5139204, 35.8438338, 0.0 ], [ 116.5139003, 35.8444035, 0.0 ], [ 116.5136598, 35.8449727, 0.0 ], [ 116.5135093, 35.8453822, 0.0 ], [ 116.5131684, 35.8465411, 0.0 ], [ 116.5131882, 35.8475107, 0.0 ], [ 116.5138294, 35.8486512, 0.0 ], [ 116.51422, 35.8489019, 0.0 ], [ 116.5154022, 35.8494837, 0.0 ], [ 116.5158932, 35.8497146, 0.0 ], [ 116.5168951, 35.850406, 0.0 ], [ 116.5173257, 35.8506268, 0.0 ], [ 116.5180072, 35.850718, 0.0 ], [ 116.518378, 35.8506387, 0.0 ], [ 116.5188492, 35.8503497, 0.0 ], [ 116.5190998, 35.8501103, 0.0 ], [ 116.5191797, 35.8497607, 0.0 ], [ 116.5191397, 35.8495206, 0.0 ], [ 116.5190998, 35.8492407, 0.0 ], [ 116.5186591, 35.8484503, 0.0 ], [ 116.5183488, 35.8477401, 0.0 ], [ 116.5182988, 35.8475601, 0.0 ], [ 116.5183286, 35.8472102, 0.0 ], [ 116.5184892, 35.8459412, 0.0 ], [ 116.5186598, 35.8451419, 0.0 ], [ 116.5189306, 35.8446826, 0.0 ], [ 116.519121, 35.8444831, 0.0 ], [ 116.5197823, 35.8441144, 0.0 ], [ 116.5211154, 35.8436671, 0.0 ], [ 116.521556, 35.8436779, 0.0 ], [ 116.5223977, 35.8441992, 0.0 ], [ 116.5228686, 35.8446398, 0.0 ], [ 116.5237603, 35.845621, 0.0 ], [ 116.5244011, 35.8466117, 0.0 ], [ 116.5248018, 35.8472322, 0.0 ], [ 116.5257436, 35.8477937, 0.0 ], [ 116.5264452, 35.8480949, 0.0 ], [ 116.5273567, 35.8483764, 0.0 ], [ 116.5286995, 35.8484788, 0.0 ], [ 116.531816, 35.8484346, 0.0 ], [ 116.532828, 35.8484365, 0.0 ], [ 116.5339505, 35.8485385, 0.0 ], [ 116.5351428, 35.8487906, 0.0 ], [ 116.5360946, 35.8490821, 0.0 ], [ 116.5372268, 35.8494641, 0.0 ], [ 116.5390906, 35.850607, 0.0 ], [ 116.540032, 35.8521481, 0.0 ], [ 116.5409035, 35.853529, 0.0 ], [ 116.5412239, 35.8550889, 0.0 ], [ 116.5416847, 35.8574887, 0.0 ], [ 116.5427766, 35.8588801, 0.0 ], [ 116.5433879, 35.859431, 0.0 ], [ 116.5450111, 35.8605535, 0.0 ], [ 116.5456418, 35.8623738, 0.0 ], [ 116.5461329, 35.8636242, 0.0 ], [ 116.5469843, 35.8649451, 0.0 ], [ 116.5467737, 35.8667739, 0.0 ], [ 116.5467935, 35.8670638, 0.0 ], [ 116.5467834, 35.8680933, 0.0 ], [ 116.5465627, 35.8694623, 0.0 ], [ 116.5470732, 35.8725518, 0.0 ], [ 116.547484, 35.8738221, 0.0 ], [ 116.5474937, 35.8752415, 0.0 ], [ 116.5474937, 35.8765609, 0.0 ], [ 116.547363, 35.8777001, 0.0 ], [ 116.5477838, 35.8791902, 0.0 ], [ 116.5496173, 35.8813626, 0.0 ], [ 116.5502488, 35.8821035, 0.0 ], [ 116.550419, 35.8823137, 0.0 ], [ 116.5509601, 35.8830144, 0.0 ], [ 116.5513108, 35.8839947, 0.0 ], [ 116.5511704, 35.8850839, 0.0 ], [ 116.5510397, 35.8859932, 0.0 ], [ 116.5512499, 35.8875429, 0.0 ], [ 116.5513298, 35.8889125, 0.0 ], [ 116.5516103, 35.8899425, 0.0 ], [ 116.5516805, 35.8910022, 0.0 ], [ 116.5523818, 35.8920031, 0.0 ], [ 116.5536544, 35.8936048, 0.0 ], [ 116.5560192, 35.8952685, 0.0 ], [ 116.567564, 35.8997584, 0.0 ], [ 116.5759628, 35.902594, 0.0 ], [ 116.582828, 35.903117, 0.0 ], [ 116.5843112, 35.9030598, 0.0 ], [ 116.5859348, 35.9034028, 0.0 ], [ 116.587759, 35.9037463, 0.0 ], [ 116.5893124, 35.9047192, 0.0 ], [ 116.5904449, 35.9055812, 0.0 ], [ 116.5914371, 35.906553, 0.0 ], [ 116.5921488, 35.9073443, 0.0 ], [ 116.5930711, 35.9086658, 0.0 ], [ 116.5984034, 35.9168652, 0.0 ], [ 116.5992458, 35.9221262, 0.0 ], [ 116.6007262, 35.9238964, 0.0 ], [ 116.6016442, 35.9251449, 0.0 ], [ 116.6024228, 35.9264037, 0.0 ], [ 116.603271, 35.9272624, 0.0 ], [ 116.6040396, 35.9280512, 0.0 ], [ 116.6053172, 35.9289193, 0.0 ], [ 116.606974, 35.9306367, 0.0 ], [ 116.6123034, 35.9361885, 0.0 ], [ 116.6145386, 35.9376351, 0.0 ], [ 116.6176523, 35.9380905, 0.0 ], [ 116.6196283, 35.9381877, 0.0 ], [ 116.6206759, 35.9380263, 0.0 ], [ 116.6232906, 35.9377425, 0.0 ], [ 116.6276416, 35.9382862, 0.0 ], [ 116.6348966, 35.9404854, 0.0 ], [ 116.635595, 35.9409044, 0.0 ], [ 116.6367928, 35.9422125, 0.0 ], [ 116.6374415, 35.9432414, 0.0 ], [ 116.6384192, 35.9442698, 0.0 ], [ 116.6389981, 35.9451789, 0.0 ], [ 116.6389981, 35.9461588, 0.0 ], [ 116.6387886, 35.9470789, 0.0 ], [ 116.6382997, 35.9481695, 0.0 ], [ 116.6378508, 35.9487701, 0.0 ], [ 116.6371819, 35.9496609, 0.0 ], [ 116.6366135, 35.9504517, 0.0 ], [ 116.6349269, 35.951674, 0.0 ], [ 116.6337392, 35.9524156, 0.0 ], [ 116.6323921, 35.9527575, 0.0 ], [ 116.6310652, 35.9532793, 0.0 ], [ 116.6300773, 35.9538007, 0.0 ], [ 116.6289595, 35.9544922, 0.0 ], [ 116.6281214, 35.9552334, 0.0 ], [ 116.6272733, 35.9558644, 0.0 ], [ 116.6266346, 35.9569552, 0.0 ], [ 116.6266447, 35.958795, 0.0 ], [ 116.6267945, 35.9598247, 0.0 ], [ 116.6269342, 35.9607944, 0.0 ], [ 116.6272934, 35.9626236, 0.0 ], [ 116.6272934, 35.9637035, 0.0 ], [ 116.6272236, 35.9648534, 0.0 ], [ 116.6273035, 35.9658931, 0.0 ], [ 116.627593, 35.9677725, 0.0 ], [ 116.6279522, 35.9690918, 0.0 ], [ 116.6282316, 35.9700013, 0.0 ], [ 116.6284512, 35.9709208, 0.0 ], [ 116.6283817, 35.9727008, 0.0 ], [ 116.6290902, 35.9743595, 0.0 ], [ 116.6293098, 35.975379, 0.0 ], [ 116.6298786, 35.9764681, 0.0 ], [ 116.6306569, 35.9775567, 0.0 ], [ 116.6312855, 35.9783557, 0.0 ], [ 116.631994, 35.9792145, 0.0 ], [ 116.6323432, 35.9803639, 0.0 ], [ 116.6332712, 35.9820823, 0.0 ], [ 116.6330617, 35.9831024, 0.0 ], [ 116.6327924, 35.9842527, 0.0 ], [ 116.6327924, 35.9854525, 0.0 ], [ 116.6325829, 35.9872826, 0.0 ], [ 116.6326628, 35.9891722, 0.0 ], [ 116.6332219, 35.9900813, 0.0 ], [ 116.6338004, 35.9913403, 0.0 ], [ 116.6347786, 35.9923686, 0.0 ], [ 116.6364846, 35.9945458, 0.0 ], [ 116.6376125, 35.995744, 0.0 ], [ 116.6386003, 35.9969423, 0.0 ], [ 116.639528, 35.9979808, 0.0 ], [ 116.6402365, 35.9987197, 0.0 ], [ 116.6416337, 35.9999974, 0.0 ], [ 116.6417734, 36.0001271, 0.0 ], [ 116.641903, 36.0002369, 0.0 ], [ 116.6423119, 36.0016259, 0.0 ], [ 116.6424908, 36.0032852, 0.0 ], [ 116.6426003, 36.0055645, 0.0 ], [ 116.6441461, 36.0086414, 0.0 ], [ 116.6455228, 36.010219, 0.0 ], [ 116.6491645, 36.0126929, 0.0 ], [ 116.6524369, 36.0142576, 0.0 ], [ 116.6565276, 36.0171708, 0.0 ], [ 116.657924, 36.020478, 0.0 ], [ 116.6592308, 36.0220057, 0.0 ], [ 116.6610866, 36.0231227, 0.0 ], [ 116.6615957, 36.0235818, 0.0 ], [ 116.6632214, 36.0273885, 0.0 ], [ 116.6635505, 36.0295076, 0.0 ], [ 116.6633006, 36.0309975, 0.0 ], [ 116.6619233, 36.0329691, 0.0 ], [ 116.6608753, 36.0334405, 0.0 ], [ 116.6599674, 36.0336218, 0.0 ], [ 116.6592589, 36.0335729, 0.0 ], [ 116.6581314, 36.0331846, 0.0 ], [ 116.6566248, 36.032297, 0.0 ], [ 116.6554073, 36.031399, 0.0 ], [ 116.653761, 36.0299818, 0.0 ], [ 116.6507579, 36.0280767, 0.0 ], [ 116.6496203, 36.0279884, 0.0 ], [ 116.648762, 36.0283096, 0.0 ], [ 116.6482832, 36.02913, 0.0 ], [ 116.6478138, 36.0305704, 0.0 ], [ 116.6470348, 36.0332309, 0.0 ], [ 116.646476, 36.0335816, 0.0 ], [ 116.6446199, 36.034774, 0.0 ], [ 116.6407376, 36.0359394, 0.0 ], [ 116.6368957, 36.0364149, 0.0 ], [ 116.6342713, 36.0360388, 0.0 ], [ 116.6324357, 36.0353217, 0.0 ], [ 116.6311483, 36.0347137, 0.0 ], [ 116.6302303, 36.0342653, 0.0 ], [ 116.628664, 36.0339476, 0.0 ], [ 116.6273266, 36.0339595, 0.0 ], [ 116.6249916, 36.0342929, 0.0 ], [ 116.6245924, 36.0343435, 0.0 ], [ 116.6219377, 36.035527, 0.0 ], [ 116.6196226, 36.0367301, 0.0 ], [ 116.6192132, 36.0369406, 0.0 ], [ 116.6169078, 36.0378937, 0.0 ], [ 116.6158598, 36.0382451, 0.0 ], [ 116.6147125, 36.0374071, 0.0 ], [ 116.614134, 36.0366181, 0.0 ], [ 116.6132063, 36.0361096, 0.0 ], [ 116.6121486, 36.0356713, 0.0 ], [ 116.6105819, 36.0353537, 0.0 ], [ 116.6088755, 36.0353262, 0.0 ], [ 116.6082768, 36.035387, 0.0 ], [ 116.608167, 36.0353972, 0.0 ], [ 116.6046844, 36.0356722, 0.0 ], [ 116.6017907, 36.0357665, 0.0 ], [ 116.5985114, 36.0356463, 0.0 ], [ 116.5976996, 36.0356548, 0.0 ], [ 116.5962064, 36.035272, 0.0 ], [ 116.595495, 36.0347008, 0.0 ], [ 116.5934714, 36.0326675, 0.0 ], [ 116.5921888, 36.0320452, 0.0 ], [ 116.5892926, 36.0317997, 0.0 ], [ 116.5877993, 36.031477, 0.0 ], [ 116.586086, 36.0306939, 0.0 ], [ 116.5857253, 36.0302933, 0.0 ], [ 116.5845535, 36.0279018, 0.0 ], [ 116.58276, 36.0267787, 0.0 ], [ 116.5758548, 36.0270353, 0.0 ], [ 116.5714852, 36.0271469, 0.0 ], [ 116.5689598, 36.0279218, 0.0 ], [ 116.5688885, 36.0317103, 0.0 ], [ 116.5707302, 36.0394714, 0.0 ], [ 116.5721324, 36.0425431, 0.0 ], [ 116.5722224, 36.0438328, 0.0 ], [ 116.572522, 36.047922, 0.0 ], [ 116.5719902, 36.0497104, 0.0 ], [ 116.5702662, 36.0515065, 0.0 ], [ 116.5692136, 36.0519143, 0.0 ], [ 116.5669686, 36.0524597, 0.0 ], [ 116.5621784, 36.0529203, 0.0 ], [ 116.5578286, 36.0541213, 0.0 ], [ 116.557137, 36.0548797, 0.0 ], [ 116.5570769, 36.0553994, 0.0 ], [ 116.5572367, 36.0564794, 0.0 ], [ 116.5575373, 36.0576796, 0.0 ], [ 116.5573861, 36.0603784, 0.0 ], [ 116.5548694, 36.0651618, 0.0 ], [ 116.5532659, 36.0663782, 0.0 ], [ 116.5519026, 36.0670853, 0.0 ], [ 116.5516621, 36.0672048, 0.0 ], [ 116.5501188, 36.0676316, 0.0 ], [ 116.5486457, 36.0678786, 0.0 ], [ 116.5438652, 36.0687989, 0.0 ], [ 116.5413298, 36.0688838, 0.0 ], [ 116.5380228, 36.0689373, 0.0 ], [ 116.5337237, 36.0689889, 0.0 ], [ 116.5289429, 36.0706189, 0.0 ], [ 116.5246639, 36.0706104, 0.0 ], [ 116.5212868, 36.0711136, 0.0 ], [ 116.5167968, 36.0715746, 0.0 ], [ 116.5084189, 36.0722078, 0.0 ], [ 116.5015843, 36.0727042, 0.0 ], [ 116.5000111, 36.072811, 0.0 ], [ 116.49956, 36.0728502, 0.0 ], [ 116.4947796, 36.073722, 0.0 ], [ 116.494429, 36.0737514, 0.0 ], [ 116.4927254, 36.0738586, 0.0 ], [ 116.488386, 36.0736415, 0.0 ], [ 116.4877952, 36.0716013, 0.0 ], [ 116.4877751, 36.0715313, 0.0 ], [ 116.4868038, 36.0688506, 0.0 ], [ 116.4860723, 36.06721, 0.0 ], [ 116.4852209, 36.066349, 0.0 ], [ 116.4802705, 36.0655609, 0.0 ], [ 116.4773743, 36.0649164, 0.0 ], [ 116.4752899, 36.064683, 0.0 ], [ 116.4742679, 36.0647213, 0.0 ], [ 116.4720128, 36.0646475, 0.0 ], [ 116.4694774, 36.0645133, 0.0 ], [ 116.4680042, 36.0643209, 0.0 ], [ 116.4674934, 36.0642501, 0.0 ], [ 116.467403, 36.0642299, 0.0 ], [ 116.4636752, 36.0632141, 0.0 ], [ 116.4590755, 36.0626366, 0.0 ], [ 116.4561995, 36.0627917, 0.0 ], [ 116.4523914, 36.0629553, 0.0 ], [ 116.4486935, 36.0631091, 0.0 ], [ 116.4475912, 36.0628473, 0.0 ], [ 116.4467394, 36.0623561, 0.0 ], [ 116.4457271, 36.0617645, 0.0 ], [ 116.4442342, 36.0611322, 0.0 ], [ 116.4426206, 36.0604497, 0.0 ], [ 116.4418492, 36.0598885, 0.0 ], [ 116.4410276, 36.0593973, 0.0 ], [ 116.4395848, 36.0584351, 0.0 ], [ 116.4382218, 36.057953, 0.0 ], [ 116.4380713, 36.0579327, 0.0 ], [ 116.4367487, 36.0577905, 0.0 ], [ 116.4361673, 36.0577396, 0.0 ], [ 116.4344738, 36.0575668, 0.0 ], [ 116.4340228, 36.057526, 0.0 ], [ 116.433612, 36.0576753, 0.0 ], [ 116.4326998, 36.0580136, 0.0 ], [ 116.4324492, 36.0581233, 0.0 ], [ 116.4322289, 36.0582128, 0.0 ], [ 116.431367, 36.0585113, 0.0 ], [ 116.430926, 36.0586905, 0.0 ], [ 116.430485, 36.0588497, 0.0 ], [ 116.430034, 36.0590189, 0.0 ], [ 116.4299137, 36.0590687, 0.0 ], [ 116.4293024, 36.0603373, 0.0 ], [ 116.4287408, 36.0614761, 0.0 ], [ 116.4295426, 36.063417, 0.0 ], [ 116.4296326, 36.0644969, 0.0 ], [ 116.4296023, 36.0666762, 0.0 ], [ 116.4293413, 36.0675956, 0.0 ], [ 116.4280885, 36.0686932, 0.0 ], [ 116.4261244, 36.0693498, 0.0 ], [ 116.4234586, 36.0697852, 0.0 ], [ 116.4224164, 36.0698235, 0.0 ], [ 116.4223562, 36.0698234, 0.0 ], [ 116.4215444, 36.0698621, 0.0 ], [ 116.4191494, 36.069998, 0.0 ], [ 116.4171654, 36.0703147, 0.0 ], [ 116.415211, 36.0710212, 0.0 ], [ 116.4135874, 36.0713785, 0.0 ], [ 116.4097793, 36.0715422, 0.0 ], [ 116.407805, 36.0717288, 0.0 ], [ 116.4030451, 36.0706912, 0.0 ], [ 116.4009208, 36.0701978, 0.0 ], [ 116.399659, 36.0704966, 0.0 ], [ 116.39911, 36.071367, 0.0 ], [ 116.39885, 36.0724572, 0.0 ], [ 116.3986603, 36.0740671, 0.0 ], [ 116.3985404, 36.0750971, 0.0 ], [ 116.3984404, 36.0774467, 0.0 ], [ 116.3981704, 36.078187, 0.0 ], [ 116.397761, 36.0789473, 0.0 ], [ 116.396942, 36.0802681, 0.0 ], [ 116.3961133, 36.081309, 0.0 ], [ 116.3948648, 36.0826503, 0.0 ], [ 116.3945653, 36.0831407, 0.0 ], [ 116.3944357, 36.0833508, 0.0 ], [ 116.3938363, 36.0843214, 0.0 ], [ 116.3919089, 36.0868134, 0.0 ], [ 116.3861075, 36.0893505, 0.0 ], [ 116.3840605, 36.0894231, 0.0 ], [ 116.381804, 36.0893461, 0.0 ], [ 116.3765117, 36.0890631, 0.0 ], [ 116.375044, 36.0888151, 0.0 ], [ 116.3742451, 36.0886861, 0.0 ], [ 116.3739658, 36.0886465, 0.0 ], [ 116.3715595, 36.0883097, 0.0 ], [ 116.3692728, 36.0883527, 0.0 ], [ 116.3685337, 36.0883737, 0.0 ], [ 116.3668363, 36.088376, 0.0 ], [ 116.3650792, 36.0883283, 0.0 ], [ 116.3639509, 36.0878698, 0.0 ], [ 116.3632421, 36.0874708, 0.0 ], [ 116.3623932, 36.0867821, 0.0 ], [ 116.3607656, 36.0858745, 0.0 ], [ 116.3601968, 36.0854753, 0.0 ], [ 116.358719, 36.0846774, 0.0 ], [ 116.3577305, 36.0842788, 0.0 ], [ 116.3571613, 36.0841696, 0.0 ], [ 116.3567419, 36.0840602, 0.0 ], [ 116.3562426, 36.0840608, 0.0 ], [ 116.3556036, 36.0841117, 0.0 ], [ 116.355254, 36.0842321, 0.0 ], [ 116.3541359, 36.0844635, 0.0 ], [ 116.353427, 36.0846344, 0.0 ], [ 116.3524784, 36.0846756, 0.0 ], [ 116.3515896, 36.0841769, 0.0 ], [ 116.3512202, 36.0833676, 0.0 ], [ 116.3511403, 36.0831978, 0.0 ], [ 116.3511004, 36.0830978, 0.0 ], [ 116.3510906, 36.0822981, 0.0 ], [ 116.3512307, 36.0808682, 0.0 ], [ 116.3512206, 36.0793786, 0.0 ], [ 116.3512908, 36.077489, 0.0 ], [ 116.3513509, 36.0755394, 0.0 ], [ 116.3511313, 36.0741101, 0.0 ], [ 116.3504923, 36.0731411, 0.0 ], [ 116.3479464, 36.0709051, 0.0 ], [ 116.3459696, 36.0700579, 0.0 ], [ 116.3438726, 36.0695108, 0.0 ], [ 116.3403882, 36.0681158, 0.0 ], [ 116.3373127, 36.0660904, 0.0 ], [ 116.3368138, 36.0654612, 0.0 ], [ 116.3365942, 36.0650017, 0.0 ], [ 116.3364444, 36.064492, 0.0 ], [ 116.3361449, 36.0637526, 0.0 ], [ 116.3360552, 36.062493, 0.0 ], [ 116.3347571, 36.0608953, 0.0 ], [ 116.3325607, 36.0600683, 0.0 ], [ 116.3301541, 36.0596318, 0.0 ], [ 116.3250619, 36.0591787, 0.0 ], [ 116.3234344, 36.0589609, 0.0 ], [ 116.3213975, 36.0588737, 0.0 ], [ 116.31983, 36.058196, 0.0 ], [ 116.3185319, 36.057128, 0.0 ], [ 116.3173936, 36.0562198, 0.0 ], [ 116.315896, 36.0550321, 0.0 ], [ 116.3125613, 36.053577, 0.0 ], [ 116.3108538, 36.0530895, 0.0 ], [ 116.3068999, 36.0531248, 0.0 ], [ 116.3031754, 36.0540295, 0.0 ], [ 116.3024665, 36.0537505, 0.0 ], [ 116.3026562, 36.0521408, 0.0 ], [ 116.302896, 36.0493913, 0.0 ], [ 116.3023772, 36.0478525, 0.0 ], [ 116.3004804, 36.044496, 0.0 ], [ 116.3006802, 36.0433461, 0.0 ], [ 116.3013494, 36.0408759, 0.0 ], [ 116.3008901, 36.0395069, 0.0 ], [ 116.2998817, 36.0376787, 0.0 ], [ 116.2987214, 36.0361492, 0.0 ], [ 116.2971313, 36.03353, 0.0 ], [ 116.2973218, 36.0323304, 0.0 ], [ 116.2974416, 36.0311808, 0.0 ], [ 116.2969218, 36.0292913, 0.0 ], [ 116.294171, 36.0296113, 0.0 ], [ 116.292911, 36.0300812, 0.0 ], [ 116.2916503, 36.0308911, 0.0 ], [ 116.2901401, 36.0318508, 0.0 ], [ 116.29008, 36.0318908, 0.0 ], [ 116.2887095, 36.0327505, 0.0 ], [ 116.2874592, 36.0336204, 0.0 ], [ 116.2864087, 36.0345002, 0.0 ], [ 116.2846681, 36.0361697, 0.0 ], [ 116.284158, 36.0367896, 0.0 ], [ 116.283578, 36.0371495, 0.0 ], [ 116.2832879, 36.0372795, 0.0 ], [ 116.2824577, 36.0374495, 0.0 ], [ 116.2815775, 36.0375195, 0.0 ], [ 116.279847, 36.0376495, 0.0 ], [ 116.2790269, 36.0377895, 0.0 ], [ 116.2782666, 36.0380595, 0.0 ], [ 116.2768961, 36.0386693, 0.0 ], [ 116.275946, 36.0388993, 0.0 ], [ 116.2748855, 36.0390593, 0.0 ], [ 116.2738854, 36.0391893, 0.0 ], [ 116.2731352, 36.0392893, 0.0 ], [ 116.2727752, 36.0393493, 0.0 ], [ 116.2723651, 36.0394193, 0.0 ], [ 116.2720447, 36.0395293, 0.0 ], [ 116.2716448, 36.0397292, 0.0 ], [ 116.2713146, 36.0399792, 0.0 ], [ 116.2710245, 36.0402991, 0.0 ], [ 116.2707944, 36.0405891, 0.0 ], [ 116.2707044, 36.040829, 0.0 ], [ 116.2705644, 36.0412988, 0.0 ], [ 116.270474, 36.0416588, 0.0 ], [ 116.2703743, 36.0419187, 0.0 ], [ 116.270104, 36.0422286, 0.0 ], [ 116.2697141, 36.0425386, 0.0 ], [ 116.2693937, 36.0429085, 0.0 ], [ 116.2692338, 36.0431884, 0.0 ], [ 116.2691136, 36.0434884, 0.0 ], [ 116.2689635, 36.0438283, 0.0 ], [ 116.2688634, 36.0440582, 0.0 ], [ 116.2687234, 36.044648, 0.0 ], [ 116.2686532, 36.0451179, 0.0 ], [ 116.2685434, 36.0458677, 0.0 ], [ 116.2684832, 36.0462976, 0.0 ], [ 116.2684631, 36.0467275, 0.0 ], [ 116.2684829, 36.0471474, 0.0 ], [ 116.268493, 36.0474673, 0.0 ], [ 116.2685329, 36.0480571, 0.0 ], [ 116.268583, 36.048547, 0.0 ], [ 116.2685128, 36.048847, 0.0 ], [ 116.2683428, 36.0491869, 0.0 ], [ 116.2682028, 36.0494368, 0.0 ], [ 116.2680527, 36.0497167, 0.0 ], [ 116.2679126, 36.0499866, 0.0 ], [ 116.2678424, 36.0503565, 0.0 ], [ 116.2679022, 36.0509664, 0.0 ], [ 116.2679324, 36.0512963, 0.0 ], [ 116.2679522, 36.0515462, 0.0 ], [ 116.2679821, 36.0519561, 0.0 ], [ 116.2680124, 36.0522361, 0.0 ], [ 116.2680322, 36.0527159, 0.0 ], [ 116.2680422, 36.0531458, 0.0 ], [ 116.2679119, 36.0535057, 0.0 ], [ 116.2678021, 36.0537257, 0.0 ], [ 116.267692, 36.0539256, 0.0 ], [ 116.2674018, 36.0542756, 0.0 ], [ 116.2671718, 36.0544855, 0.0 ], [ 116.2669417, 36.0547054, 0.0 ], [ 116.2667516, 36.0548854, 0.0 ], [ 116.2664813, 36.0551453, 0.0 ], [ 116.2662314, 36.0554453, 0.0 ], [ 116.2659514, 36.0557752, 0.0 ], [ 116.2656911, 36.0560452, 0.0 ], [ 116.2654312, 36.0562951, 0.0 ], [ 116.2652108, 36.0564951, 0.0 ], [ 116.264961, 36.056755, 0.0 ], [ 116.2646708, 36.0570749, 0.0 ], [ 116.2643605, 36.0574049, 0.0 ], [ 116.2641604, 36.0576348, 0.0 ], [ 116.2638205, 36.0580147, 0.0 ], [ 116.2634803, 36.0584147, 0.0 ], [ 116.2632402, 36.0588445, 0.0 ], [ 116.2630501, 36.0591845, 0.0 ], [ 116.2627798, 36.0596744, 0.0 ], [ 116.2625998, 36.0599943, 0.0 ], [ 116.2624097, 36.0603042, 0.0 ], [ 116.2622297, 36.0606242, 0.0 ], [ 116.2620497, 36.0609241, 0.0 ], [ 116.2618693, 36.061244, 0.0 ], [ 116.2617192, 36.0615139, 0.0 ], [ 116.2615194, 36.0618239, 0.0 ], [ 116.2613192, 36.0620838, 0.0 ], [ 116.2609391, 36.0624538, 0.0 ], [ 116.260709, 36.0626337, 0.0 ], [ 116.2602486, 36.0629237, 0.0 ], [ 116.2598886, 36.0631336, 0.0 ], [ 116.2596085, 36.0632936, 0.0 ], [ 116.2592986, 36.0634636, 0.0 ], [ 116.2589782, 36.0636436, 0.0 ], [ 116.2586383, 36.0638336, 0.0 ], [ 116.2583881, 36.0639835, 0.0 ], [ 116.2578978, 36.0643135, 0.0 ], [ 116.2575277, 36.0645634, 0.0 ], [ 116.2572376, 36.0647634, 0.0 ], [ 116.2568574, 36.0650534, 0.0 ], [ 116.2565773, 36.0652833, 0.0 ], [ 116.2563473, 36.0655532, 0.0 ], [ 116.2562072, 36.0658332, 0.0 ], [ 116.2561072, 36.0662031, 0.0 ], [ 116.2560773, 36.066473, 0.0 ], [ 116.2561673, 36.0669829, 0.0 ], [ 116.256217, 36.0672928, 0.0 ], [ 116.2563368, 36.0681126, 0.0 ], [ 116.2564168, 36.0687424, 0.0 ], [ 116.2565168, 36.0693923, 0.0 ], [ 116.2566169, 36.0698222, 0.0 ], [ 116.2567368, 36.070332, 0.0 ], [ 116.2568466, 36.0708219, 0.0 ], [ 116.2569067, 36.0710618, 0.0 ], [ 116.2569366, 36.0714417, 0.0 ], [ 116.2569866, 36.0721115, 0.0 ], [ 116.2570165, 36.0725114, 0.0 ], [ 116.2569863, 36.0732713, 0.0 ], [ 116.2569762, 36.0738911, 0.0 ], [ 116.2568563, 36.0748508, 0.0 ], [ 116.2568063, 36.0752407, 0.0 ], [ 116.256856, 36.0758406, 0.0 ], [ 116.2569161, 36.0763204, 0.0 ], [ 116.2570061, 36.0766704, 0.0 ], [ 116.2571159, 36.0769303, 0.0 ], [ 116.2572458, 36.0771802, 0.0 ], [ 116.2574658, 36.0774701, 0.0 ], [ 116.2576861, 36.0777101, 0.0 ], [ 116.257946, 36.0780199, 0.0 ], [ 116.2581862, 36.0783399, 0.0 ], [ 116.2583662, 36.0785897, 0.0 ], [ 116.2587362, 36.0790896, 0.0 ], [ 116.2588961, 36.0793295, 0.0 ], [ 116.259286, 36.0800893, 0.0 ], [ 116.259466, 36.0805991, 0.0 ], [ 116.259646, 36.081189, 0.0 ], [ 116.259736, 36.0815189, 0.0 ], [ 116.259876, 36.0820187, 0.0 ], [ 116.2599361, 36.0822987, 0.0 ], [ 116.2599458, 36.0826986, 0.0 ], [ 116.259876, 36.0830585, 0.0 ], [ 116.2598458, 36.0832684, 0.0 ], [ 116.2598357, 36.0832984, 0.0 ], [ 116.2597457, 36.0836683, 0.0 ], [ 116.2595556, 36.0841982, 0.0 ], [ 116.2594757, 36.0844382, 0.0 ], [ 116.2591452, 36.085118, 0.0 ], [ 116.2589954, 36.085378, 0.0 ], [ 116.2588752, 36.0855879, 0.0 ], [ 116.2586351, 36.0858379, 0.0 ], [ 116.2582351, 36.0861378, 0.0 ], [ 116.2578247, 36.0864678, 0.0 ], [ 116.2575148, 36.0867277, 0.0 ], [ 116.2572847, 36.0869977, 0.0 ], [ 116.2570846, 36.0874175, 0.0 ], [ 116.2568642, 36.0879275, 0.0 ], [ 116.2566943, 36.0884373, 0.0 ], [ 116.2565442, 36.0888373, 0.0 ], [ 116.256424, 36.0892472, 0.0 ], [ 116.2563538, 36.0895771, 0.0 ], [ 116.2563138, 36.090057, 0.0 ], [ 116.2561936, 36.0908168, 0.0 ], [ 116.2561334, 36.0913766, 0.0 ], [ 116.2560733, 36.0919865, 0.0 ], [ 116.2561036, 36.0923164, 0.0 ], [ 116.2562134, 36.0926363, 0.0 ], [ 116.2567836, 36.093426, 0.0 ], [ 116.2573837, 36.0941459, 0.0 ], [ 116.2576937, 36.0945257, 0.0 ], [ 116.2578935, 36.0947756, 0.0 ], [ 116.2579936, 36.0951955, 0.0 ], [ 116.2577934, 36.0956754, 0.0 ], [ 116.2574932, 36.0962353, 0.0 ], [ 116.2571933, 36.0967952, 0.0 ], [ 116.256753, 36.097645, 0.0 ], [ 116.2566227, 36.097905, 0.0 ], [ 116.2565327, 36.0981549, 0.0 ], [ 116.2562825, 36.0988147, 0.0 ], [ 116.2560823, 36.0994246, 0.0 ], [ 116.2560024, 36.0998245, 0.0 ], [ 116.2559524, 36.1000844, 0.0 ], [ 116.2559124, 36.1004243, 0.0 ], [ 116.2559822, 36.1010242, 0.0 ], [ 116.256262, 36.101874, 0.0 ], [ 116.2566522, 36.1030136, 0.0 ], [ 116.2570219, 36.1039534, 0.0 ], [ 116.2573621, 36.1046632, 0.0 ], [ 116.2576822, 36.1050131, 0.0 ], [ 116.2581721, 36.1054129, 0.0 ], [ 116.2589123, 36.1059127, 0.0 ], [ 116.2599926, 36.1065825, 0.0 ], [ 116.2607324, 36.1070123, 0.0 ], [ 116.2609826, 36.1072623, 0.0 ], [ 116.2613628, 36.1081319, 0.0 ], [ 116.2615727, 36.1089418, 0.0 ], [ 116.2615824, 36.1089717, 0.0 ], [ 116.2616324, 36.1091717, 0.0 ], [ 116.2618024, 36.1098815, 0.0 ], [ 116.2620223, 36.1107313, 0.0 ], [ 116.2621724, 36.1114111, 0.0 ], [ 116.2622822, 36.1118011, 0.0 ], [ 116.2626224, 36.1121009, 0.0 ], [ 116.2629824, 36.1122709, 0.0 ], [ 116.2639728, 36.1127506, 0.0 ], [ 116.2644628, 36.1129705, 0.0 ], [ 116.2647828, 36.1131405, 0.0 ], [ 116.2649927, 36.1133504, 0.0 ], [ 116.2651727, 36.1136903, 0.0 ], [ 116.2654128, 36.1145002, 0.0 ], [ 116.2657026, 36.1156099, 0.0 ], [ 116.2659326, 36.1165996, 0.0 ], [ 116.2661724, 36.1176993, 0.0 ], [ 116.2662923, 36.1184792, 0.0 ], [ 116.2663121, 36.1193589, 0.0 ], [ 116.2663121, 36.1205087, 0.0 ], [ 116.2661616, 36.1218083, 0.0 ], [ 116.2660518, 36.1222882, 0.0 ], [ 116.2653815, 36.1225782, 0.0 ], [ 116.2643911, 36.1227883, 0.0 ], [ 116.2632208, 36.1230283, 0.0 ], [ 116.2620904, 36.1232483, 0.0 ], [ 116.2615003, 36.1233783, 0.0 ], [ 116.26106, 36.1236083, 0.0 ], [ 116.2606399, 36.1241982, 0.0 ], [ 116.2602598, 36.1247381, 0.0 ], [ 116.2599095, 36.125298, 0.0 ], [ 116.2596992, 36.125708, 0.0 ], [ 116.2594692, 36.1263778, 0.0 ], [ 116.259269, 36.1271776, 0.0 ], [ 116.2590689, 36.1280374, 0.0 ], [ 116.2588885, 36.1288972, 0.0 ], [ 116.2587283, 36.1295171, 0.0 ], [ 116.2586185, 36.1299569, 0.0 ], [ 116.2583881, 36.130187, 0.0 ], [ 116.2577682, 36.130377, 0.0 ], [ 116.2569377, 36.130667, 0.0 ], [ 116.2559473, 36.1310269, 0.0 ], [ 116.254787, 36.1314169, 0.0 ], [ 116.2542269, 36.1316069, 0.0 ], [ 116.2533967, 36.1319069, 0.0 ], [ 116.2530266, 36.1320468, 0.0 ], [ 116.2527365, 36.1321668, 0.0 ], [ 116.2524863, 36.1322869, 0.0 ], [ 116.2521263, 36.1324768, 0.0 ], [ 116.2517562, 36.1327268, 0.0 ], [ 116.251276, 36.1330767, 0.0 ], [ 116.2507856, 36.1335066, 0.0 ], [ 116.2505657, 36.1337966, 0.0 ], [ 116.2505354, 36.1340266, 0.0 ], [ 116.2506056, 36.1347564, 0.0 ], [ 116.2506953, 36.1355962, 0.0 ], [ 116.2507954, 36.1363559, 0.0 ], [ 116.2508252, 36.1367258, 0.0 ], [ 116.2507151, 36.1375357, 0.0 ], [ 116.2506852, 36.1377656, 0.0 ], [ 116.2505848, 36.1384354, 0.0 ], [ 116.2505048, 36.1389753, 0.0 ], [ 116.2504447, 36.1393852, 0.0 ], [ 116.2503947, 36.1397051, 0.0 ], [ 116.2501646, 36.140045, 0.0 ], [ 116.2499544, 36.140265, 0.0 ], [ 116.2491343, 36.140855, 0.0 ], [ 116.2466734, 36.1427346, 0.0 ], [ 116.2443528, 36.1426147, 0.0 ], [ 116.2435824, 36.1429647, 0.0 ], [ 116.242592, 36.1434047, 0.0 ], [ 116.2415318, 36.1438346, 0.0 ], [ 116.2407517, 36.1441146, 0.0 ], [ 116.2397912, 36.1444245, 0.0 ], [ 116.238591, 36.1448245, 0.0 ], [ 116.2376406, 36.1451544, 0.0 ], [ 116.2372406, 36.1452745, 0.0 ], [ 116.2369606, 36.1455644, 0.0 ], [ 116.2367802, 36.1460443, 0.0 ], [ 116.2366502, 36.1464142, 0.0 ], [ 116.23657, 36.1467841, 0.0 ], [ 116.2365001, 36.147144, 0.0 ], [ 116.2364699, 36.1473939, 0.0 ], [ 116.2365001, 36.1476939, 0.0 ], [ 116.2365898, 36.1482737, 0.0 ], [ 116.2367197, 36.1491035, 0.0 ], [ 116.2367996, 36.1496033, 0.0 ], [ 116.2368598, 36.1499932, 0.0 ], [ 116.2369598, 36.150683, 0.0 ], [ 116.2371197, 36.1518628, 0.0 ], [ 116.2371694, 36.1522726, 0.0 ], [ 116.2372896, 36.1531224, 0.0 ], [ 116.2371992, 36.1534323, 0.0 ], [ 116.2369994, 36.1538322, 0.0 ], [ 116.2366891, 36.1545421, 0.0 ], [ 116.2364389, 36.1550919, 0.0 ], [ 116.2362589, 36.1555018, 0.0 ], [ 116.236129, 36.1557917, 0.0 ], [ 116.2357787, 36.1561917, 0.0 ], [ 116.2354586, 36.1565716, 0.0 ], [ 116.2351584, 36.1569415, 0.0 ], [ 116.2349384, 36.1572115, 0.0 ], [ 116.2347181, 36.1574714, 0.0 ], [ 116.2344683, 36.1577513, 0.0 ], [ 116.234258, 36.1580413, 0.0 ], [ 116.2341979, 36.1584411, 0.0 ], [ 116.2341378, 36.158901, 0.0 ], [ 116.234118, 36.1592009, 0.0 ], [ 116.2340478, 36.1597307, 0.0 ], [ 116.2339776, 36.1601906, 0.0 ], [ 116.2339276, 36.1604406, 0.0 ], [ 116.2337274, 36.1610504, 0.0 ], [ 116.2336273, 36.1614003, 0.0 ], [ 116.2335272, 36.1617203, 0.0 ], [ 116.2334174, 36.1620102, 0.0 ], [ 116.2328771, 36.1624101, 0.0 ], [ 116.232377, 36.1625401, 0.0 ], [ 116.2317866, 36.1626901, 0.0 ], [ 116.2311365, 36.16285, 0.0 ], [ 116.2304964, 36.1630101, 0.0 ], [ 116.2297462, 36.16319, 0.0 ], [ 116.2295262, 36.1636399, 0.0 ], [ 116.2294661, 36.1638898, 0.0 ], [ 116.2293862, 36.1641198, 0.0 ], [ 116.2291061, 36.1643998, 0.0 ], [ 116.2284959, 36.1647296, 0.0 ], [ 116.2279357, 36.1650996, 0.0 ], [ 116.2277057, 36.1653795, 0.0 ], [ 116.2277856, 36.1659193, 0.0 ], [ 116.2275754, 36.1665391, 0.0 ], [ 116.2275455, 36.1665892, 0.0 ], [ 116.2275253, 36.1666391, 0.0 ], [ 116.2273352, 36.1670691, 0.0 ], [ 116.2270451, 36.1676189, 0.0 ], [ 116.226765, 36.1679488, 0.0 ], [ 116.2264547, 36.1681988, 0.0 ], [ 116.2258546, 36.1685587, 0.0 ], [ 116.2249945, 36.1688886, 0.0 ], [ 116.2240042, 36.1691786, 0.0 ], [ 116.2234141, 36.1692986, 0.0 ], [ 116.2232039, 36.1693386, 0.0 ], [ 116.2216134, 36.1695086, 0.0 ], [ 116.2181624, 36.1716181, 0.0 ], [ 116.2164424, 36.1699186, 0.0 ], [ 116.2139018, 36.1694088, 0.0 ], [ 116.2107212, 36.169249, 0.0 ], [ 116.2051999, 36.1694391, 0.0 ], [ 116.2045595, 36.169609, 0.0 ], [ 116.2041296, 36.1695891, 0.0 ], [ 116.2016989, 36.1699291, 0.0 ], [ 116.1977641, 36.1704959, 0.0 ], [ 116.1907592, 36.1710159, 0.0 ], [ 116.1816203, 36.1719029, 0.0 ], [ 116.1754474, 36.172774, 0.0 ], [ 116.1686635, 36.1731344, 0.0 ], [ 116.164615, 36.1726188, 0.0 ], [ 116.1609977, 36.1715941, 0.0 ], [ 116.1593046, 36.1690125, 0.0 ], [ 116.1595055, 36.1667735, 0.0 ], [ 116.1595454, 36.1666936, 0.0 ], [ 116.1596056, 36.1665337, 0.0 ], [ 116.1605678, 36.1640158, 0.0 ], [ 116.1616306, 36.1608982, 0.0 ], [ 116.1620518, 36.1581396, 0.0 ], [ 116.162042, 36.1550406, 0.0 ], [ 116.1618224, 36.1503816, 0.0 ], [ 116.1605502, 36.1472808, 0.0 ], [ 116.1594785, 36.14487, 0.0 ], [ 116.1590677, 36.1440097, 0.0 ], [ 116.158667, 36.1432093, 0.0 ], [ 116.1556312, 36.1400661, 0.0 ], [ 116.1537275, 36.1389637, 0.0 ], [ 116.1509418, 36.1387499, 0.0 ], [ 116.1435366, 36.1393794, 0.0 ], [ 116.1369533, 36.1388703, 0.0 ], [ 116.1356508, 36.1387685, 0.0 ], [ 116.13037, 36.1383512, 0.0 ], [ 116.1226242, 36.1376606, 0.0 ], [ 116.1208807, 36.1373882, 0.0 ], [ 116.1191776, 36.137026, 0.0 ], [ 116.1184561, 36.1366451, 0.0 ], [ 116.1181454, 36.1364247, 0.0 ], [ 116.1159012, 36.1349121, 0.0 ], [ 116.1137772, 36.1333596, 0.0 ], [ 116.1122843, 36.1321578, 0.0 ], [ 116.1112226, 36.1304268, 0.0 ], [ 116.1103712, 36.1278464, 0.0 ], [ 116.1098305, 36.126646, 0.0 ], [ 116.108879, 36.1245653, 0.0 ], [ 116.1081479, 36.1219251, 0.0 ], [ 116.1080176, 36.1214651, 0.0 ], [ 116.1065351, 36.1192236, 0.0 ], [ 116.10378, 36.1179501, 0.0 ], [ 116.0994334, 36.1155064, 0.0 ], [ 116.09559, 36.1134837, 0.0 ], [ 116.0939232, 36.1121369, 0.0 ], [ 116.0937835, 36.1118472, 0.0 ], [ 116.0935938, 36.1114477, 0.0 ], [ 116.0932547, 36.1092789, 0.0 ], [ 116.0939243, 36.1068385, 0.0 ], [ 116.0952527, 36.1035771, 0.0 ], [ 116.0975797, 36.0996443, 0.0 ], [ 116.0997566, 36.0958415, 0.0 ], [ 116.1014296, 36.0917639, 0.0 ], [ 116.1030935, 36.0870172, 0.0 ], [ 116.1042559, 36.0837595, 0.0 ], [ 116.1043063, 36.0833496, 0.0 ], [ 116.1043261, 36.0831397, 0.0 ], [ 116.1045972, 36.0807806, 0.0 ], [ 116.1045972, 36.0793908, 0.0 ], [ 116.1045972, 36.078191, 0.0 ], [ 116.1027439, 36.0747992, 0.0 ], [ 116.0993995, 36.0716868, 0.0 ], [ 116.092751, 36.0657793, 0.0 ], [ 116.0879494, 36.0613283, 0.0 ], [ 116.0859726, 36.059952, 0.0 ], [ 116.0797932, 36.0556433, 0.0 ], [ 116.0735742, 36.0511148, 0.0 ], [ 116.0684032, 36.0469244, 0.0 ], [ 116.066187, 36.0443687, 0.0 ], [ 116.0619448, 36.0399267, 0.0 ], [ 116.0595695, 36.0352017, 0.0 ], [ 116.0572039, 36.0295969, 0.0 ], [ 116.0552682, 36.0240013, 0.0 ], [ 116.0528929, 36.0173566, 0.0 ], [ 116.0509576, 36.0096514, 0.0 ], [ 116.0496605, 36.0042248, 0.0 ], [ 116.0487727, 36.000267, 0.0 ], [ 116.0487126, 36.0000372, 0.0 ], [ 116.0486726, 35.9999073, 0.0 ], [ 116.0482734, 35.9985983, 0.0 ], [ 116.0482136, 35.9969288, 0.0 ], [ 116.0482936, 35.9960089, 0.0 ], [ 116.0483634, 35.995049, 0.0 ], [ 116.0477348, 35.9932206, 0.0 ], [ 116.0474652, 35.9921213, 0.0 ], [ 116.0473954, 35.9910317, 0.0 ], [ 116.0471858, 35.9901223, 0.0 ], [ 116.0469763, 35.988853, 0.0 ], [ 116.0467668, 35.9876037, 0.0 ], [ 116.0464972, 35.9864044, 0.0 ], [ 116.0463575, 35.9850849, 0.0 ], [ 116.0462977, 35.9835355, 0.0 ], [ 116.0460482, 35.9822163, 0.0 ], [ 116.0458884, 35.9812468, 0.0 ], [ 116.047476, 35.9802743, 0.0 ], [ 116.0489732, 35.9795318, 0.0 ], [ 116.0492328, 35.9793715, 0.0 ], [ 116.0505209, 35.9786194, 0.0 ], [ 116.0522179, 35.9770769, 0.0 ], [ 116.0531363, 35.9763955, 0.0 ], [ 116.0541947, 35.9754839, 0.0 ], [ 116.0552527, 35.9743924, 0.0 ], [ 116.0558219, 35.9737615, 0.0 ], [ 116.0561711, 35.973371, 0.0 ], [ 116.0570297, 35.9718799, 0.0 ], [ 116.0578084, 35.9707988, 0.0 ], [ 116.0585172, 35.969368, 0.0 ], [ 116.0590864, 35.9682872, 0.0 ], [ 116.0594359, 35.9669669, 0.0 ], [ 116.0600051, 35.9660561, 0.0 ], [ 116.059945, 35.9645566, 0.0 ], [ 116.0598553, 35.9640169, 0.0 ], [ 116.0596656, 35.9630175, 0.0 ], [ 116.0586875, 35.9614696, 0.0 ], [ 116.0582681, 35.9603806, 0.0 ], [ 116.0574296, 35.9590523, 0.0 ], [ 116.056022, 35.9574551, 0.0 ], [ 116.0554234, 35.9565664, 0.0 ], [ 116.0553334, 35.9564866, 0.0 ], [ 116.053996, 35.9555091, 0.0 ], [ 116.0529476, 35.9545312, 0.0 ], [ 116.0518298, 35.9536034, 0.0 ], [ 116.0504222, 35.952746, 0.0 ], [ 116.0484458, 35.9516498, 0.0 ], [ 116.0464093, 35.9503337, 0.0 ], [ 116.0447922, 35.9488969, 0.0 ], [ 116.043674, 35.948269, 0.0 ], [ 116.0426959, 35.947111, 0.0 ], [ 116.0427859, 35.9469709, 0.0 ], [ 116.0435444, 35.94523, 0.0 ], [ 116.0443631, 35.9445288, 0.0 ], [ 116.0443933, 35.9444887, 0.0 ], [ 116.0460202, 35.943866, 0.0 ], [ 116.0473478, 35.9436938, 0.0 ], [ 116.0484062, 35.9433619, 0.0 ], [ 116.0499636, 35.9434192, 0.0 ], [ 116.0501731, 35.9434288, 0.0 ], [ 116.0517902, 35.943356, 0.0 ], [ 116.053128, 35.9427938, 0.0 ], [ 116.0544056, 35.9420517, 0.0 ], [ 116.0551742, 35.9410806, 0.0 ], [ 116.0596865, 35.9411527, 0.0 ], [ 116.0607445, 35.9414408, 0.0 ], [ 116.062222, 35.9414482, 0.0 ], [ 116.0639089, 35.9400655, 0.0 ], [ 116.0652568, 35.9383535, 0.0 ], [ 116.0658259, 35.9373228, 0.0 ], [ 116.0664646, 35.936012, 0.0 ], [ 116.0702582, 35.9326161, 0.0 ], [ 116.073702, 35.9283509, 0.0 ], [ 116.0760679, 35.9236378, 0.0 ], [ 116.0767469, 35.9196975, 0.0 ], [ 116.0766173, 35.9166984, 0.0 ], [ 116.0766472, 35.9165484, 0.0 ], [ 116.0768768, 35.9155882, 0.0 ], [ 116.0775857, 35.9145071, 0.0 ], [ 116.0780047, 35.9133067, 0.0 ], [ 116.0785739, 35.9119859, 0.0 ], [ 116.079143, 35.9104953, 0.0 ], [ 116.0799916, 35.909354, 0.0 ], [ 116.081329, 35.9080319, 0.0 ], [ 116.0826768, 35.9066597, 0.0 ], [ 116.084214, 35.9053473, 0.0 ], [ 116.085771, 35.9043747, 0.0 ], [ 116.0873881, 35.903462, 0.0 ], [ 116.0889354, 35.9034092, 0.0 ], [ 116.0911116, 35.9039253, 0.0 ], [ 116.0930779, 35.9053514, 0.0 ], [ 116.0939466, 35.9060997, 0.0 ], [ 116.0941961, 35.9063292, 0.0 ], [ 116.0951742, 35.9073572, 0.0 ], [ 116.0960029, 35.9084455, 0.0 ], [ 116.0971308, 35.9090134, 0.0 ], [ 116.0988178, 35.9094203, 0.0 ], [ 116.1003564, 35.908569, 0.0 ], [ 116.1018497, 35.9071412, 0.0 ], [ 116.1023404, 35.906282, 0.0 ], [ 116.1029819, 35.9050731, 0.0 ], [ 116.103082, 35.9049732, 0.0 ], [ 116.1034826, 35.903644, 0.0 ], [ 116.1039838, 35.9009552, 0.0 ], [ 116.1046955, 35.898097, 0.0 ], [ 116.1051966, 35.8963285, 0.0 ], [ 116.106259, 35.8950104, 0.0 ], [ 116.1070405, 35.8939319, 0.0 ], [ 116.1070906, 35.8938919, 0.0 ], [ 116.1071608, 35.893832, 0.0 ], [ 116.1080928, 35.8931236, 0.0 ], [ 116.1102071, 35.8918768, 0.0 ], [ 116.1117702, 35.8912591, 0.0 ], [ 116.1138042, 35.8904621, 0.0 ], [ 116.1156481, 35.889135, 0.0 ], [ 116.1164898, 35.8882266, 0.0 ], [ 116.1182534, 35.8875491, 0.0 ], [ 116.1191956, 35.8878403, 0.0 ], [ 116.1197363, 35.8880108, 0.0 ], [ 116.1201571, 35.8888711, 0.0 ], [ 116.1200066, 35.8898405, 0.0 ], [ 116.1202874, 35.8908205, 0.0 ], [ 116.1212692, 35.8914515, 0.0 ], [ 116.1246359, 35.8908261, 0.0 ], [ 116.1296762, 35.8880539, 0.0 ], [ 116.1298066, 35.8880241, 0.0 ], [ 116.1309787, 35.8884155, 0.0 ], [ 116.1321412, 35.8890567, 0.0 ], [ 116.1333936, 35.889758, 0.0 ], [ 116.1380225, 35.892363, 0.0 ], [ 116.1395755, 35.8925649, 0.0 ], [ 116.1404075, 35.8921062, 0.0 ], [ 116.1410389, 35.8904478, 0.0 ], [ 116.1413996, 35.8891788, 0.0 ], [ 116.141971, 35.88815, 0.0 ], [ 116.142953, 35.8868418, 0.0 ], [ 116.1440752, 35.8859237, 0.0 ], [ 116.1453478, 35.8851857, 0.0 ], [ 116.1472417, 35.8852382, 0.0 ], [ 116.1485744, 35.8859396, 0.0 ], [ 116.1494158, 35.8869103, 0.0 ], [ 116.1499867, 35.8879905, 0.0 ], [ 116.150117, 35.8889103, 0.0 ], [ 116.1507481, 35.8900606, 0.0 ], [ 116.1512392, 35.8914806, 0.0 ], [ 116.1516298, 35.8922607, 0.0 ], [ 116.1520805, 35.8931509, 0.0 ], [ 116.1527717, 35.8941814, 0.0 ], [ 116.1534128, 35.8956616, 0.0 ], [ 116.154104, 35.8975516, 0.0 ], [ 116.1555066, 35.9003022, 0.0 ], [ 116.1564088, 35.9013333, 0.0 ], [ 116.15711, 35.9020841, 0.0 ], [ 116.1579618, 35.902995, 0.0 ], [ 116.1596452, 35.9037971, 0.0 ], [ 116.1613285, 35.9044892, 0.0 ], [ 116.1640642, 35.9046628, 0.0 ], [ 116.165407, 35.9044446, 0.0 ], [ 116.1667393, 35.9039264, 0.0 ], [ 116.1668398, 35.9038565, 0.0 ], [ 116.1677315, 35.9032877, 0.0 ], [ 116.168643, 35.9023791, 0.0 ], [ 116.1701161, 35.901691, 0.0 ], [ 116.1732121, 35.9012352, 0.0 ], [ 116.1754668, 35.9009482, 0.0 ], [ 116.1777211, 35.900891, 0.0 ], [ 116.1787734, 35.9006825, 0.0 ], [ 116.1797551, 35.9004337, 0.0 ], [ 116.1802562, 35.8991749, 0.0 ], [ 116.1805471, 35.8979758, 0.0 ], [ 116.1813186, 35.8956279, 0.0 ], [ 116.1820202, 35.8943195, 0.0 ], [ 116.1826618, 35.8933408, 0.0 ], [ 116.1844952, 35.8924836, 0.0 ], [ 116.1861088, 35.8924257, 0.0 ], [ 116.1877219, 35.8925377, 0.0 ], [ 116.1899762, 35.8923708, 0.0 ], [ 116.1928523, 35.8922047, 0.0 ], [ 116.1955577, 35.8918883, 0.0 ], [ 116.197722, 35.8916013, 0.0 ], [ 116.199315, 35.8914235, 0.0 ], [ 116.1994756, 35.8912738, 0.0 ], [ 116.1998464, 35.8907845, 0.0 ], [ 116.1999763, 35.8906247, 0.0 ], [ 116.2006668, 35.8897851, 0.0 ], [ 116.2030676, 35.8891254, 0.0 ], [ 116.2039478, 35.8895452, 0.0 ], [ 116.2049479, 35.889975, 0.0 ], [ 116.2060682, 35.8911144, 0.0 ], [ 116.2079687, 35.8916841, 0.0 ], [ 116.2088791, 35.8911743, 0.0 ], [ 116.2092294, 35.8896251, 0.0 ], [ 116.2086793, 35.8884257, 0.0 ], [ 116.2086394, 35.8883058, 0.0 ], [ 116.2079093, 35.8873463, 0.0 ], [ 116.2069992, 35.8850474, 0.0 ], [ 116.2069992, 35.8836181, 0.0 ], [ 116.2072793, 35.8826486, 0.0 ], [ 116.2072994, 35.8825686, 0.0 ], [ 116.2076296, 35.881729, 0.0 ], [ 116.2084799, 35.8808095, 0.0 ], [ 116.2098205, 35.8799498, 0.0 ], [ 116.2116511, 35.8787504, 0.0 ], [ 116.2124114, 35.8793801, 0.0 ], [ 116.2129014, 35.8797799, 0.0 ], [ 116.2129712, 35.8807594, 0.0 ], [ 116.2129014, 35.8817289, 0.0 ], [ 116.212851, 35.8825586, 0.0 ], [ 116.2128211, 35.8826984, 0.0 ], [ 116.2129709, 35.8837279, 0.0 ], [ 116.212901, 35.8851572, 0.0 ], [ 116.2128208, 35.8865365, 0.0 ], [ 116.2129007, 35.8871763, 0.0 ], [ 116.2128906, 35.8878559, 0.0 ], [ 116.2129604, 35.8890554, 0.0 ], [ 116.2154912, 35.8903447, 0.0 ], [ 116.2160413, 35.8906345, 0.0 ], [ 116.2201126, 35.8916241, 0.0 ], [ 116.2213826, 35.8919139, 0.0 ], [ 116.2229332, 35.8920838, 0.0 ], [ 116.2243336, 35.8922637, 0.0 ], [ 116.2254539, 35.8919139, 0.0 ], [ 116.2267243, 35.8913941, 0.0 ], [ 116.2274245, 35.8905945, 0.0 ], [ 116.228065, 35.889455, 0.0 ], [ 116.2284152, 35.8883655, 0.0 ], [ 116.2283454, 35.8868762, 0.0 ], [ 116.2283454, 35.8857267, 0.0 ], [ 116.2282756, 35.8843574, 0.0 ], [ 116.2281456, 35.883108, 0.0 ], [ 116.2277957, 35.8817287, 0.0 ], [ 116.2275858, 35.8803493, 0.0 ], [ 116.227516, 35.8788101, 0.0 ], [ 116.2273061, 35.8771508, 0.0 ], [ 116.2271761, 35.8748619, 0.0 ], [ 116.2271063, 35.8734826, 0.0 ], [ 116.2270663, 35.872663, 0.0 ], [ 116.2270364, 35.8718833, 0.0 ], [ 116.2268964, 35.8706239, 0.0 ], [ 116.2269767, 35.8694744, 0.0 ], [ 116.226837, 35.8673054, 0.0 ], [ 116.2266368, 35.866336, 0.0 ], [ 116.226347, 35.8650166, 0.0 ], [ 116.2261469, 35.8639871, 0.0 ], [ 116.225577, 35.8628377, 0.0 ], [ 116.225447, 35.861918, 0.0 ], [ 116.2252372, 35.8609585, 0.0 ], [ 116.225447, 35.859969, 0.0 ], [ 116.2258675, 35.8588895, 0.0 ], [ 116.2265778, 35.8576301, 0.0 ], [ 116.2272179, 35.8567105, 0.0 ], [ 116.2277082, 35.8552812, 0.0 ], [ 116.2280585, 35.8539718, 0.0 ], [ 116.228619, 35.8526424, 0.0 ], [ 116.2282691, 35.8507032, 0.0 ], [ 116.228489, 35.849044, 0.0 ], [ 116.2292594, 35.8474448, 0.0 ], [ 116.2302502, 35.8460654, 0.0 ], [ 116.2312405, 35.8453256, 0.0 ], [ 116.2325711, 35.8436663, 0.0 ], [ 116.232651, 35.8419471, 0.0 ], [ 116.2330715, 35.8403478, 0.0 ], [ 116.2335316, 35.8393982, 0.0 ], [ 116.2339218, 35.8385686, 0.0 ], [ 116.2345522, 35.8374791, 0.0 ], [ 116.2346422, 35.8373691, 0.0 ], [ 116.2352524, 35.8365595, 0.0 ], [ 116.236453, 35.8361096, 0.0 ], [ 116.2376431, 35.8354299, 0.0 ], [ 116.2386436, 35.8345902, 0.0 ], [ 116.239054, 35.8342204, 0.0 ], [ 116.2398341, 35.8335306, 0.0 ], [ 116.2400141, 35.8333306, 0.0 ], [ 116.2405944, 35.8326709, 0.0 ], [ 116.2412348, 35.8314215, 0.0 ], [ 116.241525, 35.8303219, 0.0 ], [ 116.2420052, 35.8292424, 0.0 ], [ 116.2425755, 35.8279829, 0.0 ], [ 116.2435658, 35.8266635, 0.0 ], [ 116.2443762, 35.8258738, 0.0 ], [ 116.2446163, 35.8256338, 0.0 ], [ 116.2457467, 35.8243143, 0.0 ], [ 116.2468771, 35.8230549, 0.0 ], [ 116.2483477, 35.8216953, 0.0 ], [ 116.2497582, 35.8208257, 0.0 ], [ 116.2499483, 35.8206657, 0.0 ], [ 116.2510988, 35.8196961, 0.0 ], [ 116.2524294, 35.8184865, 0.0 ], [ 116.2529395, 35.8180966, 0.0 ], [ 116.2533596, 35.8177568, 0.0 ], [ 116.2535598, 35.8176068, 0.0 ], [ 116.2537798, 35.8174268, 0.0 ], [ 116.25413, 35.8171669, 0.0 ], [ 116.2551805, 35.8159174, 0.0 ], [ 116.256091, 35.8151077, 0.0 ], [ 116.2570813, 35.8144179, 0.0 ], [ 116.2580616, 35.8135681, 0.0 ], [ 116.2591218, 35.8128185, 0.0 ], [ 116.2601824, 35.8121986, 0.0 ], [ 116.2620832, 35.811049, 0.0 ], [ 116.2635538, 35.8096794, 0.0 ], [ 116.2648242, 35.8079, 0.0 ], [ 116.2654646, 35.8063607, 0.0 ], [ 116.2658848, 35.805451, 0.0 ], [ 116.2667952, 35.8048812, 0.0 ], [ 116.2678453, 35.8044713, 0.0 ], [ 116.269186, 35.8043012, 0.0 ], [ 116.2704564, 35.8039713, 0.0 ], [ 116.2729868, 35.804081, 0.0 ], [ 116.2743275, 35.8040808, 0.0 ], [ 116.276018, 35.8038508, 0.0 ], [ 116.276598, 35.8038706, 0.0 ], [ 116.2780484, 35.8039105, 0.0 ], [ 116.2819296, 35.8035203, 0.0 ], [ 116.2851606, 35.8032901, 0.0 ], [ 116.2877616, 35.8030599, 0.0 ], [ 116.2883617, 35.8029599, 0.0 ], [ 116.2896023, 35.8027299, 0.0 ], [ 116.2915027, 35.8025598, 0.0 ], [ 116.2932631, 35.8023297, 0.0 ], [ 116.2943834, 35.8020497, 0.0 ], [ 116.2958742, 35.8018797, 0.0 ], [ 116.2972746, 35.8015396, 0.0 ], [ 116.2981148, 35.8006799, 0.0 ], [ 116.2984752, 35.7994203, 0.0 ], [ 116.2970647, 35.7987307, 0.0 ], [ 116.2953742, 35.798101, 0.0 ], [ 116.2933337, 35.7976913, 0.0 ], [ 116.2920733, 35.7967817, 0.0 ], [ 116.2917832, 35.7955721, 0.0 ], [ 116.2916532, 35.7936826, 0.0 ], [ 116.291723, 35.7931028, 0.0 ], [ 116.2917932, 35.7927129, 0.0 ], [ 116.2918631, 35.7913333, 0.0 ], [ 116.2917932, 35.7901936, 0.0 ], [ 116.2922933, 35.788704, 0.0 ], [ 116.2925734, 35.7872745, 0.0 ], [ 116.2927836, 35.7861348, 0.0 ], [ 116.2932037, 35.7850451, 0.0 ], [ 116.2937736, 35.7833255, 0.0 ], [ 116.2939039, 35.781606, 0.0 ], [ 116.2941239, 35.7806863, 0.0 ], [ 116.2947539, 35.7793766, 0.0 ], [ 116.2954642, 35.7781769, 0.0 ], [ 116.2963044, 35.7770871, 0.0 ], [ 116.297865, 35.7765772, 0.0 ], [ 116.2993352, 35.7760072, 0.0 ], [ 116.3007443, 35.7753863, 0.0 ], [ 116.302851, 35.7746437, 0.0 ], [ 116.3038396, 35.7740625, 0.0 ] ] ] } },
{ "type": "Feature", "properties": { "Name": "郓城县", "AdminCode": "371725", "Kind": "0137", "CityAdCode": "371700", "CityName": "菏泽市", "ProName": "山东省", "Shape_Leng": 1.9038390670100001, "Shape_Area": 0.16329396587, "sheng": 370000 }, "geometry": { "type": "Polygon", "coordinates": [ [ [ 115.8845659, 35.3602328, 0.0 ], [ 115.8866003, 35.3603057, 0.0 ], [ 115.8869311, 35.3620746, 0.0 ], [ 115.8869207, 35.3644224, 0.0 ], [ 115.8869106, 35.3663707, 0.0 ], [ 115.8882332, 35.3678113, 0.0 ], [ 115.8894256, 35.367813, 0.0 ], [ 115.8907486, 35.3679848, 0.0 ], [ 115.8920114, 35.3679967, 0.0 ], [ 115.8931238, 35.3678884, 0.0 ], [ 115.8943864, 35.3679502, 0.0 ], [ 115.8970421, 35.3678441, 0.0 ], [ 115.8989364, 35.3679169, 0.0 ], [ 115.901446, 35.3675258, 0.0 ], [ 115.9036222, 35.3674717, 0.0 ], [ 115.9057782, 35.3673576, 0.0 ], [ 115.9087032, 35.3673021, 0.0 ], [ 115.9118474, 35.3674858, 0.0 ], [ 115.9135844, 35.3674824, 0.0 ], [ 115.9147026, 35.36771, 0.0 ], [ 115.9158204, 35.3680676, 0.0 ], [ 115.9182562, 35.3686924, 0.0 ], [ 115.9197934, 35.3688692, 0.0 ], [ 115.921111, 35.3692763, 0.0 ], [ 115.9227184, 35.3697429, 0.0 ], [ 115.9248845, 35.3701483, 0.0 ], [ 115.9278793, 35.3709518, 0.0 ], [ 115.9306042, 35.3719357, 0.0 ], [ 115.9345073, 35.3730872, 0.0 ], [ 115.935975, 35.3737738, 0.0 ], [ 115.9382009, 35.3744089, 0.0 ], [ 115.9401575, 35.3750447, 0.0 ], [ 115.9414153, 35.375332, 0.0 ], [ 115.9437812, 35.375747, 0.0 ], [ 115.9449091, 35.3760946, 0.0 ], [ 115.9458674, 35.3763126, 0.0 ], [ 115.9468556, 35.3763806, 0.0 ], [ 115.9480537, 35.3766781, 0.0 ], [ 115.9499304, 35.377254, 0.0 ], [ 115.9509089, 35.3777717, 0.0 ], [ 115.9518071, 35.3783994, 0.0 ], [ 115.9528554, 35.3790368, 0.0 ], [ 115.9537637, 35.3795547, 0.0 ], [ 115.9548818, 35.3800221, 0.0 ], [ 115.9559201, 35.3805897, 0.0 ], [ 115.9569083, 35.3810574, 0.0 ], [ 115.9580264, 35.3811152, 0.0 ], [ 115.9595737, 35.381292, 0.0 ], [ 115.9610411, 35.3814691, 0.0 ], [ 115.9624289, 35.3813665, 0.0 ], [ 115.964465, 35.3814326, 0.0 ], [ 115.9657927, 35.3814799, 0.0 ], [ 115.9673303, 35.3812572, 0.0 ], [ 115.9692869, 35.3816132, 0.0 ], [ 115.9708144, 35.38183, 0.0 ], [ 115.9708939, 35.38184, 0.0 ], [ 115.9739788, 35.3831729, 0.0 ], [ 115.9752265, 35.3836301, 0.0 ], [ 115.976255, 35.3842276, 0.0 ], [ 115.9764844, 35.3843372, 0.0 ], [ 115.9775327, 35.3849647, 0.0 ], [ 115.9784312, 35.3858222, 0.0 ], [ 115.9794893, 35.3865795, 0.0 ], [ 115.9805279, 35.3880164, 0.0 ], [ 115.9812266, 35.3889842, 0.0 ], [ 115.9818556, 35.3899123, 0.0 ], [ 115.9821252, 35.3909409, 0.0 ], [ 115.9823948, 35.3925192, 0.0 ], [ 115.9824049, 35.3925491, 0.0 ], [ 115.9827444, 35.3937475, 0.0 ], [ 115.983094, 35.3955154, 0.0 ], [ 115.9831537, 35.3967342, 0.0 ], [ 115.9832236, 35.3970338, 0.0 ], [ 115.9836332, 35.3988517, 0.0 ], [ 115.9842622, 35.3998196, 0.0 ], [ 115.9853702, 35.4003371, 0.0 ], [ 115.9871969, 35.4013228, 0.0 ], [ 115.9884547, 35.4015003, 0.0 ], [ 115.9897824, 35.4017276, 0.0 ], [ 115.9909006, 35.4018454, 0.0 ], [ 115.9925774, 35.4028314, 0.0 ], [ 115.9926174, 35.4029313, 0.0 ], [ 115.9930663, 35.4039795, 0.0 ], [ 115.9931959, 35.4050085, 0.0 ], [ 115.9931956, 35.4066771, 0.0 ], [ 115.9932553, 35.4080958, 0.0 ], [ 115.993255, 35.409235, 0.0 ], [ 115.9932445, 35.4109635, 0.0 ], [ 115.9930948, 35.4121628, 0.0 ], [ 115.993224, 35.4137613, 0.0 ], [ 115.993224, 35.4150302, 0.0 ], [ 115.9935728, 35.4164684, 0.0 ], [ 115.9936128, 35.4166682, 0.0 ], [ 115.9936729, 35.4169679, 0.0 ], [ 115.9938522, 35.4177769, 0.0 ], [ 115.9944113, 35.4183854, 0.0 ], [ 115.9949603, 35.4189839, 0.0 ], [ 115.9959384, 35.4195016, 0.0 ], [ 115.9971962, 35.419739, 0.0 ], [ 115.998534, 35.4196866, 0.0 ], [ 116.0000215, 35.4196339, 0.0 ], [ 116.0001313, 35.4196336, 0.0 ], [ 116.0015386, 35.419581, 0.0 ], [ 116.002876, 35.4198782, 0.0 ], [ 116.0035247, 35.419847, 0.0 ], [ 116.0044031, 35.4198154, 0.0 ], [ 116.0060198, 35.4199921, 0.0 ], [ 116.0082558, 35.4202376, 0.0 ], [ 116.0118288, 35.4203007, 0.0 ], [ 116.0135053, 35.4212267, 0.0 ], [ 116.0142041, 35.4219748, 0.0 ], [ 116.0147131, 35.4224235, 0.0 ], [ 116.0149723, 35.4226628, 0.0 ], [ 116.0158108, 35.4234105, 0.0 ], [ 116.0165092, 35.424848, 0.0 ], [ 116.0170578, 35.426046, 0.0 ], [ 116.0185248, 35.4277118, 0.0 ], [ 116.019283, 35.4292691, 0.0 ], [ 116.0205404, 35.4305256, 0.0 ], [ 116.0216478, 35.4316226, 0.0 ], [ 116.0219174, 35.4318519, 0.0 ], [ 116.023604, 35.4333974, 0.0 ], [ 116.0252104, 35.4355825, 0.0 ], [ 116.0262583, 35.4369593, 0.0 ], [ 116.0266273, 35.4373882, 0.0 ], [ 116.0268869, 35.4377075, 0.0 ], [ 116.0269765, 35.4378571, 0.0 ], [ 116.0273758, 35.4385658, 0.0 ], [ 116.0284136, 35.4398827, 0.0 ], [ 116.0292517, 35.4408502, 0.0 ], [ 116.0296708, 35.4413191, 0.0 ], [ 116.0304293, 35.4421868, 0.0 ], [ 116.0314772, 35.4428743, 0.0 ], [ 116.032455, 35.4440214, 0.0 ], [ 116.0339918, 35.4452873, 0.0 ], [ 116.0345106, 35.4466453, 0.0 ], [ 116.0346402, 35.4466849, 0.0 ], [ 116.0348998, 35.4472939, 0.0 ], [ 116.035159, 35.4482326, 0.0 ], [ 116.0354484, 35.4491813, 0.0 ], [ 116.0359369, 35.4516782, 0.0 ], [ 116.0398076, 35.4612726, 0.0 ], [ 116.0397976, 35.4614026, 0.0 ], [ 116.0409643, 35.4662562, 0.0 ], [ 116.0418121, 35.4688523, 0.0 ], [ 116.0440477, 35.4703367, 0.0 ], [ 116.0458643, 35.4702731, 0.0 ], [ 116.0472614, 35.4704503, 0.0 ], [ 116.0499964, 35.4705148, 0.0 ], [ 116.0533501, 35.4707481, 0.0 ], [ 116.0553161, 35.4708741, 0.0 ], [ 116.0572622, 35.4714997, 0.0 ], [ 116.0588794, 35.4718561, 0.0 ], [ 116.0613943, 35.4723208, 0.0 ], [ 116.0628016, 35.472488, 0.0 ], [ 116.0641192, 35.4727251, 0.0 ], [ 116.0757166, 35.4758895, 0.0 ], [ 116.0800675, 35.4794178, 0.0 ], [ 116.0851568, 35.4844033, 0.0 ], [ 116.0897173, 35.4885906, 0.0 ], [ 116.0913244, 35.4889271, 0.0 ], [ 116.0925019, 35.4890546, 0.0 ], [ 116.0927017, 35.4890742, 0.0 ], [ 116.094119, 35.4892313, 0.0 ], [ 116.0954363, 35.4894784, 0.0 ], [ 116.0958755, 35.4895774, 0.0 ], [ 116.0978216, 35.490203, 0.0 ], [ 116.0992091, 35.4904401, 0.0 ], [ 116.1012402, 35.4906702, 0.0 ], [ 116.1028534, 35.491072, 0.0 ], [ 116.1046768, 35.4916541, 0.0 ], [ 116.1058792, 35.4917757, 0.0 ], [ 116.107753, 35.4922979, 0.0 ], [ 116.1104983, 35.4929311, 0.0 ], [ 116.1116806, 35.4936121, 0.0 ], [ 116.1146261, 35.4942557, 0.0 ], [ 116.1145559, 35.4953946, 0.0 ], [ 116.114566, 35.4954945, 0.0 ], [ 116.1148262, 35.4967137, 0.0 ], [ 116.1152366, 35.4988324, 0.0 ], [ 116.115687, 35.500012, 0.0 ], [ 116.1156971, 35.500042, 0.0 ], [ 116.1157273, 35.500102, 0.0 ], [ 116.1163483, 35.5012421, 0.0 ], [ 116.1169794, 35.5021625, 0.0 ], [ 116.1177307, 35.5032528, 0.0 ], [ 116.118382, 35.5042231, 0.0 ], [ 116.1192337, 35.5054336, 0.0 ], [ 116.119354, 35.5056036, 0.0 ], [ 116.1198446, 35.5072134, 0.0 ], [ 116.1206762, 35.5083038, 0.0 ], [ 116.1213775, 35.5093341, 0.0 ], [ 116.1214776, 35.5102238, 0.0 ], [ 116.1215075, 35.5111632, 0.0 ], [ 116.121227, 35.5123022, 0.0 ], [ 116.120385, 35.5136201, 0.0 ], [ 116.1192326, 35.5141183, 0.0 ], [ 116.1191927, 35.5141382, 0.0 ], [ 116.1180706, 35.5145864, 0.0 ], [ 116.1170183, 35.5155043, 0.0 ], [ 116.1165874, 35.5164831, 0.0 ], [ 116.116547, 35.5173625, 0.0 ], [ 116.1165269, 35.5177922, 0.0 ], [ 116.1165971, 35.5182321, 0.0 ], [ 116.116637, 35.5184819, 0.0 ], [ 116.1167274, 35.5189918, 0.0 ], [ 116.1173484, 35.5201419, 0.0 ], [ 116.11818, 35.5213523, 0.0 ], [ 116.1186707, 35.5234017, 0.0 ], [ 116.11836, 35.52557, 0.0 ], [ 116.1183197, 35.5267092, 0.0 ], [ 116.1184298, 35.5280885, 0.0 ], [ 116.1187402, 35.529458, 0.0 ], [ 116.1192312, 35.5307479, 0.0 ], [ 116.1196718, 35.531548, 0.0 ], [ 116.119782, 35.5332571, 0.0 ], [ 116.119832, 35.5345763, 0.0 ], [ 116.1197618, 35.5360054, 0.0 ], [ 116.1196114, 35.5370945, 0.0 ], [ 116.119611, 35.5382938, 0.0 ], [ 116.1192305, 35.5388629, 0.0 ], [ 116.1187592, 35.5395518, 0.0 ], [ 116.1183485, 35.5409204, 0.0 ], [ 116.1178474, 35.542189, 0.0 ], [ 116.1175367, 35.5431379, 0.0 ], [ 116.1170654, 35.5445864, 0.0 ], [ 116.1168548, 35.5457854, 0.0 ], [ 116.1163638, 35.5469241, 0.0 ], [ 116.1157925, 35.5488821, 0.0 ], [ 116.1153713, 35.5503606, 0.0 ], [ 116.1149504, 35.5515692, 0.0 ], [ 116.1144493, 35.552658, 0.0 ], [ 116.1138881, 35.5539764, 0.0 ], [ 116.1133268, 35.5551749, 0.0 ], [ 116.1129762, 35.5564337, 0.0 ], [ 116.1128257, 35.5574029, 0.0 ], [ 116.113036, 35.5584925, 0.0 ], [ 116.1132462, 35.5595221, 0.0 ], [ 116.1134568, 35.5600921, 0.0 ], [ 116.1135868, 35.560432, 0.0 ], [ 116.1137974, 35.5616516, 0.0 ], [ 116.1136469, 35.5629605, 0.0 ], [ 116.1133661, 35.5642693, 0.0 ], [ 116.1133661, 35.5657085, 0.0 ], [ 116.1134258, 35.5675374, 0.0 ], [ 116.113145, 35.5695958, 0.0 ], [ 116.1129244, 35.5713745, 0.0 ], [ 116.1127739, 35.5729732, 0.0 ], [ 116.1125032, 35.5758412, 0.0 ], [ 116.1118616, 35.5774992, 0.0 ], [ 116.1114005, 35.5790377, 0.0 ], [ 116.1113605, 35.5791576, 0.0 ], [ 116.1114307, 35.580237, 0.0 ], [ 116.1115708, 35.5814964, 0.0 ], [ 116.1114905, 35.5825357, 0.0 ], [ 116.1136649, 35.5832181, 0.0 ], [ 116.114787, 35.5832796, 0.0 ], [ 116.1166108, 35.583232, 0.0 ], [ 116.1176026, 35.5832533, 0.0 ], [ 116.1178632, 35.5833236, 0.0 ], [ 116.1178931, 35.5833536, 0.0 ], [ 116.1189151, 35.5840446, 0.0 ], [ 116.1192258, 35.5842149, 0.0 ], [ 116.1201074, 35.5847257, 0.0 ], [ 116.1206384, 35.5852561, 0.0 ], [ 116.1210992, 35.5857564, 0.0 ], [ 116.1218509, 35.5866768, 0.0 ], [ 116.1220914, 35.5870169, 0.0 ], [ 116.1224921, 35.587597, 0.0 ], [ 116.1228928, 35.5892566, 0.0 ], [ 116.1228323, 35.5902358, 0.0 ], [ 116.1221908, 35.5920039, 0.0 ], [ 116.121289, 35.5929821, 0.0 ], [ 116.1201568, 35.59406, 0.0 ], [ 116.1192247, 35.5946284, 0.0 ], [ 116.1187736, 35.5948977, 0.0 ], [ 116.1184633, 35.5950871, 0.0 ], [ 116.1172706, 35.5961749, 0.0 ], [ 116.1162284, 35.596913, 0.0 ], [ 116.1152968, 35.5974615, 0.0 ], [ 116.1151664, 35.5975513, 0.0 ], [ 116.1139738, 35.5985691, 0.0 ], [ 116.1130118, 35.5996672, 0.0 ], [ 116.1129215, 35.599777, 0.0 ], [ 116.1123502, 35.6007956, 0.0 ], [ 116.1116388, 35.601944, 0.0 ], [ 116.1111575, 35.6032526, 0.0 ], [ 116.1107266, 35.6041715, 0.0 ], [ 116.1105761, 35.6052607, 0.0 ], [ 116.1105156, 35.6068097, 0.0 ], [ 116.1103651, 35.6079488, 0.0 ], [ 116.1102244, 35.6089281, 0.0 ], [ 116.1102946, 35.6099576, 0.0 ], [ 116.1102841, 35.6112668, 0.0 ], [ 116.1102841, 35.6123062, 0.0 ], [ 116.1104141, 35.6135057, 0.0 ], [ 116.1104137, 35.6145851, 0.0 ], [ 116.1103435, 35.6160141, 0.0 ], [ 116.1103032, 35.6162139, 0.0 ], [ 116.1102733, 35.6163838, 0.0 ], [ 116.1101228, 35.6171032, 0.0 ], [ 116.1101927, 35.6183726, 0.0 ], [ 116.1104432, 35.6189225, 0.0 ], [ 116.1106733, 35.6196224, 0.0 ], [ 116.1111643, 35.6207225, 0.0 ], [ 116.112146, 35.6217531, 0.0 ], [ 116.1127069, 35.6226034, 0.0 ], [ 116.1134683, 35.6234139, 0.0 ], [ 116.1145501, 35.6249345, 0.0 ], [ 116.1152917, 35.6259348, 0.0 ], [ 116.1162032, 35.6269654, 0.0 ], [ 116.117185, 35.6279461, 0.0 ], [ 116.119219, 35.6296578, 0.0 ], [ 116.1197698, 35.6301283, 0.0 ], [ 116.1211727, 35.6310497, 0.0 ], [ 116.1221544, 35.6320204, 0.0 ], [ 116.123126, 35.6328812, 0.0 ], [ 116.1245992, 35.6339126, 0.0 ], [ 116.1250196, 35.6343728, 0.0 ], [ 116.1255107, 35.6348932, 0.0 ], [ 116.125641, 35.6352032, 0.0 ], [ 116.1263419, 35.6366633, 0.0 ], [ 116.126923, 35.6392226, 0.0 ], [ 116.1262012, 35.6406208, 0.0 ], [ 116.1252688, 35.6423387, 0.0 ], [ 116.1250283, 35.6426281, 0.0 ], [ 116.1238658, 35.6439958, 0.0 ], [ 116.1223222, 35.6459826, 0.0 ], [ 116.1210492, 35.6478798, 0.0 ], [ 116.1202072, 35.6499374, 0.0 ], [ 116.1194252, 35.6519453, 0.0 ], [ 116.1192146, 35.6524846, 0.0 ], [ 116.1185832, 35.6541728, 0.0 ], [ 116.1179413, 35.6561108, 0.0 ], [ 116.1174398, 35.6584587, 0.0 ], [ 116.1170892, 35.6595676, 0.0 ], [ 116.1168084, 35.6604567, 0.0 ], [ 116.1165978, 35.6616557, 0.0 ], [ 116.1181303, 35.6641863, 0.0 ], [ 116.1186811, 35.6661859, 0.0 ], [ 116.1187812, 35.6666158, 0.0 ], [ 116.1187913, 35.6666758, 0.0 ], [ 116.1191016, 35.6680754, 0.0 ], [ 116.1192118, 35.6689451, 0.0 ], [ 116.119372, 35.6701446, 0.0 ], [ 116.1192114, 35.6710439, 0.0 ], [ 116.1190908, 35.6717433, 0.0 ], [ 116.1188701, 35.673452, 0.0 ], [ 116.1175972, 35.6751792, 0.0 ], [ 116.1149314, 35.6772843, 0.0 ], [ 116.1123257, 35.6789298, 0.0 ], [ 116.1101408, 35.6806458, 0.0 ], [ 116.1078156, 35.6820817, 0.0 ], [ 116.1056408, 35.6836478, 0.0 ], [ 116.1042379, 35.6832661, 0.0 ], [ 116.1023443, 35.6826338, 0.0 ], [ 116.1010516, 35.6820324, 0.0 ], [ 116.0995403, 35.6813022, 0.0 ], [ 116.0979235, 35.6808457, 0.0 ], [ 116.096387, 35.6805091, 0.0 ], [ 116.0935128, 35.6806748, 0.0 ], [ 116.0912074, 35.6812492, 0.0 ], [ 116.0896604, 35.6822218, 0.0 ], [ 116.0895107, 35.682472, 0.0 ], [ 116.0886722, 35.683653, 0.0 ], [ 116.0888015, 35.6859014, 0.0 ], [ 116.0890805, 35.6878298, 0.0 ], [ 116.0894995, 35.6896678, 0.0 ], [ 116.0895589, 35.6912069, 0.0 ], [ 116.0898383, 35.6922357, 0.0 ], [ 116.0896882, 35.6935653, 0.0 ], [ 116.0885704, 35.6951567, 0.0 ], [ 116.0870933, 35.6962492, 0.0 ], [ 116.0854765, 35.6978516, 0.0 ], [ 116.0839292, 35.6993941, 0.0 ], [ 116.0835599, 35.7009342, 0.0 ], [ 116.0825922, 35.7015761, 0.0 ], [ 116.0823424, 35.7024664, 0.0 ], [ 116.0805362, 35.70348, 0.0 ], [ 116.0778218, 35.7042554, 0.0 ], [ 116.0759257, 35.7051091, 0.0 ], [ 116.0752172, 35.7055204, 0.0 ], [ 116.0746582, 35.7058015, 0.0 ], [ 116.0727624, 35.7063153, 0.0 ], [ 116.0708663, 35.7068191, 0.0 ], [ 116.0698183, 35.7073411, 0.0 ], [ 116.0683913, 35.7084438, 0.0 ], [ 116.0681915, 35.7086042, 0.0 ], [ 116.0671435, 35.7100259, 0.0 ], [ 116.0670636, 35.7115757, 0.0 ], [ 116.0670834, 35.7116556, 0.0 ], [ 116.0674128, 35.7132944, 0.0 ], [ 116.0674823, 35.7148438, 0.0 ], [ 116.0687995, 35.7168605, 0.0 ], [ 116.067911, 35.7176921, 0.0 ], [ 116.0651866, 35.7194971, 0.0 ], [ 116.0633902, 35.7204205, 0.0 ], [ 116.0628113, 35.7207115, 0.0 ], [ 116.0563939, 35.7251631, 0.0 ], [ 116.043309, 35.732147, 0.0 ], [ 116.0405244, 35.7342918, 0.0 ], [ 116.0365118, 35.7373886, 0.0 ], [ 116.0347648, 35.7387415, 0.0 ], [ 116.0322494, 35.7410756, 0.0 ], [ 116.0309516, 35.7422977, 0.0 ], [ 116.0225665, 35.7500408, 0.0 ], [ 116.0000154, 35.7666065, 0.0 ], [ 115.9954427, 35.7699532, 0.0 ], [ 115.9943641, 35.7712146, 0.0 ], [ 115.9924968, 35.773397, 0.0 ], [ 115.9918679, 35.7744377, 0.0 ], [ 115.9885336, 35.7745937, 0.0 ], [ 115.9858584, 35.7746986, 0.0 ], [ 115.9838122, 35.7744625, 0.0 ], [ 115.9814963, 35.774047, 0.0 ], [ 115.978811, 35.7748316, 0.0 ], [ 115.97342, 35.7780401, 0.0 ], [ 115.9669411, 35.7834198, 0.0 ], [ 115.9630877, 35.7854761, 0.0 ], [ 115.9604824, 35.7866705, 0.0 ], [ 115.9580167, 35.7872948, 0.0 ], [ 115.9558308, 35.7878087, 0.0 ], [ 115.955212, 35.7879498, 0.0 ], [ 115.9521077, 35.7886553, 0.0 ], [ 115.9488734, 35.789561, 0.0 ], [ 115.9463282, 35.7905754, 0.0 ], [ 115.9440124, 35.7917793, 0.0 ], [ 115.942455, 35.7930318, 0.0 ], [ 115.9392211, 35.7945573, 0.0 ], [ 115.9369654, 35.7955312, 0.0 ], [ 115.9347794, 35.7960451, 0.0 ], [ 115.9316255, 35.7966608, 0.0 ], [ 115.9282516, 35.7969371, 0.0 ], [ 115.9265048, 35.7972903, 0.0 ], [ 115.9257964, 35.7974416, 0.0 ], [ 115.9239697, 35.797615, 0.0 ], [ 115.9221431, 35.7978384, 0.0 ], [ 115.918979, 35.7984041, 0.0 ], [ 115.9181309, 35.7995454, 0.0 ], [ 115.9180909, 35.7996055, 0.0 ], [ 115.9173122, 35.8008265, 0.0 ], [ 115.9172824, 35.8008665, 0.0 ], [ 115.916863, 35.8020669, 0.0 ], [ 115.9158643, 35.8035481, 0.0 ], [ 115.9142472, 35.8045808, 0.0 ], [ 115.9136784, 35.8054916, 0.0 ], [ 115.9132486, 35.8074416, 0.0 ], [ 115.9124, 35.8082329, 0.0 ], [ 115.9108531, 35.8088556, 0.0 ], [ 115.9095254, 35.8091979, 0.0 ], [ 115.9079785, 35.8091409, 0.0 ], [ 115.9064413, 35.8088539, 0.0 ], [ 115.9048246, 35.8084472, 0.0 ], [ 115.9032874, 35.8080502, 0.0 ], [ 115.9020198, 35.8078727, 0.0 ], [ 115.8998537, 35.8075265, 0.0 ], [ 115.8980998, 35.8072844, 0.0 ], [ 115.8959146, 35.8069917, 0.0 ], [ 115.8941506, 35.8070494, 0.0 ], [ 115.8923264, 35.8073168, 0.0 ], [ 115.8903518, 35.8081739, 0.0 ], [ 115.8886577, 35.8086715, 0.0 ], [ 115.8870341, 35.8089592, 0.0 ], [ 115.884859, 35.8094662, 0.0 ], [ 115.8828142, 35.8103132, 0.0 ], [ 115.8811902, 35.8109308, 0.0 ], [ 115.8794964, 35.8112185, 0.0 ], [ 115.8778825, 35.8116062, 0.0 ], [ 115.876399, 35.8124539, 0.0 ], [ 115.8749856, 35.8129318, 0.0 ], [ 115.8747052, 35.8130314, 0.0 ], [ 115.873011, 35.8139888, 0.0 ], [ 115.8715274, 35.8150164, 0.0 ], [ 115.8701141, 35.8160342, 0.0 ], [ 115.8708755, 35.8181642, 0.0 ], [ 115.8716369, 35.8203343, 0.0 ], [ 115.8714158, 35.822573, 0.0 ], [ 115.8714457, 35.8242924, 0.0 ], [ 115.8714756, 35.8246922, 0.0 ], [ 115.8717359, 35.8261119, 0.0 ], [ 115.8719461, 35.8277915, 0.0 ], [ 115.8723569, 35.8293813, 0.0 ], [ 115.8724166, 35.8308108, 0.0 ], [ 115.8724062, 35.8333197, 0.0 ], [ 115.8724062, 35.8335297, 0.0 ], [ 115.8724062, 35.8336196, 0.0 ], [ 115.8721855, 35.8349288, 0.0 ], [ 115.871674, 35.8369372, 0.0 ], [ 115.8718741, 35.8390066, 0.0 ], [ 115.8721445, 35.8407162, 0.0 ], [ 115.8722042, 35.8424356, 0.0 ], [ 115.8716725, 35.8449938, 0.0 ], [ 115.8711008, 35.8470321, 0.0 ], [ 115.8704791, 35.8489804, 0.0 ], [ 115.8703589, 35.8504197, 0.0 ], [ 115.8708197, 35.8517797, 0.0 ], [ 115.8718316, 35.8531905, 0.0 ], [ 115.8718615, 35.8534804, 0.0 ], [ 115.8722021, 35.8549103, 0.0 ], [ 115.8724022, 35.8566398, 0.0 ], [ 115.8727428, 35.8581796, 0.0 ], [ 115.872953, 35.8592694, 0.0 ], [ 115.8721312, 35.8603178, 0.0 ], [ 115.8716599, 35.8611268, 0.0 ], [ 115.8713291, 35.8619861, 0.0 ], [ 115.8710983, 35.8628153, 0.0 ], [ 115.8707174, 35.8637344, 0.0 ], [ 115.8694546, 35.8627731, 0.0 ], [ 115.8685628, 35.8620922, 0.0 ], [ 115.8667589, 35.8610403, 0.0 ], [ 115.8638728, 35.859527, 0.0 ], [ 115.8611771, 35.8578841, 0.0 ], [ 115.858481, 35.8560312, 0.0 ], [ 115.8563668, 35.8549788, 0.0 ], [ 115.8548933, 35.8544371, 0.0 ], [ 115.8540415, 35.8539761, 0.0 ], [ 115.8508746, 35.8521026, 0.0 ], [ 115.849562, 35.8514611, 0.0 ], [ 115.8451524, 35.8491462, 0.0 ], [ 115.8429373, 35.8485235, 0.0 ], [ 115.8406322, 35.8480507, 0.0 ], [ 115.8383272, 35.8477277, 0.0 ], [ 115.8361924, 35.8477848, 0.0 ], [ 115.8345284, 35.8480724, 0.0 ], [ 115.8332155, 35.8485804, 0.0 ], [ 115.8314616, 35.8492478, 0.0 ], [ 115.829968, 35.8498355, 0.0 ], [ 115.8286651, 35.8505034, 0.0 ], [ 115.8273518, 35.8513213, 0.0 ], [ 115.8259586, 35.852059, 0.0 ], [ 115.825207, 35.8525078, 0.0 ], [ 115.8242749, 35.8530263, 0.0 ], [ 115.8226913, 35.8534239, 0.0 ], [ 115.8199952, 35.8543798, 0.0 ], [ 115.816828, 35.855485, 0.0 ], [ 115.8137608, 35.8565803, 0.0 ], [ 115.8112552, 35.8573166, 0.0 ], [ 115.8089299, 35.8575134, 0.0 ], [ 115.8061536, 35.8580193, 0.0 ], [ 115.8031771, 35.858515, 0.0 ], [ 115.7995595, 35.8593103, 0.0 ], [ 115.7964984, 35.8595901, 0.0 ], [ 115.792897, 35.8597101, 0.0 ], [ 115.7901257, 35.8596801, 0.0 ], [ 115.7875045, 35.8594402, 0.0 ], [ 115.7848438, 35.8595401, 0.0 ], [ 115.7825225, 35.8596501, 0.0 ], [ 115.7806919, 35.8596501, 0.0 ], [ 115.7789412, 35.8594802, 0.0 ], [ 115.7770505, 35.8591204, 0.0 ], [ 115.77551, 35.8588305, 0.0 ], [ 115.7728788, 35.8584407, 0.0 ], [ 115.7720285, 35.8584307, 0.0 ], [ 115.7710882, 35.8582908, 0.0 ], [ 115.7698177, 35.8582308, 0.0 ], [ 115.7688774, 35.8580809, 0.0 ], [ 115.7679871, 35.8579809, 0.0 ], [ 115.7672268, 35.8577111, 0.0 ], [ 115.7662865, 35.8575711, 0.0 ], [ 115.7654059, 35.8572413, 0.0 ], [ 115.7646859, 35.8568715, 0.0 ], [ 115.7639857, 35.8562818, 0.0 ], [ 115.7632052, 35.855912, 0.0 ], [ 115.7624449, 35.8554122, 0.0 ], [ 115.7618448, 35.8550424, 0.0 ], [ 115.7612947, 35.8545826, 0.0 ], [ 115.7604145, 35.853903, 0.0 ], [ 115.7599843, 35.8531733, 0.0 ], [ 115.7596643, 35.8526736, 0.0 ], [ 115.759454, 35.8521738, 0.0 ], [ 115.7592942, 35.851684, 0.0 ], [ 115.759084, 35.8510444, 0.0 ], [ 115.7589842, 35.8502348, 0.0 ], [ 115.7589342, 35.8496051, 0.0 ], [ 115.7588341, 35.8488855, 0.0 ], [ 115.7587942, 35.8480659, 0.0 ], [ 115.7587546, 35.8470364, 0.0 ], [ 115.7587146, 35.8459469, 0.0 ], [ 115.7586746, 35.8448675, 0.0 ], [ 115.7585846, 35.8436881, 0.0 ], [ 115.7584349, 35.8425186, 0.0 ], [ 115.7582448, 35.8405796, 0.0 ], [ 115.758265, 35.8394102, 0.0 ], [ 115.758175, 35.8389104, 0.0 ], [ 115.7574049, 35.8375411, 0.0 ], [ 115.7567148, 35.8360419, 0.0 ], [ 115.7563447, 35.8347425, 0.0 ], [ 115.7558047, 35.8335931, 0.0 ], [ 115.7557446, 35.8334332, 0.0 ], [ 115.7557244, 35.8333832, 0.0 ], [ 115.7555444, 35.8329135, 0.0 ], [ 115.7552744, 35.8324137, 0.0 ], [ 115.7550646, 35.8319139, 0.0 ], [ 115.7544644, 35.8310044, 0.0 ], [ 115.7541941, 35.8305547, 0.0 ], [ 115.753874, 35.8300549, 0.0 ], [ 115.7537142, 35.8296051, 0.0 ], [ 115.7534442, 35.8292353, 0.0 ], [ 115.753054, 35.8287855, 0.0 ], [ 115.7526238, 35.8283257, 0.0 ], [ 115.7520236, 35.8278259, 0.0 ], [ 115.7514235, 35.8272762, 0.0 ], [ 115.7507633, 35.8269565, 0.0 ], [ 115.750053, 35.8265666, 0.0 ], [ 115.7498831, 35.8264767, 0.0 ], [ 115.7496026, 35.8263767, 0.0 ], [ 115.7488326, 35.8261069, 0.0 ], [ 115.7475121, 35.8257271, 0.0 ], [ 115.7462917, 35.825667, 0.0 ], [ 115.7454112, 35.8254771, 0.0 ], [ 115.7442808, 35.8253972, 0.0 ], [ 115.7438606, 35.8253672, 0.0 ], [ 115.7428202, 35.8253172, 0.0 ], [ 115.7418198, 35.8253972, 0.0 ], [ 115.7405994, 35.8256971, 0.0 ], [ 115.7392588, 35.8258669, 0.0 ], [ 115.7381482, 35.8260769, 0.0 ], [ 115.7370977, 35.8262468, 0.0 ], [ 115.7363676, 35.8265966, 0.0 ], [ 115.7356372, 35.8269565, 0.0 ], [ 115.7347969, 35.827756, 0.0 ], [ 115.7340064, 35.8284657, 0.0 ], [ 115.733286, 35.8289054, 0.0 ], [ 115.7327658, 35.8296251, 0.0 ], [ 115.7322056, 35.8302048, 0.0 ], [ 115.7315353, 35.8307446, 0.0 ], [ 115.7309147, 35.8314042, 0.0 ], [ 115.7303545, 35.8320739, 0.0 ], [ 115.7297242, 35.8328335, 0.0 ], [ 115.7294142, 35.8333732, 0.0 ], [ 115.7293739, 35.8334332, 0.0 ], [ 115.729214, 35.833713, 0.0 ], [ 115.7287136, 35.8343328, 0.0 ], [ 115.7280833, 35.8354522, 0.0 ], [ 115.7277931, 35.8359019, 0.0 ], [ 115.7274529, 35.8367515, 0.0 ], [ 115.7272229, 35.8372013, 0.0 ], [ 115.7270425, 35.837831, 0.0 ], [ 115.7267524, 35.8387305, 0.0 ], [ 115.7266325, 35.8392203, 0.0 ], [ 115.7264122, 35.8396301, 0.0 ], [ 115.7260619, 35.8403697, 0.0 ], [ 115.7252414, 35.8414292, 0.0 ], [ 115.7241809, 35.8424587, 0.0 ], [ 115.7225501, 35.843868, 0.0 ], [ 115.7216299, 35.8447175, 0.0 ], [ 115.719989, 35.8461968, 0.0 ], [ 115.7188784, 35.8468165, 0.0 ], [ 115.7187586, 35.8470464, 0.0 ], [ 115.7181883, 35.8474362, 0.0 ], [ 115.7175277, 35.847886, 0.0 ], [ 115.7169474, 35.8482758, 0.0 ], [ 115.715997, 35.8487455, 0.0 ], [ 115.7148868, 35.8491653, 0.0 ], [ 115.7136563, 35.8494652, 0.0 ], [ 115.7125158, 35.849725, 0.0 ], [ 115.7113451, 35.8498949, 0.0 ], [ 115.7099947, 35.849825, 0.0 ], [ 115.7088042, 35.8494552, 0.0 ], [ 115.7078938, 35.8489255, 0.0 ], [ 115.7071835, 35.8484257, 0.0 ], [ 115.7067936, 35.8479559, 0.0 ], [ 115.7065236, 35.8475062, 0.0 ], [ 115.7056834, 35.8470264, 0.0 ], [ 115.704783, 35.8461068, 0.0 ], [ 115.7040929, 35.8452373, 0.0 ], [ 115.7029726, 35.843808, 0.0 ], [ 115.7020722, 35.8425986, 0.0 ], [ 115.701592, 35.8415092, 0.0 ], [ 115.700832, 35.8392703, 0.0 ], [ 115.7005418, 35.8387905, 0.0 ], [ 115.6998121, 35.8381811, 0.0 ], [ 115.6989632, 35.8373726, 0.0 ], [ 115.698614, 35.8363636, 0.0 ], [ 115.6984643, 35.8350345, 0.0 ], [ 115.6979153, 35.8334361, 0.0 ], [ 115.6978955, 35.8333462, 0.0 ], [ 115.6977158, 35.8311175, 0.0 ], [ 115.6977158, 35.8310276, 0.0 ], [ 115.697606, 35.8298184, 0.0 ], [ 115.6972568, 35.8285095, 0.0 ], [ 115.6970372, 35.8271005, 0.0 ], [ 115.696688, 35.8256917, 0.0 ], [ 115.6964684, 35.8239829, 0.0 ], [ 115.6963687, 35.8226736, 0.0 ], [ 115.696139, 35.8216745, 0.0 ], [ 115.6960296, 35.8205652, 0.0 ], [ 115.6956901, 35.8190564, 0.0 ], [ 115.6953506, 35.8172478, 0.0 ], [ 115.695261, 35.815039, 0.0 ], [ 115.6949219, 35.8132204, 0.0 ], [ 115.694942, 35.8116212, 0.0 ], [ 115.6949719, 35.8099119, 0.0 ], [ 115.6948722, 35.8085028, 0.0 ], [ 115.6948924, 35.8070935, 0.0 ], [ 115.6948027, 35.8052845, 0.0 ], [ 115.6949428, 35.8039849, 0.0 ], [ 115.6950925, 35.8026853, 0.0 ], [ 115.6951228, 35.8006763, 0.0 ], [ 115.6952725, 35.7993665, 0.0 ], [ 115.6956818, 35.7965565, 0.0 ], [ 115.6957218, 35.793947, 0.0 ], [ 115.6960015, 35.792047, 0.0 ], [ 115.6961513, 35.7904371, 0.0 ], [ 115.6965509, 35.7885369, 0.0 ], [ 115.6969501, 35.7867367, 0.0 ], [ 115.6973494, 35.7849266, 0.0 ], [ 115.6976989, 35.7836063, 0.0 ], [ 115.6978588, 35.7825363, 0.0 ], [ 115.6981982, 35.7810261, 0.0 ], [ 115.6982681, 35.7802961, 0.0 ], [ 115.6984178, 35.7796161, 0.0 ], [ 115.6986176, 35.778926, 0.0 ], [ 115.6988873, 35.7772959, 0.0 ], [ 115.699117, 35.7759158, 0.0 ], [ 115.6992667, 35.7745459, 0.0 ], [ 115.6991368, 35.7731664, 0.0 ], [ 115.6994266, 35.7716763, 0.0 ], [ 115.6995763, 35.7700764, 0.0 ], [ 115.6997261, 35.7687664, 0.0 ], [ 115.6999457, 35.7674465, 0.0 ], [ 115.7003158, 35.7659067, 0.0 ], [ 115.7006459, 35.764227, 0.0 ], [ 115.7001556, 35.7637172, 0.0 ], [ 115.6995461, 35.7633078, 0.0 ], [ 115.6986976, 35.7627891, 0.0 ], [ 115.6978487, 35.7621804, 0.0 ], [ 115.69711, 35.7617715, 0.0 ], [ 115.6960015, 35.7614631, 0.0 ], [ 115.6944139, 35.7609354, 0.0 ], [ 115.6933156, 35.7603271, 0.0 ], [ 115.6912286, 35.7597001, 0.0 ], [ 115.6910789, 35.7596503, 0.0 ], [ 115.6897609, 35.7593822, 0.0 ], [ 115.6876639, 35.7590552, 0.0 ], [ 115.6850878, 35.7585189, 0.0 ], [ 115.6828712, 35.7583021, 0.0 ], [ 115.680415, 35.7579656, 0.0 ], [ 115.6781981, 35.7578387, 0.0 ], [ 115.6764708, 35.7577212, 0.0 ], [ 115.6740044, 35.7574946, 0.0 ], [ 115.6715381, 35.7573581, 0.0 ], [ 115.6687124, 35.7571321, 0.0 ], [ 115.6662562, 35.7567956, 0.0 ], [ 115.6637898, 35.7564692, 0.0 ], [ 115.6609642, 35.7560332, 0.0 ], [ 115.658258, 35.7555071, 0.0 ], [ 115.6556819, 35.7550708, 0.0 ], [ 115.6542041, 35.7546529, 0.0 ], [ 115.6526165, 35.7540353, 0.0 ], [ 115.651638, 35.7536167, 0.0 ], [ 115.6510289, 35.7534077, 0.0 ], [ 115.6498009, 35.7530894, 0.0 ], [ 115.6488221, 35.7527808, 0.0 ], [ 115.6480834, 35.7525719, 0.0 ], [ 115.6474742, 35.7523628, 0.0 ], [ 115.6467355, 35.7519539, 0.0 ], [ 115.6459964, 35.751745, 0.0 ], [ 115.6456372, 35.7514356, 0.0 ], [ 115.6452077, 35.7507163, 0.0 ], [ 115.6442591, 35.7509276, 0.0 ], [ 115.6454075, 35.7502761, 0.0 ], [ 115.645567, 35.7502059, 0.0 ], [ 115.6460364, 35.7499853, 0.0 ], [ 115.6466455, 35.7496945, 0.0 ], [ 115.6478936, 35.7490029, 0.0 ], [ 115.6488822, 35.7484117, 0.0 ], [ 115.6501303, 35.74782, 0.0 ], [ 115.6517377, 35.7471379, 0.0 ], [ 115.6525168, 35.746447, 0.0 ], [ 115.6530859, 35.7454863, 0.0 ], [ 115.653595, 35.7445058, 0.0 ], [ 115.6544539, 35.7421151, 0.0 ], [ 115.6543938, 35.7408454, 0.0 ], [ 115.654414, 35.7382859, 0.0 ], [ 115.6542142, 35.7373563, 0.0 ], [ 115.6539445, 35.7363269, 0.0 ], [ 115.6536749, 35.7342677, 0.0 ], [ 115.6535453, 35.7331782, 0.0 ], [ 115.6536252, 35.7318083, 0.0 ], [ 115.653775, 35.7307183, 0.0 ], [ 115.6540644, 35.7295782, 0.0 ], [ 115.6552726, 35.7279768, 0.0 ], [ 115.6561214, 35.7273657, 0.0 ], [ 115.6572497, 35.7267343, 0.0 ], [ 115.6583779, 35.7259928, 0.0 ], [ 115.6607143, 35.7249797, 0.0 ], [ 115.6623919, 35.7250474, 0.0 ], [ 115.6635202, 35.7246459, 0.0 ], [ 115.6646084, 35.7242144, 0.0 ], [ 115.6649281, 35.724084, 0.0 ], [ 115.666416, 35.7231821, 0.0 ], [ 115.6691617, 35.7217686, 0.0 ], [ 115.6725468, 35.7204041, 0.0 ], [ 115.6739544, 35.7200222, 0.0 ], [ 115.6754225, 35.7200302, 0.0 ], [ 115.6762912, 35.7201789, 0.0 ], [ 115.6773096, 35.7206474, 0.0 ], [ 115.6785977, 35.7208056, 0.0 ], [ 115.6809542, 35.7211322, 0.0 ], [ 115.6826117, 35.7211199, 0.0 ], [ 115.6832806, 35.720929, 0.0 ], [ 115.6843789, 35.7206075, 0.0 ], [ 115.6855072, 35.7199861, 0.0 ], [ 115.6859564, 35.7194656, 0.0 ], [ 115.6868154, 35.7187745, 0.0 ], [ 115.6878738, 35.7174132, 0.0 ], [ 115.6881632, 35.7158632, 0.0 ], [ 115.6878936, 35.7148337, 0.0 ], [ 115.687804, 35.7145539, 0.0 ], [ 115.687624, 35.7138544, 0.0 ], [ 115.6871448, 35.7129452, 0.0 ], [ 115.6860965, 35.7119669, 0.0 ], [ 115.6850478, 35.7111485, 0.0 ], [ 115.6835801, 35.7101107, 0.0 ], [ 115.682252, 35.7091328, 0.0 ], [ 115.6812836, 35.7086143, 0.0 ], [ 115.6800953, 35.707866, 0.0 ], [ 115.6791866, 35.7071774, 0.0 ], [ 115.6775792, 35.7059, 0.0 ], [ 115.6767404, 35.7049313, 0.0 ], [ 115.6759214, 35.7036027, 0.0 ], [ 115.6754423, 35.7022237, 0.0 ], [ 115.6748231, 35.7006749, 0.0 ], [ 115.6744739, 35.6993059, 0.0 ], [ 115.6741448, 35.6980369, 0.0 ], [ 115.6741448, 35.6970675, 0.0 ], [ 115.674205, 35.6962578, 0.0 ], [ 115.6742251, 35.6959779, 0.0 ], [ 115.6746647, 35.6949479, 0.0 ], [ 115.6752238, 35.6941575, 0.0 ], [ 115.6760827, 35.6932468, 0.0 ], [ 115.6768618, 35.6920463, 0.0 ], [ 115.6788392, 35.6905143, 0.0 ], [ 115.6798278, 35.6894934, 0.0 ], [ 115.6808167, 35.6886625, 0.0 ], [ 115.6817851, 35.6881814, 0.0 ], [ 115.6817754, 35.6878815, 0.0 ], [ 115.6818154, 35.6872618, 0.0 ], [ 115.6817956, 35.6867122, 0.0 ], [ 115.6818557, 35.6859225, 0.0 ], [ 115.6818956, 35.6855027, 0.0 ], [ 115.6818658, 35.6850129, 0.0 ], [ 115.6818859, 35.6845631, 0.0 ], [ 115.6819262, 35.682754, 0.0 ], [ 115.681936, 35.6825341, 0.0 ], [ 115.6819763, 35.6820443, 0.0 ], [ 115.6819561, 35.6813646, 0.0 ], [ 115.6818766, 35.681045, 0.0 ], [ 115.6817966, 35.6804154, 0.0 ], [ 115.6803001, 35.6750204, 0.0 ], [ 115.6802404, 35.6740309, 0.0 ], [ 115.6805402, 35.6714518, 0.0 ], [ 115.6811998, 35.6703915, 0.0 ], [ 115.6819486, 35.6696907, 0.0 ], [ 115.6827877, 35.6688799, 0.0 ], [ 115.6838861, 35.6675491, 0.0 ], [ 115.6843156, 35.6668488, 0.0 ], [ 115.6844354, 35.6666587, 0.0 ], [ 115.6846252, 35.6663486, 0.0 ], [ 115.685734, 35.6650777, 0.0 ], [ 115.686553, 35.6638571, 0.0 ], [ 115.6869626, 35.662967, 0.0 ], [ 115.6890798, 35.6611249, 0.0 ], [ 115.6891396, 35.6610449, 0.0 ], [ 115.6892296, 35.6609448, 0.0 ], [ 115.6893894, 35.6607646, 0.0 ], [ 115.689479, 35.6606645, 0.0 ], [ 115.6896389, 35.6604645, 0.0 ], [ 115.6897886, 35.6602843, 0.0 ], [ 115.6899485, 35.6600842, 0.0 ], [ 115.6901983, 35.659784, 0.0 ], [ 115.6904478, 35.6594837, 0.0 ], [ 115.6906976, 35.6591736, 0.0 ], [ 115.691117, 35.6586432, 0.0 ], [ 115.6914868, 35.658203, 0.0 ], [ 115.6918561, 35.6577326, 0.0 ], [ 115.6922258, 35.6572624, 0.0 ], [ 115.6924656, 35.6569621, 0.0 ], [ 115.6925452, 35.6568821, 0.0 ], [ 115.6925952, 35.6568321, 0.0 ], [ 115.692665, 35.6567819, 0.0 ], [ 115.6954316, 35.6541893, 0.0 ], [ 115.6971593, 35.6526876, 0.0 ], [ 115.6985474, 35.6515861, 0.0 ], [ 115.7004158, 35.6500148, 0.0 ], [ 115.7019365, 35.6487953, 0.0 ], [ 115.7032573, 35.6477658, 0.0 ], [ 115.7064286, 35.6478156, 0.0 ], [ 115.7090195, 35.6481753, 0.0 ], [ 115.7119006, 35.6488149, 0.0 ], [ 115.7122908, 35.6488748, 0.0 ], [ 115.715822, 35.6494743, 0.0 ], [ 115.7179226, 35.6500639, 0.0 ], [ 115.7207339, 35.6504236, 0.0 ], [ 115.7224147, 35.6500937, 0.0 ], [ 115.723895, 35.6499836, 0.0 ], [ 115.7246057, 35.6490141, 0.0 ], [ 115.7248958, 35.6478747, 0.0 ], [ 115.7249369, 35.6439468, 0.0 ], [ 115.7249369, 35.6427674, 0.0 ], [ 115.7250686, 35.6346517, 0.0 ], [ 115.7255093, 35.6324228, 0.0 ], [ 115.7254596, 35.630184, 0.0 ], [ 115.72533, 35.6286448, 0.0 ], [ 115.7254801, 35.6277253, 0.0 ], [ 115.72429, 35.6271456, 0.0 ], [ 115.7231696, 35.6269057, 0.0 ], [ 115.719728, 35.6267759, 0.0 ], [ 115.7174172, 35.626706, 0.0 ], [ 115.7132257, 35.6264463, 0.0 ], [ 115.7115053, 35.6254069, 0.0 ], [ 115.7113451, 35.625087, 0.0 ], [ 115.7103652, 35.6230281, 0.0 ], [ 115.7104051, 35.6228282, 0.0 ], [ 115.7119074, 35.6156818, 0.0 ], [ 115.7120273, 35.6150721, 0.0 ], [ 115.7114682, 35.6105544, 0.0 ], [ 115.7114581, 35.6104945, 0.0 ], [ 115.7099782, 35.6062766, 0.0 ], [ 115.7098784, 35.6059967, 0.0 ], [ 115.708298, 35.603658, 0.0 ], [ 115.7073282, 35.6023886, 0.0 ], [ 115.7070679, 35.6020987, 0.0 ], [ 115.7053975, 35.6006495, 0.0 ], [ 115.7037872, 35.5999498, 0.0 ], [ 115.7023267, 35.5990305, 0.0 ], [ 115.6995266, 35.5974622, 0.0 ], [ 115.6975096, 35.596416, 0.0 ], [ 115.6959022, 35.5952692, 0.0 ], [ 115.6949935, 35.5944011, 0.0 ], [ 115.6932562, 35.5931846, 0.0 ], [ 115.6915192, 35.5916982, 0.0 ], [ 115.6910796, 35.591359, 0.0 ], [ 115.6893523, 35.5899626, 0.0 ], [ 115.6872658, 35.5884068, 0.0 ], [ 115.6870458, 35.5882072, 0.0 ], [ 115.6861472, 35.5874191, 0.0 ], [ 115.6858178, 35.5861105, 0.0 ], [ 115.6868266, 35.5850897, 0.0 ], [ 115.688444, 35.5843478, 0.0 ], [ 115.6895726, 35.5843661, 0.0 ], [ 115.6915296, 35.5842633, 0.0 ], [ 115.692628, 35.5841018, 0.0 ], [ 115.6930675, 35.5840411, 0.0 ], [ 115.694685, 35.5839288, 0.0 ], [ 115.6960231, 35.5839969, 0.0 ], [ 115.6972111, 35.5838852, 0.0 ], [ 115.6977205, 35.5835346, 0.0 ], [ 115.6980301, 35.5833243, 0.0 ], [ 115.6986194, 35.5829237, 0.0 ], [ 115.6984196, 35.5811453, 0.0 ], [ 115.6984996, 35.5801758, 0.0 ], [ 115.69847, 35.5789467, 0.0 ], [ 115.6984402, 35.5781074, 0.0 ], [ 115.6984002, 35.5775378, 0.0 ], [ 115.69838, 35.5771381, 0.0 ], [ 115.6981406, 35.5762991, 0.0 ], [ 115.6979808, 35.5757097, 0.0 ], [ 115.6975618, 35.5746211, 0.0 ], [ 115.6970624, 35.5738823, 0.0 ], [ 115.6965934, 35.5731836, 0.0 ], [ 115.6959043, 35.5715257, 0.0 ], [ 115.6958446, 35.5705465, 0.0 ], [ 115.6958248, 35.5703266, 0.0 ], [ 115.695585, 35.5687181, 0.0 ], [ 115.6951058, 35.5678594, 0.0 ], [ 115.6950461, 35.5676197, 0.0 ], [ 115.6949662, 35.5667603, 0.0 ], [ 115.6951962, 35.5649413, 0.0 ], [ 115.6959749, 35.563681, 0.0 ], [ 115.6965444, 35.562601, 0.0 ], [ 115.6969739, 35.5610014, 0.0 ], [ 115.6972637, 35.5596719, 0.0 ], [ 115.6967942, 35.5577939, 0.0 ], [ 115.6965847, 35.556755, 0.0 ], [ 115.6961156, 35.5553866, 0.0 ], [ 115.6959162, 35.5541178, 0.0 ], [ 115.6950176, 35.5510812, 0.0 ], [ 115.6947782, 35.5500322, 0.0 ], [ 115.6947383, 35.5497925, 0.0 ], [ 115.6946882, 35.5495927, 0.0 ], [ 115.6945586, 35.5483337, 0.0 ], [ 115.6960264, 35.5480618, 0.0 ], [ 115.6975042, 35.5480097, 0.0 ], [ 115.6988326, 35.547728, 0.0 ], [ 115.6994215, 35.5476372, 0.0 ], [ 115.7003809, 35.5475065, 0.0 ], [ 115.7016416, 35.5475165, 0.0 ], [ 115.7037523, 35.5472967, 0.0 ], [ 115.704463, 35.5459376, 0.0 ], [ 115.7044028, 35.5444386, 0.0 ], [ 115.7038834, 35.5393522, 0.0 ], [ 115.7038934, 35.538313, 0.0 ], [ 115.7039734, 35.5369539, 0.0 ], [ 115.7041937, 35.5358048, 0.0 ], [ 115.7044039, 35.5348953, 0.0 ], [ 115.7045641, 35.5338661, 0.0 ], [ 115.7051344, 35.5321972, 0.0 ], [ 115.7059148, 35.5311779, 0.0 ], [ 115.7066251, 35.5303885, 0.0 ], [ 115.7074758, 35.5294791, 0.0 ], [ 115.7078358, 35.5283899, 0.0 ], [ 115.7086264, 35.5256518, 0.0 ], [ 115.7097571, 35.5240529, 0.0 ], [ 115.7100574, 35.5227339, 0.0 ], [ 115.7102676, 35.5218245, 0.0 ], [ 115.7102777, 35.5207253, 0.0 ], [ 115.7100678, 35.519696, 0.0 ], [ 115.7100077, 35.5186167, 0.0 ], [ 115.7100278, 35.5170678, 0.0 ], [ 115.7100379, 35.5157587, 0.0 ], [ 115.709558, 35.5145495, 0.0 ], [ 115.7089378, 35.5131206, 0.0 ], [ 115.7077577, 35.5115616, 0.0 ], [ 115.7063674, 35.5092033, 0.0 ], [ 115.705327, 35.5079342, 0.0 ], [ 115.7049968, 35.5058257, 0.0 ], [ 115.7047268, 35.5047264, 0.0 ], [ 115.7046772, 35.5045166, 0.0 ], [ 115.7044568, 35.5037471, 0.0 ], [ 115.7044673, 35.5020983, 0.0 ], [ 115.7044072, 35.501189, 0.0 ], [ 115.7044072, 35.5002596, 0.0 ], [ 115.7044172, 35.5000098, 0.0 ], [ 115.7044172, 35.4999199, 0.0 ], [ 115.7042174, 35.4990106, 0.0 ], [ 115.7036576, 35.4980814, 0.0 ], [ 115.7033178, 35.497542, 0.0 ], [ 115.7030377, 35.4971123, 0.0 ], [ 115.7022778, 35.4960733, 0.0 ], [ 115.7010977, 35.4945846, 0.0 ], [ 115.7003978, 35.493086, 0.0 ], [ 115.7006286, 35.4910777, 0.0 ], [ 115.7008489, 35.4901086, 0.0 ], [ 115.7015596, 35.4891495, 0.0 ], [ 115.7022, 35.4882902, 0.0 ], [ 115.7043114, 35.4864119, 0.0 ], [ 115.7060826, 35.4849332, 0.0 ], [ 115.7072832, 35.4837443, 0.0 ], [ 115.708414, 35.4828351, 0.0 ], [ 115.7092646, 35.4819857, 0.0 ], [ 115.709625, 35.4807769, 0.0 ], [ 115.710066, 35.4781591, 0.0 ], [ 115.7097964, 35.4764407, 0.0 ], [ 115.7093165, 35.4752418, 0.0 ], [ 115.7089169, 35.4735733, 0.0 ], [ 115.708707, 35.4726041, 0.0 ], [ 115.7082271, 35.471625, 0.0 ], [ 115.707397, 35.4706459, 0.0 ], [ 115.7060772, 35.4688575, 0.0 ], [ 115.7049774, 35.4663898, 0.0 ], [ 115.7046376, 35.4654806, 0.0 ], [ 115.7040878, 35.4642718, 0.0 ], [ 115.7042282, 35.4631827, 0.0 ], [ 115.7047387, 35.4618739, 0.0 ], [ 115.7061395, 35.4607848, 0.0 ], [ 115.7072702, 35.4598256, 0.0 ], [ 115.708181, 35.4587065, 0.0 ], [ 115.7086814, 35.4577174, 0.0 ], [ 115.7089115, 35.4572678, 0.0 ], [ 115.709612, 35.4562386, 0.0 ], [ 115.7099724, 35.4551496, 0.0 ], [ 115.710543, 35.4540705, 0.0 ], [ 115.7108335, 35.4530415, 0.0 ], [ 115.7111939, 35.4517826, 0.0 ], [ 115.7113444, 35.450184, 0.0 ], [ 115.712015, 35.4488751, 0.0 ], [ 115.7109451, 35.4475264, 0.0 ], [ 115.7099252, 35.4462276, 0.0 ], [ 115.709715, 35.4460178, 0.0 ], [ 115.7054749, 35.441532, 0.0 ], [ 115.7035349, 35.439494, 0.0 ], [ 115.7031648, 35.4391543, 0.0 ], [ 115.6992458, 35.4354988, 0.0 ], [ 115.7003352, 35.4344486, 0.0 ], [ 115.7015959, 35.434049, 0.0 ], [ 115.7040569, 35.4330996, 0.0 ], [ 115.704347, 35.4329897, 0.0 ], [ 115.7049173, 35.4327899, 0.0 ], [ 115.7062381, 35.4322502, 0.0 ], [ 115.7082689, 35.4317006, 0.0 ], [ 115.7093993, 35.4314208, 0.0 ], [ 115.7107298, 35.431141, 0.0 ], [ 115.7119902, 35.4308111, 0.0 ], [ 115.7130508, 35.4304114, 0.0 ], [ 115.7153018, 35.4289925, 0.0 ], [ 115.7151726, 35.4266446, 0.0 ], [ 115.7146927, 35.4255655, 0.0 ], [ 115.7144929, 35.4244666, 0.0 ], [ 115.7141531, 35.4229779, 0.0 ], [ 115.7137434, 35.4214293, 0.0 ], [ 115.7136836, 35.4211395, 0.0 ], [ 115.713414, 35.4199406, 0.0 ], [ 115.7135645, 35.4185019, 0.0 ], [ 115.7135047, 35.4175328, 0.0 ], [ 115.7135249, 35.4170032, 0.0 ], [ 115.7135447, 35.4166935, 0.0 ], [ 115.713585, 35.4158243, 0.0 ], [ 115.7139454, 35.4147352, 0.0 ], [ 115.7156366, 35.4131365, 0.0 ], [ 115.7165572, 35.412407, 0.0 ], [ 115.7177477, 35.4113779, 0.0 ], [ 115.719939, 35.4095093, 0.0 ], [ 115.7205694, 35.4086, 0.0 ], [ 115.7206396, 35.4074511, 0.0 ], [ 115.72051, 35.4064219, 0.0 ], [ 115.7203901, 35.4054528, 0.0 ], [ 115.7203206, 35.4043039, 0.0 ], [ 115.7202108, 35.4031548, 0.0 ], [ 115.7201906, 35.4030349, 0.0 ], [ 115.7199908, 35.4019559, 0.0 ], [ 115.7199314, 35.4009768, 0.0 ], [ 115.7200916, 35.3998678, 0.0 ], [ 115.7215118, 35.4001873, 0.0 ], [ 115.7228424, 35.4002872, 0.0 ], [ 115.7247328, 35.4004368, 0.0 ], [ 115.7263434, 35.4004267, 0.0 ], [ 115.7284339, 35.3999968, 0.0 ], [ 115.7299747, 35.399637, 0.0 ], [ 115.7311552, 35.3992772, 0.0 ], [ 115.7329656, 35.3986776, 0.0 ], [ 115.7350565, 35.398028, 0.0 ], [ 115.7362369, 35.3976683, 0.0 ], [ 115.7379775, 35.3970186, 0.0 ], [ 115.7392976, 35.3966089, 0.0 ], [ 115.7404781, 35.396369, 0.0 ], [ 115.7415185, 35.3960093, 0.0 ], [ 115.7443394, 35.3960889, 0.0 ], [ 115.7455098, 35.3961288, 0.0 ], [ 115.7474102, 35.3959788, 0.0 ], [ 115.7486008, 35.3960285, 0.0 ], [ 115.7499112, 35.3957787, 0.0 ], [ 115.7500714, 35.3957387, 0.0 ], [ 115.752712, 35.395109, 0.0 ], [ 115.7544526, 35.3945694, 0.0 ], [ 115.7569434, 35.3939597, 0.0 ], [ 115.7590343, 35.3935899, 0.0 ], [ 115.7608548, 35.3933999, 0.0 ], [ 115.7630954, 35.3933098, 0.0 ], [ 115.7647259, 35.3933496, 0.0 ], [ 115.7683172, 35.3933492, 0.0 ], [ 115.7705579, 35.3932192, 0.0 ], [ 115.773939, 35.3931789, 0.0 ], [ 115.7766498, 35.3929489, 0.0 ], [ 115.7792206, 35.392559, 0.0 ], [ 115.7812513, 35.3925289, 0.0 ], [ 115.7836921, 35.392099, 0.0 ], [ 115.786413, 35.391829, 0.0 ], [ 115.7872032, 35.3917291, 0.0 ], [ 115.7898942, 35.3913792, 0.0 ], [ 115.7917748, 35.3911793, 0.0 ], [ 115.7935853, 35.3909193, 0.0 ], [ 115.7948158, 35.3907294, 0.0 ], [ 115.7964865, 35.3903197, 0.0 ], [ 115.7966165, 35.3902897, 0.0 ], [ 115.7967266, 35.3902697, 0.0 ], [ 115.7993075, 35.3898599, 0.0 ], [ 115.8015712, 35.3894926, 0.0 ], [ 115.8030245, 35.389255, 0.0 ], [ 115.8031948, 35.3892253, 0.0 ], [ 115.8053695, 35.388759, 0.0 ], [ 115.8076847, 35.3884127, 0.0 ], [ 115.809579, 35.3880759, 0.0 ], [ 115.811483, 35.3877391, 0.0 ], [ 115.8130566, 35.3873718, 0.0 ], [ 115.8154319, 35.3868558, 0.0 ], [ 115.8186791, 35.3863911, 0.0 ], [ 115.8223072, 35.385847, 0.0 ], [ 115.8246623, 35.3853809, 0.0 ], [ 115.8248329, 35.3853712, 0.0 ], [ 115.8278393, 35.385106, 0.0 ], [ 115.8299539, 35.3849692, 0.0 ], [ 115.8328303, 35.3850434, 0.0 ], [ 115.8377209, 35.3852304, 0.0 ], [ 115.8393344, 35.3863918, 0.0 ], [ 115.8407874, 35.3874829, 0.0 ], [ 115.8437837, 35.3880668, 0.0 ], [ 115.8451866, 35.3881288, 0.0 ], [ 115.8464495, 35.3880108, 0.0 ], [ 115.8468203, 35.3879814, 0.0 ], [ 115.8480529, 35.3879132, 0.0 ], [ 115.8494461, 35.3875757, 0.0 ], [ 115.8509894, 35.3873481, 0.0 ], [ 115.8519017, 35.3866002, 0.0 ], [ 115.8524633, 35.3851224, 0.0 ], [ 115.8526238, 35.3835242, 0.0 ], [ 115.8531952, 35.3816868, 0.0 ], [ 115.853967, 35.3804891, 0.0 ], [ 115.8546085, 35.3796908, 0.0 ], [ 115.8551701, 35.3787725, 0.0 ], [ 115.8561522, 35.377635, 0.0 ], [ 115.8567836, 35.3767767, 0.0 ], [ 115.8581268, 35.3760993, 0.0 ], [ 115.85966, 35.3755321, 0.0 ], [ 115.861414, 35.3748553, 0.0 ], [ 115.8629476, 35.3746278, 0.0 ], [ 115.8641402, 35.3739402, 0.0 ], [ 115.8653326, 35.3738421, 0.0 ], [ 115.8663852, 35.373444, 0.0 ], [ 115.8682792, 35.3725276, 0.0 ], [ 115.8695122, 35.3718201, 0.0 ], [ 115.8699532, 35.3715709, 0.0 ], [ 115.8707351, 35.3700735, 0.0 ], [ 115.8713665, 35.3689355, 0.0 ], [ 115.8722183, 35.3680775, 0.0 ], [ 115.8729199, 35.3673392, 0.0 ], [ 115.873762, 35.3661916, 0.0 ], [ 115.874604, 35.3651638, 0.0 ], [ 115.8749849, 35.3648446, 0.0 ], [ 115.876017, 35.3639669, 0.0 ], [ 115.8770696, 35.3627196, 0.0 ], [ 115.878613, 35.3619226, 0.0 ], [ 115.8809281, 35.3610668, 0.0 ], [ 115.8826018, 35.3605097, 0.0 ], [ 115.8845659, 35.3602328, 0.0 ] ] ] } },
{ "type": "Feature", "properties": { "Name": "鄄城县", "AdminCode": "371726", "Kind": "0137", "CityAdCode": "371700", "CityName": "菏泽市", "ProName": "山东省", "Shape_Leng": 1.4651068760199999, "Shape_Area": 0.10440748621, "sheng": 370000 }, "geometry": { "type": "Polygon", "coordinates": [ [ [ 115.6053298, 35.3805613, 0.0 ], [ 115.6070772, 35.3807687, 0.0 ], [ 115.6091044, 35.3808157, 0.0 ], [ 115.6123901, 35.380881, 0.0 ], [ 115.6146167, 35.3810876, 0.0 ], [ 115.6149263, 35.3810772, 0.0 ], [ 115.6160948, 35.3811855, 0.0 ], [ 115.617353, 35.3812736, 0.0 ], [ 115.61944, 35.3813605, 0.0 ], [ 115.6195199, 35.3813604, 0.0 ], [ 115.6207082, 35.3813487, 0.0 ], [ 115.6228052, 35.381106, 0.0 ], [ 115.6249922, 35.3806134, 0.0 ], [ 115.6262105, 35.3809613, 0.0 ], [ 115.6271591, 35.3812297, 0.0 ], [ 115.6285872, 35.3817871, 0.0 ], [ 115.6319824, 35.3832209, 0.0 ], [ 115.632112, 35.3832907, 0.0 ], [ 115.6321422, 35.3833006, 0.0 ], [ 115.6323218, 35.3833803, 0.0 ], [ 115.6328111, 35.3836194, 0.0 ], [ 115.6348382, 35.3843059, 0.0 ], [ 115.6367952, 35.3860114, 0.0 ], [ 115.637584, 35.3868595, 0.0 ], [ 115.6384829, 35.3877773, 0.0 ], [ 115.6393314, 35.3887553, 0.0 ], [ 115.6402501, 35.389783, 0.0 ], [ 115.6413683, 35.3908704, 0.0 ], [ 115.6414684, 35.3909601, 0.0 ], [ 115.6426265, 35.3923272, 0.0 ], [ 115.6441644, 35.3934239, 0.0 ], [ 115.646391, 35.3944499, 0.0 ], [ 115.6472399, 35.3950181, 0.0 ], [ 115.6483181, 35.3955861, 0.0 ], [ 115.6498657, 35.3974821, 0.0 ], [ 115.6502153, 35.3985107, 0.0 ], [ 115.6504748, 35.3997092, 0.0 ], [ 115.6509335, 35.4017767, 0.0 ], [ 115.6514224, 35.4034944, 0.0 ], [ 115.6520412, 35.4046425, 0.0 ], [ 115.6526798, 35.4058106, 0.0 ], [ 115.6532087, 35.4069987, 0.0 ], [ 115.6573123, 35.4094808, 0.0 ], [ 115.6593989, 35.4111963, 0.0 ], [ 115.6621248, 35.4118619, 0.0 ], [ 115.6643618, 35.4120386, 0.0 ], [ 115.6646315, 35.4120182, 0.0 ], [ 115.6658296, 35.4119367, 0.0 ], [ 115.6675774, 35.4118343, 0.0 ], [ 115.6693946, 35.4125211, 0.0 ], [ 115.6697237, 35.414419, 0.0 ], [ 115.6698529, 35.4153879, 0.0 ], [ 115.6702622, 35.4166662, 0.0 ], [ 115.670322, 35.416876, 0.0 ], [ 115.670362, 35.4170457, 0.0 ], [ 115.670601, 35.4180845, 0.0 ], [ 115.6708706, 35.4190033, 0.0 ], [ 115.6714294, 35.4201414, 0.0 ], [ 115.6719784, 35.4212297, 0.0 ], [ 115.6730062, 35.4231965, 0.0 ], [ 115.6735552, 35.423995, 0.0 ], [ 115.6748029, 35.4260614, 0.0 ], [ 115.6755514, 35.4278987, 0.0 ], [ 115.6763797, 35.4295061, 0.0 ], [ 115.6770086, 35.4303145, 0.0 ], [ 115.677977, 35.4313422, 0.0 ], [ 115.6798436, 35.4339373, 0.0 ], [ 115.6802231, 35.4341265, 0.0 ], [ 115.6809517, 35.4344552, 0.0 ], [ 115.6818604, 35.4353232, 0.0 ], [ 115.6831081, 35.4360708, 0.0 ], [ 115.6842367, 35.436359, 0.0 ], [ 115.6854848, 35.4369966, 0.0 ], [ 115.6865929, 35.4372848, 0.0 ], [ 115.6877914, 35.4375229, 0.0 ], [ 115.6891194, 35.437591, 0.0 ], [ 115.6904474, 35.4375992, 0.0 ], [ 115.6916358, 35.4376075, 0.0 ], [ 115.693034, 35.4376655, 0.0 ], [ 115.6945021, 35.4373836, 0.0 ], [ 115.6975078, 35.4368899, 0.0 ], [ 115.6992458, 35.4354988, 0.0 ], [ 115.7031648, 35.4391543, 0.0 ], [ 115.7035349, 35.439494, 0.0 ], [ 115.7054749, 35.441532, 0.0 ], [ 115.709715, 35.4460178, 0.0 ], [ 115.7099252, 35.4462276, 0.0 ], [ 115.7109451, 35.4475264, 0.0 ], [ 115.712015, 35.4488751, 0.0 ], [ 115.7113444, 35.450184, 0.0 ], [ 115.7111939, 35.4517826, 0.0 ], [ 115.7108335, 35.4530415, 0.0 ], [ 115.710543, 35.4540705, 0.0 ], [ 115.7099724, 35.4551496, 0.0 ], [ 115.709612, 35.4562386, 0.0 ], [ 115.7089115, 35.4572678, 0.0 ], [ 115.7086814, 35.4577174, 0.0 ], [ 115.708181, 35.4587065, 0.0 ], [ 115.7072702, 35.4598256, 0.0 ], [ 115.7061395, 35.4607848, 0.0 ], [ 115.7047387, 35.4618739, 0.0 ], [ 115.7042282, 35.4631827, 0.0 ], [ 115.7040878, 35.4642718, 0.0 ], [ 115.7046376, 35.4654806, 0.0 ], [ 115.7049774, 35.4663898, 0.0 ], [ 115.7060772, 35.4688575, 0.0 ], [ 115.707397, 35.4706459, 0.0 ], [ 115.7082271, 35.471625, 0.0 ], [ 115.708707, 35.4726041, 0.0 ], [ 115.7089169, 35.4735733, 0.0 ], [ 115.7093165, 35.4752418, 0.0 ], [ 115.7097964, 35.4764407, 0.0 ], [ 115.710066, 35.4781591, 0.0 ], [ 115.709625, 35.4807769, 0.0 ], [ 115.7092646, 35.4819857, 0.0 ], [ 115.708414, 35.4828351, 0.0 ], [ 115.7072832, 35.4837443, 0.0 ], [ 115.7060826, 35.4849332, 0.0 ], [ 115.7043114, 35.4864119, 0.0 ], [ 115.7022, 35.4882902, 0.0 ], [ 115.7015596, 35.4891495, 0.0 ], [ 115.7008489, 35.4901086, 0.0 ], [ 115.7006286, 35.4910777, 0.0 ], [ 115.7003978, 35.493086, 0.0 ], [ 115.7010977, 35.4945846, 0.0 ], [ 115.7022778, 35.4960733, 0.0 ], [ 115.7030377, 35.4971123, 0.0 ], [ 115.7033178, 35.497542, 0.0 ], [ 115.7036576, 35.4980814, 0.0 ], [ 115.7042174, 35.4990106, 0.0 ], [ 115.7044172, 35.4999199, 0.0 ], [ 115.7044172, 35.5000098, 0.0 ], [ 115.7044072, 35.5002596, 0.0 ], [ 115.7044072, 35.501189, 0.0 ], [ 115.7044673, 35.5020983, 0.0 ], [ 115.7044568, 35.5037471, 0.0 ], [ 115.7046772, 35.5045166, 0.0 ], [ 115.7047268, 35.5047264, 0.0 ], [ 115.7049968, 35.5058257, 0.0 ], [ 115.705327, 35.5079342, 0.0 ], [ 115.7063674, 35.5092033, 0.0 ], [ 115.7077577, 35.5115616, 0.0 ], [ 115.7089378, 35.5131206, 0.0 ], [ 115.709558, 35.5145495, 0.0 ], [ 115.7100379, 35.5157587, 0.0 ], [ 115.7100278, 35.5170678, 0.0 ], [ 115.7100077, 35.5186167, 0.0 ], [ 115.7100678, 35.519696, 0.0 ], [ 115.7102777, 35.5207253, 0.0 ], [ 115.7102676, 35.5218245, 0.0 ], [ 115.7100574, 35.5227339, 0.0 ], [ 115.7097571, 35.5240529, 0.0 ], [ 115.7086264, 35.5256518, 0.0 ], [ 115.7078358, 35.5283899, 0.0 ], [ 115.7074758, 35.5294791, 0.0 ], [ 115.7066251, 35.5303885, 0.0 ], [ 115.7059148, 35.5311779, 0.0 ], [ 115.7051344, 35.5321972, 0.0 ], [ 115.7045641, 35.5338661, 0.0 ], [ 115.7044039, 35.5348953, 0.0 ], [ 115.7041937, 35.5358048, 0.0 ], [ 115.7039734, 35.5369539, 0.0 ], [ 115.7038934, 35.538313, 0.0 ], [ 115.7038834, 35.5393522, 0.0 ], [ 115.7044028, 35.5444386, 0.0 ], [ 115.704463, 35.5459376, 0.0 ], [ 115.7037523, 35.5472967, 0.0 ], [ 115.7016416, 35.5475165, 0.0 ], [ 115.7003809, 35.5475065, 0.0 ], [ 115.6994215, 35.5476372, 0.0 ], [ 115.6988326, 35.547728, 0.0 ], [ 115.6975042, 35.5480097, 0.0 ], [ 115.6960264, 35.5480618, 0.0 ], [ 115.6945586, 35.5483337, 0.0 ], [ 115.6946882, 35.5495927, 0.0 ], [ 115.6947383, 35.5497925, 0.0 ], [ 115.6947782, 35.5500322, 0.0 ], [ 115.6950176, 35.5510812, 0.0 ], [ 115.6959162, 35.5541178, 0.0 ], [ 115.6961156, 35.5553866, 0.0 ], [ 115.6965847, 35.556755, 0.0 ], [ 115.6967942, 35.5577939, 0.0 ], [ 115.6972637, 35.5596719, 0.0 ], [ 115.6969739, 35.5610014, 0.0 ], [ 115.6965444, 35.562601, 0.0 ], [ 115.6959749, 35.563681, 0.0 ], [ 115.6951962, 35.5649413, 0.0 ], [ 115.6949662, 35.5667603, 0.0 ], [ 115.6950461, 35.5676197, 0.0 ], [ 115.6951058, 35.5678594, 0.0 ], [ 115.695585, 35.5687181, 0.0 ], [ 115.6958248, 35.5703266, 0.0 ], [ 115.6958446, 35.5705465, 0.0 ], [ 115.6959043, 35.5715257, 0.0 ], [ 115.6965934, 35.5731836, 0.0 ], [ 115.6970624, 35.5738823, 0.0 ], [ 115.6975618, 35.5746211, 0.0 ], [ 115.6979808, 35.5757097, 0.0 ], [ 115.6981406, 35.5762991, 0.0 ], [ 115.69838, 35.5771381, 0.0 ], [ 115.6984002, 35.5775378, 0.0 ], [ 115.6984402, 35.5781074, 0.0 ], [ 115.69847, 35.5789467, 0.0 ], [ 115.6984996, 35.5801758, 0.0 ], [ 115.6984196, 35.5811453, 0.0 ], [ 115.6986194, 35.5829237, 0.0 ], [ 115.6980301, 35.5833243, 0.0 ], [ 115.6977205, 35.5835346, 0.0 ], [ 115.6972111, 35.5838852, 0.0 ], [ 115.6960231, 35.5839969, 0.0 ], [ 115.694685, 35.5839288, 0.0 ], [ 115.6930675, 35.5840411, 0.0 ], [ 115.692628, 35.5841018, 0.0 ], [ 115.6915296, 35.5842633, 0.0 ], [ 115.6895726, 35.5843661, 0.0 ], [ 115.688444, 35.5843478, 0.0 ], [ 115.6868266, 35.5850897, 0.0 ], [ 115.6858178, 35.5861105, 0.0 ], [ 115.6861472, 35.5874191, 0.0 ], [ 115.6870458, 35.5882072, 0.0 ], [ 115.6872658, 35.5884068, 0.0 ], [ 115.6893523, 35.5899626, 0.0 ], [ 115.6910796, 35.591359, 0.0 ], [ 115.6915192, 35.5916982, 0.0 ], [ 115.6932562, 35.5931846, 0.0 ], [ 115.6949935, 35.5944011, 0.0 ], [ 115.6959022, 35.5952692, 0.0 ], [ 115.6975096, 35.596416, 0.0 ], [ 115.6995266, 35.5974622, 0.0 ], [ 115.7023267, 35.5990305, 0.0 ], [ 115.7037872, 35.5999498, 0.0 ], [ 115.7053975, 35.6006495, 0.0 ], [ 115.7070679, 35.6020987, 0.0 ], [ 115.7073282, 35.6023886, 0.0 ], [ 115.708298, 35.603658, 0.0 ], [ 115.7098784, 35.6059967, 0.0 ], [ 115.7099782, 35.6062766, 0.0 ], [ 115.7114581, 35.6104945, 0.0 ], [ 115.7114682, 35.6105544, 0.0 ], [ 115.7120273, 35.6150721, 0.0 ], [ 115.7119074, 35.6156818, 0.0 ], [ 115.7104051, 35.6228282, 0.0 ], [ 115.7103652, 35.6230281, 0.0 ], [ 115.7113451, 35.625087, 0.0 ], [ 115.7115053, 35.6254069, 0.0 ], [ 115.7132257, 35.6264463, 0.0 ], [ 115.7174172, 35.626706, 0.0 ], [ 115.719728, 35.6267759, 0.0 ], [ 115.7231696, 35.6269057, 0.0 ], [ 115.72429, 35.6271456, 0.0 ], [ 115.7254801, 35.6277253, 0.0 ], [ 115.72533, 35.6286448, 0.0 ], [ 115.7254596, 35.630184, 0.0 ], [ 115.7255093, 35.6324228, 0.0 ], [ 115.7250686, 35.6346517, 0.0 ], [ 115.7249369, 35.6427674, 0.0 ], [ 115.7249369, 35.6439468, 0.0 ], [ 115.7248958, 35.6478747, 0.0 ], [ 115.7246057, 35.6490141, 0.0 ], [ 115.723895, 35.6499836, 0.0 ], [ 115.7224147, 35.6500937, 0.0 ], [ 115.7207339, 35.6504236, 0.0 ], [ 115.7179226, 35.6500639, 0.0 ], [ 115.715822, 35.6494743, 0.0 ], [ 115.7122908, 35.6488748, 0.0 ], [ 115.7119006, 35.6488149, 0.0 ], [ 115.7090195, 35.6481753, 0.0 ], [ 115.7064286, 35.6478156, 0.0 ], [ 115.7032573, 35.6477658, 0.0 ], [ 115.7019365, 35.6487953, 0.0 ], [ 115.7004158, 35.6500148, 0.0 ], [ 115.6985474, 35.6515861, 0.0 ], [ 115.6971593, 35.6526876, 0.0 ], [ 115.6954316, 35.6541893, 0.0 ], [ 115.692665, 35.6567819, 0.0 ], [ 115.6925952, 35.6568321, 0.0 ], [ 115.6925452, 35.6568821, 0.0 ], [ 115.6924656, 35.6569621, 0.0 ], [ 115.6922258, 35.6572624, 0.0 ], [ 115.6918561, 35.6577326, 0.0 ], [ 115.6914868, 35.658203, 0.0 ], [ 115.691117, 35.6586432, 0.0 ], [ 115.6906976, 35.6591736, 0.0 ], [ 115.6904478, 35.6594837, 0.0 ], [ 115.6901983, 35.659784, 0.0 ], [ 115.6899485, 35.6600842, 0.0 ], [ 115.6897886, 35.6602843, 0.0 ], [ 115.6896389, 35.6604645, 0.0 ], [ 115.689479, 35.6606645, 0.0 ], [ 115.6893894, 35.6607646, 0.0 ], [ 115.6892296, 35.6609448, 0.0 ], [ 115.6891396, 35.6610449, 0.0 ], [ 115.6890798, 35.6611249, 0.0 ], [ 115.6869626, 35.662967, 0.0 ], [ 115.686553, 35.6638571, 0.0 ], [ 115.685734, 35.6650777, 0.0 ], [ 115.6846252, 35.6663486, 0.0 ], [ 115.6844354, 35.6666587, 0.0 ], [ 115.6843156, 35.6668488, 0.0 ], [ 115.6838861, 35.6675491, 0.0 ], [ 115.6827877, 35.6688799, 0.0 ], [ 115.6819486, 35.6696907, 0.0 ], [ 115.6811998, 35.6703915, 0.0 ], [ 115.6805402, 35.6714518, 0.0 ], [ 115.6802404, 35.6740309, 0.0 ], [ 115.6803001, 35.6750204, 0.0 ], [ 115.6817966, 35.6804154, 0.0 ], [ 115.6818766, 35.681045, 0.0 ], [ 115.6819561, 35.6813646, 0.0 ], [ 115.6819763, 35.6820443, 0.0 ], [ 115.681936, 35.6825341, 0.0 ], [ 115.6819262, 35.682754, 0.0 ], [ 115.6818859, 35.6845631, 0.0 ], [ 115.6818658, 35.6850129, 0.0 ], [ 115.6818956, 35.6855027, 0.0 ], [ 115.6818557, 35.6859225, 0.0 ], [ 115.6817956, 35.6867122, 0.0 ], [ 115.6818154, 35.6872618, 0.0 ], [ 115.6817754, 35.6878815, 0.0 ], [ 115.6817851, 35.6881814, 0.0 ], [ 115.6808167, 35.6886625, 0.0 ], [ 115.6798278, 35.6894934, 0.0 ], [ 115.6788392, 35.6905143, 0.0 ], [ 115.6768618, 35.6920463, 0.0 ], [ 115.6760827, 35.6932468, 0.0 ], [ 115.6752238, 35.6941575, 0.0 ], [ 115.6746647, 35.6949479, 0.0 ], [ 115.6742251, 35.6959779, 0.0 ], [ 115.674205, 35.6962578, 0.0 ], [ 115.6741448, 35.6970675, 0.0 ], [ 115.6741448, 35.6980369, 0.0 ], [ 115.6744739, 35.6993059, 0.0 ], [ 115.6748231, 35.7006749, 0.0 ], [ 115.6754423, 35.7022237, 0.0 ], [ 115.6759214, 35.7036027, 0.0 ], [ 115.6767404, 35.7049313, 0.0 ], [ 115.6775792, 35.7059, 0.0 ], [ 115.6791866, 35.7071774, 0.0 ], [ 115.6800953, 35.707866, 0.0 ], [ 115.6812836, 35.7086143, 0.0 ], [ 115.682252, 35.7091328, 0.0 ], [ 115.6835801, 35.7101107, 0.0 ], [ 115.6850478, 35.7111485, 0.0 ], [ 115.6860965, 35.7119669, 0.0 ], [ 115.6871448, 35.7129452, 0.0 ], [ 115.687624, 35.7138544, 0.0 ], [ 115.687804, 35.7145539, 0.0 ], [ 115.6878936, 35.7148337, 0.0 ], [ 115.6881632, 35.7158632, 0.0 ], [ 115.6878738, 35.7174132, 0.0 ], [ 115.6868154, 35.7187745, 0.0 ], [ 115.6859564, 35.7194656, 0.0 ], [ 115.6855072, 35.7199861, 0.0 ], [ 115.6843789, 35.7206075, 0.0 ], [ 115.6832806, 35.720929, 0.0 ], [ 115.6826117, 35.7211199, 0.0 ], [ 115.6809542, 35.7211322, 0.0 ], [ 115.6785977, 35.7208056, 0.0 ], [ 115.6773096, 35.7206474, 0.0 ], [ 115.6762912, 35.7201789, 0.0 ], [ 115.6754225, 35.7200302, 0.0 ], [ 115.6739544, 35.7200222, 0.0 ], [ 115.6725468, 35.7204041, 0.0 ], [ 115.6691617, 35.7217686, 0.0 ], [ 115.666416, 35.7231821, 0.0 ], [ 115.6649281, 35.724084, 0.0 ], [ 115.6646084, 35.7242144, 0.0 ], [ 115.6635202, 35.7246459, 0.0 ], [ 115.6623919, 35.7250474, 0.0 ], [ 115.6607143, 35.7249797, 0.0 ], [ 115.6583779, 35.7259928, 0.0 ], [ 115.6572497, 35.7267343, 0.0 ], [ 115.6561214, 35.7273657, 0.0 ], [ 115.6552726, 35.7279768, 0.0 ], [ 115.6540644, 35.7295782, 0.0 ], [ 115.653775, 35.7307183, 0.0 ], [ 115.6536252, 35.7318083, 0.0 ], [ 115.6535453, 35.7331782, 0.0 ], [ 115.6536749, 35.7342677, 0.0 ], [ 115.6539445, 35.7363269, 0.0 ], [ 115.6542142, 35.7373563, 0.0 ], [ 115.654414, 35.7382859, 0.0 ], [ 115.6543938, 35.7408454, 0.0 ], [ 115.6544539, 35.7421151, 0.0 ], [ 115.653595, 35.7445058, 0.0 ], [ 115.6530859, 35.7454863, 0.0 ], [ 115.6525168, 35.746447, 0.0 ], [ 115.6517377, 35.7471379, 0.0 ], [ 115.6501303, 35.74782, 0.0 ], [ 115.6488822, 35.7484117, 0.0 ], [ 115.6478936, 35.7490029, 0.0 ], [ 115.6466455, 35.7496945, 0.0 ], [ 115.6460364, 35.7499853, 0.0 ], [ 115.645567, 35.7502059, 0.0 ], [ 115.6454075, 35.7502761, 0.0 ], [ 115.6442591, 35.7509276, 0.0 ], [ 115.6420724, 35.7518305, 0.0 ], [ 115.640874, 35.752282, 0.0 ], [ 115.6396061, 35.7528437, 0.0 ], [ 115.6377686, 35.7533262, 0.0 ], [ 115.6365907, 35.7531079, 0.0 ], [ 115.6354024, 35.7527096, 0.0 ], [ 115.6333752, 35.7516626, 0.0 ], [ 115.6316281, 35.7502254, 0.0 ], [ 115.6313286, 35.7499858, 0.0 ], [ 115.6310687, 35.7497662, 0.0 ], [ 115.6297507, 35.7482084, 0.0 ], [ 115.6287823, 35.74712, 0.0 ], [ 115.6277437, 35.7463716, 0.0 ], [ 115.6269751, 35.7456728, 0.0 ], [ 115.6259963, 35.7450443, 0.0 ], [ 115.6250876, 35.7445156, 0.0 ], [ 115.6249778, 35.7444759, 0.0 ], [ 115.62376, 35.7440576, 0.0 ], [ 115.6218725, 35.7431305, 0.0 ], [ 115.6207543, 35.7426121, 0.0 ], [ 115.6193863, 35.7422341, 0.0 ], [ 115.6188672, 35.7420848, 0.0 ], [ 115.6171896, 35.7417373, 0.0 ], [ 115.615642, 35.7413795, 0.0 ], [ 115.6136152, 35.7408625, 0.0 ], [ 115.6092714, 35.7404387, 0.0 ], [ 115.6063259, 35.7400129, 0.0 ], [ 115.6029012, 35.7397677, 0.0 ], [ 115.5997447, 35.7395814, 0.0 ], [ 115.5981312, 35.7393986, 0.0 ], [ 115.5962264, 35.7393852, 0.0 ], [ 115.5932093, 35.7392499, 0.0 ], [ 115.5907537, 35.7387157, 0.0 ], [ 115.588849, 35.7387522, 0.0 ], [ 115.5873053, 35.7387395, 0.0 ], [ 115.5847093, 35.738385, 0.0 ], [ 115.582113, 35.7378505, 0.0 ], [ 115.5804293, 35.7374876, 0.0 ], [ 115.5788957, 35.737085, 0.0 ], [ 115.5772818, 35.7367822, 0.0 ], [ 115.5756679, 35.7364294, 0.0 ], [ 115.5744752, 35.7360174, 0.0 ], [ 115.573072, 35.7354451, 0.0 ], [ 115.5711874, 35.734572, 0.0 ], [ 115.5699346, 35.7335301, 0.0 ], [ 115.568401, 35.7325976, 0.0 ], [ 115.5674887, 35.7320161, 0.0 ], [ 115.5660955, 35.7312139, 0.0 ], [ 115.5647023, 35.7304017, 0.0 ], [ 115.5626777, 35.7294784, 0.0 ], [ 115.560292, 35.7284245, 0.0 ], [ 115.5588988, 35.7277822, 0.0 ], [ 115.5584178, 35.7277813, 0.0 ], [ 115.5582173, 35.727781, 0.0 ], [ 115.557646, 35.7278, 0.0 ], [ 115.5570044, 35.7278388, 0.0 ], [ 115.5557416, 35.7280565, 0.0 ], [ 115.5537666, 35.728273, 0.0 ], [ 115.5519425, 35.7286597, 0.0 ], [ 115.5505993, 35.7289373, 0.0 ], [ 115.5496169, 35.7294554, 0.0 ], [ 115.5482838, 35.729723, 0.0 ], [ 115.5465194, 35.7299998, 0.0 ], [ 115.544695, 35.7305664, 0.0 ], [ 115.5431513, 35.7310236, 0.0 ], [ 115.541748, 35.731461, 0.0 ], [ 115.5401942, 35.7317981, 0.0 ], [ 115.5385105, 35.732075, 0.0 ], [ 115.5367462, 35.7325717, 0.0 ], [ 115.5353429, 35.7327992, 0.0 ], [ 115.5327466, 35.7332945, 0.0 ], [ 115.5309923, 35.7335713, 0.0 ], [ 115.5283963, 35.7337266, 0.0 ], [ 115.5270629, 35.7338942, 0.0 ], [ 115.5259404, 35.7339523, 0.0 ], [ 115.5248276, 35.7336004, 0.0 ], [ 115.5233646, 35.7326182, 0.0 ], [ 115.5227432, 35.7314675, 0.0 ], [ 115.5223325, 35.7305571, 0.0 ], [ 115.5217212, 35.7288866, 0.0 ], [ 115.52117, 35.727856, 0.0 ], [ 115.5195065, 35.7262437, 0.0 ], [ 115.5181032, 35.7259413, 0.0 ], [ 115.5169105, 35.7259392, 0.0 ], [ 115.515437, 35.7261066, 0.0 ], [ 115.513051, 35.7267821, 0.0 ], [ 115.5115775, 35.7269995, 0.0 ], [ 115.5101843, 35.7268771, 0.0 ], [ 115.5086305, 35.7271543, 0.0 ], [ 115.507508, 35.7272023, 0.0 ], [ 115.5054132, 35.7271386, 0.0 ], [ 115.5033785, 35.7263853, 0.0 ], [ 115.502346, 35.7260337, 0.0 ], [ 115.5007123, 35.7257309, 0.0 ], [ 115.5000107, 35.72507, 0.0 ], [ 115.4992892, 35.7243589, 0.0 ], [ 115.4984976, 35.7239175, 0.0 ], [ 115.4968938, 35.7229748, 0.0 ], [ 115.4967736, 35.7228946, 0.0 ], [ 115.4964028, 35.722644, 0.0 ], [ 115.4957915, 35.722143, 0.0 ], [ 115.4948594, 35.7216614, 0.0 ], [ 115.4942978, 35.7213704, 0.0 ], [ 115.4941675, 35.7212602, 0.0 ], [ 115.4936866, 35.7208694, 0.0 ], [ 115.4897276, 35.7180028, 0.0 ], [ 115.4889961, 35.7175216, 0.0 ], [ 115.4883647, 35.7170206, 0.0 ], [ 115.4876332, 35.7166292, 0.0 ], [ 115.4868412, 35.715998, 0.0 ], [ 115.4863904, 35.7156372, 0.0 ], [ 115.4856586, 35.7152459, 0.0 ], [ 115.4852075, 35.7148651, 0.0 ], [ 115.4848669, 35.7146146, 0.0 ], [ 115.4840749, 35.7139932, 0.0 ], [ 115.4832833, 35.7133619, 0.0 ], [ 115.4826821, 35.7126809, 0.0 ], [ 115.4801966, 35.7101969, 0.0 ], [ 115.4799558, 35.7099066, 0.0 ], [ 115.4799259, 35.7098765, 0.0 ], [ 115.4784726, 35.7085941, 0.0 ], [ 115.4774304, 35.7076823, 0.0 ], [ 115.4769894, 35.7073316, 0.0 ], [ 115.4764382, 35.7070206, 0.0 ], [ 115.4762377, 35.7069302, 0.0 ], [ 115.4756164, 35.7064392, 0.0 ], [ 115.4747642, 35.7060576, 0.0 ], [ 115.4742631, 35.7054568, 0.0 ], [ 115.4735215, 35.7050655, 0.0 ], [ 115.47288, 35.7044744, 0.0 ], [ 115.4724091, 35.7038636, 0.0 ], [ 115.4720884, 35.7030032, 0.0 ], [ 115.4718979, 35.702473, 0.0 ], [ 115.4715271, 35.7017726, 0.0 ], [ 115.4715073, 35.7016525, 0.0 ], [ 115.4713972, 35.7010826, 0.0 ], [ 115.4707657, 35.7003315, 0.0 ], [ 115.4703949, 35.6998809, 0.0 ], [ 115.4701444, 35.6991907, 0.0 ], [ 115.4697635, 35.6984904, 0.0 ], [ 115.4692724, 35.6978997, 0.0 ], [ 115.4688512, 35.6970893, 0.0 ], [ 115.4688214, 35.6970693, 0.0 ], [ 115.4683804, 35.6962488, 0.0 ], [ 115.4679293, 35.6954284, 0.0 ], [ 115.4677691, 35.6951182, 0.0 ], [ 115.4675084, 35.6944181, 0.0 ], [ 115.4670174, 35.6937174, 0.0 ], [ 115.4666365, 35.693017, 0.0 ], [ 115.466386, 35.6923269, 0.0 ], [ 115.4660051, 35.6916265, 0.0 ], [ 115.4653837, 35.6911356, 0.0 ], [ 115.4648927, 35.6905349, 0.0 ], [ 115.4645118, 35.6898445, 0.0 ], [ 115.4638904, 35.6890936, 0.0 ], [ 115.4632691, 35.6883529, 0.0 ], [ 115.4630282, 35.6880625, 0.0 ], [ 115.4626474, 35.6873521, 0.0 ], [ 115.4622568, 35.6868916, 0.0 ], [ 115.4621462, 35.6867615, 0.0 ], [ 115.4615249, 35.6862705, 0.0 ], [ 115.4609136, 35.6855197, 0.0 ], [ 115.4607232, 35.6852794, 0.0 ], [ 115.4605428, 35.6850792, 0.0 ], [ 115.4599211, 35.6845783, 0.0 ], [ 115.4594102, 35.6839775, 0.0 ], [ 115.4586784, 35.6835963, 0.0 ], [ 115.4578162, 35.6834047, 0.0 ], [ 115.457315, 35.682804, 0.0 ], [ 115.4570548, 35.6825837, 0.0 ], [ 115.4565335, 35.6821728, 0.0 ], [ 115.4560824, 35.6818121, 0.0 ], [ 115.4555914, 35.6812214, 0.0 ], [ 115.4550902, 35.6805209, 0.0 ], [ 115.4547094, 35.6798205, 0.0 ], [ 115.4543987, 35.6789604, 0.0 ], [ 115.4542082, 35.6784303, 0.0 ], [ 115.4538274, 35.6777299, 0.0 ], [ 115.453697, 35.6770301, 0.0 ], [ 115.4534465, 35.6763399, 0.0 ], [ 115.4533162, 35.67565, 0.0 ], [ 115.4530559, 35.6749399, 0.0 ], [ 115.4529256, 35.67424, 0.0 ], [ 115.4526149, 35.6733799, 0.0 ], [ 115.4524244, 35.6728498, 0.0 ], [ 115.4521638, 35.6720497, 0.0 ], [ 115.4519935, 35.6711599, 0.0 ], [ 115.4519035, 35.6706499, 0.0 ], [ 115.4515327, 35.6699497, 0.0 ], [ 115.4513923, 35.6692497, 0.0 ], [ 115.4511418, 35.6685596, 0.0 ], [ 115.4510114, 35.6678498, 0.0 ], [ 115.4507008, 35.6669896, 0.0 ], [ 115.4505906, 35.6666996, 0.0 ], [ 115.4503804, 35.6661294, 0.0 ], [ 115.45025, 35.6657694, 0.0 ], [ 115.4498792, 35.6650591, 0.0 ], [ 115.4496186, 35.6643689, 0.0 ], [ 115.4490674, 35.6635883, 0.0 ], [ 115.4486264, 35.6629777, 0.0 ], [ 115.4480051, 35.6622369, 0.0 ], [ 115.4473834, 35.6614862, 0.0 ], [ 115.446762, 35.6607454, 0.0 ], [ 115.4460103, 35.6600043, 0.0 ], [ 115.445399, 35.6595034, 0.0 ], [ 115.4448979, 35.6589127, 0.0 ], [ 115.444166, 35.6582317, 0.0 ], [ 115.4435346, 35.6576207, 0.0 ], [ 115.4429132, 35.65688, 0.0 ], [ 115.4425324, 35.6564294, 0.0 ], [ 115.4421616, 35.6557291, 0.0 ], [ 115.4416705, 35.6551384, 0.0 ], [ 115.4409487, 35.6544474, 0.0 ], [ 115.4404177, 35.6539467, 0.0 ], [ 115.4399263, 35.6533461, 0.0 ], [ 115.439305, 35.6527552, 0.0 ], [ 115.4386836, 35.6520044, 0.0 ], [ 115.4380622, 35.6512636, 0.0 ], [ 115.437451, 35.6505128, 0.0 ], [ 115.4369398, 35.6496823, 0.0 ], [ 115.4366291, 35.6488122, 0.0 ], [ 115.4363184, 35.647952, 0.0 ], [ 115.436178, 35.647572, 0.0 ], [ 115.4358072, 35.6467718, 0.0 ], [ 115.4353061, 35.6461811, 0.0 ], [ 115.4349252, 35.6454807, 0.0 ], [ 115.4346746, 35.6447906, 0.0 ], [ 115.4341735, 35.6440901, 0.0 ], [ 115.4336724, 35.6434895, 0.0 ], [ 115.4330611, 35.6428986, 0.0 ], [ 115.43256, 35.642308, 0.0 ], [ 115.431818, 35.6418168, 0.0 ], [ 115.4309562, 35.6414253, 0.0 ], [ 115.4302142, 35.6410241, 0.0 ], [ 115.4293524, 35.6406327, 0.0 ], [ 115.428731, 35.6400219, 0.0 ], [ 115.4279891, 35.6396406, 0.0 ], [ 115.4272475, 35.6391394, 0.0 ], [ 115.4263853, 35.6386581, 0.0 ], [ 115.4255936, 35.6380269, 0.0 ], [ 115.4251426, 35.6376662, 0.0 ], [ 115.424401, 35.637265, 0.0 ], [ 115.4237893, 35.6367741, 0.0 ], [ 115.423168, 35.6360233, 0.0 ], [ 115.4227871, 35.6355729, 0.0 ], [ 115.4224163, 35.6348825, 0.0 ], [ 115.4217949, 35.6341318, 0.0 ], [ 115.421414, 35.6336813, 0.0 ], [ 115.4208028, 35.6331804, 0.0 ], [ 115.4204219, 35.6325001, 0.0 ], [ 115.4196799, 35.6320989, 0.0 ], [ 115.4188984, 35.6314677, 0.0 ], [ 115.4184473, 35.6311071, 0.0 ], [ 115.4175851, 35.6306157, 0.0 ], [ 115.4167232, 35.6302143, 0.0 ], [ 115.4159813, 35.6298131, 0.0 ], [ 115.4153498, 35.6292322, 0.0 ], [ 115.4146082, 35.628841, 0.0 ], [ 115.4138965, 35.6281501, 0.0 ], [ 115.4131747, 35.627459, 0.0 ], [ 115.4127539, 35.6270385, 0.0 ], [ 115.4122528, 35.6264479, 0.0 ], [ 115.4116314, 35.625857, 0.0 ], [ 115.41101, 35.6253561, 0.0 ], [ 115.4103883, 35.6247653, 0.0 ], [ 115.4096366, 35.6238644, 0.0 ], [ 115.4093962, 35.623564, 0.0 ], [ 115.4089854, 35.6201653, 0.0 ], [ 115.4089055, 35.6191158, 0.0 ], [ 115.4082042, 35.6150168, 0.0 ], [ 115.4076134, 35.6098687, 0.0 ], [ 115.4066314, 35.6047998, 0.0 ], [ 115.4049178, 35.6016485, 0.0 ], [ 115.4031635, 35.6004559, 0.0 ], [ 115.4027326, 35.6001552, 0.0 ], [ 115.4023618, 35.5997148, 0.0 ], [ 115.4019308, 35.5992843, 0.0 ], [ 115.401159, 35.5986433, 0.0 ], [ 115.4005074, 35.5980225, 0.0 ], [ 115.3998864, 35.597512, 0.0 ], [ 115.3991477, 35.5971332, 0.0 ], [ 115.3985288, 35.5966344, 0.0 ], [ 115.39778, 35.5961458, 0.0 ], [ 115.3970514, 35.5957471, 0.0 ], [ 115.3964322, 35.5952482, 0.0 ], [ 115.395574, 35.5948597, 0.0 ], [ 115.3947154, 35.5945712, 0.0 ], [ 115.3938568, 35.5940027, 0.0 ], [ 115.3930082, 35.5934343, 0.0 ], [ 115.3924895, 35.5930952, 0.0 ], [ 115.3920002, 35.5924963, 0.0 ], [ 115.3912615, 35.5919977, 0.0 ], [ 115.3907626, 35.5914088, 0.0 ], [ 115.3901437, 35.59091, 0.0 ], [ 115.3896444, 35.5902212, 0.0 ], [ 115.389275, 35.5895222, 0.0 ], [ 115.3887761, 35.5889233, 0.0 ], [ 115.3883268, 35.5880945, 0.0 ], [ 115.3880276, 35.5875353, 0.0 ], [ 115.3876583, 35.5867363, 0.0 ], [ 115.3870294, 35.5859878, 0.0 ], [ 115.3864105, 35.5852391, 0.0 ], [ 115.3857917, 35.5845004, 0.0 ], [ 115.3851628, 35.5837518, 0.0 ], [ 115.3848636, 35.5833325, 0.0 ], [ 115.3846739, 35.583053, 0.0 ], [ 115.3838851, 35.5824245, 0.0 ], [ 115.3834362, 35.5820654, 0.0 ], [ 115.3828174, 35.5813168, 0.0 ], [ 115.3824379, 35.5808776, 0.0 ], [ 115.3818292, 35.5802788, 0.0 ], [ 115.3813298, 35.5796899, 0.0 ], [ 115.380711, 35.5791911, 0.0 ], [ 115.3800922, 35.5784524, 0.0 ], [ 115.3797228, 35.5780032, 0.0 ], [ 115.379104, 35.5775045, 0.0 ], [ 115.378475, 35.5767558, 0.0 ], [ 115.378106, 35.5763166, 0.0 ], [ 115.3778566, 35.5756074, 0.0 ], [ 115.3773572, 35.5749186, 0.0 ], [ 115.3769882, 35.5742295, 0.0 ], [ 115.3767388, 35.5735304, 0.0 ], [ 115.3763593, 35.5728314, 0.0 ], [ 115.3760501, 35.5719624, 0.0 ], [ 115.3758503, 35.571433, 0.0 ], [ 115.3753513, 35.5707342, 0.0 ], [ 115.375032, 35.5703449, 0.0 ], [ 115.3748621, 35.5701353, 0.0 ], [ 115.3734149, 35.5692478, 0.0 ], [ 115.3716278, 35.56965, 0.0 ], [ 115.3698109, 35.5706518, 0.0 ], [ 115.3690121, 35.5708928, 0.0 ], [ 115.3679141, 35.5712241, 0.0 ], [ 115.3650791, 35.5712779, 0.0 ], [ 115.3618448, 35.570203, 0.0 ], [ 115.3557058, 35.5671134, 0.0 ], [ 115.3487786, 35.5616065, 0.0 ], [ 115.3435086, 35.5572464, 0.0 ], [ 115.3420711, 35.5558493, 0.0 ], [ 115.3416622, 35.5549904, 0.0 ], [ 115.3402348, 35.5535333, 0.0 ], [ 115.3371607, 35.5499497, 0.0 ], [ 115.3358539, 35.5451245, 0.0 ], [ 115.336413, 35.5429352, 0.0 ], [ 115.3386904, 35.5363464, 0.0 ], [ 115.3408072, 35.5316965, 0.0 ], [ 115.343064, 35.5274462, 0.0 ], [ 115.3438628, 35.5256762, 0.0 ], [ 115.3453608, 35.5213971, 0.0 ], [ 115.3470384, 35.5170976, 0.0 ], [ 115.3516914, 35.5089568, 0.0 ], [ 115.3529698, 35.5048678, 0.0 ], [ 115.3534291, 35.5018492, 0.0 ], [ 115.3535893, 35.5004499, 0.0 ], [ 115.3533096, 35.5001005, 0.0 ], [ 115.3532398, 35.5000206, 0.0 ], [ 115.3528106, 35.4994717, 0.0 ], [ 115.3498068, 35.497697, 0.0 ], [ 115.3432591, 35.4951277, 0.0 ], [ 115.3397257, 35.4935637, 0.0 ], [ 115.3389474, 35.4927954, 0.0 ], [ 115.3386979, 35.4920364, 0.0 ], [ 115.3387282, 35.4903978, 0.0 ], [ 115.3383592, 35.4896988, 0.0 ], [ 115.3380996, 35.4889998, 0.0 ], [ 115.33797, 35.4883005, 0.0 ], [ 115.3377209, 35.4876015, 0.0 ], [ 115.3375913, 35.4869123, 0.0 ], [ 115.3375913, 35.486003, 0.0 ], [ 115.3375816, 35.4853036, 0.0 ], [ 115.3374419, 35.4845145, 0.0 ], [ 115.3374322, 35.4836053, 0.0 ], [ 115.3374224, 35.4827061, 0.0 ], [ 115.3374127, 35.4818068, 0.0 ], [ 115.3374127, 35.4812073, 0.0 ], [ 115.3375528, 35.480318, 0.0 ], [ 115.3376428, 35.4798083, 0.0 ], [ 115.337633, 35.4788991, 0.0 ], [ 115.3376132, 35.4779999, 0.0 ], [ 115.3376132, 35.4774004, 0.0 ], [ 115.337444, 35.4765114, 0.0 ], [ 115.337354, 35.4760119, 0.0 ], [ 115.3370448, 35.4751431, 0.0 ], [ 115.3368454, 35.4746138, 0.0 ], [ 115.3362366, 35.4740052, 0.0 ], [ 115.335378, 35.4738164, 0.0 ], [ 115.3343999, 35.4739277, 0.0 ], [ 115.3339106, 35.4746277, 0.0 ], [ 115.3335611, 35.4754274, 0.0 ], [ 115.3334412, 35.4762269, 0.0 ], [ 115.3332112, 35.4770366, 0.0 ], [ 115.3330913, 35.477846, 0.0 ], [ 115.3329512, 35.4787354, 0.0 ], [ 115.3328612, 35.4792351, 0.0 ], [ 115.3325718, 35.4801047, 0.0 ], [ 115.3323817, 35.4806445, 0.0 ], [ 115.3320325, 35.4813543, 0.0 ], [ 115.331553, 35.4819444, 0.0 ], [ 115.3310638, 35.4826544, 0.0 ], [ 115.3305846, 35.4832446, 0.0 ], [ 115.3296763, 35.4827462, 0.0 ], [ 115.3289776, 35.4823675, 0.0 ], [ 115.3282388, 35.4818689, 0.0 ], [ 115.3275203, 35.4811804, 0.0 ], [ 115.3270015, 35.4806815, 0.0 ], [ 115.3265126, 35.4800827, 0.0 ], [ 115.3258938, 35.479584, 0.0 ], [ 115.325275, 35.4788854, 0.0 ], [ 115.3245564, 35.4782069, 0.0 ], [ 115.3240373, 35.477708, 0.0 ], [ 115.3234184, 35.4772093, 0.0 ], [ 115.3228, 35.4766107, 0.0 ], [ 115.322301, 35.4760118, 0.0 ], [ 115.3218118, 35.4753131, 0.0 ], [ 115.3214327, 35.4746242, 0.0 ], [ 115.3213031, 35.473925, 0.0 ], [ 115.3210536, 35.473226, 0.0 ], [ 115.320924, 35.4725267, 0.0 ], [ 115.3209143, 35.4716176, 0.0 ], [ 115.3209046, 35.4709182, 0.0 ], [ 115.3210244, 35.4702286, 0.0 ], [ 115.3210147, 35.4693194, 0.0 ], [ 115.3210046, 35.46862, 0.0 ], [ 115.3211249, 35.4679205, 0.0 ], [ 115.3211051, 35.4670214, 0.0 ], [ 115.3209755, 35.4663221, 0.0 ], [ 115.3209654, 35.4655228, 0.0 ], [ 115.3208459, 35.4648236, 0.0 ], [ 115.3204668, 35.4641247, 0.0 ], [ 115.3204571, 35.4632255, 0.0 ], [ 115.320447, 35.4625261, 0.0 ], [ 115.3201979, 35.4618171, 0.0 ], [ 115.3198285, 35.4611382, 0.0 ], [ 115.31911, 35.4604397, 0.0 ], [ 115.3185908, 35.4599309, 0.0 ], [ 115.3178024, 35.4593025, 0.0 ], [ 115.317014, 35.4586741, 0.0 ], [ 115.3167444, 35.4584447, 0.0 ], [ 115.3158761, 35.4581561, 0.0 ], [ 115.3150178, 35.4577676, 0.0 ], [ 115.3142791, 35.4573689, 0.0 ], [ 115.3135404, 35.4567704, 0.0 ], [ 115.3130515, 35.4561817, 0.0 ], [ 115.3129219, 35.4554725, 0.0 ], [ 115.3131516, 35.4547728, 0.0 ], [ 115.3136308, 35.4541627, 0.0 ], [ 115.3139904, 35.4534728, 0.0 ], [ 115.3142302, 35.4527731, 0.0 ], [ 115.31425, 35.4526931, 0.0 ], [ 115.3144699, 35.4519634, 0.0 ], [ 115.3146996, 35.4512638, 0.0 ], [ 115.3148497, 35.4503743, 0.0 ], [ 115.3149296, 35.4498647, 0.0 ], [ 115.3149296, 35.4490555, 0.0 ], [ 115.3150798, 35.448166, 0.0 ], [ 115.3151597, 35.4476563, 0.0 ], [ 115.31515, 35.4467571, 0.0 ], [ 115.3151399, 35.4460578, 0.0 ], [ 115.3152601, 35.4452584, 0.0 ], [ 115.31525, 35.4443592, 0.0 ], [ 115.3151107, 35.4433702, 0.0 ], [ 115.3149811, 35.4425611, 0.0 ], [ 115.3148515, 35.4418619, 0.0 ], [ 115.3148414, 35.4409627, 0.0 ], [ 115.3147122, 35.4399737, 0.0 ], [ 115.3145826, 35.4392645, 0.0 ], [ 115.3145628, 35.4383654, 0.0 ], [ 115.3145628, 35.4374662, 0.0 ], [ 115.3145531, 35.4366669, 0.0 ], [ 115.3146629, 35.4359674, 0.0 ], [ 115.3150225, 35.4352675, 0.0 ], [ 115.3156417, 35.4347571, 0.0 ], [ 115.3161209, 35.4341569, 0.0 ], [ 115.3167199, 35.4334568, 0.0 ], [ 115.3174489, 35.4330462, 0.0 ], [ 115.318427, 35.432835, 0.0 ], [ 115.3194055, 35.4328337, 0.0 ], [ 115.3203836, 35.4327224, 0.0 ], [ 115.321482, 35.4327209, 0.0 ], [ 115.3223406, 35.4326098, 0.0 ], [ 115.3234386, 35.4326083, 0.0 ], [ 115.3245366, 35.4325969, 0.0 ], [ 115.3253952, 35.4324857, 0.0 ], [ 115.3264932, 35.4324743, 0.0 ], [ 115.3276013, 35.4324728, 0.0 ], [ 115.3286993, 35.4324713, 0.0 ], [ 115.3297976, 35.4324598, 0.0 ], [ 115.3308956, 35.4324483, 0.0 ], [ 115.3315048, 35.4324475, 0.0 ], [ 115.3324829, 35.4326459, 0.0 ], [ 115.333461, 35.4326346, 0.0 ], [ 115.3344496, 35.4327232, 0.0 ], [ 115.3354277, 35.4327219, 0.0 ], [ 115.3363961, 35.4328105, 0.0 ], [ 115.3370351, 35.4328096, 0.0 ], [ 115.3375042, 35.4327989, 0.0 ], [ 115.3386022, 35.4328974, 0.0 ], [ 115.3397102, 35.4328859, 0.0 ], [ 115.3405588, 35.4329846, 0.0 ], [ 115.3416668, 35.4329731, 0.0 ], [ 115.3425154, 35.432972, 0.0 ], [ 115.343374, 35.4330608, 0.0 ], [ 115.344482, 35.4330492, 0.0 ], [ 115.34558, 35.4330477, 0.0 ], [ 115.346678, 35.4330363, 0.0 ], [ 115.3477861, 35.4330347, 0.0 ], [ 115.3488845, 35.4330232, 0.0 ], [ 115.3492438, 35.4330228, 0.0 ], [ 115.3500923, 35.4329117, 0.0 ], [ 115.3509509, 35.4327106, 0.0 ], [ 115.3519294, 35.4324096, 0.0 ], [ 115.3527779, 35.4320986, 0.0 ], [ 115.3535069, 35.4315882, 0.0 ], [ 115.3541156, 35.4310777, 0.0 ], [ 115.3545952, 35.4304776, 0.0 ], [ 115.3550444, 35.4298275, 0.0 ], [ 115.3550743, 35.4297875, 0.0 ], [ 115.3555538, 35.4291773, 0.0 ], [ 115.3565226, 35.427967, 0.0 ], [ 115.3571216, 35.4272069, 0.0 ], [ 115.3574813, 35.4267568, 0.0 ], [ 115.357581, 35.4266967, 0.0 ], [ 115.35822, 35.4262562, 0.0 ], [ 115.358819, 35.4257558, 0.0 ], [ 115.3597277, 35.425245, 0.0 ], [ 115.3602767, 35.4249445, 0.0 ], [ 115.3611353, 35.4246335, 0.0 ], [ 115.3619741, 35.4244226, 0.0 ], [ 115.3629522, 35.4241215, 0.0 ], [ 115.3640106, 35.4238602, 0.0 ], [ 115.3646694, 35.4236995, 0.0 ], [ 115.3656378, 35.4236981, 0.0 ], [ 115.3664964, 35.4234871, 0.0 ], [ 115.3674648, 35.4232759, 0.0 ], [ 115.3684134, 35.4228251, 0.0 ], [ 115.3690423, 35.4225244, 0.0 ], [ 115.3691622, 35.4224643, 0.0 ], [ 115.3700208, 35.4221634, 0.0 ], [ 115.3708693, 35.4220523, 0.0 ], [ 115.3717279, 35.4218512, 0.0 ], [ 115.3727064, 35.4215402, 0.0 ], [ 115.3736748, 35.421329, 0.0 ], [ 115.3745334, 35.421118, 0.0 ], [ 115.3750424, 35.4208775, 0.0 ], [ 115.3753819, 35.4207172, 0.0 ], [ 115.3761109, 35.4202166, 0.0 ], [ 115.37671, 35.4197162, 0.0 ], [ 115.3771092, 35.419236, 0.0 ], [ 115.3771891, 35.419106, 0.0 ], [ 115.3774289, 35.4184062, 0.0 ], [ 115.3777788, 35.4175964, 0.0 ], [ 115.3779088, 35.4168069, 0.0 ], [ 115.3780186, 35.4161973, 0.0 ], [ 115.3783782, 35.4153974, 0.0 ], [ 115.3784984, 35.414508, 0.0 ], [ 115.3785982, 35.4137984, 0.0 ], [ 115.3788379, 35.4130887, 0.0 ], [ 115.3793174, 35.4124885, 0.0 ], [ 115.3799165, 35.4118882, 0.0 ], [ 115.3805256, 35.4113778, 0.0 ], [ 115.3813741, 35.4111667, 0.0 ], [ 115.3822327, 35.4110557, 0.0 ], [ 115.3832112, 35.4108544, 0.0 ], [ 115.3841796, 35.4107432, 0.0 ], [ 115.3852776, 35.4107317, 0.0 ], [ 115.3861362, 35.4107305, 0.0 ], [ 115.3869847, 35.4109191, 0.0 ], [ 115.3878433, 35.4110079, 0.0 ], [ 115.3887016, 35.4111965, 0.0 ], [ 115.38968, 35.4111952, 0.0 ], [ 115.3905286, 35.4114838, 0.0 ], [ 115.3915168, 35.4114824, 0.0 ], [ 115.3925251, 35.4111113, 0.0 ], [ 115.3932142, 35.4108605, 0.0 ], [ 115.3941923, 35.4108592, 0.0 ], [ 115.3950408, 35.4110478, 0.0 ], [ 115.3957795, 35.4114365, 0.0 ], [ 115.3962785, 35.4122352, 0.0 ], [ 115.396528, 35.4130242, 0.0 ], [ 115.3963879, 35.4139237, 0.0 ], [ 115.3963076, 35.4144334, 0.0 ], [ 115.3969164, 35.415022, 0.0 ], [ 115.397775, 35.4152208, 0.0 ], [ 115.3988633, 35.4153391, 0.0 ], [ 115.3999512, 35.4154576, 0.0 ], [ 115.4003422, 35.4154982, 0.0 ], [ 115.4014348, 35.4156102, 0.0 ], [ 115.4025371, 35.4157123, 0.0 ], [ 115.4033993, 35.4157938, 0.0 ], [ 115.4036297, 35.4158142, 0.0 ], [ 115.4042712, 35.4158754, 0.0 ], [ 115.4051233, 35.415977, 0.0 ], [ 115.4062256, 35.415959, 0.0 ], [ 115.4073283, 35.4159511, 0.0 ], [ 115.4077592, 35.4159519, 0.0 ], [ 115.4083104, 35.415943, 0.0 ], [ 115.4091625, 35.4160445, 0.0 ], [ 115.410245, 35.4162564, 0.0 ], [ 115.4113074, 35.4164683, 0.0 ], [ 115.4121091, 35.4166197, 0.0 ], [ 115.4127607, 35.4166908, 0.0 ], [ 115.4129713, 35.4167212, 0.0 ], [ 115.413322, 35.4168018, 0.0 ], [ 115.4140337, 35.4169531, 0.0 ], [ 115.4146853, 35.4171142, 0.0 ], [ 115.4157073, 35.4174558, 0.0 ], [ 115.4167196, 35.4177975, 0.0 ], [ 115.4172607, 35.4179884, 0.0 ], [ 115.4183033, 35.4182901, 0.0 ], [ 115.4192252, 35.4185717, 0.0 ], [ 115.4200874, 35.4187631, 0.0 ], [ 115.4209493, 35.4188547, 0.0 ], [ 115.4215105, 35.4189956, 0.0 ], [ 115.421801, 35.4190661, 0.0 ], [ 115.4227835, 35.419048, 0.0 ], [ 115.4236356, 35.4189397, 0.0 ], [ 115.4244877, 35.4187415, 0.0 ], [ 115.4248384, 35.4187021, 0.0 ], [ 115.4255803, 35.4186137, 0.0 ], [ 115.4264422, 35.4185254, 0.0 ], [ 115.4275348, 35.4183875, 0.0 ], [ 115.4286173, 35.4182497, 0.0 ], [ 115.4297099, 35.4181219, 0.0 ], [ 115.4308424, 35.4179841, 0.0 ], [ 115.4318249, 35.4177862, 0.0 ], [ 115.4329074, 35.4176583, 0.0 ], [ 115.433519, 35.4175696, 0.0 ], [ 115.4343809, 35.4173613, 0.0 ], [ 115.435233, 35.4172531, 0.0 ], [ 115.4362054, 35.4170551, 0.0 ], [ 115.4370672, 35.4169468, 0.0 ], [ 115.4381598, 35.4169289, 0.0 ], [ 115.4390119, 35.4169305, 0.0 ], [ 115.4396434, 35.4168517, 0.0 ], [ 115.4398738, 35.4168222, 0.0 ], [ 115.440305, 35.4167131, 0.0 ], [ 115.4407259, 35.416614, 0.0 ], [ 115.4416982, 35.4163061, 0.0 ], [ 115.4422998, 35.4155478, 0.0 ], [ 115.4426609, 35.4150989, 0.0 ], [ 115.443563, 35.414591, 0.0 ], [ 115.4441142, 35.4142823, 0.0 ], [ 115.4449663, 35.4139742, 0.0 ], [ 115.4455679, 35.4134657, 0.0 ], [ 115.4465503, 35.4130579, 0.0 ], [ 115.4473924, 35.4128496, 0.0 ], [ 115.4483143, 35.4123418, 0.0 ], [ 115.4488558, 35.412043, 0.0 ], [ 115.4497079, 35.4118349, 0.0 ], [ 115.4506802, 35.4114271, 0.0 ], [ 115.4515324, 35.4111189, 0.0 ], [ 115.4525044, 35.410811, 0.0 ], [ 115.4534767, 35.410603, 0.0 ], [ 115.4544692, 35.4102252, 0.0 ], [ 115.4554816, 35.4096876, 0.0 ], [ 115.456023, 35.4093689, 0.0 ], [ 115.4566346, 35.4088804, 0.0 ], [ 115.4574666, 35.4082925, 0.0 ], [ 115.4580779, 35.4078639, 0.0 ], [ 115.4588098, 35.4074557, 0.0 ], [ 115.4594214, 35.4069472, 0.0 ], [ 115.4598826, 35.4062287, 0.0 ], [ 115.4603736, 35.4056401, 0.0 ], [ 115.4608549, 35.4050415, 0.0 ], [ 115.4612761, 35.404203, 0.0 ], [ 115.461707, 35.4033744, 0.0 ], [ 115.4621182, 35.4025459, 0.0 ], [ 115.4622787, 35.4022264, 0.0 ], [ 115.462399, 35.4015272, 0.0 ], [ 115.4626297, 35.4008183, 0.0 ], [ 115.4629908, 35.4001095, 0.0 ], [ 115.4632313, 35.3994106, 0.0 ], [ 115.4635819, 35.3987019, 0.0 ], [ 115.4637223, 35.397813, 0.0 ], [ 115.4638127, 35.3973037, 0.0 ], [ 115.4640132, 35.3967045, 0.0 ], [ 115.4641032, 35.396435, 0.0 ], [ 115.4642738, 35.3959058, 0.0 ], [ 115.4646346, 35.3951971, 0.0 ], [ 115.4647548, 35.394508, 0.0 ], [ 115.4651155, 35.3937993, 0.0 ], [ 115.465226, 35.3930902, 0.0 ], [ 115.4656469, 35.3922618, 0.0 ], [ 115.4659374, 35.3916829, 0.0 ], [ 115.4668396, 35.3911851, 0.0 ], [ 115.4673907, 35.3908764, 0.0 ], [ 115.4682428, 35.3906682, 0.0 ], [ 115.4692152, 35.3905601, 0.0 ], [ 115.470067, 35.390352, 0.0 ], [ 115.4711596, 35.3903341, 0.0 ], [ 115.4720214, 35.3904256, 0.0 ], [ 115.4728735, 35.3903273, 0.0 ], [ 115.4737253, 35.3899193, 0.0 ], [ 115.4745673, 35.3896111, 0.0 ], [ 115.4756196, 35.3893533, 0.0 ], [ 115.4762813, 35.3891948, 0.0 ], [ 115.4771334, 35.3890865, 0.0 ], [ 115.4782256, 35.3890686, 0.0 ], [ 115.4790878, 35.3890602, 0.0 ], [ 115.4800498, 35.3887523, 0.0 ], [ 115.4811024, 35.3884945, 0.0 ], [ 115.481754, 35.3883359, 0.0 ], [ 115.4827663, 35.3879681, 0.0 ], [ 115.4834579, 35.3877196, 0.0 ], [ 115.4842996, 35.3875114, 0.0 ], [ 115.4853922, 35.3873936, 0.0 ], [ 115.486254, 35.3872953, 0.0 ], [ 115.4872264, 35.3872871, 0.0 ], [ 115.4880785, 35.386979, 0.0 ], [ 115.4891808, 35.3869611, 0.0 ], [ 115.4902734, 35.3869532, 0.0 ], [ 115.4913761, 35.3869453, 0.0 ], [ 115.4924784, 35.3869374, 0.0 ], [ 115.4929597, 35.3869283, 0.0 ], [ 115.4938115, 35.3870198, 0.0 ], [ 115.4942125, 35.3871104, 0.0 ], [ 115.4946636, 35.3872112, 0.0 ], [ 115.4956356, 35.3873029, 0.0 ], [ 115.4967383, 35.3873651, 0.0 ], [ 115.4971091, 35.3873857, 0.0 ], [ 115.4981916, 35.3874677, 0.0 ], [ 115.4991838, 35.3875694, 0.0 ], [ 115.5000157, 35.387551, 0.0 ], [ 115.5001561, 35.3875513, 0.0 ], [ 115.5007274, 35.3871826, 0.0 ], [ 115.5027323, 35.387486, 0.0 ], [ 115.5039955, 35.3874683, 0.0 ], [ 115.5053887, 35.387281, 0.0 ], [ 115.5065015, 35.3871531, 0.0 ], [ 115.5085164, 35.3863775, 0.0 ], [ 115.5109021, 35.3858922, 0.0 ], [ 115.5253169, 35.3824615, 0.0 ], [ 115.5257982, 35.3823525, 0.0 ], [ 115.5353814, 35.3815507, 0.0 ], [ 115.5436211, 35.3821351, 0.0 ], [ 115.5438317, 35.3821554, 0.0 ], [ 115.5480919, 35.3824528, 0.0 ], [ 115.5501569, 35.3829861, 0.0 ], [ 115.5516304, 35.3830787, 0.0 ], [ 115.5531038, 35.3831813, 0.0 ], [ 115.5544272, 35.3833236, 0.0 ], [ 115.5560411, 35.3834364, 0.0 ], [ 115.5575747, 35.3834092, 0.0 ], [ 115.559329, 35.3834523, 0.0 ], [ 115.5612136, 35.383206, 0.0 ], [ 115.563519, 35.3828905, 0.0 ], [ 115.564702, 35.3827727, 0.0 ], [ 115.5660955, 35.3825255, 0.0 ], [ 115.568401, 35.3823898, 0.0 ], [ 115.570075, 35.382193, 0.0 ], [ 115.5711978, 35.382235, 0.0 ], [ 115.5723203, 35.3821672, 0.0 ], [ 115.5747863, 35.382831, 0.0 ], [ 115.5762598, 35.3836129, 0.0 ], [ 115.5774629, 35.3841845, 0.0 ], [ 115.5789364, 35.3849665, 0.0 ], [ 115.5800588, 35.3852981, 0.0 ], [ 115.5805801, 35.385389, 0.0 ], [ 115.5812015, 35.3856899, 0.0 ], [ 115.5831563, 35.3859531, 0.0 ], [ 115.5848404, 35.3859362, 0.0 ], [ 115.5867952, 35.3855201, 0.0 ], [ 115.5880483, 35.3850429, 0.0 ], [ 115.5891409, 35.3842756, 0.0 ], [ 115.5897724, 35.3838272, 0.0 ], [ 115.5912962, 35.382781, 0.0 ], [ 115.5925393, 35.3819641, 0.0 ], [ 115.5942234, 35.3813777, 0.0 ], [ 115.5954164, 35.3812, 0.0 ], [ 115.5965292, 35.3810722, 0.0 ], [ 115.5974011, 35.3809839, 0.0 ], [ 115.597782, 35.3808847, 0.0 ], [ 115.6004366, 35.3805782, 0.0 ], [ 115.6030931, 35.3806544, 0.0 ], [ 115.6053298, 35.3805613, 0.0 ] ] ] } },
{ "type": "Feature", "properties": { "Name": "东明县", "AdminCode": "371728", "Kind": "0137", "CityAdCode": "371700", "CityName": "菏泽市", "ProName": "山东省", "Shape_Leng": 1.68122594998, "Shape_Area": 0.13139060712, "sheng": 370000 }, "geometry": { "type": "Polygon", "coordinates": [ [ [ 114.917278, 34.9726563, 0.0 ], [ 114.9174572, 34.9726559, 0.0 ], [ 114.9205403, 34.9727, 0.0 ], [ 114.9211588, 34.9728487, 0.0 ], [ 114.9226751, 34.9732155, 0.0 ], [ 114.9229246, 34.9732749, 0.0 ], [ 114.923543, 34.9737732, 0.0 ], [ 114.9254885, 34.9753178, 0.0 ], [ 114.9268853, 34.9774528, 0.0 ], [ 114.9295086, 34.9811737, 0.0 ], [ 114.931913, 34.9835066, 0.0 ], [ 114.9350458, 34.9859579, 0.0 ], [ 114.9380485, 34.9878802, 0.0 ], [ 114.941331, 34.9895221, 0.0 ], [ 114.9453716, 34.9906432, 0.0 ], [ 114.9492726, 34.9909055, 0.0 ], [ 114.9531736, 34.9909381, 0.0 ], [ 114.9567952, 34.991091, 0.0 ], [ 114.9606961, 34.9913034, 0.0 ], [ 114.9648066, 34.9912856, 0.0 ], [ 114.9684883, 34.9905793, 0.0 ], [ 114.9723194, 34.9901026, 0.0 ], [ 114.9760807, 34.9898458, 0.0 ], [ 114.9780064, 34.9898322, 0.0 ], [ 114.9799118, 34.9898286, 0.0 ], [ 114.9836033, 34.9895818, 0.0 ], [ 114.9872947, 34.989395, 0.0 ], [ 114.9909764, 34.9891982, 0.0 ], [ 114.9943187, 34.9894715, 0.0 ], [ 114.9950369, 34.9895201, 0.0 ], [ 114.9987881, 34.9896829, 0.0 ], [ 115.0000056, 34.9895208, 0.0 ], [ 115.0024792, 34.9892064, 0.0 ], [ 115.0045542, 34.9865654, 0.0 ], [ 115.0059107, 34.9833563, 0.0 ], [ 115.0078457, 34.9805956, 0.0 ], [ 115.0103995, 34.9780636, 0.0 ], [ 115.0132424, 34.9761003, 0.0 ], [ 115.0160054, 34.9739674, 0.0 ], [ 115.0192674, 34.9725828, 0.0 ], [ 115.0218806, 34.9725279, 0.0 ], [ 115.0231676, 34.9725055, 0.0 ], [ 115.0259706, 34.974438, 0.0 ], [ 115.0280852, 34.9769413, 0.0 ], [ 115.0297114, 34.9799049, 0.0 ], [ 115.0318958, 34.9822981, 0.0 ], [ 115.0355268, 34.9835399, 0.0 ], [ 115.0391578, 34.9846018, 0.0 ], [ 115.0427786, 34.9854341, 0.0 ], [ 115.0436264, 34.985812, 0.0 ], [ 115.0461403, 34.9869659, 0.0 ], [ 115.0486639, 34.9891888, 0.0 ], [ 115.051397, 34.9913412, 0.0 ], [ 115.0542101, 34.9936034, 0.0 ], [ 115.0571426, 34.9954757, 0.0 ], [ 115.0602847, 34.9969981, 0.0 ], [ 115.063776, 34.99829, 0.0 ], [ 115.0668882, 35.0000322, 0.0 ], [ 115.0672673, 35.0002413, 0.0 ], [ 115.0685942, 35.0005784, 0.0 ], [ 115.0702999, 35.0010148, 0.0 ], [ 115.0759955, 35.0013236, 0.0 ], [ 115.0782401, 35.0013493, 0.0 ], [ 115.0814621, 35.0008537, 0.0 ], [ 115.0825594, 35.0009016, 0.0 ], [ 115.0831379, 35.0009304, 0.0 ], [ 115.0842251, 35.0009983, 0.0 ], [ 115.0853123, 35.0010662, 0.0 ], [ 115.0863995, 35.0011341, 0.0 ], [ 115.087487, 35.001202, 0.0 ], [ 115.0880954, 35.0012407, 0.0 ], [ 115.0891628, 35.0014285, 0.0 ], [ 115.0900405, 35.0015268, 0.0 ], [ 115.0910183, 35.0015249, 0.0 ], [ 115.0918661, 35.0016232, 0.0 ], [ 115.0928334, 35.0016214, 0.0 ], [ 115.0938112, 35.0018094, 0.0 ], [ 115.094659, 35.0020975, 0.0 ], [ 115.0957163, 35.0023451, 0.0 ], [ 115.0963549, 35.0024838, 0.0 ], [ 115.0974421, 35.0026116, 0.0 ], [ 115.0985192, 35.0027295, 0.0 ], [ 115.0996068, 35.0028473, 0.0 ], [ 115.100847, 35.0029778, 0.0 ], [ 115.1016084, 35.0030488, 0.0 ], [ 115.1017085, 35.0030589, 0.0 ], [ 115.1028, 35.0030505, 0.0 ], [ 115.1038919, 35.0031819, 0.0 ], [ 115.1045028, 35.0032426, 0.0 ], [ 115.1054842, 35.0032441, 0.0 ], [ 115.1062153, 35.0036347, 0.0 ], [ 115.1071866, 35.0039257, 0.0 ], [ 115.1082083, 35.0042768, 0.0 ], [ 115.1088991, 35.0045276, 0.0 ], [ 115.1097505, 35.0047185, 0.0 ], [ 115.1106116, 35.0048197, 0.0 ], [ 115.1115631, 35.004811, 0.0 ], [ 115.1117035, 35.0048112, 0.0 ], [ 115.1118335, 35.0048114, 0.0 ], [ 115.1126748, 35.0048026, 0.0 ], [ 115.1136565, 35.0049038, 0.0 ], [ 115.114748, 35.0048954, 0.0 ], [ 115.1158396, 35.0048869, 0.0 ], [ 115.1169412, 35.0048884, 0.0 ], [ 115.118033, 35.00488, 0.0 ], [ 115.1190846, 35.0048715, 0.0 ], [ 115.1191346, 35.0048715, 0.0 ], [ 115.1202262, 35.0048631, 0.0 ], [ 115.120827, 35.004864, 0.0 ], [ 115.1214278, 35.0043553, 0.0 ], [ 115.122029, 35.0037567, 0.0 ], [ 115.1228102, 35.0031184, 0.0 ], [ 115.1235713, 35.0024801, 0.0 ], [ 115.1238416, 35.0022507, 0.0 ], [ 115.1245426, 35.0015524, 0.0 ], [ 115.1250332, 35.0010735, 0.0 ], [ 115.1260348, 35.0005554, 0.0 ], [ 115.126686, 35.0002166, 0.0 ], [ 115.126736, 35.0000169, 0.0 ], [ 115.1273268, 34.9977203, 0.0 ], [ 115.1278178, 34.9958929, 0.0 ], [ 115.1279881, 34.9938754, 0.0 ], [ 115.12939, 34.9938974, 0.0 ], [ 115.1343778, 34.9940342, 0.0 ], [ 115.1380933, 34.9941393, 0.0 ], [ 115.1384036, 34.9943495, 0.0 ], [ 115.1385638, 34.9956084, 0.0 ], [ 115.1390844, 34.9981063, 0.0 ], [ 115.139425, 34.9996551, 0.0 ], [ 115.1397454, 35.0000151, 0.0 ], [ 115.1399358, 35.0002252, 0.0 ], [ 115.1402162, 35.0005753, 0.0 ], [ 115.140857, 35.0013554, 0.0 ], [ 115.1411076, 35.0020551, 0.0 ], [ 115.1409272, 35.0025844, 0.0 ], [ 115.1406367, 35.0034531, 0.0 ], [ 115.1406367, 35.0041524, 0.0 ], [ 115.1406468, 35.0050516, 0.0 ], [ 115.1407469, 35.0055712, 0.0 ], [ 115.1407771, 35.0057511, 0.0 ], [ 115.1407771, 35.0066502, 0.0 ], [ 115.1409071, 35.0074597, 0.0 ], [ 115.1410374, 35.0081492, 0.0 ], [ 115.1413078, 35.0089688, 0.0 ], [ 115.141478, 35.0098681, 0.0 ], [ 115.1416382, 35.0107575, 0.0 ], [ 115.1417984, 35.0116469, 0.0 ], [ 115.1418085, 35.0124461, 0.0 ], [ 115.1419388, 35.0132556, 0.0 ], [ 115.1425498, 35.0137459, 0.0 ], [ 115.1432708, 35.0141366, 0.0 ], [ 115.1443724, 35.014228, 0.0 ], [ 115.1455943, 35.0142297, 0.0 ], [ 115.1466858, 35.0143113, 0.0 ], [ 115.1476574, 35.0143126, 0.0 ], [ 115.148749, 35.0143042, 0.0 ], [ 115.1498405, 35.0142957, 0.0 ], [ 115.1509324, 35.0142872, 0.0 ], [ 115.152034, 35.0142888, 0.0 ], [ 115.1523144, 35.0143092, 0.0 ], [ 115.1531255, 35.0143703, 0.0 ], [ 115.1539769, 35.0144714, 0.0 ], [ 115.1548582, 35.0146425, 0.0 ], [ 115.1559799, 35.0148739, 0.0 ], [ 115.1570214, 35.015155, 0.0 ], [ 115.1575621, 35.0153356, 0.0 ], [ 115.1585636, 35.0156867, 0.0 ], [ 115.1595853, 35.0160378, 0.0 ], [ 115.1603161, 35.0164285, 0.0 ], [ 115.1611675, 35.0166295, 0.0 ], [ 115.1621392, 35.0169206, 0.0 ], [ 115.1627598, 35.017421, 0.0 ], [ 115.1634809, 35.0178017, 0.0 ], [ 115.1642221, 35.0183023, 0.0 ], [ 115.1647128, 35.0189024, 0.0 ], [ 115.1652035, 35.0196025, 0.0 ], [ 115.1652737, 35.0196825, 0.0 ], [ 115.1658245, 35.0202927, 0.0 ], [ 115.1663051, 35.0208928, 0.0 ], [ 115.1666957, 35.0216227, 0.0 ], [ 115.1670463, 35.0224824, 0.0 ], [ 115.1672969, 35.0231821, 0.0 ], [ 115.1673066, 35.0240813, 0.0 ], [ 115.1673167, 35.0249904, 0.0 ], [ 115.1671964, 35.0257795, 0.0 ], [ 115.1672065, 35.0265888, 0.0 ], [ 115.1672267, 35.0266587, 0.0 ], [ 115.1672465, 35.0268187, 0.0 ], [ 115.1673368, 35.0272883, 0.0 ], [ 115.1675773, 35.027988, 0.0 ], [ 115.1678174, 35.0284279, 0.0 ], [ 115.1682581, 35.0292578, 0.0 ], [ 115.1686987, 35.0300777, 0.0 ], [ 115.1691894, 35.0307678, 0.0 ], [ 115.1695602, 35.0314776, 0.0 ], [ 115.1701711, 35.031968, 0.0 ], [ 115.1703011, 35.0326676, 0.0 ], [ 115.1703011, 35.0331571, 0.0 ], [ 115.1703112, 35.0340563, 0.0 ], [ 115.1703212, 35.0349655, 0.0 ], [ 115.1702914, 35.0359345, 0.0 ], [ 115.1698806, 35.0367132, 0.0 ], [ 115.1698507, 35.0367731, 0.0 ], [ 115.16949, 35.0374919, 0.0 ], [ 115.1692596, 35.0383708, 0.0 ], [ 115.1690792, 35.0389, 0.0 ], [ 115.1687891, 35.0397688, 0.0 ], [ 115.1686688, 35.0405779, 0.0 ], [ 115.1684384, 35.0412769, 0.0 ], [ 115.1681378, 35.0418559, 0.0 ], [ 115.1677174, 35.0426845, 0.0 ], [ 115.1674769, 35.0433835, 0.0 ], [ 115.167487, 35.0441828, 0.0 ], [ 115.1676173, 35.0448824, 0.0 ], [ 115.1678074, 35.0454121, 0.0 ], [ 115.168118, 35.0462818, 0.0 ], [ 115.1686087, 35.0468819, 0.0 ], [ 115.1690994, 35.0475719, 0.0 ], [ 115.1697103, 35.0481723, 0.0 ], [ 115.170071, 35.0486124, 0.0 ], [ 115.1706917, 35.0493626, 0.0 ], [ 115.1711827, 35.0500527, 0.0 ], [ 115.1714329, 35.0503627, 0.0 ], [ 115.1720438, 35.051103, 0.0 ], [ 115.1723542, 35.0514731, 0.0 ], [ 115.1726648, 35.0518531, 0.0 ], [ 115.1732156, 35.0521437, 0.0 ], [ 115.1741268, 35.0526445, 0.0 ], [ 115.1747377, 35.0532349, 0.0 ], [ 115.1755891, 35.0533261, 0.0 ], [ 115.1760697, 35.0533267, 0.0 ], [ 115.1771717, 35.0533184, 0.0 ], [ 115.1782632, 35.05331, 0.0 ], [ 115.1793547, 35.0533115, 0.0 ], [ 115.1804563, 35.0533031, 0.0 ], [ 115.1812976, 35.0531944, 0.0 ], [ 115.1822794, 35.0531759, 0.0 ], [ 115.1832406, 35.0530774, 0.0 ], [ 115.1839818, 35.0530785, 0.0 ], [ 115.1850632, 35.05307, 0.0 ], [ 115.1861648, 35.0530517, 0.0 ], [ 115.186235, 35.0530618, 0.0 ], [ 115.1871466, 35.053153, 0.0 ], [ 115.1881078, 35.0531544, 0.0 ], [ 115.1890895, 35.0533456, 0.0 ], [ 115.1900608, 35.0533271, 0.0 ], [ 115.1909122, 35.0534282, 0.0 ], [ 115.1918834, 35.0534196, 0.0 ], [ 115.1928551, 35.0535209, 0.0 ], [ 115.1937065, 35.053712, 0.0 ], [ 115.1943271, 35.0537729, 0.0 ], [ 115.1955292, 35.0538944, 0.0 ], [ 115.1966308, 35.0538861, 0.0 ], [ 115.1977223, 35.0538877, 0.0 ], [ 115.1988138, 35.0538792, 0.0 ], [ 115.1996753, 35.0539704, 0.0 ], [ 115.2006354, 35.0540608, 0.0 ], [ 115.2014954, 35.0541506, 0.0 ], [ 115.2024653, 35.0541506, 0.0 ], [ 115.2033152, 35.0540406, 0.0 ], [ 115.2042851, 35.0540405, 0.0 ], [ 115.2047149, 35.0536709, 0.0 ], [ 115.205485, 35.0530314, 0.0 ], [ 115.2057247, 35.052332, 0.0 ], [ 115.205845, 35.0516227, 0.0 ], [ 115.2058349, 35.0509233, 0.0 ], [ 115.2058248, 35.0500241, 0.0 ], [ 115.2058147, 35.0491249, 0.0 ], [ 115.2059346, 35.0484255, 0.0 ], [ 115.2062946, 35.0477261, 0.0 ], [ 115.2065246, 35.0470168, 0.0 ], [ 115.2071244, 35.0465172, 0.0 ], [ 115.2078545, 35.0460076, 0.0 ], [ 115.2088142, 35.0459976, 0.0 ], [ 115.2094043, 35.0459276, 0.0 ], [ 115.2096343, 35.0458577, 0.0 ], [ 115.210634, 35.0457877, 0.0 ], [ 115.2114937, 35.0456778, 0.0 ], [ 115.2124538, 35.0456777, 0.0 ], [ 115.2129838, 35.0454779, 0.0 ], [ 115.2133034, 35.0453579, 0.0 ], [ 115.2141635, 35.0453579, 0.0 ], [ 115.2152435, 35.0453479, 0.0 ], [ 115.2161032, 35.0454478, 0.0 ], [ 115.217073, 35.0454378, 0.0 ], [ 115.2181627, 35.0454277, 0.0 ], [ 115.2188629, 35.0456674, 0.0 ], [ 115.2198727, 35.0460271, 0.0 ], [ 115.2207223, 35.0464067, 0.0 ], [ 115.2215824, 35.0466064, 0.0 ], [ 115.2221324, 35.0468562, 0.0 ], [ 115.2230922, 35.0473057, 0.0 ], [ 115.224732, 35.0475754, 0.0 ], [ 115.2248317, 35.0476154, 0.0 ], [ 115.2316908, 35.049883, 0.0 ], [ 115.231901, 35.049753, 0.0 ], [ 115.2330707, 35.0516212, 0.0 ], [ 115.2330307, 35.0517411, 0.0 ], [ 115.2338206, 35.0523305, 0.0 ], [ 115.2367801, 35.0530997, 0.0 ], [ 115.2372701, 35.0532195, 0.0 ], [ 115.2389599, 35.0533493, 0.0 ], [ 115.2388998, 35.0534792, 0.0 ], [ 115.23883, 35.0539388, 0.0 ], [ 115.2387799, 35.0542785, 0.0 ], [ 115.2393001, 35.0548879, 0.0 ], [ 115.2400198, 35.0555672, 0.0 ], [ 115.24009, 35.0560567, 0.0 ], [ 115.24014, 35.0562665, 0.0 ], [ 115.24027, 35.0570658, 0.0 ], [ 115.24028, 35.0579649, 0.0 ], [ 115.24041, 35.0586643, 0.0 ], [ 115.2404201, 35.0593636, 0.0 ], [ 115.2404302, 35.0602627, 0.0 ], [ 115.2405601, 35.0610619, 0.0 ], [ 115.2405601, 35.0618612, 0.0 ], [ 115.24068, 35.0625705, 0.0 ], [ 115.24082, 35.0634697, 0.0 ], [ 115.24108, 35.0642589, 0.0 ], [ 115.2412103, 35.0650582, 0.0 ], [ 115.24158, 35.0658574, 0.0 ], [ 115.2419501, 35.0661571, 0.0 ], [ 115.2421801, 35.066327, 0.0 ], [ 115.24221, 35.0663569, 0.0 ], [ 115.24293, 35.0667464, 0.0 ], [ 115.2435398, 35.067236, 0.0 ], [ 115.2440899, 35.0675356, 0.0 ], [ 115.2441997, 35.0675956, 0.0 ], [ 115.2449996, 35.0680352, 0.0 ], [ 115.2459796, 35.0684247, 0.0 ], [ 115.2468396, 35.0688143, 0.0 ], [ 115.2475794, 35.0693038, 0.0 ], [ 115.2484294, 35.0698032, 0.0 ], [ 115.2489294, 35.0704026, 0.0 ], [ 115.2490493, 35.0711019, 0.0 ], [ 115.2489294, 35.0718113, 0.0 ], [ 115.2486994, 35.0725107, 0.0 ], [ 115.2479696, 35.0729103, 0.0 ], [ 115.2473695, 35.0734199, 0.0 ], [ 115.2466499, 35.0738195, 0.0 ], [ 115.2461599, 35.074419, 0.0 ], [ 115.2455598, 35.0749286, 0.0 ], [ 115.2450799, 35.075528, 0.0 ], [ 115.2443603, 35.0761275, 0.0 ], [ 115.2442001, 35.076667, 0.0 ], [ 115.2441202, 35.0769368, 0.0 ], [ 115.2438804, 35.0776462, 0.0 ], [ 115.2435204, 35.0783356, 0.0 ], [ 115.2431903, 35.0786752, 0.0 ], [ 115.2429206, 35.0789449, 0.0 ], [ 115.2424105, 35.0793546, 0.0 ], [ 115.2404208, 35.0816926, 0.0 ], [ 115.2401108, 35.082312, 0.0 ], [ 115.239951, 35.0828815, 0.0 ], [ 115.2396511, 35.0839106, 0.0 ], [ 115.239451, 35.0841704, 0.0 ], [ 115.2390913, 35.0848598, 0.0 ], [ 115.2389113, 35.0854092, 0.0 ], [ 115.2386212, 35.0862784, 0.0 ], [ 115.2385711, 35.0865882, 0.0 ], [ 115.2384214, 35.0874873, 0.0 ], [ 115.2382712, 35.0883765, 0.0 ], [ 115.2381614, 35.0891758, 0.0 ], [ 115.2381715, 35.0900749, 0.0 ], [ 115.2379415, 35.0908842, 0.0 ], [ 115.2378216, 35.0916835, 0.0 ], [ 115.2377114, 35.0923729, 0.0 ], [ 115.2375217, 35.0929223, 0.0 ], [ 115.2372316, 35.0937915, 0.0 ], [ 115.2368816, 35.0944809, 0.0 ], [ 115.2366419, 35.0951903, 0.0 ], [ 115.2362819, 35.0958897, 0.0 ], [ 115.2360518, 35.0966889, 0.0 ], [ 115.235672, 35.0975381, 0.0 ], [ 115.2353322, 35.0983974, 0.0 ], [ 115.235222, 35.0990968, 0.0 ], [ 115.2351122, 35.099996, 0.0 ], [ 115.2348721, 35.1007052, 0.0 ], [ 115.2347519, 35.1014143, 0.0 ], [ 115.2346421, 35.1022034, 0.0 ], [ 115.234402, 35.1029026, 0.0 ], [ 115.234322, 35.1034221, 0.0 ], [ 115.2341719, 35.104311, 0.0 ], [ 115.2338119, 35.1050002, 0.0 ], [ 115.2333317, 35.1056096, 0.0 ], [ 115.2328518, 35.1063188, 0.0 ], [ 115.2322916, 35.1067783, 0.0 ], [ 115.2315317, 35.1074276, 0.0 ], [ 115.2309218, 35.1078472, 0.0 ], [ 115.230082, 35.1084366, 0.0 ], [ 115.2293519, 35.1088362, 0.0 ], [ 115.2287417, 35.1093556, 0.0 ], [ 115.2281718, 35.109915, 0.0 ], [ 115.2280318, 35.1100449, 0.0 ], [ 115.227302, 35.1106542, 0.0 ], [ 115.2267019, 35.1112636, 0.0 ], [ 115.2263419, 35.111713, 0.0 ], [ 115.2257418, 35.1124622, 0.0 ], [ 115.2251417, 35.1130716, 0.0 ], [ 115.2245419, 35.113581, 0.0 ], [ 115.2239317, 35.1141804, 0.0 ], [ 115.2234619, 35.1147897, 0.0 ], [ 115.2233417, 35.1154889, 0.0 ], [ 115.2231016, 35.1161881, 0.0 ], [ 115.2234716, 35.1168872, 0.0 ], [ 115.2239616, 35.1174766, 0.0 ], [ 115.2247014, 35.1179759, 0.0 ], [ 115.2251914, 35.118675, 0.0 ], [ 115.2258113, 35.1193641, 0.0 ], [ 115.2263009, 35.1201632, 0.0 ], [ 115.2269208, 35.1206526, 0.0 ], [ 115.2272707, 35.1210321, 0.0 ], [ 115.2279508, 35.1217412, 0.0 ], [ 115.2286304, 35.1224503, 0.0 ], [ 115.2289105, 35.12267, 0.0 ], [ 115.2296903, 35.1232992, 0.0 ], [ 115.2304704, 35.1239285, 0.0 ], [ 115.23109, 35.1245277, 0.0 ], [ 115.2315799, 35.1251169, 0.0 ], [ 115.2321898, 35.1257162, 0.0 ], [ 115.2329299, 35.1263055, 0.0 ], [ 115.2336298, 35.1269646, 0.0 ], [ 115.2343994, 35.1276039, 0.0 ], [ 115.2347695, 35.1280534, 0.0 ], [ 115.2353794, 35.1287924, 0.0 ], [ 115.2359993, 35.1293917, 0.0 ], [ 115.2365191, 35.1301407, 0.0 ], [ 115.2370087, 35.1310397, 0.0 ], [ 115.2378086, 35.1328974, 0.0 ], [ 115.2379386, 35.1338364, 0.0 ], [ 115.2377284, 35.1345956, 0.0 ], [ 115.2368582, 35.1363435, 0.0 ], [ 115.2365584, 35.136783, 0.0 ], [ 115.2358783, 35.1378219, 0.0 ], [ 115.2357181, 35.1380916, 0.0 ], [ 115.2352382, 35.1387908, 0.0 ], [ 115.2347584, 35.1393901, 0.0 ], [ 115.2340384, 35.1397897, 0.0 ], [ 115.2336683, 35.1405089, 0.0 ], [ 115.2330682, 35.1411082, 0.0 ], [ 115.2325883, 35.1417075, 0.0 ], [ 115.2319781, 35.1424267, 0.0 ], [ 115.2312682, 35.1431159, 0.0 ], [ 115.2309082, 35.1438251, 0.0 ], [ 115.2307883, 35.1441848, 0.0 ], [ 115.230488, 35.1450537, 0.0 ], [ 115.2301979, 35.1459228, 0.0 ], [ 115.230078, 35.146622, 0.0 ], [ 115.2300881, 35.1473211, 0.0 ], [ 115.2300978, 35.1482201, 0.0 ], [ 115.2301079, 35.149119, 0.0 ], [ 115.2301975, 35.1496284, 0.0 ], [ 115.2303577, 35.1505174, 0.0 ], [ 115.2304873, 35.1513265, 0.0 ], [ 115.2304974, 35.1521155, 0.0 ], [ 115.2306274, 35.1529246, 0.0 ], [ 115.2308772, 35.1536237, 0.0 ], [ 115.231257, 35.1543129, 0.0 ], [ 115.231387, 35.155012, 0.0 ], [ 115.231577, 35.1555414, 0.0 ], [ 115.2318769, 35.1564105, 0.0 ], [ 115.2322567, 35.1568599, 0.0 ], [ 115.2328666, 35.157599, 0.0 ], [ 115.2332366, 35.1582981, 0.0 ], [ 115.2337363, 35.1589973, 0.0 ], [ 115.2343364, 35.1594868, 0.0 ], [ 115.234956, 35.160086, 0.0 ], [ 115.235456, 35.1606853, 0.0 ], [ 115.2359359, 35.1613745, 0.0 ], [ 115.2363157, 35.1621735, 0.0 ], [ 115.2367456, 35.1627928, 0.0 ], [ 115.2373057, 35.1635719, 0.0 ], [ 115.2376754, 35.1642611, 0.0 ], [ 115.2377755, 35.1647705, 0.0 ], [ 115.2379354, 35.1656694, 0.0 ], [ 115.2382352, 35.1662287, 0.0 ], [ 115.2384552, 35.1666283, 0.0 ], [ 115.2386752, 35.1670577, 0.0 ], [ 115.238745, 35.1671576, 0.0 ], [ 115.2391748, 35.167757, 0.0 ], [ 115.239415, 35.1684562, 0.0 ], [ 115.2399146, 35.1691453, 0.0 ], [ 115.2402847, 35.1699444, 0.0 ], [ 115.2407844, 35.1705437, 0.0 ], [ 115.2412744, 35.1715325, 0.0 ], [ 115.2417744, 35.1723316, 0.0 ], [ 115.2418943, 35.1730308, 0.0 ], [ 115.2421542, 35.17373, 0.0 ], [ 115.2422842, 35.1744291, 0.0 ], [ 115.242584, 35.1749984, 0.0 ], [ 115.243024, 35.1758275, 0.0 ], [ 115.2434635, 35.1764368, 0.0 ], [ 115.2440435, 35.1772558, 0.0 ], [ 115.2441936, 35.1774556, 0.0 ], [ 115.2446234, 35.178015, 0.0 ], [ 115.2450032, 35.178814, 0.0 ], [ 115.2451332, 35.1795132, 0.0 ], [ 115.2453233, 35.1800426, 0.0 ], [ 115.2456329, 35.1809016, 0.0 ], [ 115.2457528, 35.1816007, 0.0 ], [ 115.2460127, 35.1824098, 0.0 ], [ 115.2459025, 35.184947, 0.0 ], [ 115.2455519, 35.1908801, 0.0 ], [ 115.2470718, 35.1932174, 0.0 ], [ 115.2521006, 35.1971129, 0.0 ], [ 115.2527508, 35.1976123, 0.0 ], [ 115.2545504, 35.1988309, 0.0 ], [ 115.2551502, 35.1992504, 0.0 ], [ 115.2584798, 35.2015282, 0.0 ], [ 115.2587398, 35.2017879, 0.0 ], [ 115.2591296, 35.2023175, 0.0 ], [ 115.2591397, 35.2031068, 0.0 ], [ 115.2593896, 35.2038162, 0.0 ], [ 115.2593996, 35.2046054, 0.0 ], [ 115.2595292, 35.2053148, 0.0 ], [ 115.2595292, 35.206204, 0.0 ], [ 115.2596491, 35.2069133, 0.0 ], [ 115.2597892, 35.2078125, 0.0 ], [ 115.2597992, 35.2087017, 0.0 ], [ 115.259809, 35.2096109, 0.0 ], [ 115.259719, 35.2101205, 0.0 ], [ 115.2595789, 35.2110097, 0.0 ], [ 115.2593392, 35.211809, 0.0 ], [ 115.2591091, 35.2125083, 0.0 ], [ 115.2591091, 35.212908, 0.0 ], [ 115.2591188, 35.2138072, 0.0 ], [ 115.2591289, 35.2147064, 0.0 ], [ 115.259139, 35.2156055, 0.0 ], [ 115.2591487, 35.2165147, 0.0 ], [ 115.2590688, 35.2170243, 0.0 ], [ 115.2589086, 35.2179135, 0.0 ], [ 115.2589187, 35.2187227, 0.0 ], [ 115.2591685, 35.2194121, 0.0 ], [ 115.2595487, 35.2201115, 0.0 ], [ 115.2596286, 35.2203712, 0.0 ], [ 115.2597985, 35.2209108, 0.0 ], [ 115.2599285, 35.2216102, 0.0 ], [ 115.2599382, 35.2225094, 0.0 ], [ 115.2598183, 35.2232087, 0.0 ], [ 115.2596484, 35.2237382, 0.0 ], [ 115.2593482, 35.2246074, 0.0 ], [ 115.2593582, 35.2254167, 0.0 ], [ 115.2588784, 35.226216, 0.0 ], [ 115.2585583, 35.2269953, 0.0 ], [ 115.2579182, 35.2277247, 0.0 ], [ 115.2576284, 35.2282941, 0.0 ], [ 115.2571982, 35.2291333, 0.0 ], [ 115.2572083, 35.2294231, 0.0 ], [ 115.2572083, 35.2303223, 0.0 ], [ 115.257218, 35.2312215, 0.0 ], [ 115.2572281, 35.2321207, 0.0 ], [ 115.2572382, 35.2330199, 0.0 ], [ 115.2572479, 35.2339291, 0.0 ], [ 115.257128, 35.2346284, 0.0 ], [ 115.2571378, 35.2354277, 0.0 ], [ 115.257388, 35.2361271, 0.0 ], [ 115.2575179, 35.2368165, 0.0 ], [ 115.2577678, 35.2376258, 0.0 ], [ 115.2576576, 35.238425, 0.0 ], [ 115.2576076, 35.2387347, 0.0 ], [ 115.2574578, 35.2396239, 0.0 ], [ 115.2573077, 35.2405231, 0.0 ], [ 115.2574376, 35.2412325, 0.0 ], [ 115.2578174, 35.2419219, 0.0 ], [ 115.2580673, 35.2427212, 0.0 ], [ 115.2583175, 35.2434205, 0.0 ], [ 115.2584172, 35.2439301, 0.0 ], [ 115.258577, 35.2448193, 0.0 ], [ 115.2589471, 35.2455087, 0.0 ], [ 115.2589572, 35.2458084, 0.0 ], [ 115.2589572, 35.2467175, 0.0 ], [ 115.2589669, 35.2476167, 0.0 ], [ 115.258977, 35.2485159, 0.0 ], [ 115.2589867, 35.2494151, 0.0 ], [ 115.2589867, 35.2499647, 0.0 ], [ 115.2589867, 35.2503143, 0.0 ], [ 115.2590468, 35.2504042, 0.0 ], [ 115.2594968, 35.2511136, 0.0 ], [ 115.2596264, 35.2519129, 0.0 ], [ 115.2598565, 35.2523524, 0.0 ], [ 115.2602964, 35.2531817, 0.0 ], [ 115.2607363, 35.254001, 0.0 ], [ 115.2609862, 35.2547004, 0.0 ], [ 115.2611161, 35.2554997, 0.0 ], [ 115.2611262, 35.2563988, 0.0 ], [ 115.2611262, 35.257318, 0.0 ], [ 115.2609059, 35.2582072, 0.0 ], [ 115.2605459, 35.2589066, 0.0 ], [ 115.2606758, 35.259606, 0.0 ], [ 115.2608058, 35.2604053, 0.0 ], [ 115.2608058, 35.260695, 0.0 ], [ 115.2608159, 35.2616042, 0.0 ], [ 115.260826, 35.2625034, 0.0 ], [ 115.2608256, 35.2634125, 0.0 ], [ 115.2608458, 35.2643017, 0.0 ], [ 115.2608458, 35.2647513, 0.0 ], [ 115.2608555, 35.2648313, 0.0 ], [ 115.2608555, 35.2652109, 0.0 ], [ 115.2607457, 35.2660102, 0.0 ], [ 115.2605556, 35.2669094, 0.0 ], [ 115.2602654, 35.2677886, 0.0 ], [ 115.2599656, 35.2686478, 0.0 ], [ 115.2596754, 35.2695171, 0.0 ], [ 115.2595656, 35.2702165, 0.0 ], [ 115.2593154, 35.2709158, 0.0 ], [ 115.2592056, 35.2716251, 0.0 ], [ 115.2590854, 35.2724144, 0.0 ], [ 115.2587956, 35.2729939, 0.0 ], [ 115.2583754, 35.2738232, 0.0 ], [ 115.2582455, 35.2741828, 0.0 ], [ 115.2579557, 35.2750521, 0.0 ], [ 115.2576655, 35.2759213, 0.0 ], [ 115.2573055, 35.2766307, 0.0 ], [ 115.2571255, 35.2771602, 0.0 ], [ 115.2568357, 35.2780295, 0.0 ], [ 115.2562255, 35.2786289, 0.0 ], [ 115.2559357, 35.2792184, 0.0 ], [ 115.2555156, 35.2800476, 0.0 ], [ 115.2552758, 35.280747, 0.0 ], [ 115.2546757, 35.2814463, 0.0 ], [ 115.2544457, 35.281886, 0.0 ], [ 115.2540158, 35.2827252, 0.0 ], [ 115.253586, 35.2835545, 0.0 ], [ 115.253356, 35.2842539, 0.0 ], [ 115.2528757, 35.2849531, 0.0 ], [ 115.2525161, 35.2856625, 0.0 ], [ 115.2525258, 35.2861521, 0.0 ], [ 115.2525258, 35.2870613, 0.0 ], [ 115.2525359, 35.2879605, 0.0 ], [ 115.2525456, 35.2888597, 0.0 ], [ 115.2526457, 35.289499, 0.0 ], [ 115.2526658, 35.289619, 0.0 ], [ 115.2526756, 35.289659, 0.0 ], [ 115.2526856, 35.2904583, 0.0 ], [ 115.2526957, 35.2913674, 0.0 ], [ 115.2525856, 35.2921666, 0.0 ], [ 115.2525856, 35.2926463, 0.0 ], [ 115.2525856, 35.2935454, 0.0 ], [ 115.2525956, 35.2939251, 0.0 ], [ 115.2525956, 35.2939651, 0.0 ], [ 115.2526054, 35.2944546, 0.0 ], [ 115.2526154, 35.2953538, 0.0 ], [ 115.2526154, 35.296253, 0.0 ], [ 115.2526252, 35.2971522, 0.0 ], [ 115.2526352, 35.2980514, 0.0 ], [ 115.2526453, 35.2989606, 0.0 ], [ 115.252655, 35.2998598, 0.0 ], [ 115.2526651, 35.300759, 0.0 ], [ 115.2526748, 35.301658, 0.0 ], [ 115.2526849, 35.3025672, 0.0 ], [ 115.2526946, 35.3034563, 0.0 ], [ 115.2528246, 35.3041657, 0.0 ], [ 115.2531245, 35.3047352, 0.0 ], [ 115.2534344, 35.3053146, 0.0 ], [ 115.2535644, 35.3055543, 0.0 ], [ 115.2538243, 35.3062537, 0.0 ], [ 115.2538243, 35.3067033, 0.0 ], [ 115.2538243, 35.3068531, 0.0 ], [ 115.253834, 35.3074925, 0.0 ], [ 115.253834, 35.3077522, 0.0 ], [ 115.2538441, 35.3086514, 0.0 ], [ 115.2538542, 35.3088112, 0.0 ], [ 115.2538538, 35.3095505, 0.0 ], [ 115.2537638, 35.3100701, 0.0 ], [ 115.2536238, 35.3109592, 0.0 ], [ 115.2533837, 35.3116586, 0.0 ], [ 115.2532739, 35.3125577, 0.0 ], [ 115.2531536, 35.313357, 0.0 ], [ 115.2529236, 35.3140563, 0.0 ], [ 115.2528037, 35.3147556, 0.0 ], [ 115.2524336, 35.3154949, 0.0 ], [ 115.2521435, 35.3163641, 0.0 ], [ 115.2518436, 35.3172333, 0.0 ], [ 115.2515534, 35.3181024, 0.0 ], [ 115.2512536, 35.3189716, 0.0 ], [ 115.2509634, 35.319541, 0.0 ], [ 115.2505436, 35.3203803, 0.0 ], [ 115.2504536, 35.3208898, 0.0 ], [ 115.2503136, 35.321779, 0.0 ], [ 115.2503132, 35.3225782, 0.0 ], [ 115.2502034, 35.3233775, 0.0 ], [ 115.2502132, 35.3241867, 0.0 ], [ 115.2500933, 35.3248761, 0.0 ], [ 115.2499633, 35.3252657, 0.0 ], [ 115.2498632, 35.3255854, 0.0 ], [ 115.2497329, 35.3264846, 0.0 ], [ 115.2496328, 35.3273737, 0.0 ], [ 115.2496328, 35.3276734, 0.0 ], [ 115.2496429, 35.3285825, 0.0 ], [ 115.249513, 35.3294017, 0.0 ], [ 115.2493528, 35.3303009, 0.0 ], [ 115.2492127, 35.3311901, 0.0 ], [ 115.2490626, 35.3320892, 0.0 ], [ 115.2490727, 35.3328885, 0.0 ], [ 115.2489524, 35.3332981, 0.0 ], [ 115.2488624, 35.3336078, 0.0 ], [ 115.2488426, 35.3336577, 0.0 ], [ 115.2486025, 35.334487, 0.0 ], [ 115.2482425, 35.3352962, 0.0 ], [ 115.2481925, 35.3356159, 0.0 ], [ 115.2480424, 35.3365051, 0.0 ], [ 115.2479023, 35.3373943, 0.0 ], [ 115.2477824, 35.3381935, 0.0 ], [ 115.2475423, 35.3388929, 0.0 ], [ 115.2473123, 35.339692, 0.0 ], [ 115.2469523, 35.3405013, 0.0 ], [ 115.2468421, 35.3412007, 0.0 ], [ 115.2463622, 35.3418101, 0.0 ], [ 115.2459922, 35.3425095, 0.0 ], [ 115.2457621, 35.3432088, 0.0 ], [ 115.2454021, 35.3439082, 0.0 ], [ 115.2449222, 35.3445176, 0.0 ], [ 115.2446224, 35.3450871, 0.0 ], [ 115.2442422, 35.3458464, 0.0 ], [ 115.2441821, 35.3459463, 0.0 ], [ 115.2437724, 35.3465357, 0.0 ], [ 115.2432324, 35.347325, 0.0 ], [ 115.2428724, 35.3480244, 0.0 ], [ 115.2426424, 35.3487237, 0.0 ], [ 115.2416624, 35.3489436, 0.0 ], [ 115.2410627, 35.3495431, 0.0 ], [ 115.2405824, 35.3502525, 0.0 ], [ 115.2399726, 35.350752, 0.0 ], [ 115.2394927, 35.3514514, 0.0 ], [ 115.2387626, 35.351951, 0.0 ], [ 115.2381928, 35.3526304, 0.0 ], [ 115.2375527, 35.3533696, 0.0 ], [ 115.2369529, 35.3539791, 0.0 ], [ 115.2363431, 35.3544787, 0.0 ], [ 115.2357329, 35.3549084, 0.0 ], [ 115.2349031, 35.3554879, 0.0 ], [ 115.2340434, 35.3558875, 0.0 ], [ 115.2333234, 35.3562971, 0.0 ], [ 115.2324436, 35.3569166, 0.0 ], [ 115.2316138, 35.3575061, 0.0 ], [ 115.2310536, 35.3579757, 0.0 ], [ 115.2302839, 35.3586252, 0.0 ], [ 115.2295639, 35.3591248, 0.0 ], [ 115.2287039, 35.3595344, 0.0 ], [ 115.2281041, 35.3600339, 0.0 ], [ 115.2272542, 35.3604436, 0.0 ], [ 115.2266443, 35.3610431, 0.0 ], [ 115.2259243, 35.3614528, 0.0 ], [ 115.2251946, 35.3619624, 0.0 ], [ 115.2247144, 35.3622222, 0.0 ], [ 115.2244746, 35.3623621, 0.0 ], [ 115.2236146, 35.3628716, 0.0 ], [ 115.222765, 35.3632713, 0.0 ], [ 115.221775, 35.3635911, 0.0 ], [ 115.2206953, 35.363791, 0.0 ], [ 115.2197255, 35.3641008, 0.0 ], [ 115.2187556, 35.3643107, 0.0 ], [ 115.2179057, 35.3645105, 0.0 ], [ 115.2169258, 35.3648302, 0.0 ], [ 115.2161359, 35.3650001, 0.0 ], [ 115.2157162, 35.3650901, 0.0 ], [ 115.2150761, 35.36522, 0.0 ], [ 115.2140062, 35.3654399, 0.0 ], [ 115.2131566, 35.3656498, 0.0 ], [ 115.2123066, 35.3657597, 0.0 ], [ 115.2114566, 35.3657597, 0.0 ], [ 115.2103669, 35.3657698, 0.0 ], [ 115.2092574, 35.3657799, 0.0 ], [ 115.2081576, 35.36579, 0.0 ], [ 115.2070675, 35.3658001, 0.0 ], [ 115.2059677, 35.3658101, 0.0 ], [ 115.2049882, 35.3657202, 0.0 ], [ 115.2040183, 35.3657303, 0.0 ], [ 115.2036284, 35.3656804, 0.0 ], [ 115.2025387, 35.3655706, 0.0 ], [ 115.201449, 35.3654507, 0.0 ], [ 115.2004792, 35.3653509, 0.0 ], [ 115.1999989, 35.3659604, 0.0 ], [ 115.1991479, 35.3660692, 0.0 ], [ 115.198537, 35.3660684, 0.0 ], [ 115.197435, 35.3660768, 0.0 ], [ 115.1963334, 35.3660853, 0.0 ], [ 115.1952314, 35.3660938, 0.0 ], [ 115.1941399, 35.3661023, 0.0 ], [ 115.1932784, 35.366201, 0.0 ], [ 115.1923068, 35.3663096, 0.0 ], [ 115.1914554, 35.3666082, 0.0 ], [ 115.1904539, 35.3669265, 0.0 ], [ 115.1893922, 35.3671249, 0.0 ], [ 115.1885308, 35.3674334, 0.0 ], [ 115.1879897, 35.3677325, 0.0 ], [ 115.1877996, 35.3678421, 0.0 ], [ 115.1869579, 35.3682505, 0.0 ], [ 115.1860968, 35.3685491, 0.0 ], [ 115.1853754, 35.3689477, 0.0 ], [ 115.1849347, 35.3693268, 0.0 ], [ 115.1841636, 35.3699652, 0.0 ], [ 115.1836427, 35.3704739, 0.0 ], [ 115.1829515, 35.3711723, 0.0 ], [ 115.1825908, 35.3718813, 0.0 ], [ 115.1823503, 35.3725803, 0.0 ], [ 115.1822401, 35.3732795, 0.0 ], [ 115.1821199, 35.3740785, 0.0 ], [ 115.1818895, 35.3747776, 0.0 ], [ 115.1817692, 35.3754868, 0.0 ], [ 115.1818992, 35.3758467, 0.0 ], [ 115.1822095, 35.3767063, 0.0 ], [ 115.1825202, 35.3775959, 0.0 ], [ 115.1828003, 35.3785854, 0.0 ], [ 115.1830307, 35.3794748, 0.0 ], [ 115.183201, 35.3800147, 0.0 ], [ 115.1832809, 35.3802645, 0.0 ], [ 115.1834112, 35.381074, 0.0 ], [ 115.1837816, 35.3818637, 0.0 ], [ 115.1839019, 35.3826632, 0.0 ], [ 115.1841622, 35.3833728, 0.0 ], [ 115.184282, 35.3842622, 0.0 ], [ 115.1844124, 35.3849618, 0.0 ], [ 115.1844224, 35.3856712, 0.0 ], [ 115.1844322, 35.3865604, 0.0 ], [ 115.184322, 35.3872596, 0.0 ], [ 115.1844422, 35.387969, 0.0 ], [ 115.1844419, 35.3885585, 0.0 ], [ 115.184452, 35.3894577, 0.0 ], [ 115.1844718, 35.3903569, 0.0 ], [ 115.1844818, 35.3912661, 0.0 ], [ 115.1844818, 35.3921653, 0.0 ], [ 115.1844318, 35.3924849, 0.0 ], [ 115.1842813, 35.3933739, 0.0 ], [ 115.1841712, 35.3940631, 0.0 ], [ 115.1841308, 35.3942628, 0.0 ], [ 115.1839004, 35.3949619, 0.0 ], [ 115.1835397, 35.3956808, 0.0 ], [ 115.1834195, 35.3963699, 0.0 ], [ 115.183179, 35.3970789, 0.0 ], [ 115.1825782, 35.3976776, 0.0 ], [ 115.1823377, 35.3983766, 0.0 ], [ 115.1820472, 35.3989557, 0.0 ], [ 115.1816162, 35.3997843, 0.0 ], [ 115.1815061, 35.4004835, 0.0 ], [ 115.1813855, 35.4013826, 0.0 ], [ 115.1812753, 35.4020818, 0.0 ], [ 115.1811547, 35.4028809, 0.0 ], [ 115.1811644, 35.4035902, 0.0 ], [ 115.1811742, 35.4044894, 0.0 ], [ 115.1810539, 35.4051887, 0.0 ], [ 115.1810536, 35.405978, 0.0 ], [ 115.1809434, 35.4066872, 0.0 ], [ 115.1806428, 35.4072662, 0.0 ], [ 115.1802317, 35.4080948, 0.0 ], [ 115.1797406, 35.4086937, 0.0 ], [ 115.1793, 35.4090627, 0.0 ], [ 115.1785285, 35.4097011, 0.0 ], [ 115.1777974, 35.4102096, 0.0 ], [ 115.1773564, 35.4105687, 0.0 ], [ 115.176595, 35.411217, 0.0 ], [ 115.1757335, 35.4115256, 0.0 ], [ 115.1751323, 35.4120242, 0.0 ], [ 115.1744011, 35.4124328, 0.0 ], [ 115.1739004, 35.4127818, 0.0 ], [ 115.1730587, 35.4133601, 0.0 ], [ 115.1722073, 35.4139484, 0.0 ], [ 115.1716061, 35.4144471, 0.0 ], [ 115.1711251, 35.4151558, 0.0 ], [ 115.1707644, 35.4159645, 0.0 ], [ 115.1704735, 35.4165337, 0.0 ], [ 115.1703936, 35.4166834, 0.0 ], [ 115.1702932, 35.4168831, 0.0 ], [ 115.1700426, 35.4173623, 0.0 ], [ 115.169692, 35.4181611, 0.0 ], [ 115.1694511, 35.4188701, 0.0 ], [ 115.1692106, 35.419669, 0.0 ], [ 115.1689702, 35.4203681, 0.0 ], [ 115.1686091, 35.4211669, 0.0 ], [ 115.1683888, 35.4216162, 0.0 ], [ 115.1679578, 35.4224448, 0.0 ], [ 115.1675269, 35.4232734, 0.0 ], [ 115.1672864, 35.4239824, 0.0 ], [ 115.1671759, 35.4246818, 0.0 ], [ 115.1671759, 35.4251313, 0.0 ], [ 115.1671856, 35.4260305, 0.0 ], [ 115.1665744, 35.4261895, 0.0 ], [ 115.165723, 35.4262982, 0.0 ], [ 115.1648716, 35.4264969, 0.0 ], [ 115.1639201, 35.4265055, 0.0 ], [ 115.1580107, 35.4261476, 0.0 ], [ 115.1494574, 35.4254862, 0.0 ], [ 115.1430174, 35.4244181, 0.0 ], [ 115.1356763, 35.4226794, 0.0 ], [ 115.1270129, 35.4207092, 0.0 ], [ 115.1250397, 35.4202467, 0.0 ], [ 115.1190508, 35.4188397, 0.0 ], [ 115.1182494, 35.4186587, 0.0 ], [ 115.1146739, 35.4178145, 0.0 ], [ 115.113222, 35.4174628, 0.0 ], [ 115.1095162, 35.4167981, 0.0 ], [ 115.1092858, 35.4167479, 0.0 ], [ 115.1090453, 35.4166876, 0.0 ], [ 115.1060008, 35.4158341, 0.0 ], [ 115.1027258, 35.4148105, 0.0 ], [ 115.1001018, 35.4141174, 0.0 ], [ 115.097877, 35.4134316, 0.0 ], [ 115.0965702, 35.4132041, 0.0 ], [ 115.0946546, 35.4134574, 0.0 ], [ 115.0943652, 35.4137078, 0.0 ], [ 115.0938864, 35.4143081, 0.0 ], [ 115.093148, 35.4147091, 0.0 ], [ 115.0922999, 35.4149204, 0.0 ], [ 115.0913822, 35.4154217, 0.0 ], [ 115.0908332, 35.4157224, 0.0 ], [ 115.0898558, 35.415934, 0.0 ], [ 115.0888882, 35.4160457, 0.0 ], [ 115.0878006, 35.4161776, 0.0 ], [ 115.0871821, 35.4162487, 0.0 ], [ 115.0860848, 35.4162606, 0.0 ], [ 115.085237, 35.4160724, 0.0 ], [ 115.0843691, 35.4156743, 0.0 ], [ 115.0833917, 35.4153763, 0.0 ], [ 115.0825338, 35.4149782, 0.0 ], [ 115.0816363, 35.4144604, 0.0 ], [ 115.0808184, 35.4139923, 0.0 ], [ 115.0798806, 35.4135244, 0.0 ], [ 115.0792225, 35.413006, 0.0 ], [ 115.0787336, 35.4124074, 0.0 ], [ 115.0781252, 35.4119189, 0.0 ], [ 115.0777465, 35.4112202, 0.0 ], [ 115.0772479, 35.4105117, 0.0 ], [ 115.0772382, 35.4097224, 0.0 ], [ 115.0773977, 35.4088328, 0.0 ], [ 115.0775377, 35.4079434, 0.0 ], [ 115.0775975, 35.4076235, 0.0 ], [ 115.0778873, 35.4067538, 0.0 ], [ 115.078077, 35.4062139, 0.0 ], [ 115.0784363, 35.4054139, 0.0 ], [ 115.0786757, 35.4047041, 0.0 ], [ 115.079035, 35.4040141, 0.0 ], [ 115.0795141, 35.4033038, 0.0 ], [ 115.0797636, 35.4026039, 0.0 ], [ 115.0802428, 35.4020036, 0.0 ], [ 115.0805322, 35.4011338, 0.0 ], [ 115.0807219, 35.400594, 0.0 ], [ 115.0810812, 35.399894, 0.0 ], [ 115.081191, 35.3990945, 0.0 ], [ 115.0814704, 35.398085, 0.0 ], [ 115.0815503, 35.3975854, 0.0 ], [ 115.0817897, 35.3968856, 0.0 ], [ 115.0819394, 35.3959962, 0.0 ], [ 115.0819794, 35.3957565, 0.0 ], [ 115.0813609, 35.3935498, 0.0 ], [ 115.0789572, 35.3892983, 0.0 ], [ 115.0756556, 35.3842892, 0.0 ], [ 115.0718353, 35.3789315, 0.0 ], [ 115.0695313, 35.3759886, 0.0 ], [ 115.0683642, 35.3751016, 0.0 ], [ 115.066399, 35.3747454, 0.0 ], [ 115.0607326, 35.3745558, 0.0 ], [ 115.0455388, 35.3759217, 0.0 ], [ 115.0397327, 35.3758323, 0.0 ], [ 115.0302355, 35.3759892, 0.0 ], [ 115.0254868, 35.3755882, 0.0 ], [ 115.0201098, 35.374409, 0.0 ], [ 115.0182842, 35.3733034, 0.0 ], [ 115.0162294, 35.3712191, 0.0 ], [ 115.0138156, 35.3673974, 0.0 ], [ 115.0118309, 35.3619563, 0.0 ], [ 115.0109636, 35.3546052, 0.0 ], [ 115.0115832, 35.3453234, 0.0 ], [ 115.0121225, 35.3392885, 0.0 ], [ 115.0125916, 35.3364904, 0.0 ], [ 115.0126517, 35.333793, 0.0 ], [ 115.0126618, 35.3336831, 0.0 ], [ 115.0127118, 35.3333633, 0.0 ], [ 115.0129613, 35.331225, 0.0 ], [ 115.0129912, 35.3309952, 0.0 ], [ 115.0126423, 35.3291477, 0.0 ], [ 115.012413, 35.3280991, 0.0 ], [ 115.012373, 35.3279693, 0.0 ], [ 115.0121635, 35.3270906, 0.0 ], [ 115.0115555, 35.3245942, 0.0 ], [ 115.0106976, 35.3222081, 0.0 ], [ 115.0102091, 35.3205805, 0.0 ], [ 115.0097404, 35.3192828, 0.0 ], [ 115.0089422, 35.318505, 0.0 ], [ 115.0078946, 35.3181572, 0.0 ], [ 115.0064381, 35.3183596, 0.0 ], [ 115.0053808, 35.3183315, 0.0 ], [ 115.0040138, 35.3185537, 0.0 ], [ 115.0029166, 35.3185557, 0.0 ], [ 115.0019392, 35.3184676, 0.0 ], [ 115.0010712, 35.3183693, 0.0 ], [ 115.0000934, 35.3179614, 0.0 ], [ 115.0000038, 35.3179416, 0.0 ], [ 114.999116, 35.3176736, 0.0 ], [ 114.9983777, 35.3170857, 0.0 ], [ 114.9975202, 35.3167777, 0.0 ], [ 114.9967919, 35.3162896, 0.0 ], [ 114.9962933, 35.3156812, 0.0 ], [ 114.9956849, 35.315193, 0.0 ], [ 114.9950563, 35.3145848, 0.0 ], [ 114.9943284, 35.3139969, 0.0 ], [ 114.9942884, 35.313977, 0.0 ], [ 114.9936001, 35.3135887, 0.0 ], [ 114.9928121, 35.3129609, 0.0 ], [ 114.9922436, 35.3125025, 0.0 ], [ 114.9918646, 35.3118039, 0.0 ], [ 114.991366, 35.3111056, 0.0 ], [ 114.9907576, 35.3104975, 0.0 ], [ 114.9899796, 35.3098696, 0.0 ], [ 114.9891916, 35.3092419, 0.0 ], [ 114.9889223, 35.3090127, 0.0 ], [ 114.9883038, 35.3084144, 0.0 ], [ 114.9875658, 35.3079165, 0.0 ], [ 114.9869473, 35.3074181, 0.0 ], [ 114.9863389, 35.3067201, 0.0 ], [ 114.9857204, 35.306122, 0.0 ], [ 114.9849824, 35.305524, 0.0 ], [ 114.9842743, 35.3048361, 0.0 ], [ 114.9835662, 35.3041482, 0.0 ], [ 114.9831374, 35.3037295, 0.0 ], [ 114.9826486, 35.3031311, 0.0 ], [ 114.9820301, 35.3026427, 0.0 ], [ 114.9815416, 35.3020443, 0.0 ], [ 114.9811027, 35.3012161, 0.0 ], [ 114.9808032, 35.3006372, 0.0 ], [ 114.9801851, 35.2999491, 0.0 ], [ 114.9795666, 35.2993509, 0.0 ], [ 114.9788286, 35.2989428, 0.0 ], [ 114.9782198, 35.2983545, 0.0 ], [ 114.9777212, 35.297746, 0.0 ], [ 114.9771128, 35.2971577, 0.0 ], [ 114.9763748, 35.2967595, 0.0 ], [ 114.9755868, 35.2961217, 0.0 ], [ 114.975148, 35.2957629, 0.0 ], [ 114.974649, 35.2951644, 0.0 ], [ 114.9743999, 35.2944655, 0.0 ], [ 114.9741504, 35.2936667, 0.0 ], [ 114.9737915, 35.292968, 0.0 ], [ 114.9731629, 35.2923698, 0.0 ], [ 114.9726845, 35.2916614, 0.0 ], [ 114.9721855, 35.290873, 0.0 ], [ 114.9715771, 35.2901249, 0.0 ], [ 114.9709586, 35.2893767, 0.0 ], [ 114.9707095, 35.2890675, 0.0 ], [ 114.970091, 35.2884793, 0.0 ], [ 114.9694826, 35.2877312, 0.0 ], [ 114.9691036, 35.2872823, 0.0 ], [ 114.9684952, 35.2867839, 0.0 ], [ 114.9681161, 35.2860853, 0.0 ], [ 114.9675077, 35.2855969, 0.0 ], [ 114.9670188, 35.2849884, 0.0 ], [ 114.9666498, 35.2842898, 0.0 ], [ 114.9661512, 35.2835914, 0.0 ], [ 114.9653732, 35.2829634, 0.0 ], [ 114.9645949, 35.2823255, 0.0 ], [ 114.964186, 35.2820066, 0.0 ], [ 114.9636974, 35.2812982, 0.0 ], [ 114.963079, 35.2806999, 0.0 ], [ 114.9625901, 35.2801114, 0.0 ], [ 114.9622211, 35.2794028, 0.0 ], [ 114.9616127, 35.2789143, 0.0 ], [ 114.9609942, 35.2781662, 0.0 ], [ 114.9606252, 35.2777173, 0.0 ], [ 114.9599768, 35.2769792, 0.0 ], [ 114.9593983, 35.276321, 0.0 ], [ 114.9587798, 35.2755728, 0.0 ], [ 114.9584008, 35.275124, 0.0 ], [ 114.9580616, 35.2742654, 0.0 ], [ 114.9575429, 35.2736169, 0.0 ], [ 114.9570544, 35.2728286, 0.0 ], [ 114.9565554, 35.27223, 0.0 ], [ 114.9562066, 35.2713715, 0.0 ], [ 114.9556979, 35.2707331, 0.0 ], [ 114.9554484, 35.2700341, 0.0 ], [ 114.9550794, 35.2693354, 0.0 ], [ 114.9548699, 35.2690461, 0.0 ], [ 114.9545808, 35.268637, 0.0 ], [ 114.9542114, 35.2679484, 0.0 ], [ 114.953972, 35.2670596, 0.0 ], [ 114.9537229, 35.2662408, 0.0 ], [ 114.9534637, 35.2655419, 0.0 ], [ 114.9530944, 35.2648432, 0.0 ], [ 114.9529748, 35.2640441, 0.0 ], [ 114.9526656, 35.2631755, 0.0 ], [ 114.9523564, 35.2623068, 0.0 ], [ 114.9522268, 35.2619374, 0.0 ], [ 114.9519773, 35.2610686, 0.0 ], [ 114.9517282, 35.2603497, 0.0 ], [ 114.9511097, 35.2597514, 0.0 ], [ 114.9506208, 35.2591529, 0.0 ], [ 114.9501323, 35.2584544, 0.0 ], [ 114.9498029, 35.2574659, 0.0 ], [ 114.9495836, 35.2565871, 0.0 ], [ 114.9490148, 35.2558988, 0.0 ], [ 114.9472494, 35.2554826, 0.0 ], [ 114.9458328, 35.2552656, 0.0 ], [ 114.9430097, 35.2548314, 0.0 ], [ 114.9372637, 35.2538735, 0.0 ], [ 114.9300817, 35.2518092, 0.0 ], [ 114.9270689, 35.250596, 0.0 ], [ 114.9261811, 35.2502381, 0.0 ], [ 114.9259219, 35.2499788, 0.0 ], [ 114.9245154, 35.2485927, 0.0 ], [ 114.9238969, 35.2468553, 0.0 ], [ 114.9236575, 35.2408008, 0.0 ], [ 114.9243559, 35.2341149, 0.0 ], [ 114.9243062, 35.2308776, 0.0 ], [ 114.924406, 35.2287093, 0.0 ], [ 114.924865, 35.224252, 0.0 ], [ 114.9255634, 35.220284, 0.0 ], [ 114.925703, 35.2172862, 0.0 ], [ 114.926701, 35.2081718, 0.0 ], [ 114.9271204, 35.200897, 0.0 ], [ 114.9267114, 35.1980806, 0.0 ], [ 114.9256944, 35.1964143, 0.0 ], [ 114.9238289, 35.1954089, 0.0 ], [ 114.91924, 35.1950481, 0.0 ], [ 114.8982235, 35.1952921, 0.0 ], [ 114.8848942, 35.1933954, 0.0 ], [ 114.8781942, 35.1919176, 0.0 ], [ 114.8749794, 35.1908941, 0.0 ], [ 114.8704531, 35.1894494, 0.0 ], [ 114.8694815, 35.1891483, 0.0 ], [ 114.8626015, 35.1869809, 0.0 ], [ 114.8580551, 35.1844772, 0.0 ], [ 114.8523772, 35.1803934, 0.0 ], [ 114.84729, 35.1761406, 0.0 ], [ 114.8421532, 35.16974, 0.0 ], [ 114.8402704, 35.1673098, 0.0 ], [ 114.8397599, 35.1666598, 0.0 ], [ 114.8378072, 35.1641396, 0.0 ], [ 114.8375768, 35.16345, 0.0 ], [ 114.8356948, 35.1592416, 0.0 ], [ 114.835064, 35.1564236, 0.0 ], [ 114.8352347, 35.1542861, 0.0 ], [ 114.8362164, 35.1529489, 0.0 ], [ 114.8386201, 35.1512441, 0.0 ], [ 114.8400626, 35.1502972, 0.0 ], [ 114.8418554, 35.1493608, 0.0 ], [ 114.843398, 35.1482742, 0.0 ], [ 114.843879, 35.1474757, 0.0 ], [ 114.8442394, 35.146777, 0.0 ], [ 114.8444798, 35.146078, 0.0 ], [ 114.8447506, 35.1452093, 0.0 ], [ 114.844891, 35.14472, 0.0 ], [ 114.8450112, 35.1443306, 0.0 ], [ 114.8452618, 35.1434519, 0.0 ], [ 114.8455321, 35.1425832, 0.0 ], [ 114.8456826, 35.1420739, 0.0 ], [ 114.8459231, 35.1413751, 0.0 ], [ 114.8461636, 35.1405662, 0.0 ], [ 114.8465239, 35.1398675, 0.0 ], [ 114.8468245, 35.1390088, 0.0 ], [ 114.8471154, 35.1381301, 0.0 ], [ 114.847416, 35.1372715, 0.0 ], [ 114.8476064, 35.1363627, 0.0 ], [ 114.8479672, 35.1355541, 0.0 ], [ 114.8480874, 35.134855, 0.0 ], [ 114.8480773, 35.1339559, 0.0 ], [ 114.8480676, 35.1330568, 0.0 ], [ 114.8480676, 35.1321578, 0.0 ], [ 114.8480676, 35.1312587, 0.0 ], [ 114.848068, 35.1303597, 0.0 ], [ 114.8480579, 35.1297603, 0.0 ], [ 114.8478178, 35.1290606, 0.0 ], [ 114.8471467, 35.1283405, 0.0 ], [ 114.8463054, 35.1276299, 0.0 ], [ 114.8457348, 35.1271696, 0.0 ], [ 114.8451239, 35.1265694, 0.0 ], [ 114.8447534, 35.1257696, 0.0 ], [ 114.8442728, 35.1251795, 0.0 ], [ 114.843722, 35.1243895, 0.0 ], [ 114.8431612, 35.1234797, 0.0 ], [ 114.8426705, 35.1228795, 0.0 ], [ 114.8418392, 35.1222989, 0.0 ], [ 114.8411984, 35.1217885, 0.0 ], [ 114.8403571, 35.1212878, 0.0 ], [ 114.8395658, 35.1206573, 0.0 ], [ 114.8387947, 35.1200168, 0.0 ], [ 114.8380135, 35.1193863, 0.0 ], [ 114.8376632, 35.1191061, 0.0 ], [ 114.8371726, 35.118506, 0.0 ], [ 114.8365616, 35.1179057, 0.0 ], [ 114.836071, 35.1173056, 0.0 ], [ 114.8357005, 35.1166057, 0.0 ], [ 114.8352098, 35.1159058, 0.0 ], [ 114.8347289, 35.1153157, 0.0 ], [ 114.8344186, 35.1144461, 0.0 ], [ 114.8342285, 35.1139163, 0.0 ], [ 114.8337479, 35.1132164, 0.0 ], [ 114.8334876, 35.1125167, 0.0 ], [ 114.8333674, 35.1118173, 0.0 ], [ 114.8333573, 35.1109182, 0.0 ], [ 114.8333576, 35.1100191, 0.0 ], [ 114.8333576, 35.1091101, 0.0 ], [ 114.8333576, 35.108211, 0.0 ], [ 114.8333479, 35.1073119, 0.0 ], [ 114.8333479, 35.1064128, 0.0 ], [ 114.8333382, 35.1055137, 0.0 ], [ 114.8333382, 35.1046047, 0.0 ], [ 114.8333285, 35.1037056, 0.0 ], [ 114.8333285, 35.1028065, 0.0 ], [ 114.8333285, 35.1019075, 0.0 ], [ 114.8333188, 35.1010084, 0.0 ], [ 114.8333188, 35.1007187, 0.0 ], [ 114.8334689, 35.0998298, 0.0 ], [ 114.8335592, 35.0993104, 0.0 ], [ 114.8335592, 35.0984113, 0.0 ], [ 114.833389, 35.0975219, 0.0 ], [ 114.8332284, 35.0966326, 0.0 ], [ 114.8331784, 35.0963129, 0.0 ], [ 114.8331683, 35.0955136, 0.0 ], [ 114.8330484, 35.0948141, 0.0 ], [ 114.8327978, 35.0940245, 0.0 ], [ 114.8326474, 35.0931353, 0.0 ], [ 114.8324771, 35.0922359, 0.0 ], [ 114.8323169, 35.0913465, 0.0 ], [ 114.8319364, 35.0905268, 0.0 ], [ 114.8316858, 35.0898171, 0.0 ], [ 114.8314453, 35.0890176, 0.0 ], [ 114.8309849, 35.0881977, 0.0 ], [ 114.8307844, 35.0872384, 0.0 ], [ 114.8306944, 35.0867287, 0.0 ], [ 114.8302033, 35.0859288, 0.0 ], [ 114.8297227, 35.0853386, 0.0 ], [ 114.8293519, 35.0846288, 0.0 ], [ 114.8292418, 35.0840392, 0.0 ], [ 114.829222, 35.0839293, 0.0 ], [ 114.8291215, 35.0833198, 0.0 ], [ 114.8290916, 35.0831299, 0.0 ], [ 114.8290916, 35.0822308, 0.0 ], [ 114.8290916, 35.0814316, 0.0 ], [ 114.8289613, 35.0807321, 0.0 ], [ 114.8289613, 35.0799229, 0.0 ], [ 114.8287108, 35.0792332, 0.0 ], [ 114.8284706, 35.0784337, 0.0 ], [ 114.8283403, 35.0777342, 0.0 ], [ 114.8280397, 35.0768746, 0.0 ], [ 114.8278493, 35.0763448, 0.0 ], [ 114.827729, 35.0756354, 0.0 ], [ 114.8271383, 35.0748752, 0.0 ], [ 114.8266274, 35.0741352, 0.0 ], [ 114.8261368, 35.073545, 0.0 ], [ 114.8256457, 35.072845, 0.0 ], [ 114.8252753, 35.0721452, 0.0 ], [ 114.8250247, 35.0714454, 0.0 ], [ 114.8250247, 35.0706562, 0.0 ], [ 114.8246543, 35.0699464, 0.0 ], [ 114.8243537, 35.0690868, 0.0 ], [ 114.8240434, 35.0682172, 0.0 ], [ 114.823913, 35.0678574, 0.0 ], [ 114.8236726, 35.0670479, 0.0 ], [ 114.8234321, 35.0663482, 0.0 ], [ 114.8230516, 35.0655485, 0.0 ], [ 114.8228111, 35.0647489, 0.0 ], [ 114.8225609, 35.0640591, 0.0 ], [ 114.8221901, 35.0632594, 0.0 ], [ 114.8220698, 35.06246, 0.0 ], [ 114.8217696, 35.0615904, 0.0 ], [ 114.8215792, 35.0610607, 0.0 ], [ 114.8212087, 35.0603609, 0.0 ], [ 114.8209682, 35.0594814, 0.0 ], [ 114.820708, 35.0587517, 0.0 ], [ 114.8205877, 35.0580622, 0.0 ], [ 114.8203073, 35.0574524, 0.0 ], [ 114.820227, 35.0572624, 0.0 ], [ 114.8199768, 35.0564629, 0.0 ], [ 114.8198566, 35.0556735, 0.0 ], [ 114.819606, 35.0548639, 0.0 ], [ 114.8194757, 35.0541644, 0.0 ], [ 114.8194757, 35.0532653, 0.0 ], [ 114.8192356, 35.0525657, 0.0 ], [ 114.818985, 35.0517761, 0.0 ], [ 114.8181037, 35.0500065, 0.0 ], [ 114.8177632, 35.0486473, 0.0 ], [ 114.8181937, 35.04667, 0.0 ], [ 114.8191452, 35.0447433, 0.0 ], [ 114.8233813, 35.0358885, 0.0 ], [ 114.8271869, 35.0256644, 0.0 ], [ 114.8290297, 35.0183345, 0.0 ], [ 114.8306216, 35.0115637, 0.0 ], [ 114.830942, 35.0091067, 0.0 ], [ 114.832795, 35.0097887, 0.0 ], [ 114.8337464, 35.0100099, 0.0 ], [ 114.834708, 35.0102111, 0.0 ], [ 114.8355691, 35.0103024, 0.0 ], [ 114.836, 35.0104629, 0.0 ], [ 114.8364205, 35.0106134, 0.0 ], [ 114.8372618, 35.0107045, 0.0 ], [ 114.8382432, 35.0109058, 0.0 ], [ 114.8390946, 35.0110968, 0.0 ], [ 114.8401562, 35.0113082, 0.0 ], [ 114.8410375, 35.0114894, 0.0 ], [ 114.841899, 35.0115906, 0.0 ], [ 114.84274, 35.0118815, 0.0 ], [ 114.8438318, 35.0119831, 0.0 ], [ 114.8448935, 35.0122244, 0.0 ], [ 114.8455444, 35.0123752, 0.0 ], [ 114.846516, 35.0126664, 0.0 ], [ 114.847367, 35.0127676, 0.0 ], [ 114.8483387, 35.0129588, 0.0 ], [ 114.8491901, 35.01306, 0.0 ], [ 114.8501714, 35.0133512, 0.0 ], [ 114.8510128, 35.0134523, 0.0 ], [ 114.8520643, 35.0136937, 0.0 ], [ 114.853126, 35.0139451, 0.0 ], [ 114.8535666, 35.0140456, 0.0 ], [ 114.8546182, 35.0143168, 0.0 ], [ 114.8556798, 35.0146881, 0.0 ], [ 114.856371, 35.0149289, 0.0 ], [ 114.857222, 35.0150301, 0.0 ], [ 114.8582639, 35.0153113, 0.0 ], [ 114.8593453, 35.0156426, 0.0 ], [ 114.8602669, 35.0159137, 0.0 ], [ 114.8613084, 35.0161951, 0.0 ], [ 114.8622199, 35.016616, 0.0 ], [ 114.863071, 35.0168071, 0.0 ], [ 114.863562, 35.0174072, 0.0 ], [ 114.8641729, 35.0179076, 0.0 ], [ 114.864273, 35.0182474, 0.0 ], [ 114.8644134, 35.0187071, 0.0 ], [ 114.8647738, 35.0195669, 0.0 ], [ 114.8652148, 35.0204367, 0.0 ], [ 114.8654048, 35.0207966, 0.0 ], [ 114.8657656, 35.0214964, 0.0 ], [ 114.8663765, 35.0221866, 0.0 ], [ 114.8670976, 35.022877, 0.0 ], [ 114.8678489, 35.0232978, 0.0 ], [ 114.8689404, 35.0232894, 0.0 ], [ 114.8694912, 35.0232802, 0.0 ], [ 114.8698019, 35.0232807, 0.0 ], [ 114.8708833, 35.0234122, 0.0 ], [ 114.8715043, 35.0234831, 0.0 ], [ 114.8725962, 35.0234747, 0.0 ], [ 114.8734472, 35.023476, 0.0 ], [ 114.8742986, 35.0231775, 0.0 ], [ 114.8749697, 35.022709, 0.0 ], [ 114.8750298, 35.0226691, 0.0 ], [ 114.8756306, 35.0221705, 0.0 ], [ 114.8762315, 35.021562, 0.0 ], [ 114.8767121, 35.0209633, 0.0 ], [ 114.8769623, 35.0202644, 0.0 ], [ 114.8769522, 35.0193653, 0.0 ], [ 114.8769522, 35.018656, 0.0 ], [ 114.8770426, 35.0180668, 0.0 ], [ 114.8770624, 35.0179669, 0.0 ], [ 114.8770624, 35.0171677, 0.0 ], [ 114.8768118, 35.0163581, 0.0 ], [ 114.8766617, 35.0154688, 0.0 ], [ 114.8765015, 35.0145794, 0.0 ], [ 114.8764414, 35.0142696, 0.0 ], [ 114.876441, 35.0134704, 0.0 ], [ 114.8761908, 35.0126609, 0.0 ], [ 114.8758801, 35.0118013, 0.0 ], [ 114.8756998, 35.0112615, 0.0 ], [ 114.8753293, 35.0105717, 0.0 ], [ 114.875199, 35.0098722, 0.0 ], [ 114.8750687, 35.0090728, 0.0 ], [ 114.8749686, 35.0085132, 0.0 ], [ 114.8748883, 35.0083533, 0.0 ], [ 114.8748682, 35.007504, 0.0 ], [ 114.8748883, 35.006575, 0.0 ], [ 114.8749682, 35.0063454, 0.0 ], [ 114.8750586, 35.005766, 0.0 ], [ 114.8752987, 35.0050671, 0.0 ], [ 114.8756594, 35.0042684, 0.0 ], [ 114.8758596, 35.004089, 0.0 ], [ 114.8758996, 35.0034596, 0.0 ], [ 114.8762502, 35.0026709, 0.0 ], [ 114.876981, 35.0019927, 0.0 ], [ 114.8777122, 35.0013244, 0.0 ], [ 114.8781928, 35.0008656, 0.0 ], [ 114.8784332, 35.0006462, 0.0 ], [ 114.878934, 35.0001875, 0.0 ], [ 114.8791241, 34.999978, 0.0 ], [ 114.8817182, 34.997195, 0.0 ], [ 114.8842724, 34.9948913, 0.0 ], [ 114.8875373, 34.993278, 0.0 ], [ 114.8911528, 34.9922945, 0.0 ], [ 114.8950487, 34.9917009, 0.0 ], [ 114.8988146, 34.9913968, 0.0 ], [ 114.9025504, 34.9902849, 0.0 ], [ 114.904895, 34.987923, 0.0 ], [ 114.906402, 34.9847636, 0.0 ], [ 114.90728, 34.9817253, 0.0 ], [ 114.9083179, 34.9792361, 0.0 ], [ 114.9100643, 34.9768054, 0.0 ], [ 114.9114013, 34.9751447, 0.0 ], [ 114.9128579, 34.9740232, 0.0 ], [ 114.9148433, 34.9730605, 0.0 ], [ 114.917278, 34.9726563, 0.0 ] ] ] } },
{ "type": "Feature", "properties": { "Name": "金水区", "AdminCode": "410105", "Kind": "0137", "CityAdCode": "410100", "CityName": "郑州市", "ProName": "河南省", "Shape_Leng": 0.89305102811000003, "Shape_Area": 0.02412485708, "sheng": 410000 }, "geometry": { "type": "Polygon", "coordinates": [ [ [ 113.7204662, 34.7355562, 0.0 ], [ 113.7205462, 34.7355662, 0.0 ], [ 113.7212064, 34.7355862, 0.0 ], [ 113.7221071, 34.7357959, 0.0 ], [ 113.723428, 34.7363953, 0.0 ], [ 113.7239784, 34.7366351, 0.0 ], [ 113.7246988, 34.7368249, 0.0 ], [ 113.7261395, 34.7371446, 0.0 ], [ 113.728631, 34.7382035, 0.0 ], [ 113.7286811, 34.7382035, 0.0 ], [ 113.7294115, 34.7386231, 0.0 ], [ 113.7296718, 34.7387829, 0.0 ], [ 113.729882, 34.7389028, 0.0 ], [ 113.730102, 34.7390327, 0.0 ], [ 113.7301121, 34.7391026, 0.0 ], [ 113.730152, 34.7398818, 0.0 ], [ 113.7301016, 34.7423396, 0.0 ], [ 113.7302316, 34.742959, 0.0 ], [ 113.7312922, 34.7447074, 0.0 ], [ 113.7328027, 34.7462858, 0.0 ], [ 113.7344036, 34.7484537, 0.0 ], [ 113.7353742, 34.7495226, 0.0 ], [ 113.7354242, 34.7495626, 0.0 ], [ 113.7355142, 34.7496725, 0.0 ], [ 113.7355841, 34.7497524, 0.0 ], [ 113.7356543, 34.7498623, 0.0 ], [ 113.7362846, 34.7505116, 0.0 ], [ 113.7371551, 34.7510511, 0.0 ], [ 113.7384356, 34.7518503, 0.0 ], [ 113.7395963, 34.7525096, 0.0 ], [ 113.7398465, 34.7526495, 0.0 ], [ 113.7414575, 34.7536185, 0.0 ], [ 113.7426782, 34.7538882, 0.0 ], [ 113.743809, 34.7541379, 0.0 ], [ 113.7438691, 34.7541479, 0.0 ], [ 113.7443591, 34.7542577, 0.0 ], [ 113.7489221, 34.7559459, 0.0 ], [ 113.7489318, 34.7561357, 0.0 ], [ 113.7491921, 34.7562456, 0.0 ], [ 113.7509629, 34.7570048, 0.0 ], [ 113.7515634, 34.7575143, 0.0 ], [ 113.7517434, 34.7575542, 0.0 ], [ 113.7519536, 34.7575542, 0.0 ], [ 113.7525041, 34.7575641, 0.0 ], [ 113.7528742, 34.7575641, 0.0 ], [ 113.7531643, 34.7575641, 0.0 ], [ 113.7536546, 34.7575641, 0.0 ], [ 113.7541151, 34.757564, 0.0 ], [ 113.7543851, 34.757564, 0.0 ], [ 113.7549654, 34.757564, 0.0 ], [ 113.7556361, 34.7575639, 0.0 ], [ 113.7560263, 34.7575639, 0.0 ], [ 113.7561664, 34.757564, 0.0 ], [ 113.7563064, 34.757524, 0.0 ], [ 113.7575074, 34.7573441, 0.0 ], [ 113.7576672, 34.7572941, 0.0 ], [ 113.7582878, 34.7570942, 0.0 ], [ 113.7585078, 34.7569843, 0.0 ], [ 113.7586079, 34.7569843, 0.0 ], [ 113.758718, 34.7569843, 0.0 ], [ 113.7601091, 34.7570042, 0.0 ], [ 113.7603391, 34.7569443, 0.0 ], [ 113.7605692, 34.7567245, 0.0 ], [ 113.7606095, 34.7567145, 0.0 ], [ 113.7619501, 34.7564847, 0.0 ], [ 113.7627108, 34.7564446, 0.0 ], [ 113.763011, 34.7564346, 0.0 ], [ 113.7635712, 34.7564646, 0.0 ], [ 113.7651023, 34.7565145, 0.0 ], [ 113.7668933, 34.7567342, 0.0 ], [ 113.7675136, 34.7569838, 0.0 ], [ 113.7677738, 34.7570837, 0.0 ], [ 113.767834, 34.7571037, 0.0 ], [ 113.7683542, 34.7573135, 0.0 ], [ 113.7702953, 34.7577529, 0.0 ], [ 113.7705757, 34.757753, 0.0 ], [ 113.7707456, 34.757753, 0.0 ], [ 113.7708756, 34.7577629, 0.0 ], [ 113.7709357, 34.7577629, 0.0 ], [ 113.771056, 34.7577629, 0.0 ], [ 113.7717162, 34.7577728, 0.0 ], [ 113.7722566, 34.7577728, 0.0 ], [ 113.7724369, 34.7577728, 0.0 ], [ 113.772487, 34.7577728, 0.0 ], [ 113.772947, 34.7577827, 0.0 ], [ 113.7731072, 34.7577927, 0.0 ], [ 113.7734975, 34.7578727, 0.0 ], [ 113.7748284, 34.7579625, 0.0 ], [ 113.7750584, 34.7579825, 0.0 ], [ 113.7752986, 34.7579924, 0.0 ], [ 113.7754987, 34.7580024, 0.0 ], [ 113.776259, 34.7580423, 0.0 ], [ 113.7763991, 34.7580623, 0.0 ], [ 113.7766295, 34.7580823, 0.0 ], [ 113.7766594, 34.7580823, 0.0 ], [ 113.7767396, 34.7580723, 0.0 ], [ 113.7831934, 34.7584116, 0.0 ], [ 113.7883568, 34.7592505, 0.0 ], [ 113.7887168, 34.7595301, 0.0 ], [ 113.788957, 34.7597199, 0.0 ], [ 113.7901777, 34.7606789, 0.0 ], [ 113.7904376, 34.7612284, 0.0 ], [ 113.7909276, 34.7622872, 0.0 ], [ 113.7912977, 34.7633062, 0.0 ], [ 113.7922582, 34.7642453, 0.0 ], [ 113.7931686, 34.7648346, 0.0 ], [ 113.7944192, 34.765384, 0.0 ], [ 113.7956101, 34.7657635, 0.0 ], [ 113.7985517, 34.7663627, 0.0 ], [ 113.801306, 34.7667641, 0.0 ], [ 113.8019375, 34.7669149, 0.0 ], [ 113.8020077, 34.766865, 0.0 ], [ 113.8022082, 34.7667554, 0.0 ], [ 113.8041936, 34.7656193, 0.0 ], [ 113.8043538, 34.7655496, 0.0 ], [ 113.8045543, 34.76544, 0.0 ], [ 113.8055972, 34.7648121, 0.0 ], [ 113.8098784, 34.7625503, 0.0 ], [ 113.8101592, 34.7623909, 0.0 ], [ 113.8104396, 34.7622614, 0.0 ], [ 113.8134978, 34.7607671, 0.0 ], [ 113.8136281, 34.7607074, 0.0 ], [ 113.8176083, 34.7587849, 0.0 ], [ 113.817879, 34.7585755, 0.0 ], [ 113.8245264, 34.7550783, 0.0 ], [ 113.8318254, 34.7510925, 0.0 ], [ 113.8327477, 34.7505743, 0.0 ], [ 113.8335998, 34.7501059, 0.0 ], [ 113.8343519, 34.7496175, 0.0 ], [ 113.8352044, 34.7489593, 0.0 ], [ 113.8372297, 34.7463548, 0.0 ], [ 113.8376002, 34.7484432, 0.0 ], [ 113.8380307, 34.7509313, 0.0 ], [ 113.838061, 34.7511012, 0.0 ], [ 113.838071, 34.7511612, 0.0 ], [ 113.8382712, 34.7517908, 0.0 ], [ 113.8384616, 34.7525903, 0.0 ], [ 113.8387723, 34.7537296, 0.0 ], [ 113.8396237, 34.757507, 0.0 ], [ 113.8400744, 34.7590661, 0.0 ], [ 113.8401346, 34.7592859, 0.0 ], [ 113.8406152, 34.7612246, 0.0 ], [ 113.8423687, 34.7652731, 0.0 ], [ 113.8428896, 34.7670221, 0.0 ], [ 113.8428896, 34.767052, 0.0 ], [ 113.8430898, 34.7696697, 0.0 ], [ 113.8428583, 34.7733257, 0.0 ], [ 113.8432086, 34.776533, 0.0 ], [ 113.8432288, 34.7767927, 0.0 ], [ 113.8431884, 34.7770225, 0.0 ], [ 113.8430581, 34.7777516, 0.0 ], [ 113.8429274, 34.7784807, 0.0 ], [ 113.8428472, 34.7788801, 0.0 ], [ 113.8420552, 34.7799479, 0.0 ], [ 113.8418647, 34.7802174, 0.0 ], [ 113.8417441, 34.7803671, 0.0 ], [ 113.8415738, 34.7805867, 0.0 ], [ 113.8403905, 34.7824231, 0.0 ], [ 113.8399794, 34.7829321, 0.0 ], [ 113.837994, 34.7851371, 0.0 ], [ 113.837693, 34.7854564, 0.0 ], [ 113.8363294, 34.7867231, 0.0 ], [ 113.8355975, 34.7876612, 0.0 ], [ 113.8336621, 34.7894367, 0.0 ], [ 113.8325789, 34.7922823, 0.0 ], [ 113.8325692, 34.7923023, 0.0 ], [ 113.8325882, 34.7958589, 0.0 ], [ 113.8326282, 34.7968279, 0.0 ], [ 113.8327477, 34.8002546, 0.0 ], [ 113.8321458, 34.8054079, 0.0 ], [ 113.8324662, 34.8067069, 0.0 ], [ 113.832787, 34.8080259, 0.0 ], [ 113.8336286, 34.8101447, 0.0 ], [ 113.8345308, 34.8117341, 0.0 ], [ 113.8352324, 34.8131734, 0.0 ], [ 113.8339991, 34.8155191, 0.0 ], [ 113.8335876, 34.8179757, 0.0 ], [ 113.8337478, 34.8204332, 0.0 ], [ 113.8345794, 34.821573, 0.0 ], [ 113.8364539, 34.8226144, 0.0 ], [ 113.8382384, 34.8238155, 0.0 ], [ 113.8403632, 34.825956, 0.0 ], [ 113.8403833, 34.8263955, 0.0 ], [ 113.8404132, 34.8265853, 0.0 ], [ 113.8404132, 34.8267651, 0.0 ], [ 113.8404132, 34.826885, 0.0 ], [ 113.8404132, 34.8270349, 0.0 ], [ 113.8395107, 34.8305596, 0.0 ], [ 113.8392598, 34.8309388, 0.0 ], [ 113.8384177, 34.8322361, 0.0 ], [ 113.8380667, 34.8324355, 0.0 ], [ 113.8355705, 34.8338405, 0.0 ], [ 113.8346881, 34.8343387, 0.0 ], [ 113.8345078, 34.8347879, 0.0 ], [ 113.834718, 34.8364963, 0.0 ], [ 113.83564, 34.8390746, 0.0 ], [ 113.8373334, 34.8437516, 0.0 ], [ 113.8388764, 34.8479788, 0.0 ], [ 113.839578, 34.8509364, 0.0 ], [ 113.8407703, 34.8533454, 0.0 ], [ 113.8417027, 34.8541357, 0.0 ], [ 113.8422337, 34.8545859, 0.0 ], [ 113.8436971, 34.855277, 0.0 ], [ 113.8450907, 34.8553888, 0.0 ], [ 113.8461934, 34.8555002, 0.0 ], [ 113.8475866, 34.8561213, 0.0 ], [ 113.8489898, 34.8569722, 0.0 ], [ 113.8497617, 34.8581719, 0.0 ], [ 113.8501724, 34.8600503, 0.0 ], [ 113.8512348, 34.8609606, 0.0 ], [ 113.8529689, 34.8616422, 0.0 ], [ 113.8551941, 34.8625541, 0.0 ], [ 113.8568681, 34.8636251, 0.0 ], [ 113.8588326, 34.8649562, 0.0 ], [ 113.8590734, 34.8651363, 0.0 ], [ 113.8592639, 34.8653563, 0.0 ], [ 113.8595141, 34.8657762, 0.0 ], [ 113.8597949, 34.8664857, 0.0 ], [ 113.8602355, 34.8681643, 0.0 ], [ 113.8602956, 34.8683642, 0.0 ], [ 113.8604458, 34.8710512, 0.0 ], [ 113.8608763, 34.8740783, 0.0 ], [ 113.8620884, 34.8783649, 0.0 ], [ 113.863982, 34.8854991, 0.0 ], [ 113.8603633, 34.8846554, 0.0 ], [ 113.8556218, 34.8842197, 0.0 ], [ 113.851111, 34.8835845, 0.0 ], [ 113.8459187, 34.8827785, 0.0 ], [ 113.8411674, 34.8817835, 0.0 ], [ 113.8380098, 34.8812998, 0.0 ], [ 113.8337096, 34.8802953, 0.0 ], [ 113.8291888, 34.8792905, 0.0 ], [ 113.8249184, 34.8790252, 0.0 ], [ 113.8181623, 34.8786366, 0.0 ], [ 113.8132303, 34.87875, 0.0 ], [ 113.8124984, 34.878819, 0.0 ], [ 113.812358, 34.8788388, 0.0 ], [ 113.8060728, 34.8794698, 0.0 ], [ 113.8009205, 34.8797826, 0.0 ], [ 113.7975664, 34.8802309, 0.0 ], [ 113.7940038, 34.8810601, 0.0 ], [ 113.7920123, 34.8816595, 0.0 ], [ 113.7912217, 34.8821189, 0.0 ], [ 113.7907717, 34.8795718, 0.0 ], [ 113.7904319, 34.8776339, 0.0 ], [ 113.7903221, 34.8751867, 0.0 ], [ 113.7902022, 34.8724597, 0.0 ], [ 113.7902224, 34.8697526, 0.0 ], [ 113.7902429, 34.8675451, 0.0 ], [ 113.790163, 34.8643187, 0.0 ], [ 113.7877916, 34.8627905, 0.0 ], [ 113.7847496, 34.8615819, 0.0 ], [ 113.7845995, 34.8614321, 0.0 ], [ 113.7836592, 34.8605831, 0.0 ], [ 113.7801373, 34.8569074, 0.0 ], [ 113.7787366, 34.8550795, 0.0 ], [ 113.7780868, 34.8502649, 0.0 ], [ 113.776636, 34.8504048, 0.0 ], [ 113.7757151, 34.851983, 0.0 ], [ 113.7743939, 34.8550297, 0.0 ], [ 113.7720215, 34.8598843, 0.0 ], [ 113.7712709, 34.8604538, 0.0 ], [ 113.7705703, 34.8609132, 0.0 ], [ 113.7675586, 34.8607336, 0.0 ], [ 113.7674884, 34.8606936, 0.0 ], [ 113.7673084, 34.8605937, 0.0 ], [ 113.7669383, 34.860374, 0.0 ], [ 113.7667482, 34.8602741, 0.0 ], [ 113.7641666, 34.8587759, 0.0 ], [ 113.7638664, 34.8590456, 0.0 ], [ 113.7636061, 34.8592354, 0.0 ], [ 113.7626755, 34.8598747, 0.0 ], [ 113.7619048, 34.860574, 0.0 ], [ 113.7613244, 34.8610534, 0.0 ], [ 113.760954, 34.8611933, 0.0 ], [ 113.7604136, 34.861453, 0.0 ], [ 113.7578918, 34.8634708, 0.0 ], [ 113.7552397, 34.8652389, 0.0 ], [ 113.7551098, 34.8653887, 0.0 ], [ 113.7550295, 34.8657084, 0.0 ], [ 113.7549596, 34.8658781, 0.0 ], [ 113.7544492, 34.8660679, 0.0 ], [ 113.7523277, 34.8664675, 0.0 ], [ 113.7511768, 34.8665575, 0.0 ], [ 113.7457433, 34.8669972, 0.0 ], [ 113.7443522, 34.867247, 0.0 ], [ 113.7438518, 34.867207, 0.0 ], [ 113.7435116, 34.867187, 0.0 ], [ 113.7422308, 34.8671471, 0.0 ], [ 113.739399, 34.8675467, 0.0 ], [ 113.7380278, 34.8678864, 0.0 ], [ 113.7357763, 34.8680363, 0.0 ], [ 113.733625, 34.8682261, 0.0 ], [ 113.7327444, 34.8683261, 0.0 ], [ 113.7309631, 34.868446, 0.0 ], [ 113.7292618, 34.8686358, 0.0 ], [ 113.7259998, 34.8688957, 0.0 ], [ 113.7256693, 34.8689256, 0.0 ], [ 113.7238682, 34.8691354, 0.0 ], [ 113.7193452, 34.8696349, 0.0 ], [ 113.7143117, 34.8700945, 0.0 ], [ 113.7102188, 34.8704343, 0.0 ], [ 113.7090982, 34.8705841, 0.0 ], [ 113.7083677, 34.8704443, 0.0 ], [ 113.7078472, 34.8702246, 0.0 ], [ 113.7061462, 34.8694755, 0.0 ], [ 113.7032446, 34.8678876, 0.0 ], [ 113.700343, 34.8663495, 0.0 ], [ 113.6979054, 34.8651139, 0.0 ], [ 113.697396, 34.8648648, 0.0 ], [ 113.6913138, 34.8618669, 0.0 ], [ 113.6895458, 34.8610703, 0.0 ], [ 113.6879978, 34.8602035, 0.0 ], [ 113.6863001, 34.8593969, 0.0 ], [ 113.6861701, 34.8593371, 0.0 ], [ 113.6859804, 34.8592576, 0.0 ], [ 113.6858904, 34.8592077, 0.0 ], [ 113.6834935, 34.8586517, 0.0 ], [ 113.6809465, 34.857996, 0.0 ], [ 113.6792682, 34.8579585, 0.0 ], [ 113.6767813, 34.8576723, 0.0 ], [ 113.6747038, 34.8577351, 0.0 ], [ 113.6740244, 34.8576762, 0.0 ], [ 113.6739046, 34.8576663, 0.0 ], [ 113.6726759, 34.8575782, 0.0 ], [ 113.6711876, 34.8574404, 0.0 ], [ 113.6706984, 34.8571614, 0.0 ], [ 113.6691504, 34.8564145, 0.0 ], [ 113.666963, 34.8553288, 0.0 ], [ 113.6658244, 34.8547711, 0.0 ], [ 113.6650154, 34.8543827, 0.0 ], [ 113.664676, 34.8541934, 0.0 ], [ 113.6635873, 34.8536755, 0.0 ], [ 113.6632378, 34.8534962, 0.0 ], [ 113.6631377, 34.8534165, 0.0 ], [ 113.6630279, 34.8533567, 0.0 ], [ 113.662089, 34.8528985, 0.0 ], [ 113.6619392, 34.8528688, 0.0 ], [ 113.6616595, 34.8527893, 0.0 ], [ 113.6612502, 34.85272, 0.0 ], [ 113.6609903, 34.8527103, 0.0 ], [ 113.6608207, 34.8527006, 0.0 ], [ 113.6602912, 34.8526913, 0.0 ], [ 113.6594221, 34.8526925, 0.0 ], [ 113.657764, 34.8523753, 0.0 ], [ 113.6572945, 34.852286, 0.0 ], [ 113.6559964, 34.8520381, 0.0 ], [ 113.6540383, 34.8518611, 0.0 ], [ 113.6517113, 34.8516346, 0.0 ], [ 113.6471166, 34.8513313, 0.0 ], [ 113.6441099, 34.8521446, 0.0 ], [ 113.6438201, 34.852165, 0.0 ], [ 113.6437204, 34.8524049, 0.0 ], [ 113.6434104, 34.8531144, 0.0 ], [ 113.642681, 34.8549932, 0.0 ], [ 113.6425813, 34.855253, 0.0 ], [ 113.6424712, 34.8555128, 0.0 ], [ 113.6422915, 34.8559426, 0.0 ], [ 113.6421716, 34.8562324, 0.0 ], [ 113.6420316, 34.8565622, 0.0 ], [ 113.6417918, 34.8571518, 0.0 ], [ 113.6412623, 34.8573224, 0.0 ], [ 113.6383157, 34.8573565, 0.0 ], [ 113.6372371, 34.8573679, 0.0 ], [ 113.6355692, 34.8569008, 0.0 ], [ 113.6352596, 34.8558026, 0.0 ], [ 113.6347607, 34.8524673, 0.0 ], [ 113.6347405, 34.8523375, 0.0 ], [ 113.6322637, 34.8511124, 0.0 ], [ 113.6299964, 34.8500269, 0.0 ], [ 113.6289679, 34.8484002, 0.0 ], [ 113.6287282, 34.8467026, 0.0 ], [ 113.6286482, 34.8464631, 0.0 ], [ 113.6285485, 34.8461636, 0.0 ], [ 113.6281291, 34.8448956, 0.0 ], [ 113.6269606, 34.8439085, 0.0 ], [ 113.6264814, 34.8435096, 0.0 ], [ 113.6247538, 34.8399862, 0.0 ], [ 113.6242544, 34.8383589, 0.0 ], [ 113.6244244, 34.8377394, 0.0 ], [ 113.6244344, 34.8376994, 0.0 ], [ 113.624734, 34.8375692, 0.0 ], [ 113.6247541, 34.8373394, 0.0 ], [ 113.6247242, 34.8371297, 0.0 ], [ 113.6245342, 34.8370501, 0.0 ], [ 113.6244445, 34.8370103, 0.0 ], [ 113.6243246, 34.8369705, 0.0 ], [ 113.6241248, 34.836761, 0.0 ], [ 113.6238851, 34.8363618, 0.0 ], [ 113.6238052, 34.8362221, 0.0 ], [ 113.6236853, 34.8358627, 0.0 ], [ 113.6237652, 34.8357427, 0.0 ], [ 113.6240752, 34.8352928, 0.0 ], [ 113.6242649, 34.8350229, 0.0 ], [ 113.6251638, 34.834742, 0.0 ], [ 113.6256235, 34.8346015, 0.0 ], [ 113.6262226, 34.8344009, 0.0 ], [ 113.6265023, 34.8343206, 0.0 ], [ 113.6276712, 34.8340792, 0.0 ], [ 113.627831, 34.8326608, 0.0 ], [ 113.6278012, 34.8325509, 0.0 ], [ 113.6276813, 34.8319318, 0.0 ], [ 113.6275218, 34.8312329, 0.0 ], [ 113.6267327, 34.8289767, 0.0 ], [ 113.624915, 34.8271314, 0.0 ], [ 113.6240064, 34.826064, 0.0 ], [ 113.6239265, 34.8258943, 0.0 ], [ 113.6231773, 34.8244471, 0.0 ], [ 113.6225581, 34.8236689, 0.0 ], [ 113.6222287, 34.8234396, 0.0 ], [ 113.6221088, 34.8225809, 0.0 ], [ 113.6225286, 34.8217812, 0.0 ], [ 113.6227284, 34.8211217, 0.0 ], [ 113.6228782, 34.8205921, 0.0 ], [ 113.6228983, 34.8204523, 0.0 ], [ 113.6229282, 34.8195833, 0.0 ], [ 113.6225189, 34.8189046, 0.0 ], [ 113.6223389, 34.818765, 0.0 ], [ 113.6215199, 34.8184666, 0.0 ], [ 113.620671, 34.8181681, 0.0 ], [ 113.619902, 34.8177298, 0.0 ], [ 113.6200518, 34.8173999, 0.0 ], [ 113.6202217, 34.8170301, 0.0 ], [ 113.6203816, 34.8166703, 0.0 ], [ 113.6204813, 34.8164504, 0.0 ], [ 113.6206811, 34.8160207, 0.0 ], [ 113.6209309, 34.815491, 0.0 ], [ 113.6209709, 34.815411, 0.0 ], [ 113.6210508, 34.8152511, 0.0 ], [ 113.6213305, 34.8147313, 0.0 ], [ 113.6213906, 34.8146213, 0.0 ], [ 113.6214104, 34.8145714, 0.0 ], [ 113.6214605, 34.8144815, 0.0 ], [ 113.6214806, 34.8144614, 0.0 ], [ 113.6215904, 34.8142815, 0.0 ], [ 113.6217301, 34.8140515, 0.0 ], [ 113.6217701, 34.8139916, 0.0 ], [ 113.6226096, 34.8127818, 0.0 ], [ 113.623888, 34.8122407, 0.0 ], [ 113.6242577, 34.8121803, 0.0 ], [ 113.6250468, 34.8120493, 0.0 ], [ 113.6253564, 34.8120489, 0.0 ], [ 113.6260559, 34.812048, 0.0 ], [ 113.6269746, 34.8119168, 0.0 ], [ 113.6270945, 34.8118767, 0.0 ], [ 113.6270545, 34.8115571, 0.0 ], [ 113.6270246, 34.8113174, 0.0 ], [ 113.626975, 34.810908, 0.0 ], [ 113.6269051, 34.8102189, 0.0 ], [ 113.626845, 34.8097595, 0.0 ], [ 113.6268151, 34.8094499, 0.0 ], [ 113.6267154, 34.8085612, 0.0 ], [ 113.6266855, 34.8082915, 0.0 ], [ 113.6265656, 34.8075227, 0.0 ], [ 113.6265556, 34.8074428, 0.0 ], [ 113.6265458, 34.8074228, 0.0 ], [ 113.6264958, 34.807273, 0.0 ], [ 113.6266556, 34.8070331, 0.0 ], [ 113.6268155, 34.8067931, 0.0 ], [ 113.6271251, 34.8063532, 0.0 ], [ 113.6276946, 34.8055434, 0.0 ], [ 113.6285039, 34.8043637, 0.0 ], [ 113.628614, 34.8042037, 0.0 ], [ 113.6291335, 34.803464, 0.0 ], [ 113.629423, 34.803054, 0.0 ], [ 113.6297228, 34.8026341, 0.0 ], [ 113.6298028, 34.8025241, 0.0 ], [ 113.6301923, 34.8019842, 0.0 ], [ 113.6308817, 34.8010044, 0.0 ], [ 113.6312413, 34.8004845, 0.0 ], [ 113.6314411, 34.8002146, 0.0 ], [ 113.6309119, 34.7998857, 0.0 ], [ 113.6295936, 34.7995479, 0.0 ], [ 113.6284848, 34.7991698, 0.0 ], [ 113.6281054, 34.7990904, 0.0 ], [ 113.6279952, 34.7990606, 0.0 ], [ 113.6267068, 34.7987926, 0.0 ], [ 113.6262474, 34.7987134, 0.0 ], [ 113.6256379, 34.7986243, 0.0 ], [ 113.6249687, 34.798775, 0.0 ], [ 113.6241796, 34.7992258, 0.0 ], [ 113.6236201, 34.7996961, 0.0 ], [ 113.6229408, 34.8000566, 0.0 ], [ 113.622431, 34.8000474, 0.0 ], [ 113.6220516, 34.799998, 0.0 ], [ 113.6216322, 34.7999287, 0.0 ], [ 113.6189254, 34.7989134, 0.0 ], [ 113.618416, 34.7987043, 0.0 ], [ 113.6172874, 34.7984262, 0.0 ], [ 113.6171873, 34.7984563, 0.0 ], [ 113.616778, 34.7985967, 0.0 ], [ 113.616508, 34.7988968, 0.0 ], [ 113.6154089, 34.8007464, 0.0 ], [ 113.6148692, 34.801656, 0.0 ], [ 113.6137802, 34.8031058, 0.0 ], [ 113.6135308, 34.8035357, 0.0 ], [ 113.6131808, 34.8041654, 0.0 ], [ 113.6127312, 34.8045556, 0.0 ], [ 113.6122218, 34.8046961, 0.0 ], [ 113.6121818, 34.8046961, 0.0 ], [ 113.6121419, 34.8046862, 0.0 ], [ 113.6120922, 34.8046862, 0.0 ], [ 113.6120422, 34.8046763, 0.0 ], [ 113.6118622, 34.8046866, 0.0 ], [ 113.6117624, 34.8046568, 0.0 ], [ 113.6115727, 34.8047269, 0.0 ], [ 113.6115025, 34.8047471, 0.0 ], [ 113.6114226, 34.8047671, 0.0 ], [ 113.6111231, 34.8047176, 0.0 ], [ 113.6100643, 34.8045792, 0.0 ], [ 113.6089854, 34.804361, 0.0 ], [ 113.6070778, 34.8036446, 0.0 ], [ 113.6060687, 34.8032564, 0.0 ], [ 113.6057292, 34.803167, 0.0 ], [ 113.6043907, 34.8027893, 0.0 ], [ 113.6025929, 34.8023124, 0.0 ], [ 113.6022631, 34.8021131, 0.0 ], [ 113.6021634, 34.8018835, 0.0 ], [ 113.6021432, 34.801524, 0.0 ], [ 113.6022232, 34.8010145, 0.0 ], [ 113.6023434, 34.800445, 0.0 ], [ 113.6025929, 34.7998553, 0.0 ], [ 113.602693, 34.7995955, 0.0 ], [ 113.6041322, 34.7971858, 0.0 ], [ 113.6045718, 34.7969754, 0.0 ], [ 113.6050711, 34.7968749, 0.0 ], [ 113.60606, 34.7971731, 0.0 ], [ 113.607049, 34.7973116, 0.0 ], [ 113.6083374, 34.79717, 0.0 ], [ 113.6102656, 34.7959285, 0.0 ], [ 113.6107854, 34.7949787, 0.0 ], [ 113.6110853, 34.7938693, 0.0 ], [ 113.6112653, 34.7934895, 0.0 ], [ 113.6126146, 34.7912398, 0.0 ], [ 113.6126243, 34.7912098, 0.0 ], [ 113.6136438, 34.7896399, 0.0 ], [ 113.6150428, 34.7873802, 0.0 ], [ 113.6158024, 34.7861103, 0.0 ], [ 113.6166516, 34.7845707, 0.0 ], [ 113.6166318, 34.784291, 0.0 ], [ 113.6164021, 34.7833122, 0.0 ], [ 113.6162426, 34.7829828, 0.0 ], [ 113.616023, 34.7825535, 0.0 ], [ 113.615843, 34.7824239, 0.0 ], [ 113.6157134, 34.7823242, 0.0 ], [ 113.6151641, 34.7817156, 0.0 ], [ 113.6147846, 34.7814464, 0.0 ], [ 113.6152544, 34.7795376, 0.0 ], [ 113.6160436, 34.7796863, 0.0 ], [ 113.6164435, 34.7789065, 0.0 ], [ 113.6171027, 34.7788356, 0.0 ], [ 113.6175822, 34.7782156, 0.0 ], [ 113.6176423, 34.7781456, 0.0 ], [ 113.6177021, 34.7780656, 0.0 ], [ 113.6177622, 34.7779956, 0.0 ], [ 113.6183317, 34.7772555, 0.0 ], [ 113.6189311, 34.7773645, 0.0 ], [ 113.6189808, 34.7773645, 0.0 ], [ 113.6192105, 34.7773941, 0.0 ], [ 113.61991, 34.7773731, 0.0 ], [ 113.6203193, 34.7773725, 0.0 ], [ 113.6209687, 34.7773916, 0.0 ], [ 113.6217179, 34.7770908, 0.0 ], [ 113.6223972, 34.7762806, 0.0 ], [ 113.6226571, 34.7756809, 0.0 ], [ 113.622957, 34.7749911, 0.0 ], [ 113.6253553, 34.7711514, 0.0 ], [ 113.6261545, 34.7699914, 0.0 ], [ 113.6264342, 34.7694415, 0.0 ], [ 113.6265343, 34.7691218, 0.0 ], [ 113.6266344, 34.7688718, 0.0 ], [ 113.6266542, 34.7688219, 0.0 ], [ 113.6265246, 34.7687022, 0.0 ], [ 113.6264346, 34.7685724, 0.0 ], [ 113.6263547, 34.7684926, 0.0 ], [ 113.626165, 34.7681232, 0.0 ], [ 113.6259353, 34.7678638, 0.0 ], [ 113.6257556, 34.7676943, 0.0 ], [ 113.6257056, 34.7676443, 0.0 ], [ 113.6254162, 34.767365, 0.0 ], [ 113.6263748, 34.7672838, 0.0 ], [ 113.6267546, 34.7672632, 0.0 ], [ 113.6267845, 34.7672532, 0.0 ], [ 113.6276237, 34.7671821, 0.0 ], [ 113.6277335, 34.7671719, 0.0 ], [ 113.6278534, 34.7671617, 0.0 ], [ 113.6279632, 34.7671516, 0.0 ], [ 113.6289622, 34.7670603, 0.0 ], [ 113.6300908, 34.7669488, 0.0 ], [ 113.6303104, 34.7669284, 0.0 ], [ 113.6304104, 34.7669283, 0.0 ], [ 113.63076, 34.7669078, 0.0 ], [ 113.6312993, 34.766937, 0.0 ], [ 113.6316989, 34.7670164, 0.0 ], [ 113.6318386, 34.7670562, 0.0 ], [ 113.6319386, 34.767086, 0.0 ], [ 113.6325776, 34.7673448, 0.0 ], [ 113.6326777, 34.7673847, 0.0 ], [ 113.6329772, 34.7675241, 0.0 ], [ 113.6336764, 34.7671634, 0.0 ], [ 113.6346458, 34.7648143, 0.0 ], [ 113.6347956, 34.7647342, 0.0 ], [ 113.6349655, 34.764584, 0.0 ], [ 113.6350256, 34.764504, 0.0 ], [ 113.6350854, 34.7643741, 0.0 ], [ 113.6351254, 34.7642841, 0.0 ], [ 113.6352654, 34.7639342, 0.0 ], [ 113.6355451, 34.7633644, 0.0 ], [ 113.6365844, 34.7608354, 0.0 ], [ 113.6368044, 34.7606352, 0.0 ], [ 113.6389918, 34.7603324, 0.0 ], [ 113.6392214, 34.7602121, 0.0 ], [ 113.6393914, 34.760182, 0.0 ], [ 113.6394515, 34.7601719, 0.0 ], [ 113.6395112, 34.7601618, 0.0 ], [ 113.6395613, 34.7601517, 0.0 ], [ 113.639621, 34.7601416, 0.0 ], [ 113.6398507, 34.7600913, 0.0 ], [ 113.6401304, 34.760111, 0.0 ], [ 113.6403004, 34.7601806, 0.0 ], [ 113.6407496, 34.7601101, 0.0 ], [ 113.6417587, 34.7599288, 0.0 ], [ 113.6421184, 34.7597284, 0.0 ], [ 113.6435566, 34.7593368, 0.0 ], [ 113.6437463, 34.7592466, 0.0 ], [ 113.644116, 34.7590363, 0.0 ], [ 113.644336, 34.758936, 0.0 ], [ 113.6444458, 34.7588859, 0.0 ], [ 113.644985, 34.7586354, 0.0 ], [ 113.6450351, 34.7584555, 0.0 ], [ 113.6450948, 34.7586752, 0.0 ], [ 113.6451748, 34.758785, 0.0 ], [ 113.6453148, 34.7589845, 0.0 ], [ 113.6453944, 34.7591043, 0.0 ], [ 113.6454545, 34.7591641, 0.0 ], [ 113.6455142, 34.759204, 0.0 ], [ 113.6456042, 34.7592838, 0.0 ], [ 113.6462033, 34.760322, 0.0 ], [ 113.6462432, 34.7603918, 0.0 ], [ 113.646263, 34.7604418, 0.0 ], [ 113.646343, 34.7606415, 0.0 ], [ 113.6463631, 34.7606915, 0.0 ], [ 113.6464031, 34.7608312, 0.0 ], [ 113.6464628, 34.7609011, 0.0 ], [ 113.6465327, 34.7609509, 0.0 ], [ 113.6465928, 34.7610008, 0.0 ], [ 113.6466925, 34.7611006, 0.0 ], [ 113.6467526, 34.7611604, 0.0 ], [ 113.6467926, 34.7612003, 0.0 ], [ 113.6468322, 34.7612602, 0.0 ], [ 113.6471818, 34.7617492, 0.0 ], [ 113.6476411, 34.7622681, 0.0 ], [ 113.6479007, 34.7626573, 0.0 ], [ 113.6490192, 34.763475, 0.0 ], [ 113.6503678, 34.7638727, 0.0 ], [ 113.650817, 34.7639119, 0.0 ], [ 113.6513765, 34.7639911, 0.0 ], [ 113.6515262, 34.7640108, 0.0 ], [ 113.6516263, 34.7640607, 0.0 ], [ 113.6517361, 34.7640705, 0.0 ], [ 113.6553318, 34.7646348, 0.0 ], [ 113.6554218, 34.7646347, 0.0 ], [ 113.6564104, 34.7645234, 0.0 ], [ 113.6566901, 34.7645529, 0.0 ], [ 113.6567801, 34.7645528, 0.0 ], [ 113.6580685, 34.7644011, 0.0 ], [ 113.6582683, 34.7643808, 0.0 ], [ 113.6593472, 34.7642694, 0.0 ], [ 113.6594369, 34.7642592, 0.0 ], [ 113.6594768, 34.7642492, 0.0 ], [ 113.659497, 34.7642292, 0.0 ], [ 113.6595071, 34.7641992, 0.0 ], [ 113.6595269, 34.7638296, 0.0 ], [ 113.6595269, 34.7635597, 0.0 ], [ 113.6595172, 34.7634999, 0.0 ], [ 113.6595071, 34.7633301, 0.0 ], [ 113.6596471, 34.76316, 0.0 ], [ 113.6601166, 34.7629196, 0.0 ], [ 113.6601763, 34.7628795, 0.0 ], [ 113.6602562, 34.7627795, 0.0 ], [ 113.6602364, 34.7622999, 0.0 ], [ 113.6601965, 34.7619803, 0.0 ], [ 113.6600766, 34.7616108, 0.0 ], [ 113.6600467, 34.761531, 0.0 ], [ 113.6599369, 34.7614411, 0.0 ], [ 113.6597274, 34.7611018, 0.0 ], [ 113.6595974, 34.7609222, 0.0 ], [ 113.6595276, 34.7607924, 0.0 ], [ 113.6593778, 34.7606328, 0.0 ], [ 113.659168, 34.7602534, 0.0 ], [ 113.6589484, 34.7600339, 0.0 ], [ 113.6585988, 34.7599046, 0.0 ], [ 113.6585988, 34.7597148, 0.0 ], [ 113.6585887, 34.7596448, 0.0 ], [ 113.6585189, 34.7592353, 0.0 ], [ 113.6583994, 34.758646, 0.0 ], [ 113.6583094, 34.7586462, 0.0 ], [ 113.6580696, 34.7586165, 0.0 ], [ 113.6579699, 34.7586067, 0.0 ], [ 113.6578399, 34.7586269, 0.0 ], [ 113.6577002, 34.758697, 0.0 ], [ 113.6570407, 34.7589877, 0.0 ], [ 113.6566112, 34.759238, 0.0 ], [ 113.6563715, 34.7595681, 0.0 ], [ 113.6561317, 34.7602877, 0.0 ], [ 113.6559917, 34.7607375, 0.0 ], [ 113.6557717, 34.7611874, 0.0 ], [ 113.6553721, 34.7615776, 0.0 ], [ 113.6549128, 34.7616482, 0.0 ], [ 113.6544934, 34.7616388, 0.0 ], [ 113.6542136, 34.7615493, 0.0 ], [ 113.6538842, 34.7612701, 0.0 ], [ 113.653904, 34.7611602, 0.0 ], [ 113.6539141, 34.7608704, 0.0 ], [ 113.6539242, 34.7606806, 0.0 ], [ 113.6539444, 34.7602209, 0.0 ], [ 113.6539541, 34.7600311, 0.0 ], [ 113.6539642, 34.7596615, 0.0 ], [ 113.6539544, 34.7594917, 0.0 ], [ 113.6539645, 34.7593517, 0.0 ], [ 113.6540045, 34.7593417, 0.0 ], [ 113.6544836, 34.7592011, 0.0 ], [ 113.6547835, 34.7591108, 0.0 ], [ 113.6553926, 34.7589401, 0.0 ], [ 113.6558423, 34.7587996, 0.0 ], [ 113.6569612, 34.7584383, 0.0 ], [ 113.6574004, 34.7582778, 0.0 ], [ 113.6579198, 34.7581272, 0.0 ], [ 113.6580098, 34.7580971, 0.0 ], [ 113.6580797, 34.758077, 0.0 ], [ 113.6582694, 34.7580068, 0.0 ], [ 113.6584292, 34.7579566, 0.0 ], [ 113.6588389, 34.7578162, 0.0 ], [ 113.6589188, 34.7577961, 0.0 ], [ 113.6591287, 34.7577259, 0.0 ], [ 113.6596979, 34.7575352, 0.0 ], [ 113.6599276, 34.757465, 0.0 ], [ 113.6600773, 34.7574047, 0.0 ], [ 113.6603171, 34.7573146, 0.0 ], [ 113.6607768, 34.757154, 0.0 ], [ 113.6608765, 34.7571239, 0.0 ], [ 113.6610662, 34.7571536, 0.0 ], [ 113.6613661, 34.7572431, 0.0 ], [ 113.661436, 34.757293, 0.0 ], [ 113.6616358, 34.7574425, 0.0 ], [ 113.6614856, 34.7577224, 0.0 ], [ 113.6612761, 34.7579126, 0.0 ], [ 113.661266, 34.7580025, 0.0 ], [ 113.6613557, 34.7580623, 0.0 ], [ 113.6616955, 34.7580319, 0.0 ], [ 113.6620152, 34.7579015, 0.0 ], [ 113.6625746, 34.7577109, 0.0 ], [ 113.6631038, 34.7576302, 0.0 ], [ 113.6633936, 34.7577097, 0.0 ], [ 113.6635535, 34.7578194, 0.0 ], [ 113.6638231, 34.7579888, 0.0 ], [ 113.6642623, 34.7584577, 0.0 ], [ 113.664532, 34.7587471, 0.0 ], [ 113.6646918, 34.7587969, 0.0 ], [ 113.6649715, 34.7588963, 0.0 ], [ 113.6652412, 34.7589159, 0.0 ], [ 113.6655007, 34.7588157, 0.0 ], [ 113.6656008, 34.7587755, 0.0 ], [ 113.6654809, 34.7583861, 0.0 ], [ 113.6653812, 34.7581265, 0.0 ], [ 113.6652214, 34.757757, 0.0 ], [ 113.6650817, 34.7575374, 0.0 ], [ 113.6644524, 34.7565793, 0.0 ], [ 113.6644823, 34.7564393, 0.0 ], [ 113.6646022, 34.7563193, 0.0 ], [ 113.6652415, 34.7567979, 0.0 ], [ 113.6653412, 34.7568677, 0.0 ], [ 113.6658006, 34.7572067, 0.0 ], [ 113.6659507, 34.7573164, 0.0 ], [ 113.6668792, 34.7580344, 0.0 ], [ 113.667259, 34.7583236, 0.0 ], [ 113.6673587, 34.7584034, 0.0 ], [ 113.6674188, 34.7583833, 0.0 ], [ 113.6674786, 34.7583632, 0.0 ], [ 113.6676283, 34.758303, 0.0 ], [ 113.6685175, 34.758052, 0.0 ], [ 113.6685974, 34.758032, 0.0 ], [ 113.6687771, 34.7580017, 0.0 ], [ 113.6689567, 34.7579815, 0.0 ], [ 113.6690968, 34.7579613, 0.0 ], [ 113.6694064, 34.7579309, 0.0 ], [ 113.6699057, 34.7578802, 0.0 ], [ 113.6699856, 34.75787, 0.0 ], [ 113.6701555, 34.7578499, 0.0 ], [ 113.6711542, 34.7577386, 0.0 ], [ 113.6720534, 34.7576173, 0.0 ], [ 113.6727324, 34.7575364, 0.0 ], [ 113.6728523, 34.7575262, 0.0 ], [ 113.673002, 34.7575061, 0.0 ], [ 113.6735017, 34.7574055, 0.0 ], [ 113.6735316, 34.7573954, 0.0 ], [ 113.6735514, 34.7573754, 0.0 ], [ 113.6757989, 34.7569026, 0.0 ], [ 113.6759188, 34.7568725, 0.0 ], [ 113.6760286, 34.7568523, 0.0 ], [ 113.6776367, 34.7563105, 0.0 ], [ 113.6795148, 34.756068, 0.0 ], [ 113.6832901, 34.7556029, 0.0 ], [ 113.6846884, 34.7560105, 0.0 ], [ 113.6852579, 34.7563994, 0.0 ], [ 113.6853778, 34.7563993, 0.0 ], [ 113.6854076, 34.7563892, 0.0 ], [ 113.6857374, 34.7563787, 0.0 ], [ 113.6858072, 34.7563786, 0.0 ], [ 113.6869358, 34.756367, 0.0 ], [ 113.6877948, 34.7563858, 0.0 ], [ 113.6880943, 34.7563853, 0.0 ], [ 113.6884342, 34.7563949, 0.0 ], [ 113.6886836, 34.7563945, 0.0 ], [ 113.6892031, 34.7563937, 0.0 ], [ 113.6897723, 34.7563829, 0.0 ], [ 113.6902619, 34.7563822, 0.0 ], [ 113.6903119, 34.7563822, 0.0 ], [ 113.6915003, 34.7563804, 0.0 ], [ 113.6916202, 34.7568698, 0.0 ], [ 113.6917102, 34.7573392, 0.0 ], [ 113.6918398, 34.7580784, 0.0 ], [ 113.6918599, 34.7581383, 0.0 ], [ 113.6932081, 34.7579965, 0.0 ], [ 113.6940073, 34.7579154, 0.0 ], [ 113.6944667, 34.757565, 0.0 ], [ 113.6961349, 34.7568733, 0.0 ], [ 113.6972038, 34.7560925, 0.0 ], [ 113.6977031, 34.7553524, 0.0 ], [ 113.697783, 34.7552224, 0.0 ], [ 113.6977733, 34.7547229, 0.0 ], [ 113.6977733, 34.754583, 0.0 ], [ 113.6977733, 34.7543832, 0.0 ], [ 113.6977733, 34.7540735, 0.0 ], [ 113.6977632, 34.753504, 0.0 ], [ 113.6977535, 34.7532143, 0.0 ], [ 113.6977535, 34.7531443, 0.0 ], [ 113.6977535, 34.7528746, 0.0 ], [ 113.6977434, 34.7523151, 0.0 ], [ 113.6977434, 34.7520953, 0.0 ], [ 113.6977636, 34.7515657, 0.0 ], [ 113.6977736, 34.7513559, 0.0 ], [ 113.6977834, 34.7510561, 0.0 ], [ 113.6978334, 34.749997, 0.0 ], [ 113.6978334, 34.7498672, 0.0 ], [ 113.6978338, 34.7494576, 0.0 ], [ 113.6978338, 34.7491078, 0.0 ], [ 113.6978438, 34.7479589, 0.0 ], [ 113.6978438, 34.7479089, 0.0 ], [ 113.6978438, 34.747859, 0.0 ], [ 113.6979734, 34.7478588, 0.0 ], [ 113.6981732, 34.7477785, 0.0 ], [ 113.6982434, 34.7477684, 0.0 ], [ 113.6985628, 34.747768, 0.0 ], [ 113.6997616, 34.7477363, 0.0 ], [ 113.7004016, 34.7477459, 0.0 ], [ 113.7017423, 34.7477459, 0.0 ], [ 113.7022128, 34.7477459, 0.0 ], [ 113.7030631, 34.7477459, 0.0 ], [ 113.7040139, 34.7477459, 0.0 ], [ 113.7038839, 34.747506, 0.0 ], [ 113.7033637, 34.7461173, 0.0 ], [ 113.7026833, 34.7440792, 0.0 ], [ 113.7022931, 34.74318, 0.0 ], [ 113.7020832, 34.7430002, 0.0 ], [ 113.7016429, 34.7429902, 0.0 ], [ 113.7007624, 34.7429803, 0.0 ], [ 113.700542, 34.7429703, 0.0 ], [ 113.7003822, 34.7428304, 0.0 ], [ 113.7000917, 34.7428104, 0.0 ], [ 113.6991427, 34.7427517, 0.0 ], [ 113.6991229, 34.7427418, 0.0 ], [ 113.699083, 34.7427018, 0.0 ], [ 113.6990228, 34.742592, 0.0 ], [ 113.6982737, 34.7425731, 0.0 ], [ 113.6981639, 34.7425733, 0.0 ], [ 113.6980642, 34.7425834, 0.0 ], [ 113.6980541, 34.7423636, 0.0 ], [ 113.6980242, 34.7421139, 0.0 ], [ 113.698004, 34.7418941, 0.0 ], [ 113.6979842, 34.7416744, 0.0 ], [ 113.6979742, 34.7416544, 0.0 ], [ 113.6979644, 34.7414845, 0.0 ], [ 113.6979544, 34.7414346, 0.0 ], [ 113.6979443, 34.7412248, 0.0 ], [ 113.6979443, 34.7409451, 0.0 ], [ 113.6979544, 34.7408351, 0.0 ], [ 113.6979745, 34.7405554, 0.0 ], [ 113.6979943, 34.7404454, 0.0 ], [ 113.6980242, 34.7402855, 0.0 ], [ 113.6980444, 34.7402056, 0.0 ], [ 113.6980843, 34.7399757, 0.0 ], [ 113.6981041, 34.7399058, 0.0 ], [ 113.6981243, 34.7397858, 0.0 ], [ 113.6981441, 34.7397159, 0.0 ], [ 113.6981844, 34.739456, 0.0 ], [ 113.6982143, 34.7390863, 0.0 ], [ 113.6988036, 34.7390256, 0.0 ], [ 113.6987536, 34.7400446, 0.0 ], [ 113.6988335, 34.7400446, 0.0 ], [ 113.6993627, 34.7400438, 0.0 ], [ 113.6997324, 34.7400433, 0.0 ], [ 113.699902, 34.740043, 0.0 ], [ 113.7003923, 34.7400429, 0.0 ], [ 113.7004722, 34.7400429, 0.0 ], [ 113.7010428, 34.7400429, 0.0 ], [ 113.7012228, 34.7400428, 0.0 ], [ 113.7048952, 34.7400727, 0.0 ], [ 113.7051454, 34.7400727, 0.0 ], [ 113.7056256, 34.7400727, 0.0 ], [ 113.708858, 34.7400725, 0.0 ], [ 113.7115696, 34.7400924, 0.0 ], [ 113.71221, 34.7400724, 0.0 ], [ 113.7124404, 34.7400724, 0.0 ], [ 113.7136612, 34.7400724, 0.0 ], [ 113.7137911, 34.7400224, 0.0 ], [ 113.7143117, 34.7391432, 0.0 ], [ 113.7143815, 34.7390333, 0.0 ], [ 113.7144218, 34.7390033, 0.0 ], [ 113.7144118, 34.7387835, 0.0 ], [ 113.7144517, 34.7387835, 0.0 ], [ 113.7145817, 34.7387835, 0.0 ], [ 113.7160228, 34.7387835, 0.0 ], [ 113.7162229, 34.7387835, 0.0 ], [ 113.716323, 34.7387835, 0.0 ], [ 113.7166232, 34.7387834, 0.0 ], [ 113.7168634, 34.7387834, 0.0 ], [ 113.7172036, 34.7387834, 0.0 ], [ 113.7172835, 34.7387634, 0.0 ], [ 113.7173335, 34.7387434, 0.0 ], [ 113.7173836, 34.7387234, 0.0 ], [ 113.7174937, 34.7386935, 0.0 ], [ 113.7175837, 34.7386635, 0.0 ], [ 113.7178238, 34.7386635, 0.0 ], [ 113.7180139, 34.7386735, 0.0 ], [ 113.7182342, 34.7386435, 0.0 ], [ 113.7185446, 34.7386334, 0.0 ], [ 113.7192048, 34.7386235, 0.0 ], [ 113.7195252, 34.7386135, 0.0 ], [ 113.7196552, 34.7386135, 0.0 ], [ 113.7198154, 34.7386035, 0.0 ], [ 113.7198553, 34.7386035, 0.0 ], [ 113.7198654, 34.7385435, 0.0 ], [ 113.7198755, 34.7385036, 0.0 ], [ 113.7198755, 34.7383837, 0.0 ], [ 113.7198755, 34.7382338, 0.0 ], [ 113.7198755, 34.7380439, 0.0 ], [ 113.7198456, 34.7376144, 0.0 ], [ 113.7198154, 34.7368151, 0.0 ], [ 113.7197956, 34.7356861, 0.0 ], [ 113.7198258, 34.7356362, 0.0 ], [ 113.7198956, 34.7356262, 0.0 ], [ 113.7199457, 34.7356162, 0.0 ], [ 113.7201458, 34.7355862, 0.0 ], [ 113.7202459, 34.7355862, 0.0 ], [ 113.7204662, 34.7355562, 0.0 ] ] ] } },
{ "type": "Feature", "properties": { "Name": "上街区", "AdminCode": "410106", "Kind": "0137", "CityAdCode": "410100", "CityName": "郑州市", "ProName": "河南省", "Shape_Leng": 0.18163451836, "Shape_Area": 0.00162062645, "sheng": 410000 }, "geometry": { "type": "Polygon", "coordinates": [ [ [ 113.3039797, 34.799484, 0.0 ], [ 113.3053877, 34.7995419, 0.0 ], [ 113.3060566, 34.799571, 0.0 ], [ 113.3080135, 34.7996581, 0.0 ], [ 113.3080531, 34.8003673, 0.0 ], [ 113.308123, 34.801456, 0.0 ], [ 113.3082526, 34.8023349, 0.0 ], [ 113.3082727, 34.8025946, 0.0 ], [ 113.3083127, 34.8030741, 0.0 ], [ 113.3083325, 34.8032438, 0.0 ], [ 113.3084624, 34.8032736, 0.0 ], [ 113.3086918, 34.8033232, 0.0 ], [ 113.3105389, 34.8036802, 0.0 ], [ 113.3107884, 34.8037298, 0.0 ], [ 113.3114774, 34.8038688, 0.0 ], [ 113.3118968, 34.803978, 0.0 ], [ 113.3124257, 34.8041372, 0.0 ], [ 113.3124959, 34.8041669, 0.0 ], [ 113.3126255, 34.8042167, 0.0 ], [ 113.312975, 34.8043561, 0.0 ], [ 113.3136137, 34.8047248, 0.0 ], [ 113.3137037, 34.8047746, 0.0 ], [ 113.3139733, 34.8049241, 0.0 ], [ 113.3156106, 34.8058607, 0.0 ], [ 113.3180266, 34.8072558, 0.0 ], [ 113.3181364, 34.8074355, 0.0 ], [ 113.3183261, 34.8073753, 0.0 ], [ 113.3184856, 34.8073151, 0.0 ], [ 113.3186555, 34.8072649, 0.0 ], [ 113.3188553, 34.8072447, 0.0 ], [ 113.3190648, 34.8072544, 0.0 ], [ 113.3193046, 34.807274, 0.0 ], [ 113.3195839, 34.8073935, 0.0 ], [ 113.3197438, 34.8074932, 0.0 ], [ 113.3198834, 34.8076029, 0.0 ], [ 113.3200033, 34.8077126, 0.0 ], [ 113.320093, 34.8078323, 0.0 ], [ 113.3201329, 34.8079422, 0.0 ], [ 113.3201531, 34.808052, 0.0 ], [ 113.3201729, 34.8081719, 0.0 ], [ 113.3201628, 34.8082618, 0.0 ], [ 113.3201329, 34.8084216, 0.0 ], [ 113.3200829, 34.8085316, 0.0 ], [ 113.3200231, 34.8086416, 0.0 ], [ 113.3199331, 34.8087715, 0.0 ], [ 113.3198834, 34.8088316, 0.0 ], [ 113.3198532, 34.8088715, 0.0 ], [ 113.3198233, 34.8089015, 0.0 ], [ 113.3196736, 34.8090116, 0.0 ], [ 113.3196336, 34.8090316, 0.0 ], [ 113.3194939, 34.8091017, 0.0 ], [ 113.3193442, 34.8091519, 0.0 ], [ 113.3191843, 34.8091821, 0.0 ], [ 113.3190245, 34.8092024, 0.0 ], [ 113.3188549, 34.8092125, 0.0 ], [ 113.3185554, 34.809203, 0.0 ], [ 113.3185554, 34.8096724, 0.0 ], [ 113.3185554, 34.8097623, 0.0 ], [ 113.3184553, 34.8101221, 0.0 ], [ 113.3182256, 34.8104721, 0.0 ], [ 113.3179164, 34.8107422, 0.0 ], [ 113.3172673, 34.8109928, 0.0 ], [ 113.3162687, 34.8112639, 0.0 ], [ 113.3163587, 34.8116333, 0.0 ], [ 113.3174466, 34.8150681, 0.0 ], [ 113.3176262, 34.8156172, 0.0 ], [ 113.3135122, 34.8195487, 0.0 ], [ 113.3134924, 34.8197485, 0.0 ], [ 113.3119746, 34.8212789, 0.0 ], [ 113.3107765, 34.8224493, 0.0 ], [ 113.30851, 34.8250996, 0.0 ], [ 113.3082004, 34.8254796, 0.0 ], [ 113.3070818, 34.8269595, 0.0 ], [ 113.3060436, 34.8281596, 0.0 ], [ 113.3053445, 34.8291295, 0.0 ], [ 113.3044358, 34.8297002, 0.0 ], [ 113.3036572, 34.8302806, 0.0 ], [ 113.3035574, 34.8302808, 0.0 ], [ 113.302629, 34.830332, 0.0 ], [ 113.2985336, 34.830226, 0.0 ], [ 113.2981135, 34.830216, 0.0 ], [ 113.296234, 34.8296368, 0.0 ], [ 113.2944246, 34.8291674, 0.0 ], [ 113.2941046, 34.8291176, 0.0 ], [ 113.2939645, 34.8291176, 0.0 ], [ 113.291635, 34.8287681, 0.0 ], [ 113.2896956, 34.8282388, 0.0 ], [ 113.2883057, 34.8284786, 0.0 ], [ 113.2873258, 34.829098, 0.0 ], [ 113.287136, 34.8293777, 0.0 ], [ 113.2870558, 34.8295076, 0.0 ], [ 113.2865557, 34.8302368, 0.0 ], [ 113.2861759, 34.8306264, 0.0 ], [ 113.2853062, 34.8314955, 0.0 ], [ 113.2827962, 34.8327443, 0.0 ], [ 113.2813768, 34.8333037, 0.0 ], [ 113.2807867, 34.8335435, 0.0 ], [ 113.2786872, 34.8339432, 0.0 ], [ 113.2773372, 34.834213, 0.0 ], [ 113.2772674, 34.8342629, 0.0 ], [ 113.2770676, 34.8342629, 0.0 ], [ 113.2767475, 34.8343429, 0.0 ], [ 113.274778, 34.8342132, 0.0 ], [ 113.2739381, 34.8340634, 0.0 ], [ 113.2706488, 34.8334943, 0.0 ], [ 113.2705289, 34.8334743, 0.0 ], [ 113.269689, 34.8332945, 0.0 ], [ 113.2679495, 34.8323458, 0.0 ], [ 113.2676996, 34.8321959, 0.0 ], [ 113.2664098, 34.8314868, 0.0 ], [ 113.2644204, 34.8303682, 0.0 ], [ 113.2640104, 34.8300886, 0.0 ], [ 113.2625808, 34.8299488, 0.0 ], [ 113.2611412, 34.8299289, 0.0 ], [ 113.2562718, 34.8304886, 0.0 ], [ 113.2556922, 34.8306386, 0.0 ], [ 113.2542324, 34.8305787, 0.0 ], [ 113.2522128, 34.8297698, 0.0 ], [ 113.2513132, 34.8284014, 0.0 ], [ 113.2512131, 34.8276023, 0.0 ], [ 113.2510435, 34.8260541, 0.0 ], [ 113.2509236, 34.8251751, 0.0 ], [ 113.2508437, 34.8245758, 0.0 ], [ 113.2511137, 34.8229677, 0.0 ], [ 113.2525537, 34.8212195, 0.0 ], [ 113.2527136, 34.8210197, 0.0 ], [ 113.2544635, 34.8192017, 0.0 ], [ 113.2560133, 34.8174535, 0.0 ], [ 113.2564334, 34.8167543, 0.0 ], [ 113.2564734, 34.8167144, 0.0 ], [ 113.2565933, 34.8166644, 0.0 ], [ 113.2567031, 34.8166245, 0.0 ], [ 113.2567834, 34.8165945, 0.0 ], [ 113.2577831, 34.8163347, 0.0 ], [ 113.2583231, 34.8161648, 0.0 ], [ 113.2590028, 34.815965, 0.0 ], [ 113.2594528, 34.8158351, 0.0 ], [ 113.2600925, 34.8156453, 0.0 ], [ 113.2603528, 34.8155554, 0.0 ], [ 113.2604125, 34.8155154, 0.0 ], [ 113.2604428, 34.8154754, 0.0 ], [ 113.2604428, 34.8154155, 0.0 ], [ 113.2604024, 34.8152656, 0.0 ], [ 113.2603826, 34.8151658, 0.0 ], [ 113.2603225, 34.8149361, 0.0 ], [ 113.2603225, 34.8148262, 0.0 ], [ 113.2628724, 34.8114498, 0.0 ], [ 113.2630524, 34.8110702, 0.0 ], [ 113.2631626, 34.8110402, 0.0 ], [ 113.2640726, 34.8078838, 0.0 ], [ 113.2654226, 34.8054064, 0.0 ], [ 113.2655825, 34.8051367, 0.0 ], [ 113.2658226, 34.8046872, 0.0 ], [ 113.2677324, 34.8030788, 0.0 ], [ 113.2678123, 34.8030089, 0.0 ], [ 113.2681223, 34.8027492, 0.0 ], [ 113.2683422, 34.8026193, 0.0 ], [ 113.2703719, 34.8014405, 0.0 ], [ 113.2717417, 34.8010308, 0.0 ], [ 113.2718616, 34.8010108, 0.0 ], [ 113.2727116, 34.800751, 0.0 ], [ 113.275251, 34.8003712, 0.0 ], [ 113.2753712, 34.8003512, 0.0 ], [ 113.2756909, 34.8003012, 0.0 ], [ 113.2785104, 34.8014696, 0.0 ], [ 113.2792502, 34.8012697, 0.0 ], [ 113.2796203, 34.8011599, 0.0 ], [ 113.2796902, 34.8011399, 0.0 ], [ 113.2816399, 34.8005703, 0.0 ], [ 113.2820597, 34.8004404, 0.0 ], [ 113.2822897, 34.8003705, 0.0 ], [ 113.2826497, 34.8002706, 0.0 ], [ 113.2828297, 34.8002605, 0.0 ], [ 113.2831393, 34.8009997, 0.0 ], [ 113.2832495, 34.8012494, 0.0 ], [ 113.283959, 34.8029175, 0.0 ], [ 113.284489, 34.8041061, 0.0 ], [ 113.2847788, 34.8047554, 0.0 ], [ 113.2852288, 34.8046154, 0.0 ], [ 113.2859387, 34.8043956, 0.0 ], [ 113.2859686, 34.8043856, 0.0 ], [ 113.2863386, 34.8042957, 0.0 ], [ 113.2865885, 34.8042257, 0.0 ], [ 113.2868185, 34.8041658, 0.0 ], [ 113.2874982, 34.8039959, 0.0 ], [ 113.289008, 34.8036062, 0.0 ], [ 113.2899178, 34.8033764, 0.0 ], [ 113.2904578, 34.8032464, 0.0 ], [ 113.2912678, 34.8030566, 0.0 ], [ 113.2915676, 34.8029667, 0.0 ], [ 113.2928874, 34.802547, 0.0 ], [ 113.2930872, 34.8024871, 0.0 ], [ 113.2938572, 34.8022872, 0.0 ], [ 113.2943872, 34.8021572, 0.0 ], [ 113.2949671, 34.8019574, 0.0 ], [ 113.2956371, 34.8017576, 0.0 ], [ 113.2968766, 34.8013779, 0.0 ], [ 113.2979864, 34.8010681, 0.0 ], [ 113.2992061, 34.8007184, 0.0 ], [ 113.300595, 34.8003078, 0.0 ], [ 113.3017434, 34.7999766, 0.0 ], [ 113.3025822, 34.7997357, 0.0 ], [ 113.3033609, 34.7995448, 0.0 ], [ 113.3039797, 34.799484, 0.0 ] ] ] } },
{ "type": "Feature", "properties": { "Name": "惠济区", "AdminCode": "410108", "Kind": "0137", "CityAdCode": "410100", "CityName": "郑州市", "ProName": "河南省", "Shape_Leng": 0.91159623862000005, "Shape_Area": 0.02265387476, "sheng": 410000 }, "geometry": { "type": "Polygon", "coordinates": [ [ [ 113.6172874, 34.7984262, 0.0 ], [ 113.618416, 34.7987043, 0.0 ], [ 113.6189254, 34.7989134, 0.0 ], [ 113.6216322, 34.7999287, 0.0 ], [ 113.6220516, 34.799998, 0.0 ], [ 113.622431, 34.8000474, 0.0 ], [ 113.6229408, 34.8000566, 0.0 ], [ 113.6236201, 34.7996961, 0.0 ], [ 113.6241796, 34.7992258, 0.0 ], [ 113.6249687, 34.798775, 0.0 ], [ 113.6256379, 34.7986243, 0.0 ], [ 113.6262474, 34.7987134, 0.0 ], [ 113.6267068, 34.7987926, 0.0 ], [ 113.6279952, 34.7990606, 0.0 ], [ 113.6281054, 34.7990904, 0.0 ], [ 113.6284848, 34.7991698, 0.0 ], [ 113.6295936, 34.7995479, 0.0 ], [ 113.6309119, 34.7998857, 0.0 ], [ 113.6314411, 34.8002146, 0.0 ], [ 113.6312413, 34.8004845, 0.0 ], [ 113.6308817, 34.8010044, 0.0 ], [ 113.6301923, 34.8019842, 0.0 ], [ 113.6298028, 34.8025241, 0.0 ], [ 113.6297228, 34.8026341, 0.0 ], [ 113.629423, 34.803054, 0.0 ], [ 113.6291335, 34.803464, 0.0 ], [ 113.628614, 34.8042037, 0.0 ], [ 113.6285039, 34.8043637, 0.0 ], [ 113.6276946, 34.8055434, 0.0 ], [ 113.6271251, 34.8063532, 0.0 ], [ 113.6268155, 34.8067931, 0.0 ], [ 113.6266556, 34.8070331, 0.0 ], [ 113.6264958, 34.807273, 0.0 ], [ 113.6265458, 34.8074228, 0.0 ], [ 113.6265556, 34.8074428, 0.0 ], [ 113.6265656, 34.8075227, 0.0 ], [ 113.6266855, 34.8082915, 0.0 ], [ 113.6267154, 34.8085612, 0.0 ], [ 113.6268151, 34.8094499, 0.0 ], [ 113.626845, 34.8097595, 0.0 ], [ 113.6269051, 34.8102189, 0.0 ], [ 113.626975, 34.810908, 0.0 ], [ 113.6270246, 34.8113174, 0.0 ], [ 113.6270545, 34.8115571, 0.0 ], [ 113.6270945, 34.8118767, 0.0 ], [ 113.6269746, 34.8119168, 0.0 ], [ 113.6260559, 34.812048, 0.0 ], [ 113.6253564, 34.8120489, 0.0 ], [ 113.6250468, 34.8120493, 0.0 ], [ 113.6242577, 34.8121803, 0.0 ], [ 113.623888, 34.8122407, 0.0 ], [ 113.6226096, 34.8127818, 0.0 ], [ 113.6217701, 34.8139916, 0.0 ], [ 113.6217301, 34.8140515, 0.0 ], [ 113.6215904, 34.8142815, 0.0 ], [ 113.6214806, 34.8144614, 0.0 ], [ 113.6214605, 34.8144815, 0.0 ], [ 113.6214104, 34.8145714, 0.0 ], [ 113.6213906, 34.8146213, 0.0 ], [ 113.6213305, 34.8147313, 0.0 ], [ 113.6210508, 34.8152511, 0.0 ], [ 113.6209709, 34.815411, 0.0 ], [ 113.6209309, 34.815491, 0.0 ], [ 113.6206811, 34.8160207, 0.0 ], [ 113.6204813, 34.8164504, 0.0 ], [ 113.6203816, 34.8166703, 0.0 ], [ 113.6202217, 34.8170301, 0.0 ], [ 113.6200518, 34.8173999, 0.0 ], [ 113.619902, 34.8177298, 0.0 ], [ 113.620671, 34.8181681, 0.0 ], [ 113.6215199, 34.8184666, 0.0 ], [ 113.6223389, 34.818765, 0.0 ], [ 113.6225189, 34.8189046, 0.0 ], [ 113.6229282, 34.8195833, 0.0 ], [ 113.6228983, 34.8204523, 0.0 ], [ 113.6228782, 34.8205921, 0.0 ], [ 113.6227284, 34.8211217, 0.0 ], [ 113.6225286, 34.8217812, 0.0 ], [ 113.6221088, 34.8225809, 0.0 ], [ 113.6222287, 34.8234396, 0.0 ], [ 113.6225581, 34.8236689, 0.0 ], [ 113.6231773, 34.8244471, 0.0 ], [ 113.6239265, 34.8258943, 0.0 ], [ 113.6240064, 34.826064, 0.0 ], [ 113.624915, 34.8271314, 0.0 ], [ 113.6267327, 34.8289767, 0.0 ], [ 113.6275218, 34.8312329, 0.0 ], [ 113.6276813, 34.8319318, 0.0 ], [ 113.6278012, 34.8325509, 0.0 ], [ 113.627831, 34.8326608, 0.0 ], [ 113.6276712, 34.8340792, 0.0 ], [ 113.6265023, 34.8343206, 0.0 ], [ 113.6262226, 34.8344009, 0.0 ], [ 113.6256235, 34.8346015, 0.0 ], [ 113.6251638, 34.834742, 0.0 ], [ 113.6242649, 34.8350229, 0.0 ], [ 113.6240752, 34.8352928, 0.0 ], [ 113.6237652, 34.8357427, 0.0 ], [ 113.6236853, 34.8358627, 0.0 ], [ 113.6238052, 34.8362221, 0.0 ], [ 113.6238851, 34.8363618, 0.0 ], [ 113.6241248, 34.836761, 0.0 ], [ 113.6243246, 34.8369705, 0.0 ], [ 113.6244445, 34.8370103, 0.0 ], [ 113.6245342, 34.8370501, 0.0 ], [ 113.6247242, 34.8371297, 0.0 ], [ 113.6247541, 34.8373394, 0.0 ], [ 113.624734, 34.8375692, 0.0 ], [ 113.6244344, 34.8376994, 0.0 ], [ 113.6244244, 34.8377394, 0.0 ], [ 113.6242544, 34.8383589, 0.0 ], [ 113.6247538, 34.8399862, 0.0 ], [ 113.6264814, 34.8435096, 0.0 ], [ 113.6269606, 34.8439085, 0.0 ], [ 113.6281291, 34.8448956, 0.0 ], [ 113.6285485, 34.8461636, 0.0 ], [ 113.6286482, 34.8464631, 0.0 ], [ 113.6287282, 34.8467026, 0.0 ], [ 113.6289679, 34.8484002, 0.0 ], [ 113.6299964, 34.8500269, 0.0 ], [ 113.6322637, 34.8511124, 0.0 ], [ 113.6347405, 34.8523375, 0.0 ], [ 113.6347607, 34.8524673, 0.0 ], [ 113.6352596, 34.8558026, 0.0 ], [ 113.6355692, 34.8569008, 0.0 ], [ 113.6372371, 34.8573679, 0.0 ], [ 113.6383157, 34.8573565, 0.0 ], [ 113.6412623, 34.8573224, 0.0 ], [ 113.6417918, 34.8571518, 0.0 ], [ 113.6420316, 34.8565622, 0.0 ], [ 113.6421716, 34.8562324, 0.0 ], [ 113.6422915, 34.8559426, 0.0 ], [ 113.6424712, 34.8555128, 0.0 ], [ 113.6425813, 34.855253, 0.0 ], [ 113.642681, 34.8549932, 0.0 ], [ 113.6434104, 34.8531144, 0.0 ], [ 113.6437204, 34.8524049, 0.0 ], [ 113.6438201, 34.852165, 0.0 ], [ 113.6441099, 34.8521446, 0.0 ], [ 113.6471166, 34.8513313, 0.0 ], [ 113.6517113, 34.8516346, 0.0 ], [ 113.6540383, 34.8518611, 0.0 ], [ 113.6559964, 34.8520381, 0.0 ], [ 113.6572945, 34.852286, 0.0 ], [ 113.657764, 34.8523753, 0.0 ], [ 113.6594221, 34.8526925, 0.0 ], [ 113.6602912, 34.8526913, 0.0 ], [ 113.6608207, 34.8527006, 0.0 ], [ 113.6609903, 34.8527103, 0.0 ], [ 113.6612502, 34.85272, 0.0 ], [ 113.6616595, 34.8527893, 0.0 ], [ 113.6619392, 34.8528688, 0.0 ], [ 113.662089, 34.8528985, 0.0 ], [ 113.6630279, 34.8533567, 0.0 ], [ 113.6631377, 34.8534165, 0.0 ], [ 113.6632378, 34.8534962, 0.0 ], [ 113.6635873, 34.8536755, 0.0 ], [ 113.664676, 34.8541934, 0.0 ], [ 113.6650154, 34.8543827, 0.0 ], [ 113.6658244, 34.8547711, 0.0 ], [ 113.666963, 34.8553288, 0.0 ], [ 113.6691504, 34.8564145, 0.0 ], [ 113.6706984, 34.8571614, 0.0 ], [ 113.6711876, 34.8574404, 0.0 ], [ 113.6726759, 34.8575782, 0.0 ], [ 113.6739046, 34.8576663, 0.0 ], [ 113.6740244, 34.8576762, 0.0 ], [ 113.6747038, 34.8577351, 0.0 ], [ 113.6767813, 34.8576723, 0.0 ], [ 113.6792682, 34.8579585, 0.0 ], [ 113.6809465, 34.857996, 0.0 ], [ 113.6834935, 34.8586517, 0.0 ], [ 113.6858904, 34.8592077, 0.0 ], [ 113.6859804, 34.8592576, 0.0 ], [ 113.6861701, 34.8593371, 0.0 ], [ 113.6863001, 34.8593969, 0.0 ], [ 113.6879978, 34.8602035, 0.0 ], [ 113.6895458, 34.8610703, 0.0 ], [ 113.6913138, 34.8618669, 0.0 ], [ 113.697396, 34.8648648, 0.0 ], [ 113.6979054, 34.8651139, 0.0 ], [ 113.700343, 34.8663495, 0.0 ], [ 113.7032446, 34.8678876, 0.0 ], [ 113.7061462, 34.8694755, 0.0 ], [ 113.7078472, 34.8702246, 0.0 ], [ 113.7083677, 34.8704443, 0.0 ], [ 113.7090982, 34.8705841, 0.0 ], [ 113.7102188, 34.8704343, 0.0 ], [ 113.7143117, 34.8700945, 0.0 ], [ 113.7193452, 34.8696349, 0.0 ], [ 113.7238682, 34.8691354, 0.0 ], [ 113.7256693, 34.8689256, 0.0 ], [ 113.7259998, 34.8688957, 0.0 ], [ 113.7292618, 34.8686358, 0.0 ], [ 113.7309631, 34.868446, 0.0 ], [ 113.7327444, 34.8683261, 0.0 ], [ 113.733625, 34.8682261, 0.0 ], [ 113.7357763, 34.8680363, 0.0 ], [ 113.7380278, 34.8678864, 0.0 ], [ 113.739399, 34.8675467, 0.0 ], [ 113.7422308, 34.8671471, 0.0 ], [ 113.7435116, 34.867187, 0.0 ], [ 113.7438518, 34.867207, 0.0 ], [ 113.7443522, 34.867247, 0.0 ], [ 113.7457433, 34.8669972, 0.0 ], [ 113.7511768, 34.8665575, 0.0 ], [ 113.7523277, 34.8664675, 0.0 ], [ 113.7544492, 34.8660679, 0.0 ], [ 113.7549596, 34.8658781, 0.0 ], [ 113.7550295, 34.8657084, 0.0 ], [ 113.7551098, 34.8653887, 0.0 ], [ 113.7552397, 34.8652389, 0.0 ], [ 113.7578918, 34.8634708, 0.0 ], [ 113.7604136, 34.861453, 0.0 ], [ 113.760954, 34.8611933, 0.0 ], [ 113.7613244, 34.8610534, 0.0 ], [ 113.7619048, 34.860574, 0.0 ], [ 113.7626755, 34.8598747, 0.0 ], [ 113.7636061, 34.8592354, 0.0 ], [ 113.7638664, 34.8590456, 0.0 ], [ 113.7641666, 34.8587759, 0.0 ], [ 113.7667482, 34.8602741, 0.0 ], [ 113.7669383, 34.860374, 0.0 ], [ 113.7673084, 34.8605937, 0.0 ], [ 113.7674884, 34.8606936, 0.0 ], [ 113.7675586, 34.8607336, 0.0 ], [ 113.7705703, 34.8609132, 0.0 ], [ 113.7712709, 34.8604538, 0.0 ], [ 113.7720215, 34.8598843, 0.0 ], [ 113.7743939, 34.8550297, 0.0 ], [ 113.7757151, 34.851983, 0.0 ], [ 113.776636, 34.8504048, 0.0 ], [ 113.7780868, 34.8502649, 0.0 ], [ 113.7787366, 34.8550795, 0.0 ], [ 113.7801373, 34.8569074, 0.0 ], [ 113.7836592, 34.8605831, 0.0 ], [ 113.7845995, 34.8614321, 0.0 ], [ 113.7847496, 34.8615819, 0.0 ], [ 113.7877916, 34.8627905, 0.0 ], [ 113.790163, 34.8643187, 0.0 ], [ 113.7902429, 34.8675451, 0.0 ], [ 113.7902224, 34.8697526, 0.0 ], [ 113.7902022, 34.8724597, 0.0 ], [ 113.7903221, 34.8751867, 0.0 ], [ 113.7904319, 34.8776339, 0.0 ], [ 113.7907717, 34.8795718, 0.0 ], [ 113.7912217, 34.8821189, 0.0 ], [ 113.7906814, 34.8824086, 0.0 ], [ 113.7895906, 34.883018, 0.0 ], [ 113.787639, 34.8850957, 0.0 ], [ 113.7867282, 34.8858949, 0.0 ], [ 113.786338, 34.8864242, 0.0 ], [ 113.7844364, 34.8898105, 0.0 ], [ 113.7822944, 34.8928171, 0.0 ], [ 113.7799325, 34.8960236, 0.0 ], [ 113.7773603, 34.8995996, 0.0 ], [ 113.7734669, 34.9039544, 0.0 ], [ 113.7706445, 34.906791, 0.0 ], [ 113.767582, 34.9090882, 0.0 ], [ 113.764059, 34.9112057, 0.0 ], [ 113.760076, 34.9131434, 0.0 ], [ 113.7560828, 34.9147215, 0.0 ], [ 113.75208, 34.91592, 0.0 ], [ 113.7500485, 34.9162896, 0.0 ], [ 113.7493681, 34.9164094, 0.0 ], [ 113.7492079, 34.9164394, 0.0 ], [ 113.747737, 34.9167091, 0.0 ], [ 113.7473867, 34.916769, 0.0 ], [ 113.7438443, 34.9171386, 0.0 ], [ 113.7429137, 34.9172384, 0.0 ], [ 113.7377401, 34.9173583, 0.0 ], [ 113.7336973, 34.9174482, 0.0 ], [ 113.7273829, 34.9168389, 0.0 ], [ 113.7234406, 34.9166892, 0.0 ], [ 113.721079, 34.9165993, 0.0 ], [ 113.7158752, 34.91597, 0.0 ], [ 113.7093008, 34.9146316, 0.0 ], [ 113.7043278, 34.9139924, 0.0 ], [ 113.701846, 34.9134331, 0.0 ], [ 113.699795, 34.9129738, 0.0 ], [ 113.6959297, 34.9117707, 0.0 ], [ 113.6923142, 34.9109168, 0.0 ], [ 113.6882192, 34.9095343, 0.0 ], [ 113.6836847, 34.9085119, 0.0 ], [ 113.6805088, 34.9074775, 0.0 ], [ 113.6775622, 34.9067925, 0.0 ], [ 113.6750854, 34.9066661, 0.0 ], [ 113.6730676, 34.9068986, 0.0 ], [ 113.6727979, 34.9070988, 0.0 ], [ 113.6720088, 34.9071199, 0.0 ], [ 113.6712996, 34.9076703, 0.0 ], [ 113.6688725, 34.9092019, 0.0 ], [ 113.6671243, 34.9109123, 0.0 ], [ 113.6669245, 34.9111024, 0.0 ], [ 113.6668248, 34.9112024, 0.0 ], [ 113.6649467, 34.912993, 0.0 ], [ 113.6632086, 34.9146934, 0.0 ], [ 113.6615206, 34.9166435, 0.0 ], [ 113.6612509, 34.9169536, 0.0 ], [ 113.6607214, 34.9175936, 0.0 ], [ 113.6595226, 34.9190337, 0.0 ], [ 113.6575649, 34.921104, 0.0 ], [ 113.6549279, 34.9230155, 0.0 ], [ 113.6520709, 34.9249274, 0.0 ], [ 113.6485152, 34.9263009, 0.0 ], [ 113.6456284, 34.9274737, 0.0 ], [ 113.6425421, 34.9292061, 0.0 ], [ 113.6400948, 34.9299986, 0.0 ], [ 113.6362892, 34.9306334, 0.0 ], [ 113.6317946, 34.9307297, 0.0 ], [ 113.6288383, 34.9295053, 0.0 ], [ 113.6258921, 34.9286405, 0.0 ], [ 113.624973, 34.9286218, 0.0 ], [ 113.6218468, 34.9285464, 0.0 ], [ 113.6189102, 34.9292897, 0.0 ], [ 113.6178317, 34.929561, 0.0 ], [ 113.613836, 34.9311349, 0.0 ], [ 113.6098508, 34.9328887, 0.0 ], [ 113.6063149, 34.9346318, 0.0 ], [ 113.6041272, 34.9363431, 0.0 ], [ 113.6023592, 34.9373146, 0.0 ], [ 113.6008012, 34.9377163, 0.0 ], [ 113.598779, 34.9377654, 0.0 ], [ 113.5969646, 34.9376123, 0.0 ], [ 113.5949195, 34.9367296, 0.0 ], [ 113.5926335, 34.9358465, 0.0 ], [ 113.5911298, 34.9350247, 0.0 ], [ 113.5890846, 34.9350709, 0.0 ], [ 113.585656, 34.9338362, 0.0 ], [ 113.5842624, 34.9337437, 0.0 ], [ 113.5825679, 34.9342901, 0.0 ], [ 113.5796706, 34.9352738, 0.0 ], [ 113.5776953, 34.9363391, 0.0 ], [ 113.5763716, 34.9390138, 0.0 ], [ 113.5752786, 34.9416289, 0.0 ], [ 113.5717092, 34.9449788, 0.0 ], [ 113.5680397, 34.9482985, 0.0 ], [ 113.563408, 34.9506076, 0.0 ], [ 113.5591668, 34.9544958, 0.0 ], [ 113.5575324, 34.9557515, 0.0 ], [ 113.5561792, 34.9570076, 0.0 ], [ 113.5521886, 34.962864, 0.0 ], [ 113.5497722, 34.9645778, 0.0 ], [ 113.5469052, 34.9663108, 0.0 ], [ 113.5435867, 34.9678631, 0.0 ], [ 113.5400177, 34.9688656, 0.0 ], [ 113.5362078, 34.9693182, 0.0 ], [ 113.5328494, 34.9693921, 0.0 ], [ 113.5299218, 34.969267, 0.0 ], [ 113.5269947, 34.9691518, 0.0 ], [ 113.5236161, 34.968856, 0.0 ], [ 113.5215911, 34.9687126, 0.0 ], [ 113.5172599, 34.9687048, 0.0 ], [ 113.5163477, 34.9676244, 0.0 ], [ 113.5155658, 34.9669437, 0.0 ], [ 113.514543, 34.9660228, 0.0 ], [ 113.5131296, 34.9649815, 0.0 ], [ 113.5110344, 34.9635193, 0.0 ], [ 113.5091293, 34.9618178, 0.0 ], [ 113.5088186, 34.9611579, 0.0 ], [ 113.5083575, 34.9601682, 0.0 ], [ 113.5075957, 34.9587284, 0.0 ], [ 113.5066734, 34.9578377, 0.0 ], [ 113.506142, 34.957657, 0.0 ], [ 113.5031645, 34.9557637, 0.0 ], [ 113.5031044, 34.9556137, 0.0 ], [ 113.5025129, 34.9540744, 0.0 ], [ 113.5016806, 34.9519452, 0.0 ], [ 113.5006279, 34.9504949, 0.0 ], [ 113.4999965, 34.9491852, 0.0 ], [ 113.4999965, 34.9491153, 0.0 ], [ 113.4999763, 34.948476, 0.0 ], [ 113.5003572, 34.9459994, 0.0 ], [ 113.4999965, 34.9458689, 0.0 ], [ 113.4977908, 34.9450858, 0.0 ], [ 113.4958363, 34.9431444, 0.0 ], [ 113.4954954, 34.9412059, 0.0 ], [ 113.4966683, 34.9374322, 0.0 ], [ 113.496939, 34.9339365, 0.0 ], [ 113.4965279, 34.9303896, 0.0 ], [ 113.4964879, 34.93003, 0.0 ], [ 113.4961769, 34.9273624, 0.0 ], [ 113.4958262, 34.9253639, 0.0 ], [ 113.4953449, 34.9231255, 0.0 ], [ 113.4954752, 34.9208383, 0.0 ], [ 113.4955354, 34.9191802, 0.0 ], [ 113.4959566, 34.9175227, 0.0 ], [ 113.4959767, 34.9174928, 0.0 ], [ 113.4964678, 34.9166646, 0.0 ], [ 113.4969689, 34.9158464, 0.0 ], [ 113.4972698, 34.9153475, 0.0 ], [ 113.4981518, 34.9120527, 0.0 ], [ 113.4990842, 34.910546, 0.0 ], [ 113.4999965, 34.9094389, 0.0 ], [ 113.5006078, 34.9087008, 0.0 ], [ 113.5008684, 34.9082418, 0.0 ], [ 113.5009588, 34.9080821, 0.0 ], [ 113.5021921, 34.9059567, 0.0 ], [ 113.5025428, 34.9047386, 0.0 ], [ 113.502613, 34.904479, 0.0 ], [ 113.5033751, 34.9024626, 0.0 ], [ 113.5030943, 34.9006941, 0.0 ], [ 113.5021223, 34.8982352, 0.0 ], [ 113.5011402, 34.896925, 0.0 ], [ 113.4999976, 34.8953848, 0.0 ], [ 113.4998273, 34.8951548, 0.0 ], [ 113.4980838, 34.8928144, 0.0 ], [ 113.4948269, 34.8900719, 0.0 ], [ 113.4936644, 34.8892507, 0.0 ], [ 113.4934337, 34.8891005, 0.0 ], [ 113.4921812, 34.8877897, 0.0 ], [ 113.4916301, 34.8863604, 0.0 ], [ 113.492052, 34.884064, 0.0 ], [ 113.4921625, 34.8833849, 0.0 ], [ 113.4921823, 34.8832851, 0.0 ], [ 113.4923231, 34.8824664, 0.0 ], [ 113.4919732, 34.8794393, 0.0 ], [ 113.4914825, 34.8775507, 0.0 ], [ 113.4910019, 34.8760715, 0.0 ], [ 113.4914137, 34.8731458, 0.0 ], [ 113.4934294, 34.870223, 0.0 ], [ 113.4936698, 34.8700636, 0.0 ], [ 113.4959159, 34.8685695, 0.0 ], [ 113.497861, 34.8676541, 0.0 ], [ 113.4991141, 34.8663281, 0.0 ], [ 113.4999965, 34.8655905, 0.0 ], [ 113.5005682, 34.8651221, 0.0 ], [ 113.5013303, 34.8642845, 0.0 ], [ 113.5018217, 34.863756, 0.0 ], [ 113.502865, 34.8618002, 0.0 ], [ 113.5034071, 34.8593441, 0.0 ], [ 113.5033175, 34.857716, 0.0 ], [ 113.5035781, 34.8577064, 0.0 ], [ 113.5039489, 34.8578069, 0.0 ], [ 113.5046606, 34.857968, 0.0 ], [ 113.5050314, 34.8578689, 0.0 ], [ 113.5052723, 34.8576595, 0.0 ], [ 113.5056636, 34.8567713, 0.0 ], [ 113.505844, 34.856402, 0.0 ], [ 113.5060546, 34.8561627, 0.0 ], [ 113.5061651, 34.8559033, 0.0 ], [ 113.5064156, 34.8557639, 0.0 ], [ 113.5067666, 34.8555847, 0.0 ], [ 113.5070975, 34.8554454, 0.0 ], [ 113.5073581, 34.855426, 0.0 ], [ 113.5076789, 34.8554865, 0.0 ], [ 113.50804, 34.855557, 0.0 ], [ 113.5084507, 34.8556177, 0.0 ], [ 113.5087016, 34.8555482, 0.0 ], [ 113.5090123, 34.855359, 0.0 ], [ 113.5093932, 34.8552698, 0.0 ], [ 113.509624, 34.8553501, 0.0 ], [ 113.5098245, 34.8554204, 0.0 ], [ 113.5103756, 34.8553715, 0.0 ], [ 113.5112378, 34.8551233, 0.0 ], [ 113.5119899, 34.8546652, 0.0 ], [ 113.5128722, 34.8539676, 0.0 ], [ 113.5132232, 34.8534489, 0.0 ], [ 113.5146269, 34.852942, 0.0 ], [ 113.5151384, 34.8529429, 0.0 ], [ 113.5156997, 34.8531137, 0.0 ], [ 113.5161907, 34.8535241, 0.0 ], [ 113.5164413, 34.8542137, 0.0 ], [ 113.5173229, 34.8563128, 0.0 ], [ 113.5176638, 34.8565432, 0.0 ], [ 113.5188266, 34.8570147, 0.0 ], [ 113.5193378, 34.8570655, 0.0 ], [ 113.5200294, 34.8571467, 0.0 ], [ 113.5205208, 34.8573273, 0.0 ], [ 113.5205906, 34.8576371, 0.0 ], [ 113.5207912, 34.8579371, 0.0 ], [ 113.5218539, 34.8581388, 0.0 ], [ 113.5248912, 34.8584139, 0.0 ], [ 113.5252724, 34.8584545, 0.0 ], [ 113.5277687, 34.858469, 0.0 ], [ 113.5308366, 34.8579951, 0.0 ], [ 113.5335834, 34.8576305, 0.0 ], [ 113.537363, 34.857787, 0.0 ], [ 113.5405004, 34.8584918, 0.0 ], [ 113.5426561, 34.8587854, 0.0 ], [ 113.5468966, 34.8587231, 0.0 ], [ 113.5477688, 34.8585948, 0.0 ], [ 113.5481098, 34.8583756, 0.0 ], [ 113.5478095, 34.8561078, 0.0 ], [ 113.5479503, 34.8540906, 0.0 ], [ 113.5488226, 34.8533231, 0.0 ], [ 113.548973, 34.8532534, 0.0 ], [ 113.5492736, 34.853164, 0.0 ], [ 113.5496747, 34.8530748, 0.0 ], [ 113.5497949, 34.8530751, 0.0 ], [ 113.5503565, 34.8530961, 0.0 ], [ 113.5517098, 34.8532783, 0.0 ], [ 113.5533337, 34.8537706, 0.0 ], [ 113.5547672, 34.8545922, 0.0 ], [ 113.5560902, 34.8556933, 0.0 ], [ 113.5561205, 34.8557432, 0.0 ], [ 113.5562306, 34.8560231, 0.0 ], [ 113.5568718, 34.8577023, 0.0 ], [ 113.5585861, 34.8587941, 0.0 ], [ 113.5587362, 34.8588343, 0.0 ], [ 113.5616836, 34.8595987, 0.0 ], [ 113.5645207, 34.8596237, 0.0 ], [ 113.5648919, 34.8596144, 0.0 ], [ 113.5653026, 34.8596051, 0.0 ], [ 113.5657541, 34.859596, 0.0 ], [ 113.566225, 34.8595968, 0.0 ], [ 113.5684609, 34.8582824, 0.0 ], [ 113.5705064, 34.8560688, 0.0 ], [ 113.5707372, 34.8556496, 0.0 ], [ 113.572161, 34.8529654, 0.0 ], [ 113.5734145, 34.8511598, 0.0 ], [ 113.5765825, 34.8505563, 0.0 ], [ 113.5806127, 34.8492051, 0.0 ], [ 113.5809936, 34.8491259, 0.0 ], [ 113.5854752, 34.8465271, 0.0 ], [ 113.5880824, 34.8424866, 0.0 ], [ 113.5904587, 34.8387953, 0.0 ], [ 113.5913407, 34.8379679, 0.0 ], [ 113.5915816, 34.8377386, 0.0 ], [ 113.5936066, 34.8358245, 0.0 ], [ 113.5950905, 34.8344289, 0.0 ], [ 113.5963339, 34.8325634, 0.0 ], [ 113.5963238, 34.8315945, 0.0 ], [ 113.5963141, 34.8302261, 0.0 ], [ 113.5963242, 34.8285381, 0.0 ], [ 113.5965352, 34.8231849, 0.0 ], [ 113.5966457, 34.8210177, 0.0 ], [ 113.5964754, 34.820578, 0.0 ], [ 113.5959642, 34.8200477, 0.0 ], [ 113.5959844, 34.8195083, 0.0 ], [ 113.5961046, 34.8189093, 0.0 ], [ 113.5964556, 34.818061, 0.0 ], [ 113.596245, 34.8176711, 0.0 ], [ 113.5950224, 34.81668, 0.0 ], [ 113.5950023, 34.8162206, 0.0 ], [ 113.5950926, 34.8156814, 0.0 ], [ 113.595273, 34.8152323, 0.0 ], [ 113.595183, 34.8149623, 0.0 ], [ 113.5949926, 34.8146024, 0.0 ], [ 113.5947218, 34.8144022, 0.0 ], [ 113.5942506, 34.8141816, 0.0 ], [ 113.5941703, 34.8141415, 0.0 ], [ 113.5939702, 34.8140113, 0.0 ], [ 113.5936595, 34.8135613, 0.0 ], [ 113.593459, 34.8133413, 0.0 ], [ 113.5931681, 34.8131509, 0.0 ], [ 113.5930979, 34.8130409, 0.0 ], [ 113.5930378, 34.8127611, 0.0 ], [ 113.5930079, 34.8125813, 0.0 ], [ 113.5929377, 34.8125213, 0.0 ], [ 113.5920157, 34.8103422, 0.0 ], [ 113.5919556, 34.809683, 0.0 ], [ 113.5920157, 34.8090538, 0.0 ], [ 113.5926475, 34.8085056, 0.0 ], [ 113.5930684, 34.8085263, 0.0 ], [ 113.5933992, 34.8082573, 0.0 ], [ 113.5934996, 34.8077381, 0.0 ], [ 113.5934093, 34.8072185, 0.0 ], [ 113.5933895, 34.8070886, 0.0 ], [ 113.5933895, 34.8070287, 0.0 ], [ 113.5933895, 34.8069088, 0.0 ], [ 113.5934194, 34.806779, 0.0 ], [ 113.5934496, 34.8066792, 0.0 ], [ 113.5934798, 34.8065794, 0.0 ], [ 113.5935299, 34.8064596, 0.0 ], [ 113.5935799, 34.8063498, 0.0 ], [ 113.5939709, 34.8061308, 0.0 ], [ 113.5942114, 34.8061112, 0.0 ], [ 113.5947928, 34.8060524, 0.0 ], [ 113.5949634, 34.8059328, 0.0 ], [ 113.595264, 34.8056337, 0.0 ], [ 113.5953745, 34.8050147, 0.0 ], [ 113.5956953, 34.8049354, 0.0 ], [ 113.5960358, 34.8048661, 0.0 ], [ 113.5962565, 34.8046966, 0.0 ], [ 113.5964272, 34.8042974, 0.0 ], [ 113.5965672, 34.8042876, 0.0 ], [ 113.5966676, 34.8042778, 0.0 ], [ 113.5967879, 34.8042581, 0.0 ], [ 113.5968379, 34.8042582, 0.0 ], [ 113.5976198, 34.8043595, 0.0 ], [ 113.5977804, 34.8043897, 0.0 ], [ 113.5982916, 34.8044505, 0.0 ], [ 113.5992136, 34.804602, 0.0 ], [ 113.5997849, 34.8046929, 0.0 ], [ 113.6008246, 34.8047719, 0.0 ], [ 113.6009542, 34.8047917, 0.0 ], [ 113.6010042, 34.8048216, 0.0 ], [ 113.6010643, 34.8048515, 0.0 ], [ 113.602243, 34.8047699, 0.0 ], [ 113.6037013, 34.8040588, 0.0 ], [ 113.6043907, 34.8027893, 0.0 ], [ 113.6057292, 34.803167, 0.0 ], [ 113.6060687, 34.8032564, 0.0 ], [ 113.6070778, 34.8036446, 0.0 ], [ 113.6089854, 34.804361, 0.0 ], [ 113.6100643, 34.8045792, 0.0 ], [ 113.6111231, 34.8047176, 0.0 ], [ 113.6114226, 34.8047671, 0.0 ], [ 113.6115025, 34.8047471, 0.0 ], [ 113.6115727, 34.8047269, 0.0 ], [ 113.6117624, 34.8046568, 0.0 ], [ 113.6118622, 34.8046866, 0.0 ], [ 113.6120422, 34.8046763, 0.0 ], [ 113.6120922, 34.8046862, 0.0 ], [ 113.6121419, 34.8046862, 0.0 ], [ 113.6121818, 34.8046961, 0.0 ], [ 113.6122218, 34.8046961, 0.0 ], [ 113.6127312, 34.8045556, 0.0 ], [ 113.6131808, 34.8041654, 0.0 ], [ 113.6135308, 34.8035357, 0.0 ], [ 113.6137802, 34.8031058, 0.0 ], [ 113.6148692, 34.801656, 0.0 ], [ 113.6154089, 34.8007464, 0.0 ], [ 113.616508, 34.7988968, 0.0 ], [ 113.616778, 34.7985967, 0.0 ], [ 113.6171873, 34.7984563, 0.0 ], [ 113.6172874, 34.7984262, 0.0 ] ] ] } },
{ "type": "Feature", "properties": { "Name": "中牟县", "AdminCode": "410122", "Kind": "0137", "CityAdCode": "410100", "CityName": "郑州市", "ProName": "河南省", "Shape_Leng": 1.9059915387499999, "Shape_Area": 0.13993241556, "sheng": 410000 }, "geometry": { "type": "Polygon", "coordinates": [ [ [ 113.9810454, 34.4364688, 0.0 ], [ 113.9825628, 34.4366257, 0.0 ], [ 113.9834218, 34.4366739, 0.0 ], [ 113.9835812, 34.4368035, 0.0 ], [ 113.9844301, 34.4369517, 0.0 ], [ 113.9858978, 34.4372786, 0.0 ], [ 113.9872957, 34.4381253, 0.0 ], [ 113.9891728, 34.439091, 0.0 ], [ 113.9897516, 34.4392398, 0.0 ], [ 113.9905703, 34.439458, 0.0 ], [ 113.9918785, 34.4397452, 0.0 ], [ 113.9933362, 34.4399022, 0.0 ], [ 113.9940551, 34.4398908, 0.0 ], [ 113.9948539, 34.4398892, 0.0 ], [ 113.9966611, 34.4396456, 0.0 ], [ 113.9969905, 34.4397149, 0.0 ], [ 114.0000156, 34.4403285, 0.0 ], [ 114.0005948, 34.4404474, 0.0 ], [ 114.0025723, 34.4420332, 0.0 ], [ 114.0049289, 34.4439282, 0.0 ], [ 114.0072757, 34.4469026, 0.0 ], [ 114.0085836, 34.4498788, 0.0 ], [ 114.0093328, 34.4532658, 0.0 ], [ 114.0092928, 34.4534257, 0.0 ], [ 114.0096125, 34.4550843, 0.0 ], [ 114.0101514, 34.4586416, 0.0 ], [ 114.0103512, 34.4620194, 0.0 ], [ 114.0102814, 34.4638986, 0.0 ], [ 114.0091628, 34.4668691, 0.0 ], [ 114.0079147, 34.4685904, 0.0 ], [ 114.0051384, 34.4709241, 0.0 ], [ 114.0047892, 34.4712146, 0.0 ], [ 114.0039803, 34.4717058, 0.0 ], [ 114.0021328, 34.4747975, 0.0 ], [ 114.001983, 34.4766469, 0.0 ], [ 114.0018433, 34.4783562, 0.0 ], [ 114.0018034, 34.478916, 0.0 ], [ 114.002622, 34.480004, 0.0 ], [ 114.0036307, 34.4813316, 0.0 ], [ 114.0052385, 34.4821883, 0.0 ], [ 114.0066965, 34.483625, 0.0 ], [ 114.0097421, 34.4857385, 0.0 ], [ 114.0117394, 34.4867344, 0.0 ], [ 114.0135368, 34.4878206, 0.0 ], [ 114.0166426, 34.4897241, 0.0 ], [ 114.0188494, 34.4921889, 0.0 ], [ 114.0211962, 34.4952331, 0.0 ], [ 114.0224443, 34.49689, 0.0 ], [ 114.024861, 34.4998741, 0.0 ], [ 114.0249708, 34.5000338, 0.0 ], [ 114.0258193, 34.5011713, 0.0 ], [ 114.0268576, 34.5025684, 0.0 ], [ 114.0286547, 34.5045635, 0.0 ], [ 114.0291338, 34.5051422, 0.0 ], [ 114.0316704, 34.5045681, 0.0 ], [ 114.0322597, 34.5044372, 0.0 ], [ 114.0325992, 34.5043566, 0.0 ], [ 114.034397, 34.5030944, 0.0 ], [ 114.0370837, 34.5011512, 0.0 ], [ 114.0373832, 34.5009407, 0.0 ], [ 114.0390011, 34.5000386, 0.0 ], [ 114.0405689, 34.4991662, 0.0 ], [ 114.0437545, 34.4974015, 0.0 ], [ 114.0468703, 34.4959167, 0.0 ], [ 114.0490174, 34.4949533, 0.0 ], [ 114.0512242, 34.4940998, 0.0 ], [ 114.0532412, 34.4931767, 0.0 ], [ 114.0564269, 34.4916419, 0.0 ], [ 114.0579745, 34.4902799, 0.0 ], [ 114.0596622, 34.4883479, 0.0 ], [ 114.0603214, 34.4871774, 0.0 ], [ 114.0618193, 34.4854257, 0.0 ], [ 114.062179, 34.4850153, 0.0 ], [ 114.0643256, 34.4825629, 0.0 ], [ 114.0663229, 34.4815898, 0.0 ], [ 114.0681305, 34.4807871, 0.0 ], [ 114.069928, 34.4799843, 0.0 ], [ 114.0730038, 34.4803787, 0.0 ], [ 114.0735827, 34.4804576, 0.0 ], [ 114.0773076, 34.4820001, 0.0 ], [ 114.0802034, 34.4841737, 0.0 ], [ 114.0819311, 34.4854898, 0.0 ], [ 114.0846872, 34.4877736, 0.0 ], [ 114.0870938, 34.4903577, 0.0 ], [ 114.0880727, 34.4927147, 0.0 ], [ 114.0883322, 34.4933338, 0.0 ], [ 114.0881126, 34.4964723, 0.0 ], [ 114.0878329, 34.4996709, 0.0 ], [ 114.087843, 34.5000307, 0.0 ], [ 114.0878628, 34.5010599, 0.0 ], [ 114.0879024, 34.5028783, 0.0 ], [ 114.0881713, 34.5062452, 0.0 ], [ 114.0887099, 34.5093916, 0.0 ], [ 114.0893982, 34.512368, 0.0 ], [ 114.0902165, 34.5157939, 0.0 ], [ 114.0909746, 34.5188901, 0.0 ], [ 114.0917231, 34.5221461, 0.0 ], [ 114.0918026, 34.5232451, 0.0 ], [ 114.0919222, 34.5253432, 0.0 ], [ 114.0923311, 34.5272409, 0.0 ], [ 114.0926803, 34.5290688, 0.0 ], [ 114.0933586, 34.532325, 0.0 ], [ 114.0941768, 34.5362104, 0.0 ], [ 114.0952147, 34.5392462, 0.0 ], [ 114.0960229, 34.5423322, 0.0 ], [ 114.0966418, 34.5442795, 0.0 ], [ 114.0967314, 34.5445791, 0.0 ], [ 114.0967516, 34.544659, 0.0 ], [ 114.0975997, 34.5475952, 0.0 ], [ 114.0982186, 34.5496324, 0.0 ], [ 114.0985678, 34.5507909, 0.0 ], [ 114.0992464, 34.5526882, 0.0 ], [ 114.1000751, 34.5557147, 0.0 ], [ 114.1011068, 34.5588635, 0.0 ], [ 114.10263, 34.5618331, 0.0 ], [ 114.104835, 34.5645839, 0.0 ], [ 114.1111296, 34.5682693, 0.0 ], [ 114.1135553, 34.5699311, 0.0 ], [ 114.1137457, 34.5702312, 0.0 ], [ 114.1160908, 34.5735815, 0.0 ], [ 114.1172834, 34.5753617, 0.0 ], [ 114.1189373, 34.5768327, 0.0 ], [ 114.1200497, 34.5778333, 0.0 ], [ 114.12032, 34.581151, 0.0 ], [ 114.1200889, 34.5833589, 0.0 ], [ 114.1199885, 34.5843279, 0.0 ], [ 114.1199683, 34.5845178, 0.0 ], [ 114.1200184, 34.5856769, 0.0 ], [ 114.1200583, 34.5857468, 0.0 ], [ 114.1200785, 34.5858069, 0.0 ], [ 114.1200886, 34.5858468, 0.0 ], [ 114.1201386, 34.5859968, 0.0 ], [ 114.1201487, 34.5860367, 0.0 ], [ 114.1201588, 34.5860567, 0.0 ], [ 114.1201987, 34.5862666, 0.0 ], [ 114.1202189, 34.5863366, 0.0 ], [ 114.120319, 34.5867064, 0.0 ], [ 114.1204493, 34.5871862, 0.0 ], [ 114.1205393, 34.5874861, 0.0 ], [ 114.1206797, 34.5880058, 0.0 ], [ 114.1207096, 34.5880858, 0.0 ], [ 114.12076, 34.5882157, 0.0 ], [ 114.1207898, 34.5883057, 0.0 ], [ 114.1208298, 34.5885156, 0.0 ], [ 114.1208399, 34.5885855, 0.0 ], [ 114.1208899, 34.5888754, 0.0 ], [ 114.1209202, 34.5891053, 0.0 ], [ 114.12094, 34.5892252, 0.0 ], [ 114.1210001, 34.589525, 0.0 ], [ 114.1210602, 34.5898748, 0.0 ], [ 114.1211203, 34.5902146, 0.0 ], [ 114.1211804, 34.5905244, 0.0 ], [ 114.1212607, 34.5909541, 0.0 ], [ 114.1213709, 34.5916337, 0.0 ], [ 114.1215311, 34.5925432, 0.0 ], [ 114.1215512, 34.5926332, 0.0 ], [ 114.1216614, 34.5933627, 0.0 ], [ 114.1217312, 34.5937825, 0.0 ], [ 114.1218014, 34.5941122, 0.0 ], [ 114.1218616, 34.594532, 0.0 ], [ 114.1218716, 34.5946119, 0.0 ], [ 114.1220718, 34.5957014, 0.0 ], [ 114.1221218, 34.5961011, 0.0 ], [ 114.122182, 34.5963809, 0.0 ], [ 114.1222421, 34.5968406, 0.0 ], [ 114.1222522, 34.5969706, 0.0 ], [ 114.1223324, 34.5973903, 0.0 ], [ 114.1224725, 34.5983097, 0.0 ], [ 114.1225225, 34.5986495, 0.0 ], [ 114.1226125, 34.5993391, 0.0 ], [ 114.1226928, 34.6000985, 0.0 ], [ 114.1227428, 34.6005882, 0.0 ], [ 114.1228429, 34.6015674, 0.0 ], [ 114.1228728, 34.6018672, 0.0 ], [ 114.122893, 34.6020171, 0.0 ], [ 114.122983, 34.6028665, 0.0 ], [ 114.123033, 34.6031363, 0.0 ], [ 114.1230629, 34.6033861, 0.0 ], [ 114.1233228, 34.6070633, 0.0 ], [ 114.1246958, 34.6102023, 0.0 ], [ 114.1250364, 34.611042, 0.0 ], [ 114.1259483, 34.6132912, 0.0 ], [ 114.1284341, 34.6157024, 0.0 ], [ 114.1302182, 34.6163441, 0.0 ], [ 114.1324139, 34.6165169, 0.0 ], [ 114.1335065, 34.6166083, 0.0 ], [ 114.1359127, 34.615942, 0.0 ], [ 114.1390811, 34.6133384, 0.0 ], [ 114.1423999, 34.6110747, 0.0 ], [ 114.1445956, 34.6096188, 0.0 ], [ 114.1453775, 34.6093101, 0.0 ], [ 114.1469518, 34.6089725, 0.0 ], [ 114.1499693, 34.6086767, 0.0 ], [ 114.1478233, 34.6110818, 0.0 ], [ 114.1449757, 34.6131963, 0.0 ], [ 114.1447648, 34.6158537, 0.0 ], [ 114.1447648, 34.6162234, 0.0 ], [ 114.145596, 34.6192519, 0.0 ], [ 114.1479414, 34.621603, 0.0 ], [ 114.1504373, 34.6241242, 0.0 ], [ 114.1515396, 34.6269832, 0.0 ], [ 114.1498645, 34.6298985, 0.0 ], [ 114.1482701, 34.632644, 0.0 ], [ 114.1482499, 34.6328438, 0.0 ], [ 114.1479889, 34.6358409, 0.0 ], [ 114.1483993, 34.6389889, 0.0 ], [ 114.1483986, 34.6423659, 0.0 ], [ 114.1478366, 34.6453926, 0.0 ], [ 114.1467934, 34.6486585, 0.0 ], [ 114.1459405, 34.6510453, 0.0 ], [ 114.1456799, 34.6515745, 0.0 ], [ 114.1445063, 34.6546602, 0.0 ], [ 114.1443554, 34.6576375, 0.0 ], [ 114.1468412, 34.6600388, 0.0 ], [ 114.1502393, 34.6618819, 0.0 ], [ 114.1532867, 34.6635246, 0.0 ], [ 114.1544588, 34.6665636, 0.0 ], [ 114.1544488, 34.6666836, 0.0 ], [ 114.1543786, 34.6676426, 0.0 ], [ 114.1513704, 34.669437, 0.0 ], [ 114.15123, 34.6695168, 0.0 ], [ 114.1507789, 34.670815, 0.0 ], [ 114.1505881, 34.6713343, 0.0 ], [ 114.1520407, 34.676482, 0.0 ], [ 114.1529126, 34.6788611, 0.0 ], [ 114.1522801, 34.6822374, 0.0 ], [ 114.1518586, 34.685494, 0.0 ], [ 114.1515875, 34.6874421, 0.0 ], [ 114.1517174, 34.6893306, 0.0 ], [ 114.1522081, 34.6921889, 0.0 ], [ 114.1523384, 34.6928784, 0.0 ], [ 114.1530192, 34.6958469, 0.0 ], [ 114.1536503, 34.699115, 0.0 ], [ 114.1536402, 34.6995147, 0.0 ], [ 114.1533688, 34.7023715, 0.0 ], [ 114.1521552, 34.705177, 0.0 ], [ 114.1521052, 34.7052868, 0.0 ], [ 114.1503106, 34.7068827, 0.0 ], [ 114.15019, 34.7069924, 0.0 ], [ 114.1494782, 34.7076308, 0.0 ], [ 114.148305, 34.7084783, 0.0 ], [ 114.1466306, 34.7096948, 0.0 ], [ 114.1437834, 34.7118087, 0.0 ], [ 114.141006, 34.7137429, 0.0 ], [ 114.1392715, 34.7150591, 0.0 ], [ 114.1368451, 34.7172934, 0.0 ], [ 114.135642, 34.7192399, 0.0 ], [ 114.1351805, 34.7199785, 0.0 ], [ 114.134679, 34.7229448, 0.0 ], [ 114.1343975, 34.7262611, 0.0 ], [ 114.1338456, 34.7294172, 0.0 ], [ 114.1359696, 34.7360135, 0.0 ], [ 114.136771, 34.7401606, 0.0 ], [ 114.136821, 34.7404204, 0.0 ], [ 114.1368613, 34.7405403, 0.0 ], [ 114.1373221, 34.7418896, 0.0 ], [ 114.1374924, 34.7425192, 0.0 ], [ 114.1376324, 34.7428391, 0.0 ], [ 114.1379233, 34.7438185, 0.0 ], [ 114.1384741, 34.7453877, 0.0 ], [ 114.1393158, 34.7480062, 0.0 ], [ 114.139476, 34.748486, 0.0 ], [ 114.1408591, 34.7491672, 0.0 ], [ 114.1426836, 34.7499491, 0.0 ], [ 114.1427336, 34.7500291, 0.0 ], [ 114.1429943, 34.7503891, 0.0 ], [ 114.1433348, 34.750879, 0.0 ], [ 114.1446877, 34.752819, 0.0 ], [ 114.1452889, 34.753569, 0.0 ], [ 114.1468322, 34.7555093, 0.0 ], [ 114.1493879, 34.7580203, 0.0 ], [ 114.1523647, 34.7602522, 0.0 ], [ 114.1562434, 34.7621958, 0.0 ], [ 114.1599118, 34.7630001, 0.0 ], [ 114.1633901, 34.7639141, 0.0 ], [ 114.1655245, 34.7662647, 0.0 ], [ 114.1663558, 34.7691829, 0.0 ], [ 114.1648916, 34.7721479, 0.0 ], [ 114.1628062, 34.7747225, 0.0 ], [ 114.1601695, 34.7771263, 0.0 ], [ 114.1579537, 34.7795808, 0.0 ], [ 114.1578734, 34.7796706, 0.0 ], [ 114.157723, 34.7798502, 0.0 ], [ 114.1557278, 34.7821052, 0.0 ], [ 114.15253, 34.784728, 0.0 ], [ 114.1497529, 34.7869619, 0.0 ], [ 114.1467757, 34.7890157, 0.0 ], [ 114.1438086, 34.7907798, 0.0 ], [ 114.143548, 34.7909393, 0.0 ], [ 114.1435076, 34.7909592, 0.0 ], [ 114.1433474, 34.7910889, 0.0 ], [ 114.1430868, 34.7912883, 0.0 ], [ 114.1423549, 34.7918468, 0.0 ], [ 114.1404502, 34.7933026, 0.0 ], [ 114.1372526, 34.7955358, 0.0 ], [ 114.1338542, 34.7980486, 0.0 ], [ 114.1309372, 34.8004921, 0.0 ], [ 114.1280903, 34.8029553, 0.0 ], [ 114.1258648, 34.8052996, 0.0 ], [ 114.1250227, 34.8062173, 0.0 ], [ 114.1233487, 34.808043, 0.0 ], [ 114.1213338, 34.8106072, 0.0 ], [ 114.1207322, 34.8113656, 0.0 ], [ 114.1191785, 34.8133513, 0.0 ], [ 114.1188977, 34.8138903, 0.0 ], [ 114.1177144, 34.8161561, 0.0 ], [ 114.116391, 34.8191209, 0.0 ], [ 114.1176334, 34.8218696, 0.0 ], [ 114.1188962, 34.8227703, 0.0 ], [ 114.1206905, 34.8240514, 0.0 ], [ 114.121332, 34.8243119, 0.0 ], [ 114.124018, 34.8254244, 0.0 ], [ 114.1250206, 34.8256955, 0.0 ], [ 114.1255717, 34.825856, 0.0 ], [ 114.1276266, 34.8264082, 0.0 ], [ 114.1313051, 34.8269227, 0.0 ], [ 114.1351844, 34.8272676, 0.0 ], [ 114.1389331, 34.827902, 0.0 ], [ 114.1412188, 34.8284745, 0.0 ], [ 114.145178, 34.8287596, 0.0 ], [ 114.1488569, 34.8291642, 0.0 ], [ 114.1526758, 34.8295091, 0.0 ], [ 114.156495, 34.829684, 0.0 ], [ 114.1604446, 34.82917, 0.0 ], [ 114.1642634, 34.8283762, 0.0 ], [ 114.1687742, 34.8276832, 0.0 ], [ 114.1711301, 34.8270672, 0.0 ], [ 114.174949, 34.8268826, 0.0 ], [ 114.1793896, 34.8264892, 0.0 ], [ 114.1831285, 34.8272833, 0.0 ], [ 114.1861057, 34.8290554, 0.0 ], [ 114.1889526, 34.8311168, 0.0 ], [ 114.1909373, 34.8317887, 0.0 ], [ 114.19205, 34.8321797, 0.0 ], [ 114.1929122, 34.8327402, 0.0 ], [ 114.1934234, 34.8341892, 0.0 ], [ 114.1944563, 34.8368874, 0.0 ], [ 114.1945265, 34.8370873, 0.0 ], [ 114.1949578, 34.838716, 0.0 ], [ 114.1961908, 34.8414843, 0.0 ], [ 114.1972337, 34.8441525, 0.0 ], [ 114.2023331, 34.8563615, 0.0 ], [ 114.2029336, 34.8588486, 0.0 ], [ 114.2035542, 34.8614055, 0.0 ], [ 114.2037047, 34.8620248, 0.0 ], [ 114.2046554, 34.8661498, 0.0 ], [ 114.2057567, 34.8708442, 0.0 ], [ 114.2074285, 34.8779657, 0.0 ], [ 114.211993, 34.8975122, 0.0 ], [ 114.2134621, 34.9101581, 0.0 ], [ 114.2145014, 34.91744, 0.0 ], [ 114.2146411, 34.9184889, 0.0 ], [ 114.2097178, 34.9200373, 0.0 ], [ 114.2046443, 34.9226644, 0.0 ], [ 114.2015213, 34.9269696, 0.0 ], [ 114.1989271, 34.9298251, 0.0 ], [ 114.1978543, 34.9300734, 0.0 ], [ 114.1963603, 34.9320592, 0.0 ], [ 114.1936124, 34.9347326, 0.0 ], [ 114.187847, 34.9381611, 0.0 ], [ 114.1828142, 34.939413, 0.0 ], [ 114.1764779, 34.9400938, 0.0 ], [ 114.1681363, 34.9412712, 0.0 ], [ 114.1653992, 34.940938, 0.0 ], [ 114.1645169, 34.9414961, 0.0 ], [ 114.1640856, 34.941965, 0.0 ], [ 114.1594438, 34.9428479, 0.0 ], [ 114.1527262, 34.9448864, 0.0 ], [ 114.1490768, 34.9448017, 0.0 ], [ 114.1423596, 34.9465606, 0.0 ], [ 114.134369, 34.9469195, 0.0 ], [ 114.1266492, 34.9492063, 0.0 ], [ 114.1250249, 34.9499533, 0.0 ], [ 114.1215761, 34.9515468, 0.0 ], [ 114.118879, 34.9522523, 0.0 ], [ 114.1124526, 34.9539316, 0.0 ], [ 114.1104676, 34.9540188, 0.0 ], [ 114.105946, 34.9541226, 0.0 ], [ 114.1006525, 34.9542852, 0.0 ], [ 114.0962764, 34.9545707, 0.0 ], [ 114.0747401, 34.950855, 0.0 ], [ 114.0618499, 34.9489011, 0.0 ], [ 114.050867, 34.9494608, 0.0 ], [ 114.0398942, 34.9484621, 0.0 ], [ 114.0345122, 34.9509793, 0.0 ], [ 114.0324754, 34.9520218, 0.0 ], [ 114.0287713, 34.9532972, 0.0 ], [ 114.0250669, 34.9545727, 0.0 ], [ 114.0206936, 34.9558394, 0.0 ], [ 114.0166897, 34.9560066, 0.0 ], [ 114.0117476, 34.9545174, 0.0 ], [ 114.0090419, 34.9522349, 0.0 ], [ 114.005128, 34.9490857, 0.0 ], [ 114.0005948, 34.9442693, 0.0 ], [ 114.0000059, 34.9438109, 0.0 ], [ 113.9971597, 34.9416085, 0.0 ], [ 113.9950728, 34.9391851, 0.0 ], [ 113.9939942, 34.9380184, 0.0 ], [ 113.9929956, 34.9369313, 0.0 ], [ 113.9909184, 34.9348475, 0.0 ], [ 113.9888416, 34.9329234, 0.0 ], [ 113.986984, 34.9311487, 0.0 ], [ 113.9853064, 34.929054, 0.0 ], [ 113.9838484, 34.9274484, 0.0 ], [ 113.9799038, 34.92343, 0.0 ], [ 113.9745614, 34.917536, 0.0 ], [ 113.9696482, 34.9164061, 0.0 ], [ 113.9673913, 34.9153014, 0.0 ], [ 113.9654243, 34.9128376, 0.0 ], [ 113.9623585, 34.9051713, 0.0 ], [ 113.9580446, 34.9018226, 0.0 ], [ 113.9535608, 34.8994633, 0.0 ], [ 113.9498964, 34.8975821, 0.0 ], [ 113.945882, 34.8966904, 0.0 ], [ 113.9420772, 34.8966173, 0.0 ], [ 113.9385024, 34.8970333, 0.0 ], [ 113.9341482, 34.89796, 0.0 ], [ 113.9295946, 34.8988971, 0.0 ], [ 113.9238223, 34.899197, 0.0 ], [ 113.9174514, 34.8995282, 0.0 ], [ 113.9122786, 34.899817, 0.0 ], [ 113.9067061, 34.9001267, 0.0 ], [ 113.9023325, 34.9002445, 0.0 ], [ 113.8981115, 34.8993574, 0.0 ], [ 113.894082, 34.8982934, 0.0 ], [ 113.8894312, 34.8967592, 0.0 ], [ 113.8867751, 34.8951776, 0.0 ], [ 113.884119, 34.8934262, 0.0 ], [ 113.881864, 34.8918351, 0.0 ], [ 113.8800197, 34.8902347, 0.0 ], [ 113.8781855, 34.8892933, 0.0 ], [ 113.8755492, 34.8880414, 0.0 ], [ 113.8749779, 34.8878908, 0.0 ], [ 113.8731336, 34.8874389, 0.0 ], [ 113.8699058, 34.8866856, 0.0 ], [ 113.8690541, 34.8864348, 0.0 ], [ 113.8668588, 34.8857926, 0.0 ], [ 113.8668088, 34.8860822, 0.0 ], [ 113.863982, 34.8854991, 0.0 ], [ 113.8620884, 34.8783649, 0.0 ], [ 113.8608763, 34.8740783, 0.0 ], [ 113.8604458, 34.8710512, 0.0 ], [ 113.8602956, 34.8683642, 0.0 ], [ 113.8602355, 34.8681643, 0.0 ], [ 113.8597949, 34.8664857, 0.0 ], [ 113.8595141, 34.8657762, 0.0 ], [ 113.8592639, 34.8653563, 0.0 ], [ 113.8590734, 34.8651363, 0.0 ], [ 113.8588326, 34.8649562, 0.0 ], [ 113.8568681, 34.8636251, 0.0 ], [ 113.8551941, 34.8625541, 0.0 ], [ 113.8529689, 34.8616422, 0.0 ], [ 113.8512348, 34.8609606, 0.0 ], [ 113.8501724, 34.8600503, 0.0 ], [ 113.8497617, 34.8581719, 0.0 ], [ 113.8489898, 34.8569722, 0.0 ], [ 113.8475866, 34.8561213, 0.0 ], [ 113.8461934, 34.8555002, 0.0 ], [ 113.8450907, 34.8553888, 0.0 ], [ 113.8436971, 34.855277, 0.0 ], [ 113.8422337, 34.8545859, 0.0 ], [ 113.8417027, 34.8541357, 0.0 ], [ 113.8407703, 34.8533454, 0.0 ], [ 113.839578, 34.8509364, 0.0 ], [ 113.8388764, 34.8479788, 0.0 ], [ 113.8373334, 34.8437516, 0.0 ], [ 113.83564, 34.8390746, 0.0 ], [ 113.834718, 34.8364963, 0.0 ], [ 113.8345078, 34.8347879, 0.0 ], [ 113.8346881, 34.8343387, 0.0 ], [ 113.8355705, 34.8338405, 0.0 ], [ 113.8380667, 34.8324355, 0.0 ], [ 113.8384177, 34.8322361, 0.0 ], [ 113.8392598, 34.8309388, 0.0 ], [ 113.8395107, 34.8305596, 0.0 ], [ 113.8404132, 34.8270349, 0.0 ], [ 113.8404132, 34.826885, 0.0 ], [ 113.8404132, 34.8267651, 0.0 ], [ 113.8404132, 34.8265853, 0.0 ], [ 113.8403833, 34.8263955, 0.0 ], [ 113.8403632, 34.825956, 0.0 ], [ 113.8382384, 34.8238155, 0.0 ], [ 113.8364539, 34.8226144, 0.0 ], [ 113.8345794, 34.821573, 0.0 ], [ 113.8337478, 34.8204332, 0.0 ], [ 113.8335876, 34.8179757, 0.0 ], [ 113.8339991, 34.8155191, 0.0 ], [ 113.8352324, 34.8131734, 0.0 ], [ 113.8345308, 34.8117341, 0.0 ], [ 113.8336286, 34.8101447, 0.0 ], [ 113.832787, 34.8080259, 0.0 ], [ 113.8324662, 34.8067069, 0.0 ], [ 113.8321458, 34.8054079, 0.0 ], [ 113.8327477, 34.8002546, 0.0 ], [ 113.8326282, 34.7968279, 0.0 ], [ 113.8325882, 34.7958589, 0.0 ], [ 113.8325692, 34.7923023, 0.0 ], [ 113.8325789, 34.7922823, 0.0 ], [ 113.8336621, 34.7894367, 0.0 ], [ 113.8355975, 34.7876612, 0.0 ], [ 113.8363294, 34.7867231, 0.0 ], [ 113.837693, 34.7854564, 0.0 ], [ 113.837994, 34.7851371, 0.0 ], [ 113.8399794, 34.7829321, 0.0 ], [ 113.8403905, 34.7824231, 0.0 ], [ 113.8415738, 34.7805867, 0.0 ], [ 113.8417441, 34.7803671, 0.0 ], [ 113.8418647, 34.7802174, 0.0 ], [ 113.8420552, 34.7799479, 0.0 ], [ 113.8428472, 34.7788801, 0.0 ], [ 113.8429274, 34.7784807, 0.0 ], [ 113.8430581, 34.7777516, 0.0 ], [ 113.8431884, 34.7770225, 0.0 ], [ 113.8432288, 34.7767927, 0.0 ], [ 113.8432086, 34.776533, 0.0 ], [ 113.8428583, 34.7733257, 0.0 ], [ 113.8430898, 34.7696697, 0.0 ], [ 113.8428896, 34.767052, 0.0 ], [ 113.8428896, 34.7670221, 0.0 ], [ 113.8423687, 34.7652731, 0.0 ], [ 113.8406152, 34.7612246, 0.0 ], [ 113.8401346, 34.7592859, 0.0 ], [ 113.8400744, 34.7590661, 0.0 ], [ 113.8396237, 34.757507, 0.0 ], [ 113.8387723, 34.7537296, 0.0 ], [ 113.8384616, 34.7525903, 0.0 ], [ 113.8382712, 34.7517908, 0.0 ], [ 113.838071, 34.7511612, 0.0 ], [ 113.838061, 34.7511012, 0.0 ], [ 113.8380307, 34.7509313, 0.0 ], [ 113.8376002, 34.7484432, 0.0 ], [ 113.8372297, 34.7463548, 0.0 ], [ 113.8399672, 34.7435914, 0.0 ], [ 113.8414111, 34.7421548, 0.0 ], [ 113.8415112, 34.7420151, 0.0 ], [ 113.8415314, 34.7417853, 0.0 ], [ 113.8415818, 34.7416855, 0.0 ], [ 113.841652, 34.7415857, 0.0 ], [ 113.843146, 34.7393001, 0.0 ], [ 113.8433965, 34.7389108, 0.0 ], [ 113.843457, 34.738781, 0.0 ], [ 113.8435571, 34.7385115, 0.0 ], [ 113.8435672, 34.7384116, 0.0 ], [ 113.8434671, 34.7373525, 0.0 ], [ 113.8435877, 34.737033, 0.0 ], [ 113.8441291, 34.7363344, 0.0 ], [ 113.8449211, 34.7353466, 0.0 ], [ 113.8450115, 34.7351369, 0.0 ], [ 113.8457938, 34.7332498, 0.0 ], [ 113.8459943, 34.7327806, 0.0 ], [ 113.8475088, 34.7296559, 0.0 ], [ 113.8478198, 34.7291268, 0.0 ], [ 113.84793, 34.729027, 0.0 ], [ 113.8488725, 34.728359, 0.0 ], [ 113.8490831, 34.7282394, 0.0 ], [ 113.8492134, 34.7281297, 0.0 ], [ 113.8502664, 34.7269025, 0.0 ], [ 113.8515397, 34.7248562, 0.0 ], [ 113.8514501, 34.7224685, 0.0 ], [ 113.8510494, 34.721499, 0.0 ], [ 113.8509792, 34.721329, 0.0 ], [ 113.8502678, 34.7196097, 0.0 ], [ 113.8480326, 34.7165797, 0.0 ], [ 113.8476017, 34.71559, 0.0 ], [ 113.846279, 34.7125312, 0.0 ], [ 113.8446659, 34.7093921, 0.0 ], [ 113.8445456, 34.7091721, 0.0 ], [ 113.8444654, 34.7090122, 0.0 ], [ 113.8429321, 34.7061529, 0.0 ], [ 113.842872, 34.7060329, 0.0 ], [ 113.8423608, 34.7050632, 0.0 ], [ 113.8420202, 34.7046731, 0.0 ], [ 113.8405165, 34.7029628, 0.0 ], [ 113.8403664, 34.7027926, 0.0 ], [ 113.8383115, 34.7003622, 0.0 ], [ 113.838071, 34.7001921, 0.0 ], [ 113.8377002, 34.7000417, 0.0 ], [ 113.8377002, 34.6999118, 0.0 ], [ 113.8376502, 34.699652, 0.0 ], [ 113.8375098, 34.6995019, 0.0 ], [ 113.8367981, 34.6987316, 0.0 ], [ 113.8346028, 34.6968602, 0.0 ], [ 113.8321267, 34.6950284, 0.0 ], [ 113.8298512, 34.6939362, 0.0 ], [ 113.8296506, 34.693836, 0.0 ], [ 113.8295502, 34.6937859, 0.0 ], [ 113.827365, 34.6923542, 0.0 ], [ 113.8271044, 34.6921639, 0.0 ], [ 113.8270543, 34.692124, 0.0 ], [ 113.8242676, 34.6892226, 0.0 ], [ 113.8241671, 34.6891026, 0.0 ], [ 113.824017, 34.6889426, 0.0 ], [ 113.8214408, 34.6860616, 0.0 ], [ 113.8210798, 34.6856614, 0.0 ], [ 113.8191854, 34.6839303, 0.0 ], [ 113.815777, 34.6815976, 0.0 ], [ 113.8138322, 34.6800563, 0.0 ], [ 113.8130503, 34.6794358, 0.0 ], [ 113.8118173, 34.6784549, 0.0 ], [ 113.8105044, 34.6756256, 0.0 ], [ 113.8104043, 34.6753957, 0.0 ], [ 113.8098532, 34.6725775, 0.0 ], [ 113.8094125, 34.6684605, 0.0 ], [ 113.8095529, 34.6680411, 0.0 ], [ 113.8096332, 34.6678114, 0.0 ], [ 113.8100242, 34.666663, 0.0 ], [ 113.8105858, 34.6650252, 0.0 ], [ 113.8109069, 34.6610293, 0.0 ], [ 113.8109472, 34.6582219, 0.0 ], [ 113.8109674, 34.6577523, 0.0 ], [ 113.8109573, 34.6566733, 0.0 ], [ 113.8109476, 34.6552546, 0.0 ], [ 113.8109476, 34.653646, 0.0 ], [ 113.8108676, 34.6516477, 0.0 ], [ 113.810166, 34.650158, 0.0 ], [ 113.8071186, 34.6504036, 0.0 ], [ 113.8055443, 34.6515903, 0.0 ], [ 113.8056145, 34.6534787, 0.0 ], [ 113.8057646, 34.6552373, 0.0 ], [ 113.8050025, 34.6591827, 0.0 ], [ 113.8037792, 34.6619585, 0.0 ], [ 113.8030171, 34.6632862, 0.0 ], [ 113.8019044, 34.6639141, 0.0 ], [ 113.8001101, 34.663462, 0.0 ], [ 113.7983886, 34.6620731, 0.0 ], [ 113.7961973, 34.6605646, 0.0 ], [ 113.7932953, 34.6600651, 0.0 ], [ 113.7921746, 34.659146, 0.0 ], [ 113.7919644, 34.6589662, 0.0 ], [ 113.7907537, 34.6568881, 0.0 ], [ 113.7902836, 34.655819, 0.0 ], [ 113.7902036, 34.6556392, 0.0 ], [ 113.7901334, 34.6555293, 0.0 ], [ 113.7885826, 34.6531616, 0.0 ], [ 113.787112, 34.6507638, 0.0 ], [ 113.7863815, 34.649475, 0.0 ], [ 113.7856511, 34.6481962, 0.0 ], [ 113.7846006, 34.6447795, 0.0 ], [ 113.7837002, 34.6419521, 0.0 ], [ 113.7835404, 34.6414625, 0.0 ], [ 113.7835004, 34.6410929, 0.0 ], [ 113.7834803, 34.6408831, 0.0 ], [ 113.7830404, 34.6370666, 0.0 ], [ 113.7832106, 34.6360275, 0.0 ], [ 113.7839216, 34.6318513, 0.0 ], [ 113.7840422, 34.6265262, 0.0 ], [ 113.7846528, 34.6241283, 0.0 ], [ 113.7864942, 34.6227994, 0.0 ], [ 113.7872048, 34.6222898, 0.0 ], [ 113.7908074, 34.6214403, 0.0 ], [ 113.8008866, 34.6172547, 0.0 ], [ 113.8035229, 34.6152801, 0.0 ], [ 113.8097383, 34.6127111, 0.0 ], [ 113.8172566, 34.6095944, 0.0 ], [ 113.8198831, 34.6076898, 0.0 ], [ 113.8211662, 34.6070122, 0.0 ], [ 113.8214772, 34.6068528, 0.0 ], [ 113.8222289, 34.6064442, 0.0 ], [ 113.8223092, 34.6064044, 0.0 ], [ 113.8223891, 34.6063645, 0.0 ], [ 113.8262386, 34.6052709, 0.0 ], [ 113.8299476, 34.6046966, 0.0 ], [ 113.8302482, 34.604657, 0.0 ], [ 113.8309398, 34.6045681, 0.0 ], [ 113.834669, 34.6041636, 0.0 ], [ 113.8354409, 34.6040848, 0.0 ], [ 113.8388288, 34.6040196, 0.0 ], [ 113.840914, 34.6039626, 0.0 ], [ 113.8411746, 34.6037731, 0.0 ], [ 113.8419464, 34.6032047, 0.0 ], [ 113.8413751, 34.6008061, 0.0 ], [ 113.8404031, 34.5998355, 0.0 ], [ 113.8384688, 34.5980245, 0.0 ], [ 113.8383587, 34.5978145, 0.0 ], [ 113.8383389, 34.5969851, 0.0 ], [ 113.8386899, 34.5952871, 0.0 ], [ 113.8387201, 34.5952172, 0.0 ], [ 113.8387702, 34.5951174, 0.0 ], [ 113.8398232, 34.5929207, 0.0 ], [ 113.8406054, 34.5911333, 0.0 ], [ 113.8407959, 34.5910337, 0.0 ], [ 113.8408862, 34.5907441, 0.0 ], [ 113.8409165, 34.5906342, 0.0 ], [ 113.8414583, 34.5889764, 0.0 ], [ 113.8413881, 34.5878273, 0.0 ], [ 113.8417693, 34.587558, 0.0 ], [ 113.8429724, 34.5867403, 0.0 ], [ 113.8439347, 34.5869315, 0.0 ], [ 113.8454784, 34.5872335, 0.0 ], [ 113.8483051, 34.5868276, 0.0 ], [ 113.8492375, 34.5862195, 0.0 ], [ 113.8505008, 34.585392, 0.0 ], [ 113.8515534, 34.584704, 0.0 ], [ 113.8517039, 34.5846043, 0.0 ], [ 113.852907, 34.5838366, 0.0 ], [ 113.8535485, 34.5834378, 0.0 ], [ 113.8536389, 34.583338, 0.0 ], [ 113.8538995, 34.5830586, 0.0 ], [ 113.8551329, 34.5817714, 0.0 ], [ 113.8570679, 34.5800555, 0.0 ], [ 113.8576496, 34.5794169, 0.0 ], [ 113.8584719, 34.5781291, 0.0 ], [ 113.8587026, 34.5771702, 0.0 ], [ 113.8590338, 34.5756619, 0.0 ], [ 113.8588837, 34.5748025, 0.0 ], [ 113.8586634, 34.5743725, 0.0 ], [ 113.8586634, 34.5742126, 0.0 ], [ 113.8580021, 34.5730927, 0.0 ], [ 113.8577515, 34.5730024, 0.0 ], [ 113.8577515, 34.5728426, 0.0 ], [ 113.8576212, 34.5728424, 0.0 ], [ 113.8568195, 34.5717622, 0.0 ], [ 113.8554965, 34.5708411, 0.0 ], [ 113.8543639, 34.5700202, 0.0 ], [ 113.8538527, 34.5700196, 0.0 ], [ 113.8538527, 34.5698996, 0.0 ], [ 113.8537325, 34.5698896, 0.0 ], [ 113.8536324, 34.5698794, 0.0 ], [ 113.8529909, 34.5698785, 0.0 ], [ 113.8512766, 34.5696064, 0.0 ], [ 113.8491216, 34.568924, 0.0 ], [ 113.8458542, 34.5659621, 0.0 ], [ 113.8431485, 34.562951, 0.0 ], [ 113.8426276, 34.5617413, 0.0 ], [ 113.8425674, 34.5615814, 0.0 ], [ 113.842237, 34.5608316, 0.0 ], [ 113.8423975, 34.5600125, 0.0 ], [ 113.8424274, 34.5598427, 0.0 ], [ 113.8425178, 34.5593532, 0.0 ], [ 113.8425782, 34.5590336, 0.0 ], [ 113.8426985, 34.5583643, 0.0 ], [ 113.8427788, 34.5580247, 0.0 ], [ 113.842859, 34.5577051, 0.0 ], [ 113.8431701, 34.5562168, 0.0 ], [ 113.8433911, 34.5550481, 0.0 ], [ 113.8440028, 34.5533903, 0.0 ], [ 113.8445446, 34.5517725, 0.0 ], [ 113.8445647, 34.5517325, 0.0 ], [ 113.8453769, 34.5507544, 0.0 ], [ 113.8480542, 34.5477106, 0.0 ], [ 113.8496184, 34.5457844, 0.0 ], [ 113.849779, 34.5455948, 0.0 ], [ 113.8498092, 34.5455448, 0.0 ], [ 113.8505612, 34.5440671, 0.0 ], [ 113.8506718, 34.5438374, 0.0 ], [ 113.8506718, 34.5438175, 0.0 ], [ 113.8510732, 34.5413601, 0.0 ], [ 113.8509634, 34.5404308, 0.0 ], [ 113.850563, 34.5371829, 0.0 ], [ 113.8504838, 34.5332362, 0.0 ], [ 113.8492915, 34.5303271, 0.0 ], [ 113.8492318, 34.5297675, 0.0 ], [ 113.8492217, 34.5295877, 0.0 ], [ 113.8490716, 34.5280388, 0.0 ], [ 113.8516981, 34.5273428, 0.0 ], [ 113.8539438, 34.5278254, 0.0 ], [ 113.8541641, 34.5279056, 0.0 ], [ 113.8543348, 34.5279658, 0.0 ], [ 113.854405, 34.5280058, 0.0 ], [ 113.857592, 34.5298984, 0.0 ], [ 113.8586443, 34.5314386, 0.0 ], [ 113.859887, 34.5326891, 0.0 ], [ 113.861902, 34.5337709, 0.0 ], [ 113.8648694, 34.5328457, 0.0 ], [ 113.8691102, 34.5308729, 0.0 ], [ 113.8708148, 34.5300759, 0.0 ], [ 113.8735015, 34.5290403, 0.0 ], [ 113.8749952, 34.5294819, 0.0 ], [ 113.8755866, 34.5296525, 0.0 ], [ 113.8776012, 34.5312539, 0.0 ], [ 113.8794656, 34.5311965, 0.0 ], [ 113.8805086, 34.5303885, 0.0 ], [ 113.882504, 34.5288924, 0.0 ], [ 113.885131, 34.5272272, 0.0 ], [ 113.8878878, 34.5262517, 0.0 ], [ 113.8885898, 34.525793, 0.0 ], [ 113.8877287, 34.521905, 0.0 ], [ 113.8871682, 34.5188767, 0.0 ], [ 113.8870084, 34.5168781, 0.0 ], [ 113.8869986, 34.5167383, 0.0 ], [ 113.8869385, 34.5160687, 0.0 ], [ 113.886518, 34.5136801, 0.0 ], [ 113.885046, 34.5082826, 0.0 ], [ 113.8850359, 34.5082225, 0.0 ], [ 113.884816, 34.5062639, 0.0 ], [ 113.8847663, 34.5058141, 0.0 ], [ 113.884466, 34.503056, 0.0 ], [ 113.8843062, 34.5016669, 0.0 ], [ 113.8842562, 34.5013871, 0.0 ], [ 113.8839858, 34.4999879, 0.0 ], [ 113.8835952, 34.4979588, 0.0 ], [ 113.8831744, 34.4943806, 0.0 ], [ 113.8831542, 34.4942308, 0.0 ], [ 113.8831441, 34.4941708, 0.0 ], [ 113.8825231, 34.4900029, 0.0 ], [ 113.882594, 34.4834974, 0.0 ], [ 113.882594, 34.4832376, 0.0 ], [ 113.882594, 34.482538, 0.0 ], [ 113.8838173, 34.4801212, 0.0 ], [ 113.8865346, 34.4747786, 0.0 ], [ 113.8892018, 34.4695157, 0.0 ], [ 113.8902448, 34.4673086, 0.0 ], [ 113.8934833, 34.4604377, 0.0 ], [ 113.8936939, 34.4599982, 0.0 ], [ 113.8944661, 34.4584003, 0.0 ], [ 113.8945666, 34.4581906, 0.0 ], [ 113.8954288, 34.4564031, 0.0 ], [ 113.8957495, 34.4555041, 0.0 ], [ 113.89585, 34.4552544, 0.0 ], [ 113.8965415, 34.4553853, 0.0 ], [ 113.8977245, 34.4555867, 0.0 ], [ 113.8987472, 34.455578, 0.0 ], [ 113.8992484, 34.4555788, 0.0 ], [ 113.901448, 34.4554968, 0.0 ], [ 113.9035946, 34.4552427, 0.0 ], [ 113.905242, 34.4546498, 0.0 ], [ 113.9063303, 34.4537782, 0.0 ], [ 113.9065402, 34.4528985, 0.0 ], [ 113.90665, 34.4524486, 0.0 ], [ 113.9077386, 34.4510074, 0.0 ], [ 113.9084676, 34.4489972, 0.0 ], [ 113.9090666, 34.4475071, 0.0 ], [ 113.9092765, 34.4471869, 0.0 ], [ 113.9098158, 34.4463564, 0.0 ], [ 113.9118725, 34.4455927, 0.0 ], [ 113.9136599, 34.4450496, 0.0 ], [ 113.9157868, 34.4444557, 0.0 ], [ 113.9186822, 34.44431, 0.0 ], [ 113.9222066, 34.4445527, 0.0 ], [ 113.9241434, 34.4448686, 0.0 ], [ 113.9260205, 34.4461739, 0.0 ], [ 113.9278378, 34.4475294, 0.0 ], [ 113.9284966, 34.4485675, 0.0 ], [ 113.9286964, 34.4488969, 0.0 ], [ 113.9292752, 34.4507245, 0.0 ], [ 113.9299841, 34.4520223, 0.0 ], [ 113.9301137, 34.4523618, 0.0 ], [ 113.9307527, 34.4536697, 0.0 ], [ 113.9316113, 34.4550371, 0.0 ], [ 113.931711, 34.4551868, 0.0 ], [ 113.9322503, 34.4560652, 0.0 ], [ 113.9332986, 34.4569126, 0.0 ], [ 113.9344769, 34.4575898, 0.0 ], [ 113.9356548, 34.4576374, 0.0 ], [ 113.936823, 34.4575552, 0.0 ], [ 113.9386205, 34.4573218, 0.0 ], [ 113.9409569, 34.4563177, 0.0 ], [ 113.9417057, 34.4556867, 0.0 ], [ 113.9430636, 34.454015, 0.0 ], [ 113.9433833, 34.4525152, 0.0 ], [ 113.9435032, 34.450856, 0.0 ], [ 113.9433336, 34.4487976, 0.0 ], [ 113.9432339, 34.4462994, 0.0 ], [ 113.9434834, 34.4452695, 0.0 ], [ 113.9436032, 34.4447396, 0.0 ], [ 113.9436533, 34.4445496, 0.0 ], [ 113.9437433, 34.4444594, 0.0 ], [ 113.9440028, 34.4441992, 0.0 ], [ 113.9441026, 34.444099, 0.0 ], [ 113.9455804, 34.4425869, 0.0 ], [ 113.9456102, 34.4425669, 0.0 ], [ 113.9456603, 34.4425667, 0.0 ], [ 113.9458201, 34.4425765, 0.0 ], [ 113.9459299, 34.4425662, 0.0 ], [ 113.946399, 34.4426252, 0.0 ], [ 113.9473076, 34.4427734, 0.0 ], [ 113.9474275, 34.4427831, 0.0 ], [ 113.9476273, 34.4427826, 0.0 ], [ 113.9485457, 34.4426309, 0.0 ], [ 113.9495342, 34.442509, 0.0 ], [ 113.9506524, 34.4423569, 0.0 ], [ 113.9508122, 34.4423265, 0.0 ], [ 113.9509022, 34.4423363, 0.0 ], [ 113.9510318, 34.4423761, 0.0 ], [ 113.9511416, 34.4424358, 0.0 ], [ 113.9512716, 34.4425255, 0.0 ], [ 113.9513314, 34.4425454, 0.0 ], [ 113.9513915, 34.4425452, 0.0 ], [ 113.9524798, 34.4423831, 0.0 ], [ 113.9527991, 34.4422926, 0.0 ], [ 113.9528491, 34.4422724, 0.0 ], [ 113.9529989, 34.4422322, 0.0 ], [ 113.9531386, 34.442202, 0.0 ], [ 113.9531785, 34.4421919, 0.0 ], [ 113.9536879, 34.4421009, 0.0 ], [ 113.9539374, 34.4420604, 0.0 ], [ 113.9554451, 34.4420874, 0.0 ], [ 113.9606269, 34.4409976, 0.0 ], [ 113.962644, 34.4406537, 0.0 ], [ 113.9640217, 34.440521, 0.0 ], [ 113.9655294, 34.4402781, 0.0 ], [ 113.9697428, 34.4398398, 0.0 ], [ 113.9718794, 34.4391359, 0.0 ], [ 113.973507, 34.438383, 0.0 ], [ 113.9736668, 34.4383127, 0.0 ], [ 113.9756638, 34.4375491, 0.0 ], [ 113.9760731, 34.4374084, 0.0 ], [ 113.9762329, 34.4372281, 0.0 ], [ 113.977521, 34.4368458, 0.0 ], [ 113.9810454, 34.4364688, 0.0 ] ] ] } },
{ "type": "Feature", "properties": { "Name": "巩义市", "AdminCode": "410181", "Kind": "0137", "CityAdCode": "410100", "CityName": "郑州市", "ProName": "河南省", "Shape_Leng": 1.87704429658, "Shape_Area": 0.1012294451, "sheng": 410000 }, "geometry": { "type": "Polygon", "coordinates": [ [ [ 112.999675, 34.5185545, 0.0 ], [ 113.0000141, 34.5185838, 0.0 ], [ 113.001201, 34.5186817, 0.0 ], [ 113.0037649, 34.519207, 0.0 ], [ 113.0067475, 34.5195716, 0.0 ], [ 113.0087527, 34.5195682, 0.0 ], [ 113.0117353, 34.5199928, 0.0 ], [ 113.0138104, 34.5202291, 0.0 ], [ 113.0149274, 34.5202871, 0.0 ], [ 113.0149872, 34.521606, 0.0 ], [ 113.015047, 34.5232646, 0.0 ], [ 113.0151762, 34.5245234, 0.0 ], [ 113.0159344, 34.5261907, 0.0 ], [ 113.0165428, 34.5276185, 0.0 ], [ 113.0176498, 34.5298049, 0.0 ], [ 113.018607, 34.5316918, 0.0 ], [ 113.0190757, 34.5335795, 0.0 ], [ 113.0191949, 34.5369566, 0.0 ], [ 113.0196136, 34.5385047, 0.0 ], [ 113.020511, 34.5395423, 0.0 ], [ 113.0218078, 34.5411987, 0.0 ], [ 113.0235329, 34.5445231, 0.0 ], [ 113.0257372, 34.5465378, 0.0 ], [ 113.0283007, 34.5478624, 0.0 ], [ 113.0299564, 34.5487889, 0.0 ], [ 113.0316818, 34.5492555, 0.0 ], [ 113.0334775, 34.549882, 0.0 ], [ 113.0349334, 34.5513883, 0.0 ], [ 113.0354122, 34.5525865, 0.0 ], [ 113.035671, 34.5544746, 0.0 ], [ 113.0356807, 34.5558434, 0.0 ], [ 113.0358902, 34.5561828, 0.0 ], [ 113.0364288, 34.5571112, 0.0 ], [ 113.0377352, 34.5580882, 0.0 ], [ 113.0382936, 34.5593462, 0.0 ], [ 113.0374454, 34.5613461, 0.0 ], [ 113.0352804, 34.5651168, 0.0 ], [ 113.0353398, 34.5661458, 0.0 ], [ 113.036796, 34.5670126, 0.0 ], [ 113.0388008, 34.5672491, 0.0 ], [ 113.0409554, 34.5671455, 0.0 ], [ 113.0418634, 34.5661048, 0.0 ], [ 113.0420732, 34.5649653, 0.0 ], [ 113.0434596, 34.5648631, 0.0 ], [ 113.0454644, 34.5653193, 0.0 ], [ 113.046093, 34.5654082, 0.0 ], [ 113.046781, 34.5654969, 0.0 ], [ 113.0483074, 34.5655643, 0.0 ], [ 113.0503223, 34.5648315, 0.0 ], [ 113.0523973, 34.5631793, 0.0 ], [ 113.05561, 34.560386, 0.0 ], [ 113.0577548, 34.5589035, 0.0 ], [ 113.0603882, 34.5586892, 0.0 ], [ 113.0633006, 34.5592738, 0.0 ], [ 113.0662033, 34.5602981, 0.0 ], [ 113.0690257, 34.5622517, 0.0 ], [ 113.0701223, 34.5644281, 0.0 ], [ 113.07074, 34.5671749, 0.0 ], [ 113.0718971, 34.5682121, 0.0 ], [ 113.0731438, 34.5688994, 0.0 ], [ 113.074141, 34.5694173, 0.0 ], [ 113.0751482, 34.5699352, 0.0 ], [ 113.0770235, 34.570002, 0.0 ], [ 113.0785398, 34.5690801, 0.0 ], [ 113.0800064, 34.5675488, 0.0 ], [ 113.081184, 34.566118, 0.0 ], [ 113.082431, 34.5649168, 0.0 ], [ 113.0834786, 34.5636661, 0.0 ], [ 113.0852045, 34.5641827, 0.0 ], [ 113.0862316, 34.5650902, 0.0 ], [ 113.0871488, 34.5662778, 0.0 ], [ 113.0872086, 34.5663576, 0.0 ], [ 113.0879167, 34.5672856, 0.0 ], [ 113.0880661, 34.5674952, 0.0 ], [ 113.0883653, 34.5678944, 0.0 ], [ 113.0886346, 34.5680538, 0.0 ], [ 113.0898812, 34.5688111, 0.0 ], [ 113.091547, 34.5694478, 0.0 ], [ 113.093482, 34.5694544, 0.0 ], [ 113.0956963, 34.5687712, 0.0 ], [ 113.1010981, 34.5660878, 0.0 ], [ 113.1038125, 34.5646727, 0.0 ], [ 113.1056752, 34.565075, 0.0 ], [ 113.1067868, 34.5655961, 0.0 ], [ 113.1081685, 34.5663974, 0.0 ], [ 113.1099606, 34.5680686, 0.0 ], [ 113.1115525, 34.5692099, 0.0 ], [ 113.1144664, 34.5706528, 0.0 ], [ 113.1167394, 34.5718051, 0.0 ], [ 113.118552, 34.5719875, 0.0 ], [ 113.1197238, 34.5721091, 0.0 ], [ 113.1215965, 34.5723914, 0.0 ], [ 113.12415, 34.5733742, 0.0 ], [ 113.1250414, 34.5735852, 0.0 ], [ 113.1265735, 34.5739571, 0.0 ], [ 113.129267, 34.5747002, 0.0 ], [ 113.1308093, 34.5754219, 0.0 ], [ 113.13149, 34.5757325, 0.0 ], [ 113.1318104, 34.5758829, 0.0 ], [ 113.1346847, 34.5765664, 0.0 ], [ 113.1347646, 34.5765865, 0.0 ], [ 113.1352052, 34.5769268, 0.0 ], [ 113.1368774, 34.5785478, 0.0 ], [ 113.1372875, 34.5798174, 0.0 ], [ 113.1378379, 34.581307, 0.0 ], [ 113.1383182, 34.583366, 0.0 ], [ 113.1383783, 34.5836559, 0.0 ], [ 113.1387084, 34.5843758, 0.0 ], [ 113.1392689, 34.5856555, 0.0 ], [ 113.1408608, 34.587836, 0.0 ], [ 113.1422425, 34.5898463, 0.0 ], [ 113.1434737, 34.5915068, 0.0 ], [ 113.1447154, 34.5925376, 0.0 ], [ 113.1460272, 34.5928192, 0.0 ], [ 113.1472789, 34.5936304, 0.0 ], [ 113.1489414, 34.5937426, 0.0 ], [ 113.1515053, 34.5933464, 0.0 ], [ 113.1536484, 34.5928899, 0.0 ], [ 113.1578849, 34.5925561, 0.0 ], [ 113.157454, 34.5939843, 0.0 ], [ 113.157103, 34.5958223, 0.0 ], [ 113.1574532, 34.596912, 0.0 ], [ 113.1582744, 34.5975426, 0.0 ], [ 113.1595963, 34.5978841, 0.0 ], [ 113.1607678, 34.5983354, 0.0 ], [ 113.1620094, 34.5991466, 0.0 ], [ 113.1633914, 34.6000577, 0.0 ], [ 113.1651839, 34.6013291, 0.0 ], [ 113.1667762, 34.6025302, 0.0 ], [ 113.1684984, 34.6031621, 0.0 ], [ 113.1717532, 34.603856, 0.0 ], [ 113.1738966, 34.603969, 0.0 ], [ 113.1769512, 34.6039732, 0.0 ], [ 113.1797653, 34.6035875, 0.0 ], [ 113.1816784, 34.6034703, 0.0 ], [ 113.1839316, 34.6036732, 0.0 ], [ 113.1842318, 34.6039634, 0.0 ], [ 113.1844223, 34.6042933, 0.0 ], [ 113.1853831, 34.6075318, 0.0 ], [ 113.1858734, 34.6089612, 0.0 ], [ 113.1865542, 34.6106307, 0.0 ], [ 113.1866042, 34.6112501, 0.0 ], [ 113.186754, 34.6124593, 0.0 ], [ 113.1862932, 34.6133978, 0.0 ], [ 113.1861229, 34.6137172, 0.0 ], [ 113.1859426, 34.6138669, 0.0 ], [ 113.1841094, 34.6154828, 0.0 ], [ 113.1828473, 34.6180787, 0.0 ], [ 113.1831173, 34.6197176, 0.0 ], [ 113.1843589, 34.6214778, 0.0 ], [ 113.1862716, 34.6226495, 0.0 ], [ 113.1864718, 34.6227896, 0.0 ], [ 113.1865618, 34.6228697, 0.0 ], [ 113.1879337, 34.6238507, 0.0 ], [ 113.1924596, 34.6277935, 0.0 ], [ 113.193491, 34.6292835, 0.0 ], [ 113.1941718, 34.6304834, 0.0 ], [ 113.1950826, 34.6318035, 0.0 ], [ 113.1968646, 34.6359822, 0.0 ], [ 113.198036, 34.6375225, 0.0 ], [ 113.1993475, 34.6381038, 0.0 ], [ 113.2011482, 34.6381645, 0.0 ], [ 113.2028183, 34.6377647, 0.0 ], [ 113.2046179, 34.6370251, 0.0 ], [ 113.2061378, 34.6363357, 0.0 ], [ 113.2076578, 34.6362256, 0.0 ], [ 113.210627, 34.6378238, 0.0 ], [ 113.2121567, 34.6379936, 0.0 ], [ 113.2140164, 34.6382831, 0.0 ], [ 113.216026, 34.6383928, 0.0 ], [ 113.2174058, 34.6381129, 0.0 ], [ 113.2203254, 34.6369637, 0.0 ], [ 113.2221251, 34.6369635, 0.0 ], [ 113.222745, 34.6379525, 0.0 ], [ 113.2233646, 34.6389715, 0.0 ], [ 113.2242642, 34.6399506, 0.0 ], [ 113.2255739, 34.6408696, 0.0 ], [ 113.2268836, 34.6412092, 0.0 ], [ 113.2288934, 34.6408093, 0.0 ], [ 113.2306333, 34.6401198, 0.0 ], [ 113.2335428, 34.6395001, 0.0 ], [ 113.2356226, 34.63932, 0.0 ], [ 113.2358922, 34.6406387, 0.0 ], [ 113.235682, 34.6421874, 0.0 ], [ 113.2365816, 34.6441856, 0.0 ], [ 113.2379611, 34.6461935, 0.0 ], [ 113.2396805, 34.647682, 0.0 ], [ 113.2417501, 34.6492805, 0.0 ], [ 113.2429399, 34.6500296, 0.0 ], [ 113.2434896, 34.6491204, 0.0 ], [ 113.2436498, 34.6487607, 0.0 ], [ 113.2437697, 34.648491, 0.0 ], [ 113.2441898, 34.6476816, 0.0 ], [ 113.2453598, 34.6476316, 0.0 ], [ 113.2472992, 34.64923, 0.0 ], [ 113.2499585, 34.6515376, 0.0 ], [ 113.2501385, 34.6516974, 0.0 ], [ 113.2528374, 34.6560532, 0.0 ], [ 113.2545568, 34.6590904, 0.0 ], [ 113.2567661, 34.6622373, 0.0 ], [ 113.2570656, 34.6631864, 0.0 ], [ 113.2575955, 34.6648748, 0.0 ], [ 113.2575552, 34.665764, 0.0 ], [ 113.2572852, 34.6665533, 0.0 ], [ 113.2568953, 34.6672128, 0.0 ], [ 113.2564151, 34.6677223, 0.0 ], [ 113.2555752, 34.6685817, 0.0 ], [ 113.2532852, 34.6709198, 0.0 ], [ 113.2514752, 34.6726384, 0.0 ], [ 113.2506248, 34.6747667, 0.0 ], [ 113.2504247, 34.6767448, 0.0 ], [ 113.2514543, 34.6785931, 0.0 ], [ 113.251874, 34.6789427, 0.0 ], [ 113.253124, 34.6801316, 0.0 ], [ 113.2543634, 34.6813903, 0.0 ], [ 113.255663, 34.6822095, 0.0 ], [ 113.2560932, 34.6824891, 0.0 ], [ 113.2572028, 34.6837979, 0.0 ], [ 113.2574126, 34.6849868, 0.0 ], [ 113.2575426, 34.6856861, 0.0 ], [ 113.2571225, 34.6870649, 0.0 ], [ 113.2558722, 34.6897426, 0.0 ], [ 113.2543418, 34.6920907, 0.0 ], [ 113.2526718, 34.6950681, 0.0 ], [ 113.2528216, 34.6964369, 0.0 ], [ 113.2529213, 34.6977058, 0.0 ], [ 113.2529411, 34.6978057, 0.0 ], [ 113.2540009, 34.6999936, 0.0 ], [ 113.2555003, 34.7016518, 0.0 ], [ 113.25722, 34.7038794, 0.0 ], [ 113.2582896, 34.7057075, 0.0 ], [ 113.2587493, 34.7065166, 0.0 ], [ 113.259649, 34.7091538, 0.0 ], [ 113.2604683, 34.7116014, 0.0 ], [ 113.2614378, 34.7130998, 0.0 ], [ 113.2631777, 34.7145881, 0.0 ], [ 113.2638671, 34.7163063, 0.0 ], [ 113.2638372, 34.7163763, 0.0 ], [ 113.2632371, 34.7182445, 0.0 ], [ 113.2632367, 34.719673, 0.0 ], [ 113.2639862, 34.7208718, 0.0 ], [ 113.2651062, 34.721571, 0.0 ], [ 113.2662758, 34.7225998, 0.0 ], [ 113.2657157, 34.7240884, 0.0 ], [ 113.2639157, 34.7254072, 0.0 ], [ 113.2625257, 34.7264264, 0.0 ], [ 113.2609154, 34.7288242, 0.0 ], [ 113.2605655, 34.7299131, 0.0 ], [ 113.262305, 34.7313415, 0.0 ], [ 113.2637544, 34.7325501, 0.0 ], [ 113.2652142, 34.7336389, 0.0 ], [ 113.2663936, 34.7355868, 0.0 ], [ 113.2667334, 34.7372451, 0.0 ], [ 113.2666528, 34.7411312, 0.0 ], [ 113.2670621, 34.7435887, 0.0 ], [ 113.268182, 34.7445777, 0.0 ], [ 113.2686518, 34.7447774, 0.0 ], [ 113.2696714, 34.7462358, 0.0 ], [ 113.2695709, 34.7481939, 0.0 ], [ 113.2684009, 34.7499623, 0.0 ], [ 113.268371, 34.7500022, 0.0 ], [ 113.2681208, 34.7509713, 0.0 ], [ 113.2677104, 34.7526596, 0.0 ], [ 113.2676906, 34.7527596, 0.0 ], [ 113.2676006, 34.7530892, 0.0 ], [ 113.2669001, 34.7562361, 0.0 ], [ 113.26585, 34.7589236, 0.0 ], [ 113.2647293, 34.7625301, 0.0 ], [ 113.2632691, 34.7654473, 0.0 ], [ 113.2619292, 34.7669959, 0.0 ], [ 113.2615991, 34.7673856, 0.0 ], [ 113.2594495, 34.7673258, 0.0 ], [ 113.25618, 34.7669665, 0.0 ], [ 113.2540207, 34.7665671, 0.0 ], [ 113.2525811, 34.7655982, 0.0 ], [ 113.2524709, 34.7653585, 0.0 ], [ 113.252431, 34.7652686, 0.0 ], [ 113.2517412, 34.7637101, 0.0 ], [ 113.2515115, 34.761982, 0.0 ], [ 113.250272, 34.7601239, 0.0 ], [ 113.247733, 34.7575867, 0.0 ], [ 113.2472232, 34.7571572, 0.0 ], [ 113.2450337, 34.7553792, 0.0 ], [ 113.243634, 34.7549797, 0.0 ], [ 113.2427441, 34.7553394, 0.0 ], [ 113.2401744, 34.7548801, 0.0 ], [ 113.2367749, 34.7550503, 0.0 ], [ 113.2339356, 34.7543113, 0.0 ], [ 113.2310261, 34.752983, 0.0 ], [ 113.2282566, 34.7520142, 0.0 ], [ 113.2255472, 34.751445, 0.0 ], [ 113.2246973, 34.7514052, 0.0 ], [ 113.2228476, 34.7513254, 0.0 ], [ 113.2182083, 34.7514358, 0.0 ], [ 113.2139689, 34.7525251, 0.0 ], [ 113.2093994, 34.7539441, 0.0 ], [ 113.2067596, 34.7554929, 0.0 ], [ 113.2051198, 34.7560125, 0.0 ], [ 113.2016904, 34.7570918, 0.0 ], [ 113.1955139, 34.7588041, 0.0 ], [ 113.192249, 34.7596586, 0.0 ], [ 113.1882232, 34.7597629, 0.0 ], [ 113.1877523, 34.7598722, 0.0 ], [ 113.1837865, 34.7607257, 0.0 ], [ 113.182745, 34.7607043, 0.0 ], [ 113.1803917, 34.760661, 0.0 ], [ 113.1763558, 34.760146, 0.0 ], [ 113.1733915, 34.7584235, 0.0 ], [ 113.172961, 34.7580733, 0.0 ], [ 113.1728411, 34.7579732, 0.0 ], [ 113.1715692, 34.7569624, 0.0 ], [ 113.1712488, 34.7567122, 0.0 ], [ 113.1710386, 34.7548837, 0.0 ], [ 113.1714594, 34.7538753, 0.0 ], [ 113.1715998, 34.753446, 0.0 ], [ 113.1718003, 34.7509388, 0.0 ], [ 113.1718205, 34.750759, 0.0 ], [ 113.1716102, 34.7500194, 0.0 ], [ 113.1711998, 34.7485902, 0.0 ], [ 113.1703686, 34.7473203, 0.0 ], [ 113.1692674, 34.7459502, 0.0 ], [ 113.1675451, 34.7443493, 0.0 ], [ 113.1643303, 34.7444548, 0.0 ], [ 113.1624778, 34.7449717, 0.0 ], [ 113.1609053, 34.746438, 0.0 ], [ 113.1604643, 34.7484055, 0.0 ], [ 113.1603138, 34.7490845, 0.0 ], [ 113.1607145, 34.7500242, 0.0 ], [ 113.1611047, 34.7509238, 0.0 ], [ 113.1614752, 34.7517734, 0.0 ], [ 113.1631373, 34.7552023, 0.0 ], [ 113.1634274, 34.7566014, 0.0 ], [ 113.1633472, 34.7586493, 0.0 ], [ 113.1633968, 34.7592686, 0.0 ], [ 113.1633968, 34.7594085, 0.0 ], [ 113.1637169, 34.7638845, 0.0 ], [ 113.1635761, 34.7668713, 0.0 ], [ 113.1624644, 34.768648, 0.0 ], [ 113.1609319, 34.7692752, 0.0 ], [ 113.1592594, 34.7713308, 0.0 ], [ 113.1591791, 34.7714006, 0.0 ], [ 113.1580073, 34.7732172, 0.0 ], [ 113.1566152, 34.7741343, 0.0 ], [ 113.1540012, 34.7746602, 0.0 ], [ 113.153841, 34.7746899, 0.0 ], [ 113.1532801, 34.7746492, 0.0 ], [ 113.1515474, 34.7745169, 0.0 ], [ 113.1500754, 34.7746647, 0.0 ], [ 113.1483528, 34.7748521, 0.0 ], [ 113.1461294, 34.7751986, 0.0 ], [ 113.144737, 34.7765653, 0.0 ], [ 113.1450073, 34.7783938, 0.0 ], [ 113.1461788, 34.7802936, 0.0 ], [ 113.1481112, 34.7823543, 0.0 ], [ 113.1498436, 34.7843547, 0.0 ], [ 113.1514956, 34.7862451, 0.0 ], [ 113.1528773, 34.788315, 0.0 ], [ 113.1541992, 34.7901449, 0.0 ], [ 113.1555208, 34.7915155, 0.0 ], [ 113.1552299, 34.7943222, 0.0 ], [ 113.1533471, 34.7945993, 0.0 ], [ 113.150363, 34.7932265, 0.0 ], [ 113.1466172, 34.7928817, 0.0 ], [ 113.1460564, 34.7936801, 0.0 ], [ 113.1459862, 34.7943093, 0.0 ], [ 113.1468876, 34.7952197, 0.0 ], [ 113.148059, 34.7966499, 0.0 ], [ 113.1494508, 34.797511, 0.0 ], [ 113.1506226, 34.7983218, 0.0 ], [ 113.1498612, 34.7991699, 0.0 ], [ 113.148329, 34.799857, 0.0 ], [ 113.146456, 34.8004837, 0.0 ], [ 113.1463858, 34.8015723, 0.0 ], [ 113.1466561, 34.8029411, 0.0 ], [ 113.148108, 34.8044413, 0.0 ], [ 113.1492096, 34.8050721, 0.0 ], [ 113.1503314, 34.8050137, 0.0 ], [ 113.1522041, 34.8042772, 0.0 ], [ 113.1541474, 34.8037605, 0.0 ], [ 113.1547882, 34.8046503, 0.0 ], [ 113.1556892, 34.8062597, 0.0 ], [ 113.1563102, 34.8070996, 0.0 ], [ 113.1560597, 34.8071092, 0.0 ], [ 113.1558494, 34.8071288, 0.0 ], [ 113.1553886, 34.8071482, 0.0 ], [ 113.1552587, 34.807148, 0.0 ], [ 113.1551485, 34.8071479, 0.0 ], [ 113.154858, 34.8071874, 0.0 ], [ 113.154327, 34.8072267, 0.0 ], [ 113.1540466, 34.8072462, 0.0 ], [ 113.1537863, 34.8072758, 0.0 ], [ 113.1532355, 34.8073449, 0.0 ], [ 113.1531152, 34.8073747, 0.0 ], [ 113.1518635, 34.8079324, 0.0 ], [ 113.1497402, 34.8089782, 0.0 ], [ 113.1494396, 34.8091874, 0.0 ], [ 113.149049, 34.8095465, 0.0 ], [ 113.1488186, 34.809726, 0.0 ], [ 113.1486984, 34.8098057, 0.0 ], [ 113.1485882, 34.8098854, 0.0 ], [ 113.1482578, 34.8100547, 0.0 ], [ 113.1480072, 34.8101543, 0.0 ], [ 113.1480475, 34.8101943, 0.0 ], [ 113.1484579, 34.8106943, 0.0 ], [ 113.1493392, 34.8113547, 0.0 ], [ 113.14989, 34.8133031, 0.0 ], [ 113.1505708, 34.8144527, 0.0 ], [ 113.1520331, 34.8152538, 0.0 ], [ 113.1532747, 34.816514, 0.0 ], [ 113.1535447, 34.8180026, 0.0 ], [ 113.1535346, 34.8196107, 0.0 ], [ 113.1543058, 34.8195418, 0.0 ], [ 113.1559787, 34.8176664, 0.0 ], [ 113.1572304, 34.8166894, 0.0 ], [ 113.1585527, 34.8167511, 0.0 ], [ 113.1604254, 34.817383, 0.0 ], [ 113.1614568, 34.8179038, 0.0 ], [ 113.1605453, 34.8202198, 0.0 ], [ 113.158742, 34.8227042, 0.0 ], [ 113.1557375, 34.8253269, 0.0 ], [ 113.1553368, 34.8258857, 0.0 ], [ 113.1551665, 34.8260652, 0.0 ], [ 113.1550963, 34.826145, 0.0 ], [ 113.1533737, 34.8283001, 0.0 ], [ 113.1514805, 34.8299853, 0.0 ], [ 113.1507796, 34.8306836, 0.0 ], [ 113.1505992, 34.8308531, 0.0 ], [ 113.1480752, 34.8333565, 0.0 ], [ 113.1474841, 34.8341448, 0.0 ], [ 113.1469535, 34.8348631, 0.0 ], [ 113.1467731, 34.8350427, 0.0 ], [ 113.145291, 34.8341417, 0.0 ], [ 113.143999, 34.8333609, 0.0 ], [ 113.1401236, 34.8314977, 0.0 ], [ 113.136548, 34.830384, 0.0 ], [ 113.1326222, 34.8292898, 0.0 ], [ 113.1318011, 34.8292986, 0.0 ], [ 113.1301386, 34.8293264, 0.0 ], [ 113.127665, 34.8299621, 0.0 ], [ 113.1252113, 34.8311672, 0.0 ], [ 113.1250309, 34.8314866, 0.0 ], [ 113.1239592, 34.8333628, 0.0 ], [ 113.1238588, 34.8335325, 0.0 ], [ 113.1236784, 34.8341116, 0.0 ], [ 113.122867, 34.8367672, 0.0 ], [ 113.1229768, 34.8408625, 0.0 ], [ 113.1230866, 34.8452473, 0.0 ], [ 113.1232061, 34.8499319, 0.0 ], [ 113.1236366, 34.852849, 0.0 ], [ 113.1250284, 34.855288, 0.0 ], [ 113.1251285, 34.8554579, 0.0 ], [ 113.1251785, 34.8575056, 0.0 ], [ 113.125028, 34.8579248, 0.0 ], [ 113.1245172, 34.8592726, 0.0 ], [ 113.1239963, 34.8598511, 0.0 ], [ 113.1227946, 34.8611979, 0.0 ], [ 113.1203308, 34.8622631, 0.0 ], [ 113.1185081, 34.8629198, 0.0 ], [ 113.1173363, 34.8633376, 0.0 ], [ 113.1134404, 34.8638416, 0.0 ], [ 113.1066803, 34.8636623, 0.0 ], [ 113.1027642, 34.8634372, 0.0 ], [ 113.0996909, 34.8628744, 0.0 ], [ 113.0963296, 34.8613526, 0.0 ], [ 113.0936368, 34.8599393, 0.0 ], [ 113.0894978, 34.8572405, 0.0 ], [ 113.0858874, 34.8546703, 0.0 ], [ 113.0811998, 34.8516929, 0.0 ], [ 113.0767117, 34.8491344, 0.0 ], [ 113.0730916, 34.8464246, 0.0 ], [ 113.0696608, 34.8438541, 0.0 ], [ 113.0674964, 34.84243, 0.0 ], [ 113.0655017, 34.8408456, 0.0 ], [ 113.0637064, 34.8397105, 0.0 ], [ 113.0595275, 34.8393787, 0.0 ], [ 113.0548097, 34.8407761, 0.0 ], [ 113.0546999, 34.8407662, 0.0 ], [ 113.028557, 34.8471682, 0.0 ], [ 113.0261231, 34.8491105, 0.0 ], [ 113.0240383, 34.8511919, 0.0 ], [ 113.0218441, 34.8529241, 0.0 ], [ 113.0197691, 34.8546958, 0.0 ], [ 113.0169762, 34.8567887, 0.0 ], [ 113.0138341, 34.8590319, 0.0 ], [ 113.0105027, 34.8606862, 0.0 ], [ 113.0071612, 34.8623506, 0.0 ], [ 113.0038196, 34.8637154, 0.0 ], [ 113.0011765, 34.8644894, 0.0 ], [ 113.0000094, 34.8647513, 0.0 ], [ 112.9983437, 34.8651239, 0.0 ], [ 112.9956808, 34.8653087, 0.0 ], [ 112.9937558, 34.8652124, 0.0 ], [ 112.9933667, 34.8651931, 0.0 ], [ 112.990883, 34.8649381, 0.0 ], [ 112.9885492, 34.8642433, 0.0 ], [ 112.9858564, 34.8634093, 0.0 ], [ 112.9831834, 34.8625752, 0.0 ], [ 112.9810093, 34.8614306, 0.0 ], [ 112.979214, 34.860585, 0.0 ], [ 112.9784857, 34.8598571, 0.0 ], [ 112.9781268, 34.8600076, 0.0 ], [ 112.9759625, 34.8582937, 0.0 ], [ 112.9718038, 34.855285, 0.0 ], [ 112.9678344, 34.8525654, 0.0 ], [ 112.9633261, 34.849857, 0.0 ], [ 112.9589878, 34.8465588, 0.0 ], [ 112.9542905, 34.8434111, 0.0 ], [ 112.9494233, 34.8398341, 0.0 ], [ 112.9467107, 34.8378314, 0.0 ], [ 112.9440078, 34.8359685, 0.0 ], [ 112.9411354, 34.8346953, 0.0 ], [ 112.9402577, 34.8343772, 0.0 ], [ 112.9388015, 34.8338605, 0.0 ], [ 112.9363182, 34.8334654, 0.0 ], [ 112.9338346, 34.8335, 0.0 ], [ 112.931361, 34.8338342, 0.0 ], [ 112.928967, 34.8343979, 0.0 ], [ 112.9287175, 34.8344582, 0.0 ], [ 112.926254, 34.8355915, 0.0 ], [ 112.9260845, 34.8356717, 0.0 ], [ 112.9236307, 34.836745, 0.0 ], [ 112.9213663, 34.8385372, 0.0 ], [ 112.9184039, 34.8410698, 0.0 ], [ 112.9158202, 34.8438914, 0.0 ], [ 112.9137354, 34.8459729, 0.0 ], [ 112.9119898, 34.8471748, 0.0 ], [ 112.9098852, 34.8480977, 0.0 ], [ 112.9074314, 34.8490112, 0.0 ], [ 112.9053168, 34.8496344, 0.0 ], [ 112.9028634, 34.8506977, 0.0 ], [ 112.9000604, 34.8517718, 0.0 ], [ 112.8974069, 34.8525476, 0.0 ], [ 112.8949434, 34.8534531, 0.0 ], [ 112.8928504, 34.8543093, 0.0 ], [ 112.8922096, 34.8541186, 0.0 ], [ 112.8903869, 34.8545655, 0.0 ], [ 112.8853901, 34.8544886, 0.0 ], [ 112.8818153, 34.8539542, 0.0 ], [ 112.8785908, 34.8531206, 0.0 ], [ 112.8757068, 34.8514085, 0.0 ], [ 112.8749857, 34.8508281, 0.0 ], [ 112.8733438, 34.8495272, 0.0 ], [ 112.871331, 34.8473568, 0.0 ], [ 112.8689579, 34.8447563, 0.0 ], [ 112.8671258, 34.8422865, 0.0 ], [ 112.8650832, 34.8386477, 0.0 ], [ 112.8619894, 34.834398, 0.0 ], [ 112.8615988, 34.833858, 0.0 ], [ 112.8612784, 34.8333182, 0.0 ], [ 112.8595565, 34.830369, 0.0 ], [ 112.8558719, 34.8247001, 0.0 ], [ 112.8534786, 34.8209209, 0.0 ], [ 112.851256, 34.8174316, 0.0 ], [ 112.8490834, 34.8154108, 0.0 ], [ 112.8474511, 34.8142598, 0.0 ], [ 112.846009, 34.8134087, 0.0 ], [ 112.8442165, 34.8128468, 0.0 ], [ 112.8422538, 34.8125844, 0.0 ], [ 112.8406518, 34.8126121, 0.0 ], [ 112.8390595, 34.8129295, 0.0 ], [ 112.8367562, 34.8135456, 0.0 ], [ 112.834643, 34.8143218, 0.0 ], [ 112.8325302, 34.8153777, 0.0 ], [ 112.8305974, 34.8164338, 0.0 ], [ 112.827613, 34.8182376, 0.0 ], [ 112.8268217, 34.8190157, 0.0 ], [ 112.8255599, 34.8196832, 0.0 ], [ 112.8235468, 34.8215484, 0.0 ], [ 112.8232066, 34.8213481, 0.0 ], [ 112.8221651, 34.8207173, 0.0 ], [ 112.8201523, 34.8195758, 0.0 ], [ 112.8179995, 34.8181443, 0.0 ], [ 112.8146648, 34.8163716, 0.0 ], [ 112.8108499, 34.8144284, 0.0 ], [ 112.8079958, 34.8124965, 0.0 ], [ 112.8065342, 34.8108863, 0.0 ], [ 112.805563, 34.8090469, 0.0 ], [ 112.8051425, 34.806599, 0.0 ], [ 112.804582, 34.8034417, 0.0 ], [ 112.8040218, 34.7994952, 0.0 ], [ 112.8038818, 34.7990355, 0.0 ], [ 112.803732, 34.7961182, 0.0 ], [ 112.8041536, 34.7917032, 0.0 ], [ 112.8044952, 34.7859794, 0.0 ], [ 112.8051864, 34.7842121, 0.0 ], [ 112.8063586, 34.7821958, 0.0 ], [ 112.8073302, 34.7809983, 0.0 ], [ 112.8088624, 34.7797917, 0.0 ], [ 112.8111458, 34.7793353, 0.0 ], [ 112.8149212, 34.7792407, 0.0 ], [ 112.8151915, 34.7792311, 0.0 ], [ 112.8191969, 34.7794864, 0.0 ], [ 112.8216305, 34.77937, 0.0 ], [ 112.8227317, 34.7801207, 0.0 ], [ 112.8255854, 34.7819529, 0.0 ], [ 112.8282289, 34.7830954, 0.0 ], [ 112.8310726, 34.7839986, 0.0 ], [ 112.833356, 34.7841616, 0.0 ], [ 112.834818, 34.7838839, 0.0 ], [ 112.83606, 34.7834161, 0.0 ], [ 112.8371015, 34.7824985, 0.0 ], [ 112.8402961, 34.7811243, 0.0 ], [ 112.8448026, 34.7803114, 0.0 ], [ 112.8477168, 34.7804853, 0.0 ], [ 112.8492788, 34.7803876, 0.0 ], [ 112.8516721, 34.7802511, 0.0 ], [ 112.8554874, 34.7805861, 0.0 ], [ 112.858682, 34.7805306, 0.0 ], [ 112.8642397, 34.780918, 0.0 ], [ 112.8689665, 34.7808047, 0.0 ], [ 112.8690263, 34.7808048, 0.0 ], [ 112.8715301, 34.7799392, 0.0 ], [ 112.8737434, 34.779243, 0.0 ], [ 112.874985, 34.7790649, 0.0 ], [ 112.8761068, 34.7788967, 0.0 ], [ 112.8768779, 34.7791275, 0.0 ], [ 112.8783298, 34.779589, 0.0 ], [ 112.8788402, 34.7800293, 0.0 ], [ 112.879521, 34.7806197, 0.0 ], [ 112.8809228, 34.7823199, 0.0 ], [ 112.8818837, 34.7838797, 0.0 ], [ 112.8836164, 34.7839321, 0.0 ], [ 112.8867304, 34.7847157, 0.0 ], [ 112.887842, 34.7851868, 0.0 ], [ 112.8880321, 34.7851571, 0.0 ], [ 112.8881624, 34.7851273, 0.0 ], [ 112.8884828, 34.7849978, 0.0 ], [ 112.888593, 34.7849381, 0.0 ], [ 112.8887532, 34.7848683, 0.0 ], [ 112.8889235, 34.7847687, 0.0 ], [ 112.8890437, 34.784689, 0.0 ], [ 112.8891236, 34.7846391, 0.0 ], [ 112.889174, 34.7845793, 0.0 ], [ 112.8892342, 34.7843995, 0.0 ], [ 112.8893342, 34.7841099, 0.0 ], [ 112.8893544, 34.78406, 0.0 ], [ 112.8894343, 34.7838403, 0.0 ], [ 112.8894743, 34.7837604, 0.0 ], [ 112.8895045, 34.7837206, 0.0 ], [ 112.8895344, 34.7836706, 0.0 ], [ 112.8895646, 34.7836507, 0.0 ], [ 112.8896248, 34.7835909, 0.0 ], [ 112.8898451, 34.7835012, 0.0 ], [ 112.8901356, 34.7834417, 0.0 ], [ 112.8902958, 34.783402, 0.0 ], [ 112.8904157, 34.7833722, 0.0 ], [ 112.8905762, 34.7833424, 0.0 ], [ 112.8907562, 34.7833127, 0.0 ], [ 112.8911368, 34.7832433, 0.0 ], [ 112.8914773, 34.7831838, 0.0 ], [ 112.8916076, 34.783154, 0.0 ], [ 112.8918679, 34.7830844, 0.0 ], [ 112.8921185, 34.7829949, 0.0 ], [ 112.892589, 34.7828058, 0.0 ], [ 112.8930196, 34.7826465, 0.0 ], [ 112.89325, 34.7825969, 0.0 ], [ 112.8936607, 34.7821979, 0.0 ], [ 112.8974465, 34.7797456, 0.0 ], [ 112.8993894, 34.7786594, 0.0 ], [ 112.9014666, 34.7765895, 0.0 ], [ 112.9029131, 34.7744091, 0.0 ], [ 112.9033922, 34.7722903, 0.0 ], [ 112.9028342, 34.7709227, 0.0 ], [ 112.9023457, 34.7691953, 0.0 ], [ 112.9015782, 34.7674783, 0.0 ], [ 112.9014292, 34.7646215, 0.0 ], [ 112.901539, 34.7643616, 0.0 ], [ 112.9015786, 34.7642616, 0.0 ], [ 112.901918, 34.7634218, 0.0 ], [ 112.9021178, 34.761813, 0.0 ], [ 112.9026668, 34.7599239, 0.0 ], [ 112.9025272, 34.7586055, 0.0 ], [ 112.9013507, 34.7576287, 0.0 ], [ 112.899834, 34.7571315, 0.0 ], [ 112.8984527, 34.7561606, 0.0 ], [ 112.8977316, 34.7556401, 0.0 ], [ 112.8962797, 34.7543793, 0.0 ], [ 112.8956393, 34.7527201, 0.0 ], [ 112.8956695, 34.7522706, 0.0 ], [ 112.8957095, 34.7514015, 0.0 ], [ 112.8957998, 34.7512018, 0.0 ], [ 112.8963208, 34.7500038, 0.0 ], [ 112.896481, 34.7496243, 0.0 ], [ 112.8973828, 34.7479672, 0.0 ], [ 112.897994, 34.7459601, 0.0 ], [ 112.8995165, 34.7434947, 0.0 ], [ 112.9011844, 34.7412652, 0.0 ], [ 112.9039376, 34.7386728, 0.0 ], [ 112.9064512, 34.7376991, 0.0 ], [ 112.9071892, 34.7374079, 0.0 ], [ 112.9139017, 34.7340587, 0.0 ], [ 112.919368, 34.7308317, 0.0 ], [ 112.9228988, 34.7292867, 0.0 ], [ 112.9259408, 34.7276725, 0.0 ], [ 112.929332, 34.7269768, 0.0 ], [ 112.9322444, 34.7260023, 0.0 ], [ 112.932324, 34.7259323, 0.0 ], [ 112.9338403, 34.7246807, 0.0 ], [ 112.93394, 34.7244207, 0.0 ], [ 112.9314272, 34.7212685, 0.0 ], [ 112.9298522, 34.7183342, 0.0 ], [ 112.9285357, 34.7166683, 0.0 ], [ 112.9269604, 34.7146733, 0.0 ], [ 112.9245473, 34.7133391, 0.0 ], [ 112.9214956, 34.7130451, 0.0 ], [ 112.9181044, 34.7136109, 0.0 ], [ 112.915611, 34.7132561, 0.0 ], [ 112.9134672, 34.7119913, 0.0 ], [ 112.9112633, 34.7109565, 0.0 ], [ 112.9077432, 34.7087753, 0.0 ], [ 112.9058888, 34.705512, 0.0 ], [ 112.904194, 34.7022985, 0.0 ], [ 112.9022698, 34.6998945, 0.0 ], [ 112.8994355, 34.6976002, 0.0 ], [ 112.8963312, 34.6956377, 0.0 ], [ 112.8942385, 34.6950553, 0.0 ], [ 112.8922254, 34.6953721, 0.0 ], [ 112.8873485, 34.6975334, 0.0 ], [ 112.8824716, 34.7000843, 0.0 ], [ 112.8806582, 34.7027091, 0.0 ], [ 112.8770827, 34.7056112, 0.0 ], [ 112.8749897, 34.7066672, 0.0 ], [ 112.8727062, 34.7078228, 0.0 ], [ 112.8689806, 34.7092861, 0.0 ], [ 112.867268, 34.7099631, 0.0 ], [ 112.8627616, 34.7106861, 0.0 ], [ 112.8590867, 34.7098118, 0.0 ], [ 112.852318, 34.7065756, 0.0 ], [ 112.8450586, 34.7027693, 0.0 ], [ 112.8396013, 34.6996547, 0.0 ], [ 112.8328121, 34.6983064, 0.0 ], [ 112.8289367, 34.6972619, 0.0 ], [ 112.8241804, 34.695297, 0.0 ], [ 112.8234895, 34.6940971, 0.0 ], [ 112.8231893, 34.6934273, 0.0 ], [ 112.8228386, 34.6923977, 0.0 ], [ 112.822979, 34.6911291, 0.0 ], [ 112.82346, 34.6892414, 0.0 ], [ 112.82332, 34.6875228, 0.0 ], [ 112.8231799, 34.6844854, 0.0 ], [ 112.8242718, 34.6806503, 0.0 ], [ 112.8250433, 34.6785333, 0.0 ], [ 112.8257946, 34.6757269, 0.0 ], [ 112.8259354, 34.6709314, 0.0 ], [ 112.8260153, 34.6701722, 0.0 ], [ 112.8267666, 34.6691741, 0.0 ], [ 112.8272173, 34.6687752, 0.0 ], [ 112.8283891, 34.6678576, 0.0 ], [ 112.8299112, 34.6666608, 0.0 ], [ 112.8291804, 34.6649613, 0.0 ], [ 112.8276482, 34.6634105, 0.0 ], [ 112.8257057, 34.6618093, 0.0 ], [ 112.8247344, 34.660669, 0.0 ], [ 112.8243143, 34.6592996, 0.0 ], [ 112.8250051, 34.6578619, 0.0 ], [ 112.8261168, 34.6566046, 0.0 ], [ 112.8284003, 34.6547694, 0.0 ], [ 112.8317252, 34.6523562, 0.0 ], [ 112.8365024, 34.6477071, 0.0 ], [ 112.8391261, 34.6457624, 0.0 ], [ 112.840308, 34.6435161, 0.0 ], [ 112.8411295, 34.6415891, 0.0 ], [ 112.8404988, 34.6396299, 0.0 ], [ 112.8393972, 34.6379099, 0.0 ], [ 112.8393072, 34.6377699, 0.0 ], [ 112.8382859, 34.6364297, 0.0 ], [ 112.8377254, 34.6345406, 0.0 ], [ 112.8375853, 34.6321925, 0.0 ], [ 112.836334, 34.6300726, 0.0 ], [ 112.8342611, 34.6291106, 0.0 ], [ 112.8316975, 34.6279081, 0.0 ], [ 112.8312068, 34.6275078, 0.0 ], [ 112.8296848, 34.6263068, 0.0 ], [ 112.8300955, 34.6252783, 0.0 ], [ 112.8318282, 34.6241218, 0.0 ], [ 112.8347323, 34.6233765, 0.0 ], [ 112.8370856, 34.6215514, 0.0 ], [ 112.8376768, 34.6201335, 0.0 ], [ 112.8379774, 34.6194246, 0.0 ], [ 112.8387384, 34.6170178, 0.0 ], [ 112.8393598, 34.6137516, 0.0 ], [ 112.83948, 34.6122531, 0.0 ], [ 112.8395603, 34.6111842, 0.0 ], [ 112.838449, 34.6083652, 0.0 ], [ 112.8367868, 34.6061348, 0.0 ], [ 112.8366569, 34.6030275, 0.0 ], [ 112.8391913, 34.5981752, 0.0 ], [ 112.8425072, 34.5918149, 0.0 ], [ 112.8431981, 34.5914162, 0.0 ], [ 112.8441697, 34.590868, 0.0 ], [ 112.846383, 34.5902616, 0.0 ], [ 112.8499877, 34.5905963, 0.0 ], [ 112.850829, 34.5906975, 0.0 ], [ 112.8537932, 34.5910612, 0.0 ], [ 112.8561462, 34.5915742, 0.0 ], [ 112.8551051, 34.5900139, 0.0 ], [ 112.8541838, 34.5892532, 0.0 ], [ 112.8535834, 34.5887628, 0.0 ], [ 112.854074, 34.5873947, 0.0 ], [ 112.8548257, 34.5858469, 0.0 ], [ 112.8557772, 34.5846292, 0.0 ], [ 112.8566286, 34.5835513, 0.0 ], [ 112.8567989, 34.5833217, 0.0 ], [ 112.858141, 34.581425, 0.0 ], [ 112.859073, 34.5788285, 0.0 ], [ 112.8595738, 34.57772, 0.0 ], [ 112.8606455, 34.5776216, 0.0 ], [ 112.8609256, 34.5775621, 0.0 ], [ 112.8612463, 34.5775026, 0.0 ], [ 112.8614065, 34.5774428, 0.0 ], [ 112.8614566, 34.5774129, 0.0 ], [ 112.8615066, 34.577373, 0.0 ], [ 112.8615566, 34.5772931, 0.0 ], [ 112.8616369, 34.5771733, 0.0 ], [ 112.8625884, 34.575536, 0.0 ], [ 112.8631694, 34.5745476, 0.0 ], [ 112.8635701, 34.5740186, 0.0 ], [ 112.8639506, 34.5734396, 0.0 ], [ 112.8644017, 34.5726708, 0.0 ], [ 112.864662, 34.5723514, 0.0 ], [ 112.8653032, 34.5716629, 0.0 ], [ 112.8660541, 34.5707846, 0.0 ], [ 112.8666452, 34.570126, 0.0 ], [ 112.8669757, 34.5697567, 0.0 ], [ 112.8678671, 34.5687188, 0.0 ], [ 112.8684481, 34.5680601, 0.0 ], [ 112.8689989, 34.5674614, 0.0 ], [ 112.8694298, 34.5669324, 0.0 ], [ 112.8697502, 34.5665332, 0.0 ], [ 112.8706819, 34.5655353, 0.0 ], [ 112.8712727, 34.5649266, 0.0 ], [ 112.8715934, 34.5645374, 0.0 ], [ 112.8722342, 34.5638988, 0.0 ], [ 112.873306, 34.5628311, 0.0 ], [ 112.8737768, 34.5623322, 0.0 ], [ 112.8742776, 34.5618033, 0.0 ], [ 112.874458, 34.5615737, 0.0 ], [ 112.8748586, 34.5608949, 0.0 ], [ 112.8749386, 34.5607351, 0.0 ], [ 112.8751891, 34.5604956, 0.0 ], [ 112.8757, 34.5600267, 0.0 ], [ 112.876992, 34.5588994, 0.0 ], [ 112.8770719, 34.5588296, 0.0 ], [ 112.8772825, 34.55862, 0.0 ], [ 112.8774726, 34.5583306, 0.0 ], [ 112.8779237, 34.5575119, 0.0 ], [ 112.8782941, 34.5566631, 0.0 ], [ 112.8786948, 34.5560641, 0.0 ], [ 112.8789454, 34.5554949, 0.0 ], [ 112.8796164, 34.5548863, 0.0 ], [ 112.8818898, 34.5532009, 0.0 ], [ 112.8847846, 34.5507868, 0.0 ], [ 112.8857861, 34.5501187, 0.0 ], [ 112.8866072, 34.5496703, 0.0 ], [ 112.887769, 34.5493221, 0.0 ], [ 112.8885102, 34.5490234, 0.0 ], [ 112.8948095, 34.5463444, 0.0 ], [ 112.8977136, 34.5449596, 0.0 ], [ 112.8979238, 34.5448499, 0.0 ], [ 112.8981244, 34.5446903, 0.0 ], [ 112.8983648, 34.5443509, 0.0 ], [ 112.899857, 34.5422047, 0.0 ], [ 112.8998772, 34.5420948, 0.0 ], [ 112.8998772, 34.541885, 0.0 ], [ 112.9058215, 34.5433123, 0.0 ], [ 112.9146077, 34.545443, 0.0 ], [ 112.9181285, 34.5464252, 0.0 ], [ 112.9182181, 34.546455, 0.0 ], [ 112.9209206, 34.547239, 0.0 ], [ 112.9293781, 34.5486109, 0.0 ], [ 112.9306248, 34.5486485, 0.0 ], [ 112.9332478, 34.5487232, 0.0 ], [ 112.9376164, 34.5489442, 0.0 ], [ 112.9418352, 34.5487559, 0.0 ], [ 112.9461937, 34.5489171, 0.0 ], [ 112.9496544, 34.5480009, 0.0 ], [ 112.9521481, 34.5474164, 0.0 ], [ 112.9543524, 34.5463828, 0.0 ], [ 112.9564271, 34.5454095, 0.0 ], [ 112.9567262, 34.5451891, 0.0 ], [ 112.9594093, 34.5432253, 0.0 ], [ 112.9616237, 34.5425314, 0.0 ], [ 112.9648748, 34.5422751, 0.0 ], [ 112.9702806, 34.5418347, 0.0 ], [ 112.9737416, 34.5410883, 0.0 ], [ 112.9764445, 34.541023, 0.0 ], [ 112.9785887, 34.5402893, 0.0 ], [ 112.9802843, 34.5393466, 0.0 ], [ 112.9812617, 34.5391748, 0.0 ], [ 112.9814712, 34.5383251, 0.0 ], [ 112.9806536, 34.5370078, 0.0 ], [ 112.9797763, 34.5344216, 0.0 ], [ 112.9806842, 34.532891, 0.0 ], [ 112.9817214, 34.5318598, 0.0 ], [ 112.9832575, 34.5303778, 0.0 ], [ 112.9840956, 34.5287275, 0.0 ], [ 112.9843152, 34.5271284, 0.0 ], [ 112.9841856, 34.5255299, 0.0 ], [ 112.9845348, 34.5247798, 0.0 ], [ 112.9859212, 34.5242775, 0.0 ], [ 112.9881452, 34.5244529, 0.0 ], [ 112.990838, 34.5252069, 0.0 ], [ 112.9927129, 34.5257427, 0.0 ], [ 112.9937998, 34.5256006, 0.0 ], [ 112.9948571, 34.5254586, 0.0 ], [ 112.9972907, 34.5243847, 0.0 ], [ 112.9986173, 34.5231329, 0.0 ], [ 112.9986972, 34.5219238, 0.0 ], [ 112.9985676, 34.5205552, 0.0 ], [ 112.998847, 34.5191756, 0.0 ], [ 112.999675, 34.5185545, 0.0 ] ] ] } },
{ "type": "Feature", "properties": { "Name": "荥阳市", "AdminCode": "410182", "Kind": "0137", "CityAdCode": "410100", "CityName": "郑州市", "ProName": "河南省", "Shape_Leng": 2.14878448307, "Shape_Area": 0.09577282359, "sheng": 410000 }, "geometry": { "type": "Polygon", "coordinates": [ [ [ 113.39712, 34.6076462, 0.0 ], [ 113.4008579, 34.6077139, 0.0 ], [ 113.4037649, 34.6086685, 0.0 ], [ 113.4053888, 34.609331, 0.0 ], [ 113.406151, 34.6094923, 0.0 ], [ 113.4103712, 34.6102396, 0.0 ], [ 113.4110128, 34.6103208, 0.0 ], [ 113.4116946, 34.610412, 0.0 ], [ 113.4146718, 34.6108173, 0.0 ], [ 113.4210575, 34.6119683, 0.0 ], [ 113.4242356, 34.6123841, 0.0 ], [ 113.427644, 34.6128401, 0.0 ], [ 113.4320148, 34.6131282, 0.0 ], [ 113.4355435, 34.6131248, 0.0 ], [ 113.4358844, 34.6131854, 0.0 ], [ 113.4383202, 34.6135897, 0.0 ], [ 113.4397134, 34.6153607, 0.0 ], [ 113.4406156, 34.6171308, 0.0 ], [ 113.4415076, 34.6189709, 0.0 ], [ 113.443452, 34.621822, 0.0 ], [ 113.4449057, 34.6203261, 0.0 ], [ 113.44657, 34.6197099, 0.0 ], [ 113.4483743, 34.6196534, 0.0 ], [ 113.4505199, 34.6197073, 0.0 ], [ 113.4525244, 34.6207901, 0.0 ], [ 113.4537073, 34.6219914, 0.0 ], [ 113.4546091, 34.6234817, 0.0 ], [ 113.455431, 34.6250218, 0.0 ], [ 113.4557111, 34.6292486, 0.0 ], [ 113.4564728, 34.6312582, 0.0 ], [ 113.4572443, 34.6335476, 0.0 ], [ 113.456412, 34.6349148, 0.0 ], [ 113.4552287, 34.6368109, 0.0 ], [ 113.4535644, 34.638816, 0.0 ], [ 113.453564, 34.6411039, 0.0 ], [ 113.4543254, 34.6426439, 0.0 ], [ 113.4568217, 34.643318, 0.0 ], [ 113.4581346, 34.6444695, 0.0 ], [ 113.4606305, 34.6460629, 0.0 ], [ 113.4625655, 34.645557, 0.0 ], [ 113.4643698, 34.6456603, 0.0 ], [ 113.4645901, 34.6460603, 0.0 ], [ 113.4646603, 34.6461904, 0.0 ], [ 113.4654822, 34.6477206, 0.0 ], [ 113.4657526, 34.6496094, 0.0 ], [ 113.4658829, 34.6497895, 0.0 ], [ 113.4665942, 34.6521786, 0.0 ], [ 113.4672052, 34.6548174, 0.0 ], [ 113.468017, 34.6566273, 0.0 ], [ 113.4703224, 34.6582303, 0.0 ], [ 113.4705928, 34.6582807, 0.0 ], [ 113.4753944, 34.6601782, 0.0 ], [ 113.4755244, 34.6602284, 0.0 ], [ 113.4773989, 34.6609613, 0.0 ], [ 113.4784314, 34.6612929, 0.0 ], [ 113.4798948, 34.6617652, 0.0 ], [ 113.4813884, 34.6622477, 0.0 ], [ 113.4854881, 34.6633745, 0.0 ], [ 113.4856184, 34.6633947, 0.0 ], [ 113.4858089, 34.663415, 0.0 ], [ 113.4884754, 34.6637298, 0.0 ], [ 113.4898589, 34.6638723, 0.0 ], [ 113.4930467, 34.6639882, 0.0 ], [ 113.493708, 34.6640894, 0.0 ], [ 113.4954623, 34.6643824, 0.0 ], [ 113.4976075, 34.6651858, 0.0 ], [ 113.4998928, 34.666429, 0.0 ], [ 113.500013, 34.6666291, 0.0 ], [ 113.5000429, 34.6666791, 0.0 ], [ 113.5002233, 34.6669691, 0.0 ], [ 113.5007244, 34.6677693, 0.0 ], [ 113.501416, 34.6688896, 0.0 ], [ 113.5013555, 34.6706579, 0.0 ], [ 113.5003828, 34.6722047, 0.0 ], [ 113.5000116, 34.6730233, 0.0 ], [ 113.4995504, 34.6740415, 0.0 ], [ 113.4999007, 34.6757607, 0.0 ], [ 113.5000112, 34.6761905, 0.0 ], [ 113.5003817, 34.6775299, 0.0 ], [ 113.5014941, 34.6799298, 0.0 ], [ 113.5017947, 34.6805997, 0.0 ], [ 113.5018548, 34.6807197, 0.0 ], [ 113.5023959, 34.6819297, 0.0 ], [ 113.502416, 34.6824193, 0.0 ], [ 113.5010322, 34.6845348, 0.0 ], [ 113.4978134, 34.6878458, 0.0 ], [ 113.4979535, 34.6885055, 0.0 ], [ 113.4983441, 34.6903246, 0.0 ], [ 113.4995162, 34.6942933, 0.0 ], [ 113.5013, 34.6975436, 0.0 ], [ 113.4992743, 34.700727, 0.0 ], [ 113.499054, 34.7010762, 0.0 ], [ 113.4984618, 34.7074587, 0.0 ], [ 113.4983714, 34.7083876, 0.0 ], [ 113.5004965, 34.7116982, 0.0 ], [ 113.5034334, 34.716279, 0.0 ], [ 113.5048871, 34.7185393, 0.0 ], [ 113.5084558, 34.7221921, 0.0 ], [ 113.508526, 34.7222722, 0.0 ], [ 113.5080342, 34.7254581, 0.0 ], [ 113.5053472, 34.7257929, 0.0 ], [ 113.5026302, 34.7260877, 0.0 ], [ 113.5000138, 34.7263028, 0.0 ], [ 113.4994424, 34.7263617, 0.0 ], [ 113.4993121, 34.7263614, 0.0 ], [ 113.4975676, 34.726498, 0.0 ], [ 113.4936983, 34.7266904, 0.0 ], [ 113.4929966, 34.7267291, 0.0 ], [ 113.4913928, 34.7262565, 0.0 ], [ 113.488987, 34.7255427, 0.0 ], [ 113.4877342, 34.7241716, 0.0 ], [ 113.4852484, 34.723138, 0.0 ], [ 113.4824713, 34.7245812, 0.0 ], [ 113.4820404, 34.7250399, 0.0 ], [ 113.4817798, 34.7253192, 0.0 ], [ 113.4810878, 34.7260671, 0.0 ], [ 113.478732, 34.7264723, 0.0 ], [ 113.4786218, 34.726482, 0.0 ], [ 113.4785516, 34.7264819, 0.0 ], [ 113.4784613, 34.7264817, 0.0 ], [ 113.4783612, 34.7264816, 0.0 ], [ 113.4761659, 34.7265374, 0.0 ], [ 113.4750834, 34.7264953, 0.0 ], [ 113.474552, 34.7264744, 0.0 ], [ 113.4742212, 34.7264637, 0.0 ], [ 113.4740606, 34.7264534, 0.0 ], [ 113.4730483, 34.7264215, 0.0 ], [ 113.4702716, 34.7257369, 0.0 ], [ 113.467154, 34.7252315, 0.0 ], [ 113.4658408, 34.7266476, 0.0 ], [ 113.4656302, 34.7288251, 0.0 ], [ 113.4659506, 34.7300044, 0.0 ], [ 113.4663314, 34.7304448, 0.0 ], [ 113.4666824, 34.7304754, 0.0 ], [ 113.466983, 34.7309355, 0.0 ], [ 113.467073, 34.7314052, 0.0 ], [ 113.467554, 34.7327148, 0.0 ], [ 113.4699401, 34.733049, 0.0 ], [ 113.4701305, 34.7329994, 0.0 ], [ 113.4719348, 34.7324834, 0.0 ], [ 113.4737492, 34.732257, 0.0 ], [ 113.4760345, 34.7337399, 0.0 ], [ 113.4778288, 34.7364206, 0.0 ], [ 113.4795629, 34.7379723, 0.0 ], [ 113.48262, 34.7387574, 0.0 ], [ 113.4836327, 34.7389491, 0.0 ], [ 113.4839632, 34.7389897, 0.0 ], [ 113.4841136, 34.7390898, 0.0 ], [ 113.4841237, 34.7393596, 0.0 ], [ 113.4824094, 34.7403553, 0.0 ], [ 113.4803945, 34.7412207, 0.0 ], [ 113.479011, 34.742317, 0.0 ], [ 113.4769356, 34.7449404, 0.0 ], [ 113.4755518, 34.7478049, 0.0 ], [ 113.4746795, 34.7498212, 0.0 ], [ 113.4746795, 34.7498912, 0.0 ], [ 113.4746795, 34.7500111, 0.0 ], [ 113.4746892, 34.750081, 0.0 ], [ 113.4747295, 34.750121, 0.0 ], [ 113.4747997, 34.7501411, 0.0 ], [ 113.4749099, 34.7501414, 0.0 ], [ 113.4752706, 34.750102, 0.0 ], [ 113.4757519, 34.750073, 0.0 ], [ 113.4759222, 34.7500733, 0.0 ], [ 113.4766339, 34.7500547, 0.0 ], [ 113.4767142, 34.7504944, 0.0 ], [ 113.4767243, 34.750974, 0.0 ], [ 113.4767344, 34.7513036, 0.0 ], [ 113.476734, 34.7513636, 0.0 ], [ 113.4767041, 34.751953, 0.0 ], [ 113.4767441, 34.752972, 0.0 ], [ 113.476874, 34.7547405, 0.0 ], [ 113.4769241, 34.7556796, 0.0 ], [ 113.4769943, 34.7561493, 0.0 ], [ 113.4770544, 34.756569, 0.0 ], [ 113.4770843, 34.7568788, 0.0 ], [ 113.4770843, 34.7569088, 0.0 ], [ 113.4771044, 34.7573583, 0.0 ], [ 113.4771242, 34.7578079, 0.0 ], [ 113.4767434, 34.7577971, 0.0 ], [ 113.4760018, 34.7577658, 0.0 ], [ 113.4758412, 34.7577455, 0.0 ], [ 113.4756306, 34.7576752, 0.0 ], [ 113.475029, 34.757654, 0.0 ], [ 113.4746381, 34.7576433, 0.0 ], [ 113.4744379, 34.757653, 0.0 ], [ 113.4729641, 34.7577301, 0.0 ], [ 113.471631, 34.7578275, 0.0 ], [ 113.469997, 34.7579442, 0.0 ], [ 113.4690343, 34.7580023, 0.0 ], [ 113.4688943, 34.7580121, 0.0 ], [ 113.4677311, 34.7580898, 0.0 ], [ 113.4670093, 34.7581483, 0.0 ], [ 113.4668693, 34.758188, 0.0 ], [ 113.466829, 34.7582679, 0.0 ], [ 113.4668491, 34.7587674, 0.0 ], [ 113.4668689, 34.7589373, 0.0 ], [ 113.466488, 34.7589066, 0.0 ], [ 113.4659066, 34.7588755, 0.0 ], [ 113.4651748, 34.7588242, 0.0 ], [ 113.464373, 34.7587727, 0.0 ], [ 113.4636008, 34.7587213, 0.0 ], [ 113.4634507, 34.758721, 0.0 ], [ 113.4630396, 34.7587203, 0.0 ], [ 113.462388, 34.758699, 0.0 ], [ 113.461506, 34.7587373, 0.0 ], [ 113.461205, 34.7587567, 0.0 ], [ 113.4626281, 34.7624158, 0.0 ], [ 113.4631591, 34.7635556, 0.0 ], [ 113.4631692, 34.7639653, 0.0 ], [ 113.4631793, 34.7650043, 0.0 ], [ 113.4631692, 34.765274, 0.0 ], [ 113.4631688, 34.7658234, 0.0 ], [ 113.4631987, 34.7669623, 0.0 ], [ 113.4632189, 34.767352, 0.0 ], [ 113.463239, 34.7679314, 0.0 ], [ 113.4622264, 34.7680294, 0.0 ], [ 113.4622364, 34.7680794, 0.0 ], [ 113.4622364, 34.7681193, 0.0 ], [ 113.4620356, 34.7691579, 0.0 ], [ 113.4615442, 34.7706955, 0.0 ], [ 113.461474, 34.7728731, 0.0 ], [ 113.4620348, 34.7753417, 0.0 ], [ 113.4642503, 34.7756157, 0.0 ], [ 113.4668369, 34.7753708, 0.0 ], [ 113.4682805, 34.7752138, 0.0 ], [ 113.4698746, 34.7742977, 0.0 ], [ 113.4729522, 34.7727051, 0.0 ], [ 113.4730825, 34.7726754, 0.0 ], [ 113.4740952, 34.7726773, 0.0 ], [ 113.476581, 34.772692, 0.0 ], [ 113.4768618, 34.7726925, 0.0 ], [ 113.4777841, 34.7726943, 0.0 ], [ 113.4780448, 34.7727347, 0.0 ], [ 113.4783054, 34.7728052, 0.0 ], [ 113.4786362, 34.7729357, 0.0 ], [ 113.4788065, 34.7729859, 0.0 ], [ 113.479007, 34.7730063, 0.0 ], [ 113.479839, 34.7730079, 0.0 ], [ 113.481032, 34.7730001, 0.0 ], [ 113.4815432, 34.7730011, 0.0 ], [ 113.4872078, 34.7704444, 0.0 ], [ 113.4892123, 34.7719767, 0.0 ], [ 113.4877586, 34.7737522, 0.0 ], [ 113.4873475, 34.776099, 0.0 ], [ 113.4886003, 34.7781594, 0.0 ], [ 113.4863147, 34.7788543, 0.0 ], [ 113.4844499, 34.7791604, 0.0 ], [ 113.4833972, 34.7793183, 0.0 ], [ 113.4810414, 34.7793738, 0.0 ], [ 113.4795776, 34.7804, 0.0 ], [ 113.4796475, 34.7822383, 0.0 ], [ 113.4807602, 34.7835491, 0.0 ], [ 113.4813917, 34.7849689, 0.0 ], [ 113.4813913, 34.7870368, 0.0 ], [ 113.4816016, 34.7890452, 0.0 ], [ 113.4818719, 34.7917829, 0.0 ], [ 113.4821524, 34.7948704, 0.0 ], [ 113.4811094, 34.7976856, 0.0 ], [ 113.4779915, 34.7987087, 0.0 ], [ 113.476257, 34.799115, 0.0 ], [ 113.4734101, 34.7992694, 0.0 ], [ 113.4710942, 34.7993949, 0.0 ], [ 113.4701618, 34.7994431, 0.0 ], [ 113.4700916, 34.7992132, 0.0 ], [ 113.4700618, 34.7991832, 0.0 ], [ 113.467766, 34.7993486, 0.0 ], [ 113.4676958, 34.7988091, 0.0 ], [ 113.4676156, 34.7983294, 0.0 ], [ 113.4675454, 34.7978398, 0.0 ], [ 113.4675256, 34.7976199, 0.0 ], [ 113.4674852, 34.7975399, 0.0 ], [ 113.4674453, 34.7975198, 0.0 ], [ 113.4658915, 34.7976967, 0.0 ], [ 113.4653202, 34.7972561, 0.0 ], [ 113.4644879, 34.796695, 0.0 ], [ 113.4606989, 34.7941304, 0.0 ], [ 113.4600574, 34.7938995, 0.0 ], [ 113.4598871, 34.7939191, 0.0 ], [ 113.4580925, 34.7940755, 0.0 ], [ 113.4561676, 34.7942417, 0.0 ], [ 113.4552452, 34.7942999, 0.0 ], [ 113.4541728, 34.7943578, 0.0 ], [ 113.4523984, 34.7945043, 0.0 ], [ 113.452258, 34.794514, 0.0 ], [ 113.4518569, 34.7945532, 0.0 ], [ 113.4512251, 34.7945421, 0.0 ], [ 113.4508442, 34.7945014, 0.0 ], [ 113.4491998, 34.7967959, 0.0 ], [ 113.4491094, 34.7981944, 0.0 ], [ 113.4493398, 34.7989141, 0.0 ], [ 113.4501718, 34.800504, 0.0 ], [ 113.4508032, 34.801524, 0.0 ], [ 113.4509033, 34.801684, 0.0 ], [ 113.4514242, 34.8025041, 0.0 ], [ 113.4524668, 34.8037147, 0.0 ], [ 113.4537196, 34.8049656, 0.0 ], [ 113.4543406, 34.8067347, 0.0 ], [ 113.4543805, 34.8077736, 0.0 ], [ 113.4543805, 34.8078136, 0.0 ], [ 113.4544003, 34.808383, 0.0 ], [ 113.4544003, 34.8085527, 0.0 ], [ 113.4544104, 34.8086326, 0.0 ], [ 113.4542196, 34.8094514, 0.0 ], [ 113.4541793, 34.8096411, 0.0 ], [ 113.4541692, 34.809671, 0.0 ], [ 113.4539186, 34.8107493, 0.0 ], [ 113.453086, 34.8128054, 0.0 ], [ 113.4514213, 34.8144703, 0.0 ], [ 113.4487944, 34.816533, 0.0 ], [ 113.448654, 34.8166426, 0.0 ], [ 113.4484333, 34.816812, 0.0 ], [ 113.4474005, 34.8181885, 0.0 ], [ 113.4469188, 34.8194561, 0.0 ], [ 113.4467784, 34.8198454, 0.0 ], [ 113.4470484, 34.8224729, 0.0 ], [ 113.4493333, 34.8254537, 0.0 ], [ 113.4505256, 34.8280231, 0.0 ], [ 113.4512467, 34.8305915, 0.0 ], [ 113.4510862, 34.8321294, 0.0 ], [ 113.4513364, 34.8333784, 0.0 ], [ 113.4513565, 34.8335083, 0.0 ], [ 113.4517972, 34.8341683, 0.0 ], [ 113.4525388, 34.8352885, 0.0 ], [ 113.453942, 34.8357605, 0.0 ], [ 113.4541627, 34.8358308, 0.0 ], [ 113.4559368, 34.8364235, 0.0 ], [ 113.4578113, 34.8366567, 0.0 ], [ 113.4597564, 34.8365305, 0.0 ], [ 113.4621119, 34.8367646, 0.0 ], [ 113.4635454, 34.8368771, 0.0 ], [ 113.4644476, 34.8372583, 0.0 ], [ 113.4659311, 34.8384098, 0.0 ], [ 113.467946, 34.8387531, 0.0 ], [ 113.4701615, 34.8384676, 0.0 ], [ 113.4706126, 34.8384884, 0.0 ], [ 113.4710636, 34.8385092, 0.0 ], [ 113.4714845, 34.8385299, 0.0 ], [ 113.472036, 34.8385809, 0.0 ], [ 113.4733691, 34.8397421, 0.0 ], [ 113.4736394, 34.8399523, 0.0 ], [ 113.4771779, 34.8411974, 0.0 ], [ 113.4797443, 34.8403432, 0.0 ], [ 113.4829325, 34.8389608, 0.0 ], [ 113.4840856, 34.8387232, 0.0 ], [ 113.4868223, 34.838159, 0.0 ], [ 113.4895993, 34.8383239, 0.0 ], [ 113.4919951, 34.8386379, 0.0 ], [ 113.4925866, 34.8387189, 0.0 ], [ 113.4936792, 34.8389207, 0.0 ], [ 113.4950724, 34.8391731, 0.0 ], [ 113.4983405, 34.8391691, 0.0 ], [ 113.4984208, 34.8392292, 0.0 ], [ 113.4987916, 34.8394996, 0.0 ], [ 113.4991321, 34.8397499, 0.0 ], [ 113.500004, 34.8403908, 0.0 ], [ 113.5010365, 34.8411417, 0.0 ], [ 113.501668, 34.8416222, 0.0 ], [ 113.5021586, 34.8439004, 0.0 ], [ 113.5020982, 34.84417, 0.0 ], [ 113.5018073, 34.8455079, 0.0 ], [ 113.5007737, 34.8484225, 0.0 ], [ 113.5007532, 34.8493813, 0.0 ], [ 113.5008234, 34.8495812, 0.0 ], [ 113.5008133, 34.8498808, 0.0 ], [ 113.500773, 34.8508796, 0.0 ], [ 113.5016147, 34.8525391, 0.0 ], [ 113.5027267, 34.8549382, 0.0 ], [ 113.5032775, 34.8571665, 0.0 ], [ 113.5033175, 34.857716, 0.0 ], [ 113.5034071, 34.8593441, 0.0 ], [ 113.502865, 34.8618002, 0.0 ], [ 113.5018217, 34.863756, 0.0 ], [ 113.5013303, 34.8642845, 0.0 ], [ 113.5005682, 34.8651221, 0.0 ], [ 113.4999965, 34.8655905, 0.0 ], [ 113.4991141, 34.8663281, 0.0 ], [ 113.497861, 34.8676541, 0.0 ], [ 113.4959159, 34.8685695, 0.0 ], [ 113.4936698, 34.8700636, 0.0 ], [ 113.4934294, 34.870223, 0.0 ], [ 113.4914137, 34.8731458, 0.0 ], [ 113.4910019, 34.8760715, 0.0 ], [ 113.4914825, 34.8775507, 0.0 ], [ 113.4919732, 34.8794393, 0.0 ], [ 113.4923231, 34.8824664, 0.0 ], [ 113.4921823, 34.8832851, 0.0 ], [ 113.4921625, 34.8833849, 0.0 ], [ 113.492052, 34.884064, 0.0 ], [ 113.4916301, 34.8863604, 0.0 ], [ 113.4921812, 34.8877897, 0.0 ], [ 113.4934337, 34.8891005, 0.0 ], [ 113.4936644, 34.8892507, 0.0 ], [ 113.4948269, 34.8900719, 0.0 ], [ 113.4980838, 34.8928144, 0.0 ], [ 113.4998273, 34.8951548, 0.0 ], [ 113.4999976, 34.8953848, 0.0 ], [ 113.5011402, 34.896925, 0.0 ], [ 113.5021223, 34.8982352, 0.0 ], [ 113.5030943, 34.9006941, 0.0 ], [ 113.5033751, 34.9024626, 0.0 ], [ 113.502613, 34.904479, 0.0 ], [ 113.5025428, 34.9047386, 0.0 ], [ 113.5021921, 34.9059567, 0.0 ], [ 113.5009588, 34.9080821, 0.0 ], [ 113.5008684, 34.9082418, 0.0 ], [ 113.5006078, 34.9087008, 0.0 ], [ 113.4999965, 34.9094389, 0.0 ], [ 113.4990842, 34.910546, 0.0 ], [ 113.4981518, 34.9120527, 0.0 ], [ 113.4972698, 34.9153475, 0.0 ], [ 113.4969689, 34.9158464, 0.0 ], [ 113.4964678, 34.9166646, 0.0 ], [ 113.4959767, 34.9174928, 0.0 ], [ 113.4959566, 34.9175227, 0.0 ], [ 113.4955354, 34.9191802, 0.0 ], [ 113.4954752, 34.9208383, 0.0 ], [ 113.4953449, 34.9231255, 0.0 ], [ 113.4958262, 34.9253639, 0.0 ], [ 113.4961769, 34.9273624, 0.0 ], [ 113.4964879, 34.93003, 0.0 ], [ 113.4965279, 34.9303896, 0.0 ], [ 113.496939, 34.9339365, 0.0 ], [ 113.4966683, 34.9374322, 0.0 ], [ 113.4954954, 34.9412059, 0.0 ], [ 113.4958363, 34.9431444, 0.0 ], [ 113.4977908, 34.9450858, 0.0 ], [ 113.4999965, 34.9458689, 0.0 ], [ 113.5003572, 34.9459994, 0.0 ], [ 113.4999763, 34.948476, 0.0 ], [ 113.4999965, 34.9491153, 0.0 ], [ 113.4999965, 34.9491852, 0.0 ], [ 113.5006279, 34.9504949, 0.0 ], [ 113.5016806, 34.9519452, 0.0 ], [ 113.5025129, 34.9540744, 0.0 ], [ 113.5031044, 34.9556137, 0.0 ], [ 113.5031645, 34.9557637, 0.0 ], [ 113.506142, 34.957657, 0.0 ], [ 113.5066734, 34.9578377, 0.0 ], [ 113.5075957, 34.9587284, 0.0 ], [ 113.5083575, 34.9601682, 0.0 ], [ 113.5088186, 34.9611579, 0.0 ], [ 113.5091293, 34.9618178, 0.0 ], [ 113.5110344, 34.9635193, 0.0 ], [ 113.5131296, 34.9649815, 0.0 ], [ 113.514543, 34.9660228, 0.0 ], [ 113.5155658, 34.9669437, 0.0 ], [ 113.5163477, 34.9676244, 0.0 ], [ 113.5172599, 34.9687048, 0.0 ], [ 113.5124176, 34.9676173, 0.0 ], [ 113.5071644, 34.9661595, 0.0 ], [ 113.5024326, 34.9642231, 0.0 ], [ 113.4999965, 34.9635195, 0.0 ], [ 113.496628, 34.9625344, 0.0 ], [ 113.4936608, 34.96172, 0.0 ], [ 113.4905432, 34.9608654, 0.0 ], [ 113.4822726, 34.9596818, 0.0 ], [ 113.4812905, 34.9595203, 0.0 ], [ 113.4810497, 34.9594799, 0.0 ], [ 113.4773107, 34.9588838, 0.0 ], [ 113.4723485, 34.9585352, 0.0 ], [ 113.4665942, 34.9586647, 0.0 ], [ 113.4476672, 34.9658628, 0.0 ], [ 113.4332615, 34.9697726, 0.0 ], [ 113.4271163, 34.9713797, 0.0 ], [ 113.4223243, 34.9727896, 0.0 ], [ 113.4151265, 34.9761929, 0.0 ], [ 113.4123491, 34.9792446, 0.0 ], [ 113.4083491, 34.9826237, 0.0 ], [ 113.4060329, 34.9853265, 0.0 ], [ 113.4036569, 34.9877995, 0.0 ], [ 113.3994784, 34.9888024, 0.0 ], [ 113.3958643, 34.9891168, 0.0 ], [ 113.391472, 34.9889827, 0.0 ], [ 113.3876185, 34.9888378, 0.0 ], [ 113.3834756, 34.9880142, 0.0 ], [ 113.3801611, 34.9873993, 0.0 ], [ 113.3768272, 34.9861151, 0.0 ], [ 113.3750203, 34.9852284, 0.0 ], [ 113.3746009, 34.9850292, 0.0 ], [ 113.3737225, 34.9842513, 0.0 ], [ 113.3731134, 34.984282, 0.0 ], [ 113.3694299, 34.9820693, 0.0 ], [ 113.3684816, 34.9814113, 0.0 ], [ 113.3646584, 34.9787694, 0.0 ], [ 113.3601566, 34.9750196, 0.0 ], [ 113.354217, 34.969244, 0.0 ], [ 113.3488368, 34.9636976, 0.0 ], [ 113.3319366, 34.9524033, 0.0 ], [ 113.3231519, 34.9499181, 0.0 ], [ 113.3165632, 34.9504963, 0.0 ], [ 113.3091554, 34.9506361, 0.0 ], [ 113.3017582, 34.9514451, 0.0 ], [ 113.2954517, 34.9524665, 0.0 ], [ 113.2899725, 34.9534657, 0.0 ], [ 113.2831231, 34.9542651, 0.0 ], [ 113.2781738, 34.9545749, 0.0 ], [ 113.2737746, 34.9544353, 0.0 ], [ 113.2685453, 34.9542959, 0.0 ], [ 113.2624764, 34.9537368, 0.0 ], [ 113.258057, 34.952908, 0.0 ], [ 113.2539178, 34.9523089, 0.0 ], [ 113.2499484, 34.9515101, 0.0 ], [ 113.2497684, 34.9514801, 0.0 ], [ 113.2450693, 34.9502117, 0.0 ], [ 113.2436099, 34.9498723, 0.0 ], [ 113.2423301, 34.9495727, 0.0 ], [ 113.2420702, 34.9489933, 0.0 ], [ 113.238671, 34.9471656, 0.0 ], [ 113.2358616, 34.9449482, 0.0 ], [ 113.2338524, 34.9418219, 0.0 ], [ 113.2321234, 34.9386854, 0.0 ], [ 113.231754, 34.9350796, 0.0 ], [ 113.2316546, 34.9314537, 0.0 ], [ 113.2317853, 34.9262495, 0.0 ], [ 113.2308364, 34.9224139, 0.0 ], [ 113.2302463, 34.9218645, 0.0 ], [ 113.2280071, 34.9202764, 0.0 ], [ 113.225148, 34.9180589, 0.0 ], [ 113.2240082, 34.9174596, 0.0 ], [ 113.2225686, 34.9167005, 0.0 ], [ 113.222479, 34.9166306, 0.0 ], [ 113.2210292, 34.9156117, 0.0 ], [ 113.2199798, 34.9140735, 0.0 ], [ 113.2189304, 34.9119559, 0.0 ], [ 113.2176708, 34.9105973, 0.0 ], [ 113.216701, 34.9103177, 0.0 ], [ 113.2118222, 34.9079903, 0.0 ], [ 113.205614, 34.9053733, 0.0 ], [ 113.2005456, 34.9032157, 0.0 ], [ 113.2003955, 34.9031957, 0.0 ], [ 113.193396, 34.9015584, 0.0 ], [ 113.1891401, 34.9004936, 0.0 ], [ 113.1825305, 34.898237, 0.0 ], [ 113.1766819, 34.8960315, 0.0 ], [ 113.1710436, 34.8944455, 0.0 ], [ 113.1657556, 34.8929798, 0.0 ], [ 113.1576138, 34.8903815, 0.0 ], [ 113.1521857, 34.8893752, 0.0 ], [ 113.1464171, 34.8880287, 0.0 ], [ 113.142181, 34.887014, 0.0 ], [ 113.1394568, 34.8865008, 0.0 ], [ 113.1373138, 34.886398, 0.0 ], [ 113.1361222, 34.8854274, 0.0 ], [ 113.1354112, 34.884108, 0.0 ], [ 113.1333786, 34.8796005, 0.0 ], [ 113.1320869, 34.876063, 0.0 ], [ 113.1316164, 34.8747939, 0.0 ], [ 113.1313961, 34.8737648, 0.0 ], [ 113.1250277, 34.8617902, 0.0 ], [ 113.1239963, 34.8598511, 0.0 ], [ 113.1245172, 34.8592726, 0.0 ], [ 113.125028, 34.8579248, 0.0 ], [ 113.1251785, 34.8575056, 0.0 ], [ 113.1251285, 34.8554579, 0.0 ], [ 113.1250284, 34.855288, 0.0 ], [ 113.1236366, 34.852849, 0.0 ], [ 113.1232061, 34.8499319, 0.0 ], [ 113.1230866, 34.8452473, 0.0 ], [ 113.1229768, 34.8408625, 0.0 ], [ 113.122867, 34.8367672, 0.0 ], [ 113.1236784, 34.8341116, 0.0 ], [ 113.1238588, 34.8335325, 0.0 ], [ 113.1239592, 34.8333628, 0.0 ], [ 113.1250309, 34.8314866, 0.0 ], [ 113.1252113, 34.8311672, 0.0 ], [ 113.127665, 34.8299621, 0.0 ], [ 113.1301386, 34.8293264, 0.0 ], [ 113.1318011, 34.8292986, 0.0 ], [ 113.1326222, 34.8292898, 0.0 ], [ 113.136548, 34.830384, 0.0 ], [ 113.1401236, 34.8314977, 0.0 ], [ 113.143999, 34.8333609, 0.0 ], [ 113.145291, 34.8341417, 0.0 ], [ 113.1467731, 34.8350427, 0.0 ], [ 113.1469535, 34.8348631, 0.0 ], [ 113.1474841, 34.8341448, 0.0 ], [ 113.1480752, 34.8333565, 0.0 ], [ 113.1505992, 34.8308531, 0.0 ], [ 113.1507796, 34.8306836, 0.0 ], [ 113.1514805, 34.8299853, 0.0 ], [ 113.1533737, 34.8283001, 0.0 ], [ 113.1550963, 34.826145, 0.0 ], [ 113.1551665, 34.8260652, 0.0 ], [ 113.1553368, 34.8258857, 0.0 ], [ 113.1557375, 34.8253269, 0.0 ], [ 113.158742, 34.8227042, 0.0 ], [ 113.1605453, 34.8202198, 0.0 ], [ 113.1614568, 34.8179038, 0.0 ], [ 113.1604254, 34.817383, 0.0 ], [ 113.1585527, 34.8167511, 0.0 ], [ 113.1572304, 34.8166894, 0.0 ], [ 113.1559787, 34.8176664, 0.0 ], [ 113.1543058, 34.8195418, 0.0 ], [ 113.1535346, 34.8196107, 0.0 ], [ 113.1535447, 34.8180026, 0.0 ], [ 113.1532747, 34.816514, 0.0 ], [ 113.1520331, 34.8152538, 0.0 ], [ 113.1505708, 34.8144527, 0.0 ], [ 113.14989, 34.8133031, 0.0 ], [ 113.1493392, 34.8113547, 0.0 ], [ 113.1484579, 34.8106943, 0.0 ], [ 113.1480475, 34.8101943, 0.0 ], [ 113.1480072, 34.8101543, 0.0 ], [ 113.1482578, 34.8100547, 0.0 ], [ 113.1485882, 34.8098854, 0.0 ], [ 113.1486984, 34.8098057, 0.0 ], [ 113.1488186, 34.809726, 0.0 ], [ 113.149049, 34.8095465, 0.0 ], [ 113.1494396, 34.8091874, 0.0 ], [ 113.1497402, 34.8089782, 0.0 ], [ 113.1518635, 34.8079324, 0.0 ], [ 113.1531152, 34.8073747, 0.0 ], [ 113.1532355, 34.8073449, 0.0 ], [ 113.1537863, 34.8072758, 0.0 ], [ 113.1540466, 34.8072462, 0.0 ], [ 113.154327, 34.8072267, 0.0 ], [ 113.154858, 34.8071874, 0.0 ], [ 113.1551485, 34.8071479, 0.0 ], [ 113.1552587, 34.807148, 0.0 ], [ 113.1553886, 34.8071482, 0.0 ], [ 113.1558494, 34.8071288, 0.0 ], [ 113.1560597, 34.8071092, 0.0 ], [ 113.1563102, 34.8070996, 0.0 ], [ 113.1556892, 34.8062597, 0.0 ], [ 113.1547882, 34.8046503, 0.0 ], [ 113.1541474, 34.8037605, 0.0 ], [ 113.1522041, 34.8042772, 0.0 ], [ 113.1503314, 34.8050137, 0.0 ], [ 113.1492096, 34.8050721, 0.0 ], [ 113.148108, 34.8044413, 0.0 ], [ 113.1466561, 34.8029411, 0.0 ], [ 113.1463858, 34.8015723, 0.0 ], [ 113.146456, 34.8004837, 0.0 ], [ 113.148329, 34.799857, 0.0 ], [ 113.1498612, 34.7991699, 0.0 ], [ 113.1506226, 34.7983218, 0.0 ], [ 113.1494508, 34.797511, 0.0 ], [ 113.148059, 34.7966499, 0.0 ], [ 113.1468876, 34.7952197, 0.0 ], [ 113.1459862, 34.7943093, 0.0 ], [ 113.1460564, 34.7936801, 0.0 ], [ 113.1466172, 34.7928817, 0.0 ], [ 113.150363, 34.7932265, 0.0 ], [ 113.1533471, 34.7945993, 0.0 ], [ 113.1552299, 34.7943222, 0.0 ], [ 113.1555208, 34.7915155, 0.0 ], [ 113.1541992, 34.7901449, 0.0 ], [ 113.1528773, 34.788315, 0.0 ], [ 113.1514956, 34.7862451, 0.0 ], [ 113.1498436, 34.7843547, 0.0 ], [ 113.1481112, 34.7823543, 0.0 ], [ 113.1461788, 34.7802936, 0.0 ], [ 113.1450073, 34.7783938, 0.0 ], [ 113.144737, 34.7765653, 0.0 ], [ 113.1461294, 34.7751986, 0.0 ], [ 113.1483528, 34.7748521, 0.0 ], [ 113.1500754, 34.7746647, 0.0 ], [ 113.1515474, 34.7745169, 0.0 ], [ 113.1532801, 34.7746492, 0.0 ], [ 113.153841, 34.7746899, 0.0 ], [ 113.1540012, 34.7746602, 0.0 ], [ 113.1566152, 34.7741343, 0.0 ], [ 113.1580073, 34.7732172, 0.0 ], [ 113.1591791, 34.7714006, 0.0 ], [ 113.1592594, 34.7713308, 0.0 ], [ 113.1609319, 34.7692752, 0.0 ], [ 113.1624644, 34.768648, 0.0 ], [ 113.1635761, 34.7668713, 0.0 ], [ 113.1637169, 34.7638845, 0.0 ], [ 113.1633968, 34.7594085, 0.0 ], [ 113.1633968, 34.7592686, 0.0 ], [ 113.1633472, 34.7586493, 0.0 ], [ 113.1634274, 34.7566014, 0.0 ], [ 113.1631373, 34.7552023, 0.0 ], [ 113.1614752, 34.7517734, 0.0 ], [ 113.1611047, 34.7509238, 0.0 ], [ 113.1607145, 34.7500242, 0.0 ], [ 113.1603138, 34.7490845, 0.0 ], [ 113.1604643, 34.7484055, 0.0 ], [ 113.1609053, 34.746438, 0.0 ], [ 113.1624778, 34.7449717, 0.0 ], [ 113.1643303, 34.7444548, 0.0 ], [ 113.1675451, 34.7443493, 0.0 ], [ 113.1692674, 34.7459502, 0.0 ], [ 113.1703686, 34.7473203, 0.0 ], [ 113.1711998, 34.7485902, 0.0 ], [ 113.1716102, 34.7500194, 0.0 ], [ 113.1718205, 34.750759, 0.0 ], [ 113.1718003, 34.7509388, 0.0 ], [ 113.1715998, 34.753446, 0.0 ], [ 113.1714594, 34.7538753, 0.0 ], [ 113.1710386, 34.7548837, 0.0 ], [ 113.1712488, 34.7567122, 0.0 ], [ 113.1715692, 34.7569624, 0.0 ], [ 113.1728411, 34.7579732, 0.0 ], [ 113.172961, 34.7580733, 0.0 ], [ 113.1733915, 34.7584235, 0.0 ], [ 113.1763558, 34.760146, 0.0 ], [ 113.1803917, 34.760661, 0.0 ], [ 113.182745, 34.7607043, 0.0 ], [ 113.1837865, 34.7607257, 0.0 ], [ 113.1877523, 34.7598722, 0.0 ], [ 113.1882232, 34.7597629, 0.0 ], [ 113.192249, 34.7596586, 0.0 ], [ 113.1955139, 34.7588041, 0.0 ], [ 113.2016904, 34.7570918, 0.0 ], [ 113.2051198, 34.7560125, 0.0 ], [ 113.2067596, 34.7554929, 0.0 ], [ 113.2093994, 34.7539441, 0.0 ], [ 113.2139689, 34.7525251, 0.0 ], [ 113.2182083, 34.7514358, 0.0 ], [ 113.2228476, 34.7513254, 0.0 ], [ 113.2246973, 34.7514052, 0.0 ], [ 113.2255472, 34.751445, 0.0 ], [ 113.2282566, 34.7520142, 0.0 ], [ 113.2310261, 34.752983, 0.0 ], [ 113.2339356, 34.7543113, 0.0 ], [ 113.2367749, 34.7550503, 0.0 ], [ 113.2401744, 34.7548801, 0.0 ], [ 113.2427441, 34.7553394, 0.0 ], [ 113.243634, 34.7549797, 0.0 ], [ 113.2450337, 34.7553792, 0.0 ], [ 113.2472232, 34.7571572, 0.0 ], [ 113.247733, 34.7575867, 0.0 ], [ 113.250272, 34.7601239, 0.0 ], [ 113.2515115, 34.761982, 0.0 ], [ 113.2517412, 34.7637101, 0.0 ], [ 113.252431, 34.7652686, 0.0 ], [ 113.2524709, 34.7653585, 0.0 ], [ 113.2525811, 34.7655982, 0.0 ], [ 113.2540207, 34.7665671, 0.0 ], [ 113.25618, 34.7669665, 0.0 ], [ 113.2594495, 34.7673258, 0.0 ], [ 113.2615991, 34.7673856, 0.0 ], [ 113.2619292, 34.7669959, 0.0 ], [ 113.2632691, 34.7654473, 0.0 ], [ 113.2647293, 34.7625301, 0.0 ], [ 113.26585, 34.7589236, 0.0 ], [ 113.2669001, 34.7562361, 0.0 ], [ 113.2676006, 34.7530892, 0.0 ], [ 113.2676906, 34.7527596, 0.0 ], [ 113.2677104, 34.7526596, 0.0 ], [ 113.2681208, 34.7509713, 0.0 ], [ 113.268371, 34.7500022, 0.0 ], [ 113.2684009, 34.7499623, 0.0 ], [ 113.2695709, 34.7481939, 0.0 ], [ 113.2696714, 34.7462358, 0.0 ], [ 113.2686518, 34.7447774, 0.0 ], [ 113.268182, 34.7445777, 0.0 ], [ 113.2670621, 34.7435887, 0.0 ], [ 113.2666528, 34.7411312, 0.0 ], [ 113.2667334, 34.7372451, 0.0 ], [ 113.2663936, 34.7355868, 0.0 ], [ 113.2652142, 34.7336389, 0.0 ], [ 113.2637544, 34.7325501, 0.0 ], [ 113.262305, 34.7313415, 0.0 ], [ 113.2605655, 34.7299131, 0.0 ], [ 113.2609154, 34.7288242, 0.0 ], [ 113.2625257, 34.7264264, 0.0 ], [ 113.2639157, 34.7254072, 0.0 ], [ 113.2657157, 34.7240884, 0.0 ], [ 113.2662758, 34.7225998, 0.0 ], [ 113.2651062, 34.721571, 0.0 ], [ 113.2639862, 34.7208718, 0.0 ], [ 113.2632367, 34.719673, 0.0 ], [ 113.2632371, 34.7182445, 0.0 ], [ 113.2638372, 34.7163763, 0.0 ], [ 113.2638671, 34.7163063, 0.0 ], [ 113.2631777, 34.7145881, 0.0 ], [ 113.2614378, 34.7130998, 0.0 ], [ 113.2604683, 34.7116014, 0.0 ], [ 113.259649, 34.7091538, 0.0 ], [ 113.2587493, 34.7065166, 0.0 ], [ 113.2582896, 34.7057075, 0.0 ], [ 113.25722, 34.7038794, 0.0 ], [ 113.2555003, 34.7016518, 0.0 ], [ 113.2540009, 34.6999936, 0.0 ], [ 113.2529411, 34.6978057, 0.0 ], [ 113.2529213, 34.6977058, 0.0 ], [ 113.2528216, 34.6964369, 0.0 ], [ 113.2526718, 34.6950681, 0.0 ], [ 113.2543418, 34.6920907, 0.0 ], [ 113.2558722, 34.6897426, 0.0 ], [ 113.2571225, 34.6870649, 0.0 ], [ 113.2575426, 34.6856861, 0.0 ], [ 113.2574126, 34.6849868, 0.0 ], [ 113.2572028, 34.6837979, 0.0 ], [ 113.2560932, 34.6824891, 0.0 ], [ 113.255663, 34.6822095, 0.0 ], [ 113.2543634, 34.6813903, 0.0 ], [ 113.253124, 34.6801316, 0.0 ], [ 113.251874, 34.6789427, 0.0 ], [ 113.2514543, 34.6785931, 0.0 ], [ 113.2504247, 34.6767448, 0.0 ], [ 113.2506248, 34.6747667, 0.0 ], [ 113.2514752, 34.6726384, 0.0 ], [ 113.2532852, 34.6709198, 0.0 ], [ 113.2555752, 34.6685817, 0.0 ], [ 113.2564151, 34.6677223, 0.0 ], [ 113.2568953, 34.6672128, 0.0 ], [ 113.2572852, 34.6665533, 0.0 ], [ 113.2575552, 34.665764, 0.0 ], [ 113.2575955, 34.6648748, 0.0 ], [ 113.2570656, 34.6631864, 0.0 ], [ 113.2567661, 34.6622373, 0.0 ], [ 113.2545568, 34.6590904, 0.0 ], [ 113.2528374, 34.6560532, 0.0 ], [ 113.2501385, 34.6516974, 0.0 ], [ 113.2499585, 34.6515376, 0.0 ], [ 113.2472992, 34.64923, 0.0 ], [ 113.2453598, 34.6476316, 0.0 ], [ 113.2441898, 34.6476816, 0.0 ], [ 113.2437697, 34.648491, 0.0 ], [ 113.2436498, 34.6487607, 0.0 ], [ 113.2434896, 34.6491204, 0.0 ], [ 113.2429399, 34.6500296, 0.0 ], [ 113.2417501, 34.6492805, 0.0 ], [ 113.2396805, 34.647682, 0.0 ], [ 113.2379611, 34.6461935, 0.0 ], [ 113.2365816, 34.6441856, 0.0 ], [ 113.235682, 34.6421874, 0.0 ], [ 113.2358922, 34.6406387, 0.0 ], [ 113.2356226, 34.63932, 0.0 ], [ 113.2335428, 34.6395001, 0.0 ], [ 113.2306333, 34.6401198, 0.0 ], [ 113.2288934, 34.6408093, 0.0 ], [ 113.2268836, 34.6412092, 0.0 ], [ 113.2255739, 34.6408696, 0.0 ], [ 113.2242642, 34.6399506, 0.0 ], [ 113.2233646, 34.6389715, 0.0 ], [ 113.222745, 34.6379525, 0.0 ], [ 113.2221251, 34.6369635, 0.0 ], [ 113.2203254, 34.6369637, 0.0 ], [ 113.2174058, 34.6381129, 0.0 ], [ 113.216026, 34.6383928, 0.0 ], [ 113.2140164, 34.6382831, 0.0 ], [ 113.2121567, 34.6379936, 0.0 ], [ 113.210627, 34.6378238, 0.0 ], [ 113.2076578, 34.6362256, 0.0 ], [ 113.2061378, 34.6363357, 0.0 ], [ 113.2046179, 34.6370251, 0.0 ], [ 113.2028183, 34.6377647, 0.0 ], [ 113.2011482, 34.6381645, 0.0 ], [ 113.1993475, 34.6381038, 0.0 ], [ 113.198036, 34.6375225, 0.0 ], [ 113.1968646, 34.6359822, 0.0 ], [ 113.1950826, 34.6318035, 0.0 ], [ 113.1941718, 34.6304834, 0.0 ], [ 113.193491, 34.6292835, 0.0 ], [ 113.1924596, 34.6277935, 0.0 ], [ 113.1935612, 34.6274553, 0.0 ], [ 113.1957148, 34.6257998, 0.0 ], [ 113.1960758, 34.6240219, 0.0 ], [ 113.1958656, 34.6220234, 0.0 ], [ 113.1955258, 34.6196251, 0.0 ], [ 113.1953159, 34.6180262, 0.0 ], [ 113.1951258, 34.6165273, 0.0 ], [ 113.1953364, 34.6156385, 0.0 ], [ 113.1958274, 34.613561, 0.0 ], [ 113.1973499, 34.6116148, 0.0 ], [ 113.1986722, 34.6104677, 0.0 ], [ 113.200614, 34.6103096, 0.0 ], [ 113.2033835, 34.6112185, 0.0 ], [ 113.2059326, 34.6117877, 0.0 ], [ 113.2078126, 34.6108284, 0.0 ], [ 113.2098124, 34.6107083, 0.0 ], [ 113.2115418, 34.6113375, 0.0 ], [ 113.2136813, 34.6123165, 0.0 ], [ 113.2159007, 34.6130056, 0.0 ], [ 113.2164508, 34.6115668, 0.0 ], [ 113.2144513, 34.6099685, 0.0 ], [ 113.2136921, 34.6081901, 0.0 ], [ 113.2155616, 34.6082499, 0.0 ], [ 113.2189506, 34.6092287, 0.0 ], [ 113.2213003, 34.6096282, 0.0 ], [ 113.2235798, 34.6100276, 0.0 ], [ 113.2258594, 34.6105469, 0.0 ], [ 113.2266186, 34.6128946, 0.0 ], [ 113.2268882, 34.6148329, 0.0 ], [ 113.2275078, 34.6165513, 0.0 ], [ 113.2302071, 34.6177, 0.0 ], [ 113.2322166, 34.6178097, 0.0 ], [ 113.2343564, 34.618279, 0.0 ], [ 113.2358756, 34.6204969, 0.0 ], [ 113.2371252, 34.6225649, 0.0 ], [ 113.2387045, 34.6233641, 0.0 ], [ 113.2418239, 34.6238833, 0.0 ], [ 113.2436538, 34.6238931, 0.0 ], [ 113.2448134, 34.623893, 0.0 ], [ 113.2475828, 34.6243523, 0.0 ], [ 113.2499624, 34.624292, 0.0 ], [ 113.2516624, 34.6242419, 0.0 ], [ 113.2556814, 34.6247611, 0.0 ], [ 113.2590708, 34.6255101, 0.0 ], [ 113.26289, 34.6259793, 0.0 ], [ 113.2666992, 34.6268481, 0.0 ], [ 113.2693589, 34.6272175, 0.0 ], [ 113.2725182, 34.6277866, 0.0 ], [ 113.2751178, 34.6275366, 0.0 ], [ 113.2777973, 34.6264174, 0.0 ], [ 113.280017, 34.625438, 0.0 ], [ 113.2816871, 34.6244687, 0.0 ], [ 113.2843266, 34.62282, 0.0 ], [ 113.2865464, 34.6223102, 0.0 ], [ 113.2895257, 34.6223698, 0.0 ], [ 113.2930652, 34.6224894, 0.0 ], [ 113.2973143, 34.622449, 0.0 ], [ 113.3019608, 34.6226857, 0.0 ], [ 113.3066732, 34.6225793, 0.0 ], [ 113.3097984, 34.6220653, 0.0 ], [ 113.312354, 34.6220717, 0.0 ], [ 113.3160282, 34.6236752, 0.0 ], [ 113.3183142, 34.6259699, 0.0 ], [ 113.3197121, 34.6271269, 0.0 ], [ 113.3197618, 34.6271668, 0.0 ], [ 113.3203208, 34.6276256, 0.0 ], [ 113.322537, 34.6294009, 0.0 ], [ 113.3263508, 34.631134, 0.0 ], [ 113.3280882, 34.6301525, 0.0 ], [ 113.3297456, 34.6286714, 0.0 ], [ 113.3307241, 34.6273014, 0.0 ], [ 113.3335699, 34.6259286, 0.0 ], [ 113.3375234, 34.6261129, 0.0 ], [ 113.3407084, 34.625429, 0.0 ], [ 113.3432147, 34.6242766, 0.0 ], [ 113.346819, 34.6216539, 0.0 ], [ 113.3454416, 34.6194278, 0.0 ], [ 113.3446032, 34.6178204, 0.0 ], [ 113.3479976, 34.6159373, 0.0 ], [ 113.3511228, 34.6144543, 0.0 ], [ 113.3541083, 34.6134911, 0.0 ], [ 113.3575031, 34.6122274, 0.0 ], [ 113.3600688, 34.6120041, 0.0 ], [ 113.362425, 34.6123404, 0.0 ], [ 113.3640824, 34.6133173, 0.0 ], [ 113.3654699, 34.614744, 0.0 ], [ 113.3669174, 34.6164704, 0.0 ], [ 113.3673466, 34.6184181, 0.0 ], [ 113.3676058, 34.6216748, 0.0 ], [ 113.3685342, 34.6233919, 0.0 ], [ 113.3689237, 34.6241308, 0.0 ], [ 113.370511, 34.6260168, 0.0 ], [ 113.3725172, 34.6279622, 0.0 ], [ 113.373266, 34.6284008, 0.0 ], [ 113.3750434, 34.6294674, 0.0 ], [ 113.3760614, 34.6300754, 0.0 ], [ 113.3787575, 34.6292824, 0.0 ], [ 113.380834, 34.6284202, 0.0 ], [ 113.382851, 34.626599, 0.0 ], [ 113.3851975, 34.6244677, 0.0 ], [ 113.3870746, 34.6232761, 0.0 ], [ 113.388183, 34.6209267, 0.0 ], [ 113.3886024, 34.6194374, 0.0 ], [ 113.3888623, 34.6174489, 0.0 ], [ 113.3888825, 34.617269, 0.0 ], [ 113.3882636, 34.6144624, 0.0 ], [ 113.388124, 34.6117151, 0.0 ], [ 113.3877748, 34.610057, 0.0 ], [ 113.388953, 34.6089164, 0.0 ], [ 113.3915789, 34.6083932, 0.0 ], [ 113.39712, 34.6076462, 0.0 ] ], [ [ 113.3039797, 34.799484, 0.0 ], [ 113.3033609, 34.7995448, 0.0 ], [ 113.3025822, 34.7997357, 0.0 ], [ 113.3017434, 34.7999766, 0.0 ], [ 113.300595, 34.8003078, 0.0 ], [ 113.2992061, 34.8007184, 0.0 ], [ 113.2979864, 34.8010681, 0.0 ], [ 113.2968766, 34.8013779, 0.0 ], [ 113.2956371, 34.8017576, 0.0 ], [ 113.2949671, 34.8019574, 0.0 ], [ 113.2943872, 34.8021572, 0.0 ], [ 113.2938572, 34.8022872, 0.0 ], [ 113.2930872, 34.8024871, 0.0 ], [ 113.2928874, 34.802547, 0.0 ], [ 113.2915676, 34.8029667, 0.0 ], [ 113.2912678, 34.8030566, 0.0 ], [ 113.2904578, 34.8032464, 0.0 ], [ 113.2899178, 34.8033764, 0.0 ], [ 113.289008, 34.8036062, 0.0 ], [ 113.2874982, 34.8039959, 0.0 ], [ 113.2868185, 34.8041658, 0.0 ], [ 113.2865885, 34.8042257, 0.0 ], [ 113.2863386, 34.8042957, 0.0 ], [ 113.2859686, 34.8043856, 0.0 ], [ 113.2859387, 34.8043956, 0.0 ], [ 113.2852288, 34.8046154, 0.0 ], [ 113.2847788, 34.8047554, 0.0 ], [ 113.284489, 34.8041061, 0.0 ], [ 113.283959, 34.8029175, 0.0 ], [ 113.2832495, 34.8012494, 0.0 ], [ 113.2831393, 34.8009997, 0.0 ], [ 113.2828297, 34.8002605, 0.0 ], [ 113.2826497, 34.8002706, 0.0 ], [ 113.2822897, 34.8003705, 0.0 ], [ 113.2820597, 34.8004404, 0.0 ], [ 113.2816399, 34.8005703, 0.0 ], [ 113.2796902, 34.8011399, 0.0 ], [ 113.2796203, 34.8011599, 0.0 ], [ 113.2792502, 34.8012697, 0.0 ], [ 113.2785104, 34.8014696, 0.0 ], [ 113.2756909, 34.8003012, 0.0 ], [ 113.2753712, 34.8003512, 0.0 ], [ 113.275251, 34.8003712, 0.0 ], [ 113.2727116, 34.800751, 0.0 ], [ 113.2718616, 34.8010108, 0.0 ], [ 113.2717417, 34.8010308, 0.0 ], [ 113.2703719, 34.8014405, 0.0 ], [ 113.2683422, 34.8026193, 0.0 ], [ 113.2681223, 34.8027492, 0.0 ], [ 113.2678123, 34.8030089, 0.0 ], [ 113.2677324, 34.8030788, 0.0 ], [ 113.2658226, 34.8046872, 0.0 ], [ 113.2655825, 34.8051367, 0.0 ], [ 113.2654226, 34.8054064, 0.0 ], [ 113.2640726, 34.8078838, 0.0 ], [ 113.2631626, 34.8110402, 0.0 ], [ 113.2630524, 34.8110702, 0.0 ], [ 113.2628724, 34.8114498, 0.0 ], [ 113.2603225, 34.8148262, 0.0 ], [ 113.2603225, 34.8149361, 0.0 ], [ 113.2603826, 34.8151658, 0.0 ], [ 113.2604024, 34.8152656, 0.0 ], [ 113.2604428, 34.8154155, 0.0 ], [ 113.2604428, 34.8154754, 0.0 ], [ 113.2604125, 34.8155154, 0.0 ], [ 113.2603528, 34.8155554, 0.0 ], [ 113.2600925, 34.8156453, 0.0 ], [ 113.2594528, 34.8158351, 0.0 ], [ 113.2590028, 34.815965, 0.0 ], [ 113.2583231, 34.8161648, 0.0 ], [ 113.2577831, 34.8163347, 0.0 ], [ 113.2567834, 34.8165945, 0.0 ], [ 113.2567031, 34.8166245, 0.0 ], [ 113.2565933, 34.8166644, 0.0 ], [ 113.2564734, 34.8167144, 0.0 ], [ 113.2564334, 34.8167543, 0.0 ], [ 113.2560133, 34.8174535, 0.0 ], [ 113.2544635, 34.8192017, 0.0 ], [ 113.2527136, 34.8210197, 0.0 ], [ 113.2525537, 34.8212195, 0.0 ], [ 113.2511137, 34.8229677, 0.0 ], [ 113.2508437, 34.8245758, 0.0 ], [ 113.2509236, 34.8251751, 0.0 ], [ 113.2510435, 34.8260541, 0.0 ], [ 113.2512131, 34.8276023, 0.0 ], [ 113.2513132, 34.8284014, 0.0 ], [ 113.2522128, 34.8297698, 0.0 ], [ 113.2542324, 34.8305787, 0.0 ], [ 113.2556922, 34.8306386, 0.0 ], [ 113.2562718, 34.8304886, 0.0 ], [ 113.2611412, 34.8299289, 0.0 ], [ 113.2625808, 34.8299488, 0.0 ], [ 113.2640104, 34.8300886, 0.0 ], [ 113.2644204, 34.8303682, 0.0 ], [ 113.2664098, 34.8314868, 0.0 ], [ 113.2676996, 34.8321959, 0.0 ], [ 113.2679495, 34.8323458, 0.0 ], [ 113.269689, 34.8332945, 0.0 ], [ 113.2705289, 34.8334743, 0.0 ], [ 113.2706488, 34.8334943, 0.0 ], [ 113.2739381, 34.8340634, 0.0 ], [ 113.274778, 34.8342132, 0.0 ], [ 113.2767475, 34.8343429, 0.0 ], [ 113.2770676, 34.8342629, 0.0 ], [ 113.2772674, 34.8342629, 0.0 ], [ 113.2773372, 34.834213, 0.0 ], [ 113.2786872, 34.8339432, 0.0 ], [ 113.2807867, 34.8335435, 0.0 ], [ 113.2813768, 34.8333037, 0.0 ], [ 113.2827962, 34.8327443, 0.0 ], [ 113.2853062, 34.8314955, 0.0 ], [ 113.2861759, 34.8306264, 0.0 ], [ 113.2865557, 34.8302368, 0.0 ], [ 113.2870558, 34.8295076, 0.0 ], [ 113.287136, 34.8293777, 0.0 ], [ 113.2873258, 34.829098, 0.0 ], [ 113.2883057, 34.8284786, 0.0 ], [ 113.2896956, 34.8282388, 0.0 ], [ 113.291635, 34.8287681, 0.0 ], [ 113.2939645, 34.8291176, 0.0 ], [ 113.2941046, 34.8291176, 0.0 ], [ 113.2944246, 34.8291674, 0.0 ], [ 113.296234, 34.8296368, 0.0 ], [ 113.2981135, 34.830216, 0.0 ], [ 113.2985336, 34.830226, 0.0 ], [ 113.302629, 34.830332, 0.0 ], [ 113.3035574, 34.8302808, 0.0 ], [ 113.3036572, 34.8302806, 0.0 ], [ 113.3044358, 34.8297002, 0.0 ], [ 113.3053445, 34.8291295, 0.0 ], [ 113.3060436, 34.8281596, 0.0 ], [ 113.3070818, 34.8269595, 0.0 ], [ 113.3082004, 34.8254796, 0.0 ], [ 113.30851, 34.8250996, 0.0 ], [ 113.3107765, 34.8224493, 0.0 ], [ 113.3119746, 34.8212789, 0.0 ], [ 113.3134924, 34.8197485, 0.0 ], [ 113.3135122, 34.8195487, 0.0 ], [ 113.3176262, 34.8156172, 0.0 ], [ 113.3174466, 34.8150681, 0.0 ], [ 113.3163587, 34.8116333, 0.0 ], [ 113.3162687, 34.8112639, 0.0 ], [ 113.3172673, 34.8109928, 0.0 ], [ 113.3179164, 34.8107422, 0.0 ], [ 113.3182256, 34.8104721, 0.0 ], [ 113.3184553, 34.8101221, 0.0 ], [ 113.3185554, 34.8097623, 0.0 ], [ 113.3185554, 34.8096724, 0.0 ], [ 113.3185554, 34.809203, 0.0 ], [ 113.3188549, 34.8092125, 0.0 ], [ 113.3190245, 34.8092024, 0.0 ], [ 113.3191843, 34.8091821, 0.0 ], [ 113.3193442, 34.8091519, 0.0 ], [ 113.3194939, 34.8091017, 0.0 ], [ 113.3196336, 34.8090316, 0.0 ], [ 113.3196736, 34.8090116, 0.0 ], [ 113.3198233, 34.8089015, 0.0 ], [ 113.3198532, 34.8088715, 0.0 ], [ 113.3198834, 34.8088316, 0.0 ], [ 113.3199331, 34.8087715, 0.0 ], [ 113.3200231, 34.8086416, 0.0 ], [ 113.3200829, 34.8085316, 0.0 ], [ 113.3201329, 34.8084216, 0.0 ], [ 113.3201628, 34.8082618, 0.0 ], [ 113.3201729, 34.8081719, 0.0 ], [ 113.3201531, 34.808052, 0.0 ], [ 113.3201329, 34.8079422, 0.0 ], [ 113.320093, 34.8078323, 0.0 ], [ 113.3200033, 34.8077126, 0.0 ], [ 113.3198834, 34.8076029, 0.0 ], [ 113.3197438, 34.8074932, 0.0 ], [ 113.3195839, 34.8073935, 0.0 ], [ 113.3193046, 34.807274, 0.0 ], [ 113.3190648, 34.8072544, 0.0 ], [ 113.3188553, 34.8072447, 0.0 ], [ 113.3186555, 34.8072649, 0.0 ], [ 113.3184856, 34.8073151, 0.0 ], [ 113.3183261, 34.8073753, 0.0 ], [ 113.3181364, 34.8074355, 0.0 ], [ 113.3180266, 34.8072558, 0.0 ], [ 113.3156106, 34.8058607, 0.0 ], [ 113.3139733, 34.8049241, 0.0 ], [ 113.3137037, 34.8047746, 0.0 ], [ 113.3136137, 34.8047248, 0.0 ], [ 113.312975, 34.8043561, 0.0 ], [ 113.3126255, 34.8042167, 0.0 ], [ 113.3124959, 34.8041669, 0.0 ], [ 113.3124257, 34.8041372, 0.0 ], [ 113.3118968, 34.803978, 0.0 ], [ 113.3114774, 34.8038688, 0.0 ], [ 113.3107884, 34.8037298, 0.0 ], [ 113.3105389, 34.8036802, 0.0 ], [ 113.3086918, 34.8033232, 0.0 ], [ 113.3084624, 34.8032736, 0.0 ], [ 113.3083325, 34.8032438, 0.0 ], [ 113.3083127, 34.8030741, 0.0 ], [ 113.3082727, 34.8025946, 0.0 ], [ 113.3082526, 34.8023349, 0.0 ], [ 113.308123, 34.801456, 0.0 ], [ 113.3080531, 34.8003673, 0.0 ], [ 113.3080135, 34.7996581, 0.0 ], [ 113.3060566, 34.799571, 0.0 ], [ 113.3053877, 34.7995419, 0.0 ], [ 113.3039797, 34.799484, 0.0 ] ] ] } },
{ "type": "Feature", "properties": { "Name": "龙亭区", "AdminCode": "410202", "Kind": "0137", "CityAdCode": "410200", "CityName": "开封市", "ProName": "河南省", "Shape_Leng": 1.14883077536, "Shape_Area": 0.03842932562, "sheng": 410000 }, "geometry": { "type": "Polygon", "coordinates": [ [ [ 114.2535737, 34.6977708, 0.0 ], [ 114.254334, 34.6986701, 0.0 ], [ 114.2544341, 34.6992696, 0.0 ], [ 114.2546321, 34.7075015, 0.0 ], [ 114.2550022, 34.7082608, 0.0 ], [ 114.2580539, 34.7103886, 0.0 ], [ 114.2613058, 34.7116973, 0.0 ], [ 114.2614858, 34.712007, 0.0 ], [ 114.2615059, 34.7124466, 0.0 ], [ 114.2613857, 34.7131759, 0.0 ], [ 114.2611751, 34.7142748, 0.0 ], [ 114.2608748, 34.7145944, 0.0 ], [ 114.2598038, 34.7153637, 0.0 ], [ 114.2594636, 34.7155735, 0.0 ], [ 114.2554, 34.7184506, 0.0 ], [ 114.2550698, 34.7189501, 0.0 ], [ 114.2543286, 34.7214276, 0.0 ], [ 114.2542886, 34.7215675, 0.0 ], [ 114.2541184, 34.7221369, 0.0 ], [ 114.254118, 34.7228861, 0.0 ], [ 114.2545975, 34.7256434, 0.0 ], [ 114.2561275, 34.7307383, 0.0 ], [ 114.2567176, 34.7327063, 0.0 ], [ 114.2572874, 34.7349541, 0.0 ], [ 114.257417, 34.7361129, 0.0 ], [ 114.257637, 34.7379512, 0.0 ], [ 114.2579466, 34.7403188, 0.0 ], [ 114.2585665, 34.7417074, 0.0 ], [ 114.2599669, 34.7448542, 0.0 ], [ 114.2613277, 34.7456035, 0.0 ], [ 114.2642196, 34.7471919, 0.0 ], [ 114.2687426, 34.7484706, 0.0 ], [ 114.2715848, 34.7486005, 0.0 ], [ 114.2752676, 34.7483408, 0.0 ], [ 114.2755477, 34.7485306, 0.0 ], [ 114.276218, 34.7490001, 0.0 ], [ 114.2769186, 34.7497693, 0.0 ], [ 114.2778989, 34.7508582, 0.0 ], [ 114.2779889, 34.7509581, 0.0 ], [ 114.278099, 34.751098, 0.0 ], [ 114.2792896, 34.7527863, 0.0 ], [ 114.2790588, 34.7548243, 0.0 ], [ 114.2789587, 34.7557533, 0.0 ], [ 114.2788284, 34.7569322, 0.0 ], [ 114.278638, 34.7586804, 0.0 ], [ 114.2755445, 34.7633058, 0.0 ], [ 114.2745329, 34.7665425, 0.0 ], [ 114.2751726, 34.7704786, 0.0 ], [ 114.2757929, 34.7708482, 0.0 ], [ 114.2784745, 34.7724666, 0.0 ], [ 114.281937, 34.7745745, 0.0 ], [ 114.2843285, 34.7751139, 0.0 ], [ 114.2912437, 34.7753737, 0.0 ], [ 114.2914342, 34.7755835, 0.0 ], [ 114.2919644, 34.7761629, 0.0 ], [ 114.2921344, 34.7762528, 0.0 ], [ 114.2932954, 34.7761229, 0.0 ], [ 114.2934556, 34.776063, 0.0 ], [ 114.2942162, 34.7756934, 0.0 ], [ 114.2943664, 34.7757034, 0.0 ], [ 114.2955972, 34.7763127, 0.0 ], [ 114.295757, 34.7762928, 0.0 ], [ 114.295847, 34.7776614, 0.0 ], [ 114.2958571, 34.7777813, 0.0 ], [ 114.295887, 34.7781709, 0.0 ], [ 114.2959266, 34.7791, 0.0 ], [ 114.2959266, 34.7791999, 0.0 ], [ 114.2959766, 34.7799491, 0.0 ], [ 114.2960364, 34.7809581, 0.0 ], [ 114.2960663, 34.7815275, 0.0 ], [ 114.2961761, 34.7834057, 0.0 ], [ 114.2962661, 34.7835055, 0.0 ], [ 114.2963161, 34.7842049, 0.0 ], [ 114.2963161, 34.7842749, 0.0 ], [ 114.2963359, 34.7850341, 0.0 ], [ 114.2963856, 34.7858433, 0.0 ], [ 114.2964356, 34.7866125, 0.0 ], [ 114.2964356, 34.7873018, 0.0 ], [ 114.2963554, 34.7874017, 0.0 ], [ 114.2963554, 34.7874717, 0.0 ], [ 114.2964353, 34.7876415, 0.0 ], [ 114.2965055, 34.7876615, 0.0 ], [ 114.2965454, 34.7876815, 0.0 ], [ 114.2965757, 34.7877014, 0.0 ], [ 114.2965955, 34.7877214, 0.0 ], [ 114.2966354, 34.7877514, 0.0 ], [ 114.2966657, 34.7877814, 0.0 ], [ 114.2966855, 34.7878013, 0.0 ], [ 114.2967056, 34.7878413, 0.0 ], [ 114.2967254, 34.7878813, 0.0 ], [ 114.2967355, 34.7879212, 0.0 ], [ 114.2967355, 34.7879412, 0.0 ], [ 114.2967355, 34.7879712, 0.0 ], [ 114.2967254, 34.7880411, 0.0 ], [ 114.2967056, 34.7880911, 0.0 ], [ 114.2966855, 34.788131, 0.0 ], [ 114.2966354, 34.788171, 0.0 ], [ 114.2965753, 34.7882209, 0.0 ], [ 114.2965454, 34.7883308, 0.0 ], [ 114.2965354, 34.7883808, 0.0 ], [ 114.2965152, 34.7884907, 0.0 ], [ 114.2966153, 34.7886405, 0.0 ], [ 114.2966552, 34.7892099, 0.0 ], [ 114.2966952, 34.7899592, 0.0 ], [ 114.2967049, 34.7902489, 0.0 ], [ 114.296715, 34.7903688, 0.0 ], [ 114.296715, 34.7904387, 0.0 ], [ 114.2967449, 34.7910181, 0.0 ], [ 114.2967449, 34.791128, 0.0 ], [ 114.296765, 34.7915276, 0.0 ], [ 114.2967949, 34.7919272, 0.0 ], [ 114.2968046, 34.792147, 0.0 ], [ 114.2968345, 34.7928063, 0.0 ], [ 114.2968446, 34.7930761, 0.0 ], [ 114.2968547, 34.7935556, 0.0 ], [ 114.2968644, 34.7937054, 0.0 ], [ 114.2969044, 34.7944547, 0.0 ], [ 114.2969641, 34.7953338, 0.0 ], [ 114.2969641, 34.7954637, 0.0 ], [ 114.2969742, 34.7957234, 0.0 ], [ 114.2970041, 34.7962729, 0.0 ], [ 114.297044, 34.797112, 0.0 ], [ 114.297084, 34.7978813, 0.0 ], [ 114.297084, 34.7979512, 0.0 ], [ 114.2971139, 34.7982509, 0.0 ], [ 114.2971438, 34.7988603, 0.0 ], [ 114.2971934, 34.7997694, 0.0 ], [ 114.2972435, 34.8003287, 0.0 ], [ 114.2972636, 34.8006283, 0.0 ], [ 114.2972935, 34.8015872, 0.0 ], [ 114.2973234, 34.802636, 0.0 ], [ 114.2972132, 34.8027958, 0.0 ], [ 114.2972132, 34.8028158, 0.0 ], [ 114.2972334, 34.8028957, 0.0 ], [ 114.2972932, 34.8029955, 0.0 ], [ 114.2973734, 34.8030355, 0.0 ], [ 114.2973932, 34.8030455, 0.0 ], [ 114.2974235, 34.8030754, 0.0 ], [ 114.2974534, 34.8030954, 0.0 ], [ 114.2974933, 34.8031354, 0.0 ], [ 114.2977036, 34.8032153, 0.0 ], [ 114.2978238, 34.8032552, 0.0 ], [ 114.2979037, 34.8032652, 0.0 ], [ 114.298114, 34.8031853, 0.0 ], [ 114.298164, 34.8031853, 0.0 ], [ 114.2988444, 34.8031653, 0.0 ], [ 114.2992249, 34.8031453, 0.0 ], [ 114.2995252, 34.8031354, 0.0 ], [ 114.2995651, 34.8031354, 0.0 ], [ 114.301004, 34.8030739, 0.0 ], [ 114.3018832, 34.8030326, 0.0 ], [ 114.3021928, 34.8030221, 0.0 ], [ 114.3039006, 34.8029397, 0.0 ], [ 114.3045997, 34.8029086, 0.0 ], [ 114.3056286, 34.8028572, 0.0 ], [ 114.3057085, 34.8028571, 0.0 ], [ 114.3058183, 34.8028469, 0.0 ], [ 114.3078858, 34.8027639, 0.0 ], [ 114.3108724, 34.8026197, 0.0 ], [ 114.3123005, 34.8025576, 0.0 ], [ 114.3126403, 34.8025471, 0.0 ], [ 114.3128002, 34.8025369, 0.0 ], [ 114.313779, 34.8024955, 0.0 ], [ 114.3146578, 34.8024542, 0.0 ], [ 114.3158263, 34.8024025, 0.0 ], [ 114.316186, 34.802402, 0.0 ], [ 114.316196, 34.8024619, 0.0 ], [ 114.3162061, 34.8025617, 0.0 ], [ 114.3163159, 34.8025615, 0.0 ], [ 114.3163159, 34.8026115, 0.0 ], [ 114.3167054, 34.8026009, 0.0 ], [ 114.3172948, 34.8025901, 0.0 ], [ 114.3182434, 34.8025586, 0.0 ], [ 114.3192722, 34.8025271, 0.0 ], [ 114.3196319, 34.8025167, 0.0 ], [ 114.3202612, 34.8024957, 0.0 ], [ 114.3205506, 34.8024853, 0.0 ], [ 114.3208004, 34.8024749, 0.0 ], [ 114.3213599, 34.8024542, 0.0 ], [ 114.3215294, 34.8024439, 0.0 ], [ 114.3215795, 34.8024438, 0.0 ], [ 114.3222487, 34.8024228, 0.0 ], [ 114.3228978, 34.802392, 0.0 ], [ 114.3239767, 34.8029097, 0.0 ], [ 114.3241063, 34.8029194, 0.0 ], [ 114.3242262, 34.8029393, 0.0 ], [ 114.3243162, 34.8029392, 0.0 ], [ 114.3255046, 34.8036965, 0.0 ], [ 114.3255748, 34.8037463, 0.0 ], [ 114.3263635, 34.8041647, 0.0 ], [ 114.3263837, 34.8042245, 0.0 ], [ 114.3269928, 34.805592, 0.0 ], [ 114.3270727, 34.8057717, 0.0 ], [ 114.3273823, 34.8064804, 0.0 ], [ 114.3276217, 34.8070893, 0.0 ], [ 114.3277618, 34.8074387, 0.0 ], [ 114.3278716, 34.8076583, 0.0 ], [ 114.3279612, 34.807748, 0.0 ], [ 114.3284508, 34.8075076, 0.0 ], [ 114.32907, 34.807217, 0.0 ], [ 114.3306983, 34.8065953, 0.0 ], [ 114.3307181, 34.8065853, 0.0 ], [ 114.3310979, 34.8065448, 0.0 ], [ 114.3317668, 34.806434, 0.0 ], [ 114.3320465, 34.8061339, 0.0 ], [ 114.3322564, 34.805794, 0.0 ], [ 114.3340247, 34.8022754, 0.0 ], [ 114.3345442, 34.8012558, 0.0 ], [ 114.334664, 34.801016, 0.0 ], [ 114.334704, 34.800926, 0.0 ], [ 114.334744, 34.8005763, 0.0 ], [ 114.3352832, 34.7997764, 0.0 ], [ 114.3353534, 34.7996464, 0.0 ], [ 114.3367222, 34.7981958, 0.0 ], [ 114.3374414, 34.7974255, 0.0 ], [ 114.3375314, 34.7973255, 0.0 ], [ 114.3386302, 34.797094, 0.0 ], [ 114.3396986, 34.7969127, 0.0 ], [ 114.3408373, 34.7966312, 0.0 ], [ 114.341337, 34.7966204, 0.0 ], [ 114.3424955, 34.7966887, 0.0 ], [ 114.3431248, 34.7966178, 0.0 ], [ 114.3453722, 34.7965944, 0.0 ], [ 114.3454421, 34.7965943, 0.0 ], [ 114.345522, 34.7965843, 0.0 ], [ 114.3472698, 34.7965717, 0.0 ], [ 114.3476593, 34.796571, 0.0 ], [ 114.3482587, 34.7965701, 0.0 ], [ 114.3499165, 34.7965577, 0.0 ], [ 114.351215, 34.7965457, 0.0 ], [ 114.3517543, 34.796445, 0.0 ], [ 114.3544914, 34.796371, 0.0 ], [ 114.3545713, 34.7963509, 0.0 ], [ 114.3546908, 34.7963507, 0.0 ], [ 114.3547708, 34.7963506, 0.0 ], [ 114.3560394, 34.7965186, 0.0 ], [ 114.356079, 34.7971978, 0.0 ], [ 114.3560686, 34.7995754, 0.0 ], [ 114.3560383, 34.8002248, 0.0 ], [ 114.3560383, 34.8002847, 0.0 ], [ 114.3560286, 34.8003946, 0.0 ], [ 114.3560286, 34.8004645, 0.0 ], [ 114.3561481, 34.8023522, 0.0 ], [ 114.3561179, 34.8033011, 0.0 ], [ 114.356038, 34.8040904, 0.0 ], [ 114.355998, 34.80449, 0.0 ], [ 114.3559379, 34.8068874, 0.0 ], [ 114.3562475, 34.8088946, 0.0 ], [ 114.356417, 34.8098732, 0.0 ], [ 114.3563371, 34.8098933, 0.0 ], [ 114.3562172, 34.8099035, 0.0 ], [ 114.3561474, 34.8099036, 0.0 ], [ 114.3561272, 34.8100735, 0.0 ], [ 114.3560873, 34.8120912, 0.0 ], [ 114.3561272, 34.812171, 0.0 ], [ 114.3560869, 34.8150977, 0.0 ], [ 114.356057, 34.8151777, 0.0 ], [ 114.3558871, 34.8166063, 0.0 ], [ 114.3558871, 34.8166363, 0.0 ], [ 114.355867, 34.8179947, 0.0 ], [ 114.3560268, 34.8181344, 0.0 ], [ 114.3564062, 34.8182237, 0.0 ], [ 114.3571154, 34.8182925, 0.0 ], [ 114.3572252, 34.8182825, 0.0 ], [ 114.3572951, 34.8182823, 0.0 ], [ 114.3626987, 34.8180246, 0.0 ], [ 114.3690811, 34.8168065, 0.0 ], [ 114.3698702, 34.8166156, 0.0 ], [ 114.3699901, 34.8165954, 0.0 ], [ 114.3700499, 34.8165853, 0.0 ], [ 114.3702299, 34.8165851, 0.0 ], [ 114.3713585, 34.8151351, 0.0 ], [ 114.3720378, 34.814335, 0.0 ], [ 114.3723974, 34.813815, 0.0 ], [ 114.3729169, 34.813135, 0.0 ], [ 114.3732164, 34.812745, 0.0 ], [ 114.3744653, 34.8111349, 0.0 ], [ 114.3748948, 34.8105849, 0.0 ], [ 114.3759636, 34.8087654, 0.0 ], [ 114.3759636, 34.8086655, 0.0 ], [ 114.3765529, 34.8081152, 0.0 ], [ 114.376653, 34.8079652, 0.0 ], [ 114.3773921, 34.8076046, 0.0 ], [ 114.3790103, 34.8064234, 0.0 ], [ 114.3806184, 34.8060215, 0.0 ], [ 114.3806882, 34.8060014, 0.0 ], [ 114.3811778, 34.8059707, 0.0 ], [ 114.3823363, 34.8059191, 0.0 ], [ 114.3840244, 34.8058366, 0.0 ], [ 114.3890881, 34.8055693, 0.0 ], [ 114.389388, 34.8055589, 0.0 ], [ 114.3946415, 34.8061604, 0.0 ], [ 114.3968389, 34.8067265, 0.0 ], [ 114.4001657, 34.8077012, 0.0 ], [ 114.40183, 34.8087532, 0.0 ], [ 114.4051186, 34.8108371, 0.0 ], [ 114.4074244, 34.8149669, 0.0 ], [ 114.4077552, 34.8167355, 0.0 ], [ 114.4086671, 34.8217118, 0.0 ], [ 114.4077343, 34.823498, 0.0 ], [ 114.4062302, 34.826372, 0.0 ], [ 114.4044752, 34.8273277, 0.0 ], [ 114.4038434, 34.827736, 0.0 ], [ 114.399014, 34.8305171, 0.0 ], [ 114.3989438, 34.8306871, 0.0 ], [ 114.3977252, 34.8335556, 0.0 ], [ 114.3980248, 34.8340547, 0.0 ], [ 114.3986839, 34.8351026, 0.0 ], [ 114.3999022, 34.8370587, 0.0 ], [ 114.4009346, 34.8387186, 0.0 ], [ 114.4038323, 34.8402722, 0.0 ], [ 114.4040026, 34.8403624, 0.0 ], [ 114.4107004, 34.8439309, 0.0 ], [ 114.4043532, 34.8451478, 0.0 ], [ 114.4041628, 34.8452174, 0.0 ], [ 114.4040324, 34.845367, 0.0 ], [ 114.4028491, 34.8469031, 0.0 ], [ 114.4026986, 34.8471026, 0.0 ], [ 114.4026482, 34.8472624, 0.0 ], [ 114.4026583, 34.8475421, 0.0 ], [ 114.4030385, 34.8553841, 0.0 ], [ 114.4067281, 34.8600358, 0.0 ], [ 114.4070489, 34.8604459, 0.0 ], [ 114.4071292, 34.8606158, 0.0 ], [ 114.407159, 34.8607658, 0.0 ], [ 114.4071792, 34.8609256, 0.0 ], [ 114.4072494, 34.8619046, 0.0 ], [ 114.4072894, 34.8626039, 0.0 ], [ 114.4077397, 34.8695571, 0.0 ], [ 114.4077599, 34.8699067, 0.0 ], [ 114.4077498, 34.8699766, 0.0 ], [ 114.4077296, 34.8700365, 0.0 ], [ 114.4076897, 34.8700764, 0.0 ], [ 114.4076094, 34.8701162, 0.0 ], [ 114.4005703, 34.8717316, 0.0 ], [ 114.3980608, 34.8724224, 0.0 ], [ 114.395404, 34.8731753, 0.0 ], [ 114.3951444, 34.8733755, 0.0 ], [ 114.3950544, 34.8735954, 0.0 ], [ 114.3950641, 34.8739449, 0.0 ], [ 114.3960127, 34.8778693, 0.0 ], [ 114.3961625, 34.8783386, 0.0 ], [ 114.3964523, 34.8785679, 0.0 ], [ 114.3969415, 34.8787969, 0.0 ], [ 114.4012111, 34.8804632, 0.0 ], [ 114.4026652, 34.8806656, 0.0 ], [ 114.4120003, 34.8818911, 0.0 ], [ 114.4127423, 34.8821922, 0.0 ], [ 114.4132636, 34.8824029, 0.0 ], [ 114.4196406, 34.8849716, 0.0 ], [ 114.4298776, 34.8905739, 0.0 ], [ 114.4409864, 34.8998433, 0.0 ], [ 114.4522969, 34.9122514, 0.0 ], [ 114.4467619, 34.9133002, 0.0 ], [ 114.4396526, 34.9150154, 0.0 ], [ 114.4354111, 34.9173653, 0.0 ], [ 114.4341475, 34.9180923, 0.0 ], [ 114.4338268, 34.9183014, 0.0 ], [ 114.4227859, 34.9256434, 0.0 ], [ 114.4061492, 34.9361612, 0.0 ], [ 114.3946879, 34.9416609, 0.0 ], [ 114.3942386, 34.9418414, 0.0 ], [ 114.393699, 34.9418921, 0.0 ], [ 114.3843404, 34.9421149, 0.0 ], [ 114.3839408, 34.9421155, 0.0 ], [ 114.3835614, 34.9420261, 0.0 ], [ 114.3806249, 34.9411512, 0.0 ], [ 114.377369, 34.9402468, 0.0 ], [ 114.3768496, 34.9401076, 0.0 ], [ 114.37645, 34.9399084, 0.0 ], [ 114.3761206, 34.9395892, 0.0 ], [ 114.375811, 34.9391102, 0.0 ], [ 114.3700985, 34.9309471, 0.0 ], [ 114.3693295, 34.9298794, 0.0 ], [ 114.36907, 34.9294801, 0.0 ], [ 114.3683906, 34.9285122, 0.0 ], [ 114.3647057, 34.9254207, 0.0 ], [ 114.355138, 34.917363, 0.0 ], [ 114.3526511, 34.9152687, 0.0 ], [ 114.3450407, 34.9105246, 0.0 ], [ 114.3389581, 34.908835, 0.0 ], [ 114.3046192, 34.9093624, 0.0 ], [ 114.2739788, 34.9104078, 0.0 ], [ 114.2659339, 34.9097386, 0.0 ], [ 114.2565286, 34.9089594, 0.0 ], [ 114.2441212, 34.907501, 0.0 ], [ 114.2408092, 34.9071214, 0.0 ], [ 114.2403988, 34.9070815, 0.0 ], [ 114.2400985, 34.9071414, 0.0 ], [ 114.2396986, 34.9072812, 0.0 ], [ 114.2390581, 34.907531, 0.0 ], [ 114.2341146, 34.9094588, 0.0 ], [ 114.2305722, 34.9107475, 0.0 ], [ 114.2168429, 34.91744, 0.0 ], [ 114.2146411, 34.9184889, 0.0 ], [ 114.2145014, 34.91744, 0.0 ], [ 114.2134621, 34.9101581, 0.0 ], [ 114.211993, 34.8975122, 0.0 ], [ 114.2074285, 34.8779657, 0.0 ], [ 114.2057567, 34.8708442, 0.0 ], [ 114.2046554, 34.8661498, 0.0 ], [ 114.2037047, 34.8620248, 0.0 ], [ 114.2035542, 34.8614055, 0.0 ], [ 114.2029336, 34.8588486, 0.0 ], [ 114.2023331, 34.8563615, 0.0 ], [ 114.1972337, 34.8441525, 0.0 ], [ 114.1961908, 34.8414843, 0.0 ], [ 114.1949578, 34.838716, 0.0 ], [ 114.1945265, 34.8370873, 0.0 ], [ 114.1944563, 34.8368874, 0.0 ], [ 114.1934234, 34.8341892, 0.0 ], [ 114.1929122, 34.8327402, 0.0 ], [ 114.19205, 34.8321797, 0.0 ], [ 114.1909373, 34.8317887, 0.0 ], [ 114.1889526, 34.8311168, 0.0 ], [ 114.1861057, 34.8290554, 0.0 ], [ 114.1831285, 34.8272833, 0.0 ], [ 114.1793896, 34.8264892, 0.0 ], [ 114.174949, 34.8268826, 0.0 ], [ 114.1711301, 34.8270672, 0.0 ], [ 114.1687742, 34.8276832, 0.0 ], [ 114.1642634, 34.8283762, 0.0 ], [ 114.1604446, 34.82917, 0.0 ], [ 114.156495, 34.829684, 0.0 ], [ 114.1526758, 34.8295091, 0.0 ], [ 114.1488569, 34.8291642, 0.0 ], [ 114.145178, 34.8287596, 0.0 ], [ 114.1412188, 34.8284745, 0.0 ], [ 114.1389331, 34.827902, 0.0 ], [ 114.1351844, 34.8272676, 0.0 ], [ 114.1313051, 34.8269227, 0.0 ], [ 114.1276266, 34.8264082, 0.0 ], [ 114.1255717, 34.825856, 0.0 ], [ 114.1250206, 34.8256955, 0.0 ], [ 114.124018, 34.8254244, 0.0 ], [ 114.121332, 34.8243119, 0.0 ], [ 114.1206905, 34.8240514, 0.0 ], [ 114.1188962, 34.8227703, 0.0 ], [ 114.1176334, 34.8218696, 0.0 ], [ 114.116391, 34.8191209, 0.0 ], [ 114.1177144, 34.8161561, 0.0 ], [ 114.1188977, 34.8138903, 0.0 ], [ 114.1191785, 34.8133513, 0.0 ], [ 114.1207322, 34.8113656, 0.0 ], [ 114.1213338, 34.8106072, 0.0 ], [ 114.1233487, 34.808043, 0.0 ], [ 114.1250227, 34.8062173, 0.0 ], [ 114.1258648, 34.8052996, 0.0 ], [ 114.1280903, 34.8029553, 0.0 ], [ 114.1309372, 34.8004921, 0.0 ], [ 114.1338542, 34.7980486, 0.0 ], [ 114.1372526, 34.7955358, 0.0 ], [ 114.1404502, 34.7933026, 0.0 ], [ 114.1423549, 34.7918468, 0.0 ], [ 114.1430868, 34.7912883, 0.0 ], [ 114.1433474, 34.7910889, 0.0 ], [ 114.1435076, 34.7909592, 0.0 ], [ 114.143548, 34.7909393, 0.0 ], [ 114.1438086, 34.7907798, 0.0 ], [ 114.1467757, 34.7890157, 0.0 ], [ 114.1497529, 34.7869619, 0.0 ], [ 114.15253, 34.784728, 0.0 ], [ 114.1557278, 34.7821052, 0.0 ], [ 114.157723, 34.7798502, 0.0 ], [ 114.1578734, 34.7796706, 0.0 ], [ 114.1579537, 34.7795808, 0.0 ], [ 114.1601695, 34.7771263, 0.0 ], [ 114.1628062, 34.7747225, 0.0 ], [ 114.1648916, 34.7721479, 0.0 ], [ 114.1663558, 34.7691829, 0.0 ], [ 114.1655245, 34.7662647, 0.0 ], [ 114.1633901, 34.7639141, 0.0 ], [ 114.1599118, 34.7630001, 0.0 ], [ 114.1562434, 34.7621958, 0.0 ], [ 114.1523647, 34.7602522, 0.0 ], [ 114.1493879, 34.7580203, 0.0 ], [ 114.1468322, 34.7555093, 0.0 ], [ 114.1452889, 34.753569, 0.0 ], [ 114.1446877, 34.752819, 0.0 ], [ 114.1433348, 34.750879, 0.0 ], [ 114.1429943, 34.7503891, 0.0 ], [ 114.1427336, 34.7500291, 0.0 ], [ 114.1426836, 34.7499491, 0.0 ], [ 114.1408591, 34.7491672, 0.0 ], [ 114.139476, 34.748486, 0.0 ], [ 114.1393158, 34.7480062, 0.0 ], [ 114.1384741, 34.7453877, 0.0 ], [ 114.1379233, 34.7438185, 0.0 ], [ 114.1376324, 34.7428391, 0.0 ], [ 114.1374924, 34.7425192, 0.0 ], [ 114.1373221, 34.7418896, 0.0 ], [ 114.1368613, 34.7405403, 0.0 ], [ 114.136821, 34.7404204, 0.0 ], [ 114.136771, 34.7401606, 0.0 ], [ 114.1359696, 34.7360135, 0.0 ], [ 114.1338456, 34.7294172, 0.0 ], [ 114.1343975, 34.7262611, 0.0 ], [ 114.134679, 34.7229448, 0.0 ], [ 114.1351805, 34.7199785, 0.0 ], [ 114.135642, 34.7192399, 0.0 ], [ 114.1368451, 34.7172934, 0.0 ], [ 114.1392715, 34.7150591, 0.0 ], [ 114.141006, 34.7137429, 0.0 ], [ 114.1437834, 34.7118087, 0.0 ], [ 114.1466306, 34.7096948, 0.0 ], [ 114.148305, 34.7084783, 0.0 ], [ 114.1533572, 34.710873, 0.0 ], [ 114.1540988, 34.710914, 0.0 ], [ 114.16271, 34.7114255, 0.0 ], [ 114.164635, 34.7111785, 0.0 ], [ 114.164986, 34.711129, 0.0 ], [ 114.1707103, 34.7103778, 0.0 ], [ 114.1727252, 34.7101108, 0.0 ], [ 114.175071, 34.7098045, 0.0 ], [ 114.1751412, 34.7097946, 0.0 ], [ 114.1790512, 34.7092805, 0.0 ], [ 114.181808, 34.7088748, 0.0 ], [ 114.1867505, 34.7080925, 0.0 ], [ 114.1901291, 34.7080972, 0.0 ], [ 114.1947504, 34.7080937, 0.0 ], [ 114.1985398, 34.708109, 0.0 ], [ 114.2050669, 34.7081209, 0.0 ], [ 114.2182368, 34.7062828, 0.0 ], [ 114.2233711, 34.7038052, 0.0 ], [ 114.2325086, 34.6994294, 0.0 ], [ 114.2336693, 34.6993196, 0.0 ], [ 114.23434, 34.6992496, 0.0 ], [ 114.23448, 34.6993895, 0.0 ], [ 114.2346902, 34.6993895, 0.0 ], [ 114.2365216, 34.6992596, 0.0 ], [ 114.2371019, 34.6992197, 0.0 ], [ 114.2379425, 34.6991098, 0.0 ], [ 114.2380426, 34.6991597, 0.0 ], [ 114.2414449, 34.6989698, 0.0 ], [ 114.2441467, 34.6990198, 0.0 ], [ 114.2458981, 34.6990198, 0.0 ], [ 114.24847, 34.6991098, 0.0 ], [ 114.2535737, 34.6977708, 0.0 ] ] ] } },
{ "type": "Feature", "properties": { "Name": "顺河回族区", "AdminCode": "410203", "Kind": "0137", "CityAdCode": "410200", "CityName": "开封市", "ProName": "河南省", "Shape_Leng": 0.43283502231999998, "Shape_Area": 0.00724995199, "sheng": 410000 }, "geometry": { "type": "Polygon", "coordinates": [ [ [ 114.3922867, 34.7594113, 0.0 ], [ 114.3954731, 34.7597162, 0.0 ], [ 114.3956329, 34.7598058, 0.0 ], [ 114.3957326, 34.7599656, 0.0 ], [ 114.3958723, 34.7601451, 0.0 ], [ 114.3962219, 34.7602946, 0.0 ], [ 114.3964415, 34.7607737, 0.0 ], [ 114.3975197, 34.7631497, 0.0 ], [ 114.3975798, 34.7631996, 0.0 ], [ 114.4008688, 34.7647063, 0.0 ], [ 114.4009591, 34.7647464, 0.0 ], [ 114.4010596, 34.7647566, 0.0 ], [ 114.4012097, 34.7647269, 0.0 ], [ 114.4050606, 34.7633855, 0.0 ], [ 114.40831, 34.7609142, 0.0 ], [ 114.409503, 34.7617256, 0.0 ], [ 114.4172729, 34.7658563, 0.0 ], [ 114.4231369, 34.7716615, 0.0 ], [ 114.4238087, 34.7720125, 0.0 ], [ 114.4263352, 34.773326, 0.0 ], [ 114.4280192, 34.7741983, 0.0 ], [ 114.4284905, 34.7744489, 0.0 ], [ 114.4369228, 34.776383, 0.0 ], [ 114.4376244, 34.7765542, 0.0 ], [ 114.4402211, 34.7778878, 0.0 ], [ 114.4473293, 34.7816075, 0.0 ], [ 114.4487221, 34.7836482, 0.0 ], [ 114.4500653, 34.7856287, 0.0 ], [ 114.4500955, 34.7856688, 0.0 ], [ 114.4501153, 34.7857387, 0.0 ], [ 114.4503659, 34.786868, 0.0 ], [ 114.451267, 34.7909158, 0.0 ], [ 114.4512972, 34.7909657, 0.0 ], [ 114.451367, 34.7911258, 0.0 ], [ 114.4514974, 34.7912658, 0.0 ], [ 114.4581642, 34.7958439, 0.0 ], [ 114.459287, 34.7962856, 0.0 ], [ 114.4598184, 34.7964964, 0.0 ], [ 114.4617131, 34.7972393, 0.0 ], [ 114.4675883, 34.7995481, 0.0 ], [ 114.471198, 34.8009634, 0.0 ], [ 114.4726319, 34.8015354, 0.0 ], [ 114.4751987, 34.8025291, 0.0 ], [ 114.481094, 34.8058265, 0.0 ], [ 114.4842923, 34.8091285, 0.0 ], [ 114.4843826, 34.8092186, 0.0 ], [ 114.4852949, 34.8101592, 0.0 ], [ 114.4864476, 34.8138271, 0.0 ], [ 114.4883927, 34.8178759, 0.0 ], [ 114.4892545, 34.8219926, 0.0 ], [ 114.4896253, 34.8237014, 0.0 ], [ 114.4899562, 34.8252301, 0.0 ], [ 114.4900562, 34.8266686, 0.0 ], [ 114.4904267, 34.8313737, 0.0 ], [ 114.4903867, 34.8315634, 0.0 ], [ 114.4902964, 34.8317131, 0.0 ], [ 114.4894338, 34.8328301, 0.0 ], [ 114.4883408, 34.8341964, 0.0 ], [ 114.4883308, 34.8342164, 0.0 ], [ 114.4882505, 34.8343161, 0.0 ], [ 114.4870171, 34.8359019, 0.0 ], [ 114.4868666, 34.8360016, 0.0 ], [ 114.4866661, 34.8360412, 0.0 ], [ 114.4827256, 34.8362036, 0.0 ], [ 114.4792663, 34.8356878, 0.0 ], [ 114.4752354, 34.8350909, 0.0 ], [ 114.4704125, 34.8354316, 0.0 ], [ 114.4679857, 34.8366656, 0.0 ], [ 114.4668827, 34.8372329, 0.0 ], [ 114.4625404, 34.8429282, 0.0 ], [ 114.4590106, 34.8458183, 0.0 ], [ 114.4517911, 34.8469736, 0.0 ], [ 114.4512997, 34.8470527, 0.0 ], [ 114.4449421, 34.8500874, 0.0 ], [ 114.4445209, 34.8506959, 0.0 ], [ 114.4444507, 34.8507857, 0.0 ], [ 114.44422, 34.8511149, 0.0 ], [ 114.4442002, 34.8512047, 0.0 ], [ 114.4442002, 34.8512747, 0.0 ], [ 114.44422, 34.8513346, 0.0 ], [ 114.4442704, 34.8513846, 0.0 ], [ 114.4443704, 34.8514447, 0.0 ], [ 114.4446412, 34.8515352, 0.0 ], [ 114.449454, 34.8530523, 0.0 ], [ 114.4496146, 34.8531026, 0.0 ], [ 114.4498651, 34.8532828, 0.0 ], [ 114.4501258, 34.8536529, 0.0 ], [ 114.4511384, 34.8551231, 0.0 ], [ 114.4516594, 34.8579208, 0.0 ], [ 114.4517296, 34.8582106, 0.0 ], [ 114.4517296, 34.8583704, 0.0 ], [ 114.4516795, 34.8585001, 0.0 ], [ 114.4515593, 34.8586198, 0.0 ], [ 114.447829, 34.8595119, 0.0 ], [ 114.447478, 34.8595812, 0.0 ], [ 114.4473577, 34.8596109, 0.0 ], [ 114.4472274, 34.8596207, 0.0 ], [ 114.4470269, 34.8595904, 0.0 ], [ 114.4467162, 34.8595598, 0.0 ], [ 114.4341925, 34.8583381, 0.0 ], [ 114.4326283, 34.8580856, 0.0 ], [ 114.4249276, 34.8568827, 0.0 ], [ 114.4248271, 34.8568626, 0.0 ], [ 114.4247569, 34.8568225, 0.0 ], [ 114.424717, 34.8567725, 0.0 ], [ 114.4246867, 34.8566926, 0.0 ], [ 114.4246669, 34.8565826, 0.0 ], [ 114.424276, 34.8541646, 0.0 ], [ 114.424236, 34.8540347, 0.0 ], [ 114.4240153, 34.853385, 0.0 ], [ 114.4231632, 34.8508363, 0.0 ], [ 114.4228424, 34.8502264, 0.0 ], [ 114.4225116, 34.8498562, 0.0 ], [ 114.4184209, 34.8462327, 0.0 ], [ 114.4170475, 34.8450314, 0.0 ], [ 114.4169572, 34.8449814, 0.0 ], [ 114.4168668, 34.8449512, 0.0 ], [ 114.4131872, 34.8443251, 0.0 ], [ 114.4115528, 34.8441722, 0.0 ], [ 114.4107004, 34.8439309, 0.0 ], [ 114.4040026, 34.8403624, 0.0 ], [ 114.4038323, 34.8402722, 0.0 ], [ 114.4009346, 34.8387186, 0.0 ], [ 114.3999022, 34.8370587, 0.0 ], [ 114.3986839, 34.8351026, 0.0 ], [ 114.3980248, 34.8340547, 0.0 ], [ 114.3977252, 34.8335556, 0.0 ], [ 114.3989438, 34.8306871, 0.0 ], [ 114.399014, 34.8305171, 0.0 ], [ 114.4038434, 34.827736, 0.0 ], [ 114.4044752, 34.8273277, 0.0 ], [ 114.4062302, 34.826372, 0.0 ], [ 114.4077343, 34.823498, 0.0 ], [ 114.4086671, 34.8217118, 0.0 ], [ 114.4077552, 34.8167355, 0.0 ], [ 114.4074244, 34.8149669, 0.0 ], [ 114.4051186, 34.8108371, 0.0 ], [ 114.40183, 34.8087532, 0.0 ], [ 114.4001657, 34.8077012, 0.0 ], [ 114.3968389, 34.8067265, 0.0 ], [ 114.3946415, 34.8061604, 0.0 ], [ 114.389388, 34.8055589, 0.0 ], [ 114.3890881, 34.8055693, 0.0 ], [ 114.3840244, 34.8058366, 0.0 ], [ 114.3823363, 34.8059191, 0.0 ], [ 114.3811778, 34.8059707, 0.0 ], [ 114.3806882, 34.8060014, 0.0 ], [ 114.3806184, 34.8060215, 0.0 ], [ 114.3790103, 34.8064234, 0.0 ], [ 114.3773921, 34.8076046, 0.0 ], [ 114.376653, 34.8079652, 0.0 ], [ 114.3765529, 34.8081152, 0.0 ], [ 114.3759636, 34.8086655, 0.0 ], [ 114.3759636, 34.8087654, 0.0 ], [ 114.3748948, 34.8105849, 0.0 ], [ 114.3744653, 34.8111349, 0.0 ], [ 114.3732164, 34.812745, 0.0 ], [ 114.3729169, 34.813135, 0.0 ], [ 114.3723974, 34.813815, 0.0 ], [ 114.3720378, 34.814335, 0.0 ], [ 114.3713585, 34.8151351, 0.0 ], [ 114.3702299, 34.8165851, 0.0 ], [ 114.3700499, 34.8165853, 0.0 ], [ 114.3699901, 34.8165954, 0.0 ], [ 114.3698702, 34.8166156, 0.0 ], [ 114.3690811, 34.8168065, 0.0 ], [ 114.3626987, 34.8180246, 0.0 ], [ 114.3572951, 34.8182823, 0.0 ], [ 114.3572252, 34.8182825, 0.0 ], [ 114.3571154, 34.8182925, 0.0 ], [ 114.3564062, 34.8182237, 0.0 ], [ 114.3560268, 34.8181344, 0.0 ], [ 114.355867, 34.8179947, 0.0 ], [ 114.3558871, 34.8166363, 0.0 ], [ 114.3558871, 34.8166063, 0.0 ], [ 114.356057, 34.8151777, 0.0 ], [ 114.3560869, 34.8150977, 0.0 ], [ 114.3561272, 34.812171, 0.0 ], [ 114.3560873, 34.8120912, 0.0 ], [ 114.3561272, 34.8100735, 0.0 ], [ 114.3561474, 34.8099036, 0.0 ], [ 114.3562172, 34.8099035, 0.0 ], [ 114.3563371, 34.8098933, 0.0 ], [ 114.356417, 34.8098732, 0.0 ], [ 114.3562475, 34.8088946, 0.0 ], [ 114.3559379, 34.8068874, 0.0 ], [ 114.355998, 34.80449, 0.0 ], [ 114.356038, 34.8040904, 0.0 ], [ 114.3561179, 34.8033011, 0.0 ], [ 114.3561481, 34.8023522, 0.0 ], [ 114.3560286, 34.8004645, 0.0 ], [ 114.3560286, 34.8003946, 0.0 ], [ 114.3560383, 34.8002847, 0.0 ], [ 114.3560383, 34.8002248, 0.0 ], [ 114.3560686, 34.7995754, 0.0 ], [ 114.356079, 34.7971978, 0.0 ], [ 114.3560394, 34.7965186, 0.0 ], [ 114.3560293, 34.7963787, 0.0 ], [ 114.3560099, 34.7952698, 0.0 ], [ 114.3560999, 34.7943906, 0.0 ], [ 114.3560898, 34.7943207, 0.0 ], [ 114.3560797, 34.7942108, 0.0 ], [ 114.35607, 34.7941508, 0.0 ], [ 114.3559202, 34.7933819, 0.0 ], [ 114.3558806, 34.7925427, 0.0 ], [ 114.3558709, 34.7918036, 0.0 ], [ 114.355831, 34.7906847, 0.0 ], [ 114.3557615, 34.7889665, 0.0 ], [ 114.3557417, 34.7888966, 0.0 ], [ 114.3557316, 34.7888367, 0.0 ], [ 114.3557021, 34.7879776, 0.0 ], [ 114.3557021, 34.7878877, 0.0 ], [ 114.3556524, 34.7867888, 0.0 ], [ 114.355553, 34.7842715, 0.0 ], [ 114.3555732, 34.7841516, 0.0 ], [ 114.3554638, 34.7815444, 0.0 ], [ 114.355454, 34.7814545, 0.0 ], [ 114.3558734, 34.7814039, 0.0 ], [ 114.3568325, 34.7812925, 0.0 ], [ 114.3571421, 34.7812621, 0.0 ], [ 114.3580511, 34.7811509, 0.0 ], [ 114.3582008, 34.7811707, 0.0 ], [ 114.3591797, 34.7808994, 0.0 ], [ 114.3604382, 34.7804979, 0.0 ], [ 114.3610974, 34.7802772, 0.0 ], [ 114.3616669, 34.7798867, 0.0 ], [ 114.3626659, 34.7794656, 0.0 ], [ 114.3627257, 34.7793856, 0.0 ], [ 114.3646142, 34.7774448, 0.0 ], [ 114.3663127, 34.7758438, 0.0 ], [ 114.3666824, 34.7753038, 0.0 ], [ 114.3668023, 34.7750738, 0.0 ], [ 114.3669319, 34.7749138, 0.0 ], [ 114.3671918, 34.7747536, 0.0 ], [ 114.3673016, 34.7747035, 0.0 ], [ 114.3678913, 34.7740632, 0.0 ], [ 114.3684806, 34.7734829, 0.0 ], [ 114.3690901, 34.7728726, 0.0 ], [ 114.3728568, 34.7690308, 0.0 ], [ 114.3733964, 34.7684805, 0.0 ], [ 114.3803491, 34.7645341, 0.0 ], [ 114.3894499, 34.7606243, 0.0 ], [ 114.3895896, 34.7605642, 0.0 ], [ 114.3922867, 34.7594113, 0.0 ] ] ] } },
{ "type": "Feature", "properties": { "Name": "鼓楼区", "AdminCode": "410204", "Kind": "0137", "CityAdCode": "410200", "CityName": "开封市", "ProName": "河南省", "Shape_Leng": 0.46891189903000002, "Shape_Area": 0.00699192924, "sheng": 410000 }, "geometry": { "type": "Polygon", "coordinates": [ [ [ 114.2997181, 34.6728707, 0.0 ], [ 114.3034344, 34.6743444, 0.0 ], [ 114.305332, 34.6769995, 0.0 ], [ 114.3040028, 34.6825769, 0.0 ], [ 114.3046919, 34.6851438, 0.0 ], [ 114.3065898, 34.6860004, 0.0 ], [ 114.3077684, 34.6865782, 0.0 ], [ 114.308987, 34.6875256, 0.0 ], [ 114.3126126, 34.6904578, 0.0 ], [ 114.3133718, 34.6919355, 0.0 ], [ 114.315449, 34.6959691, 0.0 ], [ 114.316128, 34.699685, 0.0 ], [ 114.3172253, 34.7057773, 0.0 ], [ 114.3176342, 34.7097628, 0.0 ], [ 114.3177138, 34.7105119, 0.0 ], [ 114.3178135, 34.7114508, 0.0 ], [ 114.3178632, 34.7120801, 0.0 ], [ 114.3189014, 34.7148358, 0.0 ], [ 114.3194508, 34.7163135, 0.0 ], [ 114.3194908, 34.7164433, 0.0 ], [ 114.3234439, 34.7259778, 0.0 ], [ 114.3267293, 34.7300189, 0.0 ], [ 114.3301147, 34.7342896, 0.0 ], [ 114.3264989, 34.734245, 0.0 ], [ 114.3202957, 34.7351834, 0.0 ], [ 114.3194062, 34.7367132, 0.0 ], [ 114.3187369, 34.7374335, 0.0 ], [ 114.3190663, 34.7381423, 0.0 ], [ 114.3192161, 34.7385117, 0.0 ], [ 114.319336, 34.7388012, 0.0 ], [ 114.3195656, 34.7393603, 0.0 ], [ 114.3196052, 34.7395901, 0.0 ], [ 114.3196052, 34.73966, 0.0 ], [ 114.3195955, 34.7398398, 0.0 ], [ 114.3195653, 34.7398997, 0.0 ], [ 114.3195552, 34.7399996, 0.0 ], [ 114.3195552, 34.7400296, 0.0 ], [ 114.3195754, 34.7400896, 0.0 ], [ 114.3196254, 34.7401794, 0.0 ], [ 114.3197053, 34.7402093, 0.0 ], [ 114.3197352, 34.7402192, 0.0 ], [ 114.3199548, 34.7404087, 0.0 ], [ 114.3200048, 34.7404685, 0.0 ], [ 114.3201046, 34.7406082, 0.0 ], [ 114.3211529, 34.7430942, 0.0 ], [ 114.3219017, 34.7449513, 0.0 ], [ 114.3223808, 34.7460794, 0.0 ], [ 114.3226602, 34.7467583, 0.0 ], [ 114.3227002, 34.7468881, 0.0 ], [ 114.3228798, 34.7474173, 0.0 ], [ 114.3229298, 34.747597, 0.0 ], [ 114.3231793, 34.7483758, 0.0 ], [ 114.3236484, 34.7498438, 0.0 ], [ 114.3237485, 34.7501333, 0.0 ], [ 114.3241276, 34.750922, 0.0 ], [ 114.3247468, 34.7522996, 0.0 ], [ 114.3251953, 34.7561051, 0.0 ], [ 114.3256439, 34.7605501, 0.0 ], [ 114.3252335, 34.7636176, 0.0 ], [ 114.3248735, 34.7662555, 0.0 ], [ 114.3247835, 34.7668051, 0.0 ], [ 114.3247633, 34.766915, 0.0 ], [ 114.3245732, 34.7679942, 0.0 ], [ 114.3244433, 34.7687836, 0.0 ], [ 114.3241535, 34.7703125, 0.0 ], [ 114.3237935, 34.7722811, 0.0 ], [ 114.3235728, 34.7757879, 0.0 ], [ 114.3238122, 34.7769663, 0.0 ], [ 114.3238223, 34.7770562, 0.0 ], [ 114.3238421, 34.7772061, 0.0 ], [ 114.3240516, 34.7791439, 0.0 ], [ 114.324201, 34.7808519, 0.0 ], [ 114.3242507, 34.7815611, 0.0 ], [ 114.3242705, 34.7818308, 0.0 ], [ 114.3243504, 34.7828397, 0.0 ], [ 114.3245297, 34.7846277, 0.0 ], [ 114.3245696, 34.785197, 0.0 ], [ 114.3248692, 34.7854363, 0.0 ], [ 114.3257782, 34.7855848, 0.0 ], [ 114.3259978, 34.7855445, 0.0 ], [ 114.3293738, 34.78503, 0.0 ], [ 114.3297634, 34.7849795, 0.0 ], [ 114.3323806, 34.7846658, 0.0 ], [ 114.3336888, 34.784504, 0.0 ], [ 114.3338188, 34.7844938, 0.0 ], [ 114.3339685, 34.7844637, 0.0 ], [ 114.3347278, 34.7843127, 0.0 ], [ 114.3357066, 34.7841114, 0.0 ], [ 114.3389131, 34.7834672, 0.0 ], [ 114.3389729, 34.7834072, 0.0 ], [ 114.3391828, 34.7833669, 0.0 ], [ 114.3394722, 34.7833066, 0.0 ], [ 114.339712, 34.7832562, 0.0 ], [ 114.3398419, 34.783286, 0.0 ], [ 114.342269, 34.7828029, 0.0 ], [ 114.3438772, 34.7824608, 0.0 ], [ 114.3439873, 34.7824407, 0.0 ], [ 114.3440471, 34.7824406, 0.0 ], [ 114.3446465, 34.7823897, 0.0 ], [ 114.3447264, 34.7823896, 0.0 ], [ 114.3455954, 34.7823683, 0.0 ], [ 114.3468439, 34.7822266, 0.0 ], [ 114.3479927, 34.782105, 0.0 ], [ 114.3484121, 34.7820644, 0.0 ], [ 114.3487418, 34.782024, 0.0 ], [ 114.3496807, 34.7819226, 0.0 ], [ 114.3503698, 34.7818417, 0.0 ], [ 114.3507694, 34.7818311, 0.0 ], [ 114.3525971, 34.7817784, 0.0 ], [ 114.352677, 34.7817783, 0.0 ], [ 114.3527969, 34.7817581, 0.0 ], [ 114.3528768, 34.781758, 0.0 ], [ 114.3537959, 34.7816468, 0.0 ], [ 114.3548546, 34.7815253, 0.0 ], [ 114.355454, 34.7814545, 0.0 ], [ 114.3554638, 34.7815444, 0.0 ], [ 114.3555732, 34.7841516, 0.0 ], [ 114.355553, 34.7842715, 0.0 ], [ 114.3556524, 34.7867888, 0.0 ], [ 114.3557021, 34.7878877, 0.0 ], [ 114.3557021, 34.7879776, 0.0 ], [ 114.3557316, 34.7888367, 0.0 ], [ 114.3557417, 34.7888966, 0.0 ], [ 114.3557615, 34.7889665, 0.0 ], [ 114.355831, 34.7906847, 0.0 ], [ 114.3558709, 34.7918036, 0.0 ], [ 114.3558806, 34.7925427, 0.0 ], [ 114.3559202, 34.7933819, 0.0 ], [ 114.35607, 34.7941508, 0.0 ], [ 114.3560797, 34.7942108, 0.0 ], [ 114.3560898, 34.7943207, 0.0 ], [ 114.3560999, 34.7943906, 0.0 ], [ 114.3560099, 34.7952698, 0.0 ], [ 114.3560293, 34.7963787, 0.0 ], [ 114.3560394, 34.7965186, 0.0 ], [ 114.3547708, 34.7963506, 0.0 ], [ 114.3546908, 34.7963507, 0.0 ], [ 114.3545713, 34.7963509, 0.0 ], [ 114.3544914, 34.796371, 0.0 ], [ 114.3517543, 34.796445, 0.0 ], [ 114.351215, 34.7965457, 0.0 ], [ 114.3499165, 34.7965577, 0.0 ], [ 114.3482587, 34.7965701, 0.0 ], [ 114.3476593, 34.796571, 0.0 ], [ 114.3472698, 34.7965717, 0.0 ], [ 114.345522, 34.7965843, 0.0 ], [ 114.3454421, 34.7965943, 0.0 ], [ 114.3453722, 34.7965944, 0.0 ], [ 114.3431248, 34.7966178, 0.0 ], [ 114.3424955, 34.7966887, 0.0 ], [ 114.341337, 34.7966204, 0.0 ], [ 114.3408373, 34.7966312, 0.0 ], [ 114.3396986, 34.7969127, 0.0 ], [ 114.3386302, 34.797094, 0.0 ], [ 114.3375314, 34.7973255, 0.0 ], [ 114.3374414, 34.7974255, 0.0 ], [ 114.3367222, 34.7981958, 0.0 ], [ 114.3353534, 34.7996464, 0.0 ], [ 114.3352832, 34.7997764, 0.0 ], [ 114.334744, 34.8005763, 0.0 ], [ 114.334704, 34.800926, 0.0 ], [ 114.334664, 34.801016, 0.0 ], [ 114.3345442, 34.8012558, 0.0 ], [ 114.3340247, 34.8022754, 0.0 ], [ 114.3322564, 34.805794, 0.0 ], [ 114.3320465, 34.8061339, 0.0 ], [ 114.3317668, 34.806434, 0.0 ], [ 114.3310979, 34.8065448, 0.0 ], [ 114.3307181, 34.8065853, 0.0 ], [ 114.3306983, 34.8065953, 0.0 ], [ 114.32907, 34.807217, 0.0 ], [ 114.3284508, 34.8075076, 0.0 ], [ 114.3279612, 34.807748, 0.0 ], [ 114.3278716, 34.8076583, 0.0 ], [ 114.3277618, 34.8074387, 0.0 ], [ 114.3276217, 34.8070893, 0.0 ], [ 114.3273823, 34.8064804, 0.0 ], [ 114.3270727, 34.8057717, 0.0 ], [ 114.3269928, 34.805592, 0.0 ], [ 114.3263837, 34.8042245, 0.0 ], [ 114.3263635, 34.8041647, 0.0 ], [ 114.3255748, 34.8037463, 0.0 ], [ 114.3255046, 34.8036965, 0.0 ], [ 114.3243162, 34.8029392, 0.0 ], [ 114.3242262, 34.8029393, 0.0 ], [ 114.3241063, 34.8029194, 0.0 ], [ 114.3239767, 34.8029097, 0.0 ], [ 114.3228978, 34.802392, 0.0 ], [ 114.3222487, 34.8024228, 0.0 ], [ 114.3215795, 34.8024438, 0.0 ], [ 114.3215294, 34.8024439, 0.0 ], [ 114.3213599, 34.8024542, 0.0 ], [ 114.3208004, 34.8024749, 0.0 ], [ 114.3205506, 34.8024853, 0.0 ], [ 114.3202612, 34.8024957, 0.0 ], [ 114.3196319, 34.8025167, 0.0 ], [ 114.3192722, 34.8025271, 0.0 ], [ 114.3182434, 34.8025586, 0.0 ], [ 114.3172948, 34.8025901, 0.0 ], [ 114.3167054, 34.8026009, 0.0 ], [ 114.3163159, 34.8026115, 0.0 ], [ 114.3163159, 34.8025615, 0.0 ], [ 114.3162061, 34.8025617, 0.0 ], [ 114.316196, 34.8024619, 0.0 ], [ 114.316186, 34.802402, 0.0 ], [ 114.3158263, 34.8024025, 0.0 ], [ 114.3146578, 34.8024542, 0.0 ], [ 114.313779, 34.8024955, 0.0 ], [ 114.3128002, 34.8025369, 0.0 ], [ 114.3126403, 34.8025471, 0.0 ], [ 114.3123005, 34.8025576, 0.0 ], [ 114.3108724, 34.8026197, 0.0 ], [ 114.3078858, 34.8027639, 0.0 ], [ 114.3058183, 34.8028469, 0.0 ], [ 114.3057085, 34.8028571, 0.0 ], [ 114.3056286, 34.8028572, 0.0 ], [ 114.3045997, 34.8029086, 0.0 ], [ 114.3039006, 34.8029397, 0.0 ], [ 114.3021928, 34.8030221, 0.0 ], [ 114.3018832, 34.8030326, 0.0 ], [ 114.301004, 34.8030739, 0.0 ], [ 114.2995651, 34.8031354, 0.0 ], [ 114.2995252, 34.8031354, 0.0 ], [ 114.2992249, 34.8031453, 0.0 ], [ 114.2988444, 34.8031653, 0.0 ], [ 114.298164, 34.8031853, 0.0 ], [ 114.298114, 34.8031853, 0.0 ], [ 114.2979037, 34.8032652, 0.0 ], [ 114.2978238, 34.8032552, 0.0 ], [ 114.2977036, 34.8032153, 0.0 ], [ 114.2974933, 34.8031354, 0.0 ], [ 114.2974534, 34.8030954, 0.0 ], [ 114.2974235, 34.8030754, 0.0 ], [ 114.2973932, 34.8030455, 0.0 ], [ 114.2973734, 34.8030355, 0.0 ], [ 114.2972932, 34.8029955, 0.0 ], [ 114.2972334, 34.8028957, 0.0 ], [ 114.2972132, 34.8028158, 0.0 ], [ 114.2972132, 34.8027958, 0.0 ], [ 114.2973234, 34.802636, 0.0 ], [ 114.2972935, 34.8015872, 0.0 ], [ 114.2972636, 34.8006283, 0.0 ], [ 114.2972435, 34.8003287, 0.0 ], [ 114.2971934, 34.7997694, 0.0 ], [ 114.2971438, 34.7988603, 0.0 ], [ 114.2971139, 34.7982509, 0.0 ], [ 114.297084, 34.7979512, 0.0 ], [ 114.297084, 34.7978813, 0.0 ], [ 114.297044, 34.797112, 0.0 ], [ 114.2970041, 34.7962729, 0.0 ], [ 114.2969742, 34.7957234, 0.0 ], [ 114.2969641, 34.7954637, 0.0 ], [ 114.2969641, 34.7953338, 0.0 ], [ 114.2969044, 34.7944547, 0.0 ], [ 114.2968644, 34.7937054, 0.0 ], [ 114.2968547, 34.7935556, 0.0 ], [ 114.2968446, 34.7930761, 0.0 ], [ 114.2968345, 34.7928063, 0.0 ], [ 114.2968046, 34.792147, 0.0 ], [ 114.2967949, 34.7919272, 0.0 ], [ 114.296765, 34.7915276, 0.0 ], [ 114.2967449, 34.791128, 0.0 ], [ 114.2967449, 34.7910181, 0.0 ], [ 114.296715, 34.7904387, 0.0 ], [ 114.296715, 34.7903688, 0.0 ], [ 114.2967049, 34.7902489, 0.0 ], [ 114.2966952, 34.7899592, 0.0 ], [ 114.2966552, 34.7892099, 0.0 ], [ 114.2966153, 34.7886405, 0.0 ], [ 114.2965152, 34.7884907, 0.0 ], [ 114.2965354, 34.7883808, 0.0 ], [ 114.2965454, 34.7883308, 0.0 ], [ 114.2965753, 34.7882209, 0.0 ], [ 114.2966354, 34.788171, 0.0 ], [ 114.2966855, 34.788131, 0.0 ], [ 114.2967056, 34.7880911, 0.0 ], [ 114.2967254, 34.7880411, 0.0 ], [ 114.2967355, 34.7879712, 0.0 ], [ 114.2967355, 34.7879412, 0.0 ], [ 114.2967355, 34.7879212, 0.0 ], [ 114.2967254, 34.7878813, 0.0 ], [ 114.2967056, 34.7878413, 0.0 ], [ 114.2966855, 34.7878013, 0.0 ], [ 114.2966657, 34.7877814, 0.0 ], [ 114.2966354, 34.7877514, 0.0 ], [ 114.2965955, 34.7877214, 0.0 ], [ 114.2965757, 34.7877014, 0.0 ], [ 114.2965454, 34.7876815, 0.0 ], [ 114.2965055, 34.7876615, 0.0 ], [ 114.2964353, 34.7876415, 0.0 ], [ 114.2963554, 34.7874717, 0.0 ], [ 114.2963554, 34.7874017, 0.0 ], [ 114.2964356, 34.7873018, 0.0 ], [ 114.2964356, 34.7866125, 0.0 ], [ 114.2963856, 34.7858433, 0.0 ], [ 114.2963359, 34.7850341, 0.0 ], [ 114.2963161, 34.7842749, 0.0 ], [ 114.2963161, 34.7842049, 0.0 ], [ 114.2962661, 34.7835055, 0.0 ], [ 114.2961761, 34.7834057, 0.0 ], [ 114.2960663, 34.7815275, 0.0 ], [ 114.2960364, 34.7809581, 0.0 ], [ 114.2959766, 34.7799491, 0.0 ], [ 114.2959266, 34.7791999, 0.0 ], [ 114.2959266, 34.7791, 0.0 ], [ 114.295887, 34.7781709, 0.0 ], [ 114.2958571, 34.7777813, 0.0 ], [ 114.295847, 34.7776614, 0.0 ], [ 114.295757, 34.7762928, 0.0 ], [ 114.2955972, 34.7763127, 0.0 ], [ 114.2943664, 34.7757034, 0.0 ], [ 114.2942162, 34.7756934, 0.0 ], [ 114.2934556, 34.776063, 0.0 ], [ 114.2932954, 34.7761229, 0.0 ], [ 114.2921344, 34.7762528, 0.0 ], [ 114.2919644, 34.7761629, 0.0 ], [ 114.2914342, 34.7755835, 0.0 ], [ 114.2912437, 34.7753737, 0.0 ], [ 114.2843285, 34.7751139, 0.0 ], [ 114.281937, 34.7745745, 0.0 ], [ 114.2784745, 34.7724666, 0.0 ], [ 114.2757929, 34.7708482, 0.0 ], [ 114.2751726, 34.7704786, 0.0 ], [ 114.2745329, 34.7665425, 0.0 ], [ 114.2755445, 34.7633058, 0.0 ], [ 114.278638, 34.7586804, 0.0 ], [ 114.2788284, 34.7569322, 0.0 ], [ 114.2789587, 34.7557533, 0.0 ], [ 114.2790588, 34.7548243, 0.0 ], [ 114.2792896, 34.7527863, 0.0 ], [ 114.278099, 34.751098, 0.0 ], [ 114.2779889, 34.7509581, 0.0 ], [ 114.2778989, 34.7508582, 0.0 ], [ 114.2769186, 34.7497693, 0.0 ], [ 114.276218, 34.7490001, 0.0 ], [ 114.2755477, 34.7485306, 0.0 ], [ 114.2752676, 34.7483408, 0.0 ], [ 114.2715848, 34.7486005, 0.0 ], [ 114.2687426, 34.7484706, 0.0 ], [ 114.2642196, 34.7471919, 0.0 ], [ 114.2613277, 34.7456035, 0.0 ], [ 114.2599669, 34.7448542, 0.0 ], [ 114.2585665, 34.7417074, 0.0 ], [ 114.2579466, 34.7403188, 0.0 ], [ 114.257637, 34.7379512, 0.0 ], [ 114.257417, 34.7361129, 0.0 ], [ 114.2572874, 34.7349541, 0.0 ], [ 114.2567176, 34.7327063, 0.0 ], [ 114.2561275, 34.7307383, 0.0 ], [ 114.2545975, 34.7256434, 0.0 ], [ 114.254118, 34.7228861, 0.0 ], [ 114.2541184, 34.7221369, 0.0 ], [ 114.2542886, 34.7215675, 0.0 ], [ 114.2543286, 34.7214276, 0.0 ], [ 114.2550698, 34.7189501, 0.0 ], [ 114.2554, 34.7184506, 0.0 ], [ 114.2594636, 34.7155735, 0.0 ], [ 114.2598038, 34.7153637, 0.0 ], [ 114.2608748, 34.7145944, 0.0 ], [ 114.2611751, 34.7142748, 0.0 ], [ 114.2613857, 34.7131759, 0.0 ], [ 114.2615059, 34.7124466, 0.0 ], [ 114.2614858, 34.712007, 0.0 ], [ 114.2613058, 34.7116973, 0.0 ], [ 114.2580539, 34.7103886, 0.0 ], [ 114.2550022, 34.7082608, 0.0 ], [ 114.2546321, 34.7075015, 0.0 ], [ 114.2544341, 34.6992696, 0.0 ], [ 114.254334, 34.6986701, 0.0 ], [ 114.2535737, 34.6977708, 0.0 ], [ 114.2549446, 34.6966117, 0.0 ], [ 114.2566362, 34.6953028, 0.0 ], [ 114.2566366, 34.6917756, 0.0 ], [ 114.2543056, 34.6888779, 0.0 ], [ 114.2523544, 34.6874391, 0.0 ], [ 114.2488321, 34.6848412, 0.0 ], [ 114.2482118, 34.6841717, 0.0 ], [ 114.248002, 34.6828127, 0.0 ], [ 114.2487428, 34.6814638, 0.0 ], [ 114.249353, 34.6809143, 0.0 ], [ 114.2535359, 34.6809143, 0.0 ], [ 114.2544568, 34.6806345, 0.0 ], [ 114.2574689, 34.6797252, 0.0 ], [ 114.2619322, 34.678786, 0.0 ], [ 114.2782337, 34.6752488, 0.0 ], [ 114.2784936, 34.6752288, 0.0 ], [ 114.2837273, 34.6745294, 0.0 ], [ 114.2844577, 34.6744394, 0.0 ], [ 114.2954352, 34.6730605, 0.0 ], [ 114.2997181, 34.6728707, 0.0 ] ] ] } },
{ "type": "Feature", "properties": { "Name": "禹王台区", "AdminCode": "410205", "Kind": "0137", "CityAdCode": "410200", "CityName": "开封市", "ProName": "河南省", "Shape_Leng": 0.35170911418, "Shape_Area": 0.00575649922, "sheng": 410000 }, "geometry": { "type": "Polygon", "coordinates": [ [ [ 114.4220044, 34.7033876, 0.0 ], [ 114.4272481, 34.7046863, 0.0 ], [ 114.4294538, 34.7052599, 0.0 ], [ 114.4363712, 34.7090593, 0.0 ], [ 114.4388376, 34.7104026, 0.0 ], [ 114.4401908, 34.7111544, 0.0 ], [ 114.4405015, 34.7117344, 0.0 ], [ 114.4412932, 34.7140736, 0.0 ], [ 114.4411625, 34.7149125, 0.0 ], [ 114.4402488, 34.7190866, 0.0 ], [ 114.4393049, 34.7234704, 0.0 ], [ 114.4378098, 34.7272339, 0.0 ], [ 114.435833, 34.7320553, 0.0 ], [ 114.435221, 34.7335026, 0.0 ], [ 114.433947, 34.7350187, 0.0 ], [ 114.4338566, 34.7351285, 0.0 ], [ 114.4304662, 34.7395476, 0.0 ], [ 114.4254316, 34.743544, 0.0 ], [ 114.4243084, 34.7442412, 0.0 ], [ 114.4233151, 34.7451484, 0.0 ], [ 114.4227434, 34.7456569, 0.0 ], [ 114.4161842, 34.7508392, 0.0 ], [ 114.4153822, 34.7514771, 0.0 ], [ 114.4147403, 34.7519154, 0.0 ], [ 114.4093144, 34.7556613, 0.0 ], [ 114.4092542, 34.7557012, 0.0 ], [ 114.4058746, 34.7580324, 0.0 ], [ 114.4055135, 34.7582815, 0.0 ], [ 114.4054933, 34.7583214, 0.0 ], [ 114.4055135, 34.7583614, 0.0 ], [ 114.4066561, 34.7594026, 0.0 ], [ 114.4078891, 34.7605937, 0.0 ], [ 114.4081897, 34.760834, 0.0 ], [ 114.40831, 34.7609142, 0.0 ], [ 114.4050606, 34.7633855, 0.0 ], [ 114.4012097, 34.7647269, 0.0 ], [ 114.4010596, 34.7647566, 0.0 ], [ 114.4009591, 34.7647464, 0.0 ], [ 114.4008688, 34.7647063, 0.0 ], [ 114.3975798, 34.7631996, 0.0 ], [ 114.3975197, 34.7631497, 0.0 ], [ 114.3964415, 34.7607737, 0.0 ], [ 114.3962219, 34.7602946, 0.0 ], [ 114.3958723, 34.7601451, 0.0 ], [ 114.3957326, 34.7599656, 0.0 ], [ 114.3956329, 34.7598058, 0.0 ], [ 114.3954731, 34.7597162, 0.0 ], [ 114.3922867, 34.7594113, 0.0 ], [ 114.3895896, 34.7605642, 0.0 ], [ 114.3894499, 34.7606243, 0.0 ], [ 114.3803491, 34.7645341, 0.0 ], [ 114.3733964, 34.7684805, 0.0 ], [ 114.3728568, 34.7690308, 0.0 ], [ 114.3690901, 34.7728726, 0.0 ], [ 114.3684806, 34.7734829, 0.0 ], [ 114.3678913, 34.7740632, 0.0 ], [ 114.3673016, 34.7747035, 0.0 ], [ 114.3671918, 34.7747536, 0.0 ], [ 114.3669319, 34.7749138, 0.0 ], [ 114.3668023, 34.7750738, 0.0 ], [ 114.3666824, 34.7753038, 0.0 ], [ 114.3663127, 34.7758438, 0.0 ], [ 114.3646142, 34.7774448, 0.0 ], [ 114.3627257, 34.7793856, 0.0 ], [ 114.3626659, 34.7794656, 0.0 ], [ 114.3616669, 34.7798867, 0.0 ], [ 114.3610974, 34.7802772, 0.0 ], [ 114.3604382, 34.7804979, 0.0 ], [ 114.3591797, 34.7808994, 0.0 ], [ 114.3582008, 34.7811707, 0.0 ], [ 114.3580511, 34.7811509, 0.0 ], [ 114.3571421, 34.7812621, 0.0 ], [ 114.3568325, 34.7812925, 0.0 ], [ 114.3558734, 34.7814039, 0.0 ], [ 114.355454, 34.7814545, 0.0 ], [ 114.3548546, 34.7815253, 0.0 ], [ 114.3537959, 34.7816468, 0.0 ], [ 114.3528768, 34.781758, 0.0 ], [ 114.3527969, 34.7817581, 0.0 ], [ 114.352677, 34.7817783, 0.0 ], [ 114.3525971, 34.7817784, 0.0 ], [ 114.3507694, 34.7818311, 0.0 ], [ 114.3503698, 34.7818417, 0.0 ], [ 114.3496807, 34.7819226, 0.0 ], [ 114.3487418, 34.782024, 0.0 ], [ 114.3484121, 34.7820644, 0.0 ], [ 114.3479927, 34.782105, 0.0 ], [ 114.3468439, 34.7822266, 0.0 ], [ 114.3455954, 34.7823683, 0.0 ], [ 114.3447264, 34.7823896, 0.0 ], [ 114.3446465, 34.7823897, 0.0 ], [ 114.3440471, 34.7824406, 0.0 ], [ 114.3439873, 34.7824407, 0.0 ], [ 114.3438772, 34.7824608, 0.0 ], [ 114.342269, 34.7828029, 0.0 ], [ 114.3398419, 34.783286, 0.0 ], [ 114.339712, 34.7832562, 0.0 ], [ 114.3394722, 34.7833066, 0.0 ], [ 114.3391828, 34.7833669, 0.0 ], [ 114.3389729, 34.7834072, 0.0 ], [ 114.3389131, 34.7834672, 0.0 ], [ 114.3357066, 34.7841114, 0.0 ], [ 114.3347278, 34.7843127, 0.0 ], [ 114.3339685, 34.7844637, 0.0 ], [ 114.3338188, 34.7844938, 0.0 ], [ 114.3336888, 34.784504, 0.0 ], [ 114.3323806, 34.7846658, 0.0 ], [ 114.3297634, 34.7849795, 0.0 ], [ 114.3293738, 34.78503, 0.0 ], [ 114.3259978, 34.7855445, 0.0 ], [ 114.3257782, 34.7855848, 0.0 ], [ 114.3248692, 34.7854363, 0.0 ], [ 114.3245696, 34.785197, 0.0 ], [ 114.3245297, 34.7846277, 0.0 ], [ 114.3243504, 34.7828397, 0.0 ], [ 114.3242705, 34.7818308, 0.0 ], [ 114.3242507, 34.7815611, 0.0 ], [ 114.324201, 34.7808519, 0.0 ], [ 114.3240516, 34.7791439, 0.0 ], [ 114.3238421, 34.7772061, 0.0 ], [ 114.3238223, 34.7770562, 0.0 ], [ 114.3238122, 34.7769663, 0.0 ], [ 114.3235728, 34.7757879, 0.0 ], [ 114.3237935, 34.7722811, 0.0 ], [ 114.3241535, 34.7703125, 0.0 ], [ 114.3244433, 34.7687836, 0.0 ], [ 114.3245732, 34.7679942, 0.0 ], [ 114.3247633, 34.766915, 0.0 ], [ 114.3247835, 34.7668051, 0.0 ], [ 114.3248735, 34.7662555, 0.0 ], [ 114.3252335, 34.7636176, 0.0 ], [ 114.3256439, 34.7605501, 0.0 ], [ 114.3251953, 34.7561051, 0.0 ], [ 114.3247468, 34.7522996, 0.0 ], [ 114.3241276, 34.750922, 0.0 ], [ 114.3237485, 34.7501333, 0.0 ], [ 114.3236484, 34.7498438, 0.0 ], [ 114.3231793, 34.7483758, 0.0 ], [ 114.3229298, 34.747597, 0.0 ], [ 114.3228798, 34.7474173, 0.0 ], [ 114.3227002, 34.7468881, 0.0 ], [ 114.3226602, 34.7467583, 0.0 ], [ 114.3223808, 34.7460794, 0.0 ], [ 114.3219017, 34.7449513, 0.0 ], [ 114.3211529, 34.7430942, 0.0 ], [ 114.3201046, 34.7406082, 0.0 ], [ 114.3200048, 34.7404685, 0.0 ], [ 114.3199548, 34.7404087, 0.0 ], [ 114.3197352, 34.7402192, 0.0 ], [ 114.3197053, 34.7402093, 0.0 ], [ 114.3196254, 34.7401794, 0.0 ], [ 114.3195754, 34.7400896, 0.0 ], [ 114.3195552, 34.7400296, 0.0 ], [ 114.3195552, 34.7399996, 0.0 ], [ 114.3195653, 34.7398997, 0.0 ], [ 114.3195955, 34.7398398, 0.0 ], [ 114.3196052, 34.73966, 0.0 ], [ 114.3196052, 34.7395901, 0.0 ], [ 114.3195656, 34.7393603, 0.0 ], [ 114.319336, 34.7388012, 0.0 ], [ 114.3192161, 34.7385117, 0.0 ], [ 114.3190663, 34.7381423, 0.0 ], [ 114.3187369, 34.7374335, 0.0 ], [ 114.3194062, 34.7367132, 0.0 ], [ 114.3202957, 34.7351834, 0.0 ], [ 114.3264989, 34.734245, 0.0 ], [ 114.3301147, 34.7342896, 0.0 ], [ 114.3340499, 34.7360519, 0.0 ], [ 114.3355381, 34.7363694, 0.0 ], [ 114.3371959, 34.7367065, 0.0 ], [ 114.3390539, 34.7366738, 0.0 ], [ 114.3463558, 34.7356439, 0.0 ], [ 114.3492534, 34.7323628, 0.0 ], [ 114.3504824, 34.7309923, 0.0 ], [ 114.35423, 34.7229347, 0.0 ], [ 114.3578369, 34.7199323, 0.0 ], [ 114.3614034, 34.7187882, 0.0 ], [ 114.3615632, 34.718738, 0.0 ], [ 114.361713, 34.7186678, 0.0 ], [ 114.361843, 34.7185078, 0.0 ], [ 114.367379, 34.7097982, 0.0 ], [ 114.3674888, 34.7096981, 0.0 ], [ 114.3676886, 34.7096479, 0.0 ], [ 114.369107, 34.7096558, 0.0 ], [ 114.3719039, 34.7096316, 0.0 ], [ 114.3724633, 34.7096308, 0.0 ], [ 114.3725533, 34.7096506, 0.0 ], [ 114.3730228, 34.7099695, 0.0 ], [ 114.3781762, 34.7133884, 0.0 ], [ 114.3816322, 34.7133832, 0.0 ], [ 114.3841093, 34.7133695, 0.0 ], [ 114.3946292, 34.7083288, 0.0 ], [ 114.3992444, 34.7071831, 0.0 ], [ 114.406843, 34.705337, 0.0 ], [ 114.4220044, 34.7033876, 0.0 ] ] ] } },
{ "type": "Feature", "properties": { "Name": "祥符区", "AdminCode": "410212", "Kind": "0137", "CityAdCode": "410200", "CityName": "开封市", "ProName": "河南省", "Shape_Leng": 2.2472088305, "Shape_Area": 0.12296718061, "sheng": 410000 }, "geometry": { "type": "Polygon", "coordinates": [ [ [ 114.3105221, 34.5092048, 0.0 ], [ 114.31219, 34.5119999, 0.0 ], [ 114.3131882, 34.513577, 0.0 ], [ 114.3139172, 34.5148048, 0.0 ], [ 114.3151654, 34.5178903, 0.0 ], [ 114.3168329, 34.521035, 0.0 ], [ 114.3178614, 34.5220925, 0.0 ], [ 114.3191797, 34.5234394, 0.0 ], [ 114.3222959, 34.5257228, 0.0 ], [ 114.325762, 34.5270965, 0.0 ], [ 114.3273402, 34.5266945, 0.0 ], [ 114.3292183, 34.5262322, 0.0 ], [ 114.3319259, 34.5239501, 0.0 ], [ 114.3333745, 34.5225192, 0.0 ], [ 114.3360619, 34.5202872, 0.0 ], [ 114.3362516, 34.5201571, 0.0 ], [ 114.3376506, 34.518976, 0.0 ], [ 114.3393188, 34.5177147, 0.0 ], [ 114.3409072, 34.5166832, 0.0 ], [ 114.3411772, 34.5165129, 0.0 ], [ 114.3445036, 34.5153689, 0.0 ], [ 114.3483793, 34.5149536, 0.0 ], [ 114.3485093, 34.5149933, 0.0 ], [ 114.3515657, 34.5162178, 0.0 ], [ 114.3543323, 34.5187316, 0.0 ], [ 114.3543622, 34.5187615, 0.0 ], [ 114.3563893, 34.5207967, 0.0 ], [ 114.3566892, 34.521126, 0.0 ], [ 114.3584266, 34.5238711, 0.0 ], [ 114.3584467, 34.5239111, 0.0 ], [ 114.3593251, 34.5269073, 0.0 ], [ 114.3594641, 34.5303342, 0.0 ], [ 114.3591242, 34.5322831, 0.0 ], [ 114.3591235, 34.5355503, 0.0 ], [ 114.3593532, 34.5365891, 0.0 ], [ 114.3594428, 34.5368987, 0.0 ], [ 114.359882, 34.5387465, 0.0 ], [ 114.3617594, 34.5413716, 0.0 ], [ 114.3630774, 34.5442873, 0.0 ], [ 114.3635663, 34.5474939, 0.0 ], [ 114.3641149, 34.5508602, 0.0 ], [ 114.3642643, 34.5541273, 0.0 ], [ 114.3668308, 34.5563518, 0.0 ], [ 114.3691283, 34.5566481, 0.0 ], [ 114.3707666, 34.5568657, 0.0 ], [ 114.3728143, 34.5570625, 0.0 ], [ 114.3747821, 34.5572495, 0.0 ], [ 114.3750416, 34.5572491, 0.0 ], [ 114.378448, 34.5571443, 0.0 ], [ 114.3807955, 34.5568512, 0.0 ], [ 114.3844916, 34.5563463, 0.0 ], [ 114.3846115, 34.5563261, 0.0 ], [ 114.3868194, 34.5540947, 0.0 ], [ 114.3879887, 34.5511654, 0.0 ], [ 114.3902966, 34.5481445, 0.0 ], [ 114.3903269, 34.5480845, 0.0 ], [ 114.3905666, 34.5478443, 0.0 ], [ 114.3929545, 34.5454329, 0.0 ], [ 114.3962611, 34.5440592, 0.0 ], [ 114.3999972, 34.5428448, 0.0 ], [ 114.4035367, 34.5411925, 0.0 ], [ 114.4038373, 34.5410632, 0.0 ], [ 114.4058227, 34.5403873, 0.0 ], [ 114.4081087, 34.539592, 0.0 ], [ 114.411708, 34.5380997, 0.0 ], [ 114.4155881, 34.5367278, 0.0 ], [ 114.4158689, 34.5366683, 0.0 ], [ 114.4198091, 34.5356362, 0.0 ], [ 114.4236186, 34.5358729, 0.0 ], [ 114.4254128, 34.5366655, 0.0 ], [ 114.4269468, 34.5373477, 0.0 ], [ 114.4288213, 34.5385501, 0.0 ], [ 114.4316581, 34.5406036, 0.0 ], [ 114.4336025, 34.5435247, 0.0 ], [ 114.4342037, 34.5451745, 0.0 ], [ 114.4347851, 34.5467243, 0.0 ], [ 114.4351458, 34.5488932, 0.0 ], [ 114.4355566, 34.5505526, 0.0 ], [ 114.4354154, 34.55352, 0.0 ], [ 114.4354154, 34.5544992, 0.0 ], [ 114.435355, 34.5567273, 0.0 ], [ 114.4346724, 34.5604532, 0.0 ], [ 114.4340503, 34.5634296, 0.0 ], [ 114.4337893, 34.5667465, 0.0 ], [ 114.434541, 34.5686263, 0.0 ], [ 114.4348315, 34.5696061, 0.0 ], [ 114.4376683, 34.5714897, 0.0 ], [ 114.4405152, 34.5736031, 0.0 ], [ 114.4405656, 34.5737331, 0.0 ], [ 114.4431418, 34.575946, 0.0 ], [ 114.4452967, 34.5785178, 0.0 ], [ 114.4464498, 34.5792992, 0.0 ], [ 114.448144, 34.5805613, 0.0 ], [ 114.4515323, 34.5819863, 0.0 ], [ 114.4553422, 34.582153, 0.0 ], [ 114.4592824, 34.5822, 0.0 ], [ 114.4604855, 34.5820722, 0.0 ], [ 114.4622502, 34.5819355, 0.0 ], [ 114.4638144, 34.5801398, 0.0 ], [ 114.4650679, 34.5784334, 0.0 ], [ 114.4653088, 34.5759159, 0.0 ], [ 114.4659506, 34.5741984, 0.0 ], [ 114.4666627, 34.5723711, 0.0 ], [ 114.4681967, 34.5714647, 0.0 ], [ 114.4706832, 34.5710294, 0.0 ], [ 114.4713949, 34.5713005, 0.0 ], [ 114.4739916, 34.5723643, 0.0 ], [ 114.4765879, 34.5746172, 0.0 ], [ 114.478763, 34.5777186, 0.0 ], [ 114.4813694, 34.58186, 0.0 ], [ 114.4843171, 34.582165, 0.0 ], [ 114.485139, 34.5822465, 0.0 ], [ 114.489009, 34.5825232, 0.0 ], [ 114.4926785, 34.5829095, 0.0 ], [ 114.4943327, 34.5832123, 0.0 ], [ 114.4950044, 34.5833333, 0.0 ], [ 114.496348, 34.5835856, 0.0 ], [ 114.4990447, 34.5835704, 0.0 ], [ 114.4991952, 34.5835706, 0.0 ], [ 114.5000074, 34.5835622, 0.0 ], [ 114.5000776, 34.5835623, 0.0 ], [ 114.5013005, 34.5833248, 0.0 ], [ 114.5037366, 34.5828698, 0.0 ], [ 114.5072556, 34.5820471, 0.0 ], [ 114.5111256, 34.5810752, 0.0 ], [ 114.512098, 34.5809372, 0.0 ], [ 114.5150654, 34.5804832, 0.0 ], [ 114.5186647, 34.58053, 0.0 ], [ 114.5190956, 34.5805308, 0.0 ], [ 114.5225344, 34.5806273, 0.0 ], [ 114.5229955, 34.5806381, 0.0 ], [ 114.5232259, 34.5806485, 0.0 ], [ 114.5262737, 34.5807343, 0.0 ], [ 114.5302736, 34.5806619, 0.0 ], [ 114.5334719, 34.5802183, 0.0 ], [ 114.5340835, 34.5801296, 0.0 ], [ 114.5378131, 34.5792074, 0.0 ], [ 114.538284, 34.5790884, 0.0 ], [ 114.5416126, 34.5782254, 0.0 ], [ 114.545282, 34.5775829, 0.0 ], [ 114.5490815, 34.5770605, 0.0 ], [ 114.5528914, 34.5760785, 0.0 ], [ 114.5568316, 34.5751467, 0.0 ], [ 114.5602904, 34.5737145, 0.0 ], [ 114.5622654, 34.5727989, 0.0 ], [ 114.5637493, 34.5721023, 0.0 ], [ 114.5673385, 34.5714596, 0.0 ], [ 114.5678198, 34.5713906, 0.0 ], [ 114.569825, 34.5713344, 0.0 ], [ 114.5710181, 34.5712867, 0.0 ], [ 114.5747574, 34.571114, 0.0 ], [ 114.5785572, 34.5707615, 0.0 ], [ 114.5825172, 34.5703993, 0.0 ], [ 114.5861863, 34.5699966, 0.0 ], [ 114.5897957, 34.5702233, 0.0 ], [ 114.5937456, 34.5706204, 0.0 ], [ 114.5974248, 34.5712969, 0.0 ], [ 114.6010291, 34.57141, 0.0 ], [ 114.6033853, 34.5717962, 0.0 ], [ 114.604623, 34.5720741, 0.0 ], [ 114.6072586, 34.5721203, 0.0 ], [ 114.6077471, 34.5750971, 0.0 ], [ 114.6084552, 34.5782935, 0.0 ], [ 114.6091637, 34.5813799, 0.0 ], [ 114.6094427, 34.5832181, 0.0 ], [ 114.6094625, 34.5833279, 0.0 ], [ 114.6097418, 34.5846465, 0.0 ], [ 114.6099514, 34.5856653, 0.0 ], [ 114.6101508, 34.5865843, 0.0 ], [ 114.6112582, 34.5895602, 0.0 ], [ 114.6136936, 34.5921245, 0.0 ], [ 114.6171575, 34.5931985, 0.0 ], [ 114.6195634, 34.5939643, 0.0 ], [ 114.6206912, 34.5943223, 0.0 ], [ 114.6240252, 34.5956362, 0.0 ], [ 114.6249835, 34.5960345, 0.0 ], [ 114.6275492, 34.5971098, 0.0 ], [ 114.6311626, 34.5984133, 0.0 ], [ 114.6344965, 34.6001668, 0.0 ], [ 114.6381703, 34.6017599, 0.0 ], [ 114.6395977, 34.6051649, 0.0 ], [ 114.6409052, 34.6083302, 0.0 ], [ 114.6414841, 34.609878, 0.0 ], [ 114.6417638, 34.6105171, 0.0 ], [ 114.6418135, 34.6106369, 0.0 ], [ 114.6418736, 34.6106867, 0.0 ], [ 114.6412742, 34.6139948, 0.0 ], [ 114.6411443, 34.6180016, 0.0 ], [ 114.6423222, 34.6210072, 0.0 ], [ 114.6432503, 34.6238334, 0.0 ], [ 114.6446478, 34.6267389, 0.0 ], [ 114.6461951, 34.6295942, 0.0 ], [ 114.646405, 34.6300035, 0.0 ], [ 114.6464845, 34.6301233, 0.0 ], [ 114.6478622, 34.6325692, 0.0 ], [ 114.6496093, 34.635654, 0.0 ], [ 114.6511364, 34.6386292, 0.0 ], [ 114.6514457, 34.6416563, 0.0 ], [ 114.6511062, 34.6447341, 0.0 ], [ 114.6500179, 34.6476133, 0.0 ], [ 114.6486398, 34.6505827, 0.0 ], [ 114.6486002, 34.6506827, 0.0 ], [ 114.6475415, 34.6535618, 0.0 ], [ 114.6464132, 34.6559114, 0.0 ], [ 114.6458941, 34.6568314, 0.0 ], [ 114.6441769, 34.6597014, 0.0 ], [ 114.6423697, 34.6628313, 0.0 ], [ 114.6403926, 34.6656018, 0.0 ], [ 114.6397237, 34.6666518, 0.0 ], [ 114.638945, 34.6678719, 0.0 ], [ 114.6385955, 34.6684119, 0.0 ], [ 114.637018, 34.6712718, 0.0 ], [ 114.6355103, 34.6740315, 0.0 ], [ 114.6349908, 34.6770096, 0.0 ], [ 114.6350408, 34.6770596, 0.0 ], [ 114.6351902, 34.6802066, 0.0 ], [ 114.6354797, 34.6832935, 0.0 ], [ 114.6356989, 34.6867303, 0.0 ], [ 114.6357187, 34.6900474, 0.0 ], [ 114.6357486, 34.6912463, 0.0 ], [ 114.6358084, 34.6928149, 0.0 ], [ 114.6356687, 34.6931348, 0.0 ], [ 114.6353288, 34.6964025, 0.0 ], [ 114.6347896, 34.6995505, 0.0 ], [ 114.6342398, 34.702708, 0.0 ], [ 114.6335602, 34.7061954, 0.0 ], [ 114.6337898, 34.7069044, 0.0 ], [ 114.6342085, 34.7095011, 0.0 ], [ 114.636924, 34.7117749, 0.0 ], [ 114.6399386, 34.7135188, 0.0 ], [ 114.6401881, 34.7136584, 0.0 ], [ 114.6432733, 34.7145431, 0.0 ], [ 114.6435926, 34.7146725, 0.0 ], [ 114.6471966, 34.7153467, 0.0 ], [ 114.6506512, 34.7160811, 0.0 ], [ 114.6510904, 34.7161504, 0.0 ], [ 114.6549139, 34.7169341, 0.0 ], [ 114.6583084, 34.7180581, 0.0 ], [ 114.6619922, 34.7185723, 0.0 ], [ 114.6655271, 34.7177582, 0.0 ], [ 114.6669746, 34.7174165, 0.0 ], [ 114.6692012, 34.7168839, 0.0 ], [ 114.6726054, 34.7179679, 0.0 ], [ 114.6751913, 34.7190132, 0.0 ], [ 114.6758, 34.7193919, 0.0 ], [ 114.679624, 34.7199458, 0.0 ], [ 114.6828787, 34.7204308, 0.0 ], [ 114.6832981, 34.72051, 0.0 ], [ 114.6864629, 34.7215045, 0.0 ], [ 114.6867721, 34.7216439, 0.0 ], [ 114.6901864, 34.7231274, 0.0 ], [ 114.6903563, 34.7232371, 0.0 ], [ 114.6931013, 34.7251011, 0.0 ], [ 114.6951277, 34.7276255, 0.0 ], [ 114.6966048, 34.7305901, 0.0 ], [ 114.6976524, 34.7335654, 0.0 ], [ 114.6982208, 34.7366512, 0.0 ], [ 114.698979, 34.7396268, 0.0 ], [ 114.6990089, 34.7397367, 0.0 ], [ 114.7022071, 34.7411536, 0.0 ], [ 114.7056167, 34.7421722, 0.0 ], [ 114.7073065, 34.7437205, 0.0 ], [ 114.7080564, 34.7443997, 0.0 ], [ 114.7074858, 34.7462977, 0.0 ], [ 114.7070354, 34.7475463, 0.0 ], [ 114.7036356, 34.7481858, 0.0 ], [ 114.7000957, 34.7492248, 0.0 ], [ 114.699127, 34.7499952, 0.0 ], [ 114.6982979, 34.7506656, 0.0 ], [ 114.6979285, 34.7510358, 0.0 ], [ 114.6960212, 34.7530164, 0.0 ], [ 114.6931754, 34.7550882, 0.0 ], [ 114.6931945, 34.7579451, 0.0 ], [ 114.6932647, 34.757995, 0.0 ], [ 114.6959798, 34.7601087, 0.0 ], [ 114.699254, 34.7621617, 0.0 ], [ 114.7022525, 34.7642083, 0.0 ], [ 114.7053218, 34.7663159, 0.0 ], [ 114.7076312, 34.7691128, 0.0 ], [ 114.7091404, 34.77162, 0.0 ], [ 114.7093103, 34.7720296, 0.0 ], [ 114.7107798, 34.7749962, 0.0 ], [ 114.7118494, 34.7757054, 0.0 ], [ 114.713649, 34.777054, 0.0 ], [ 114.7174686, 34.7774434, 0.0 ], [ 114.7182386, 34.7774734, 0.0 ], [ 114.7213681, 34.777773, 0.0 ], [ 114.7217184, 34.777743, 0.0 ], [ 114.7227178, 34.7800805, 0.0 ], [ 114.7225471, 34.7824879, 0.0 ], [ 114.7223772, 34.7826877, 0.0 ], [ 114.7203868, 34.7850751, 0.0 ], [ 114.7185666, 34.7867534, 0.0 ], [ 114.7173664, 34.7878522, 0.0 ], [ 114.7162162, 34.7892407, 0.0 ], [ 114.7151156, 34.7921475, 0.0 ], [ 114.715755, 34.7952941, 0.0 ], [ 114.7161946, 34.797332, 0.0 ], [ 114.716534, 34.7987304, 0.0 ], [ 114.7173235, 34.8022166, 0.0 ], [ 114.7184428, 34.8051834, 0.0 ], [ 114.7190922, 34.807311, 0.0 ], [ 114.7195422, 34.8091789, 0.0 ], [ 114.7195721, 34.8093188, 0.0 ], [ 114.7195919, 34.8093688, 0.0 ], [ 114.7200818, 34.8112467, 0.0 ], [ 114.7204213, 34.8121657, 0.0 ], [ 114.7212112, 34.8142834, 0.0 ], [ 114.7234504, 34.8169005, 0.0 ], [ 114.72583, 34.8194177, 0.0 ], [ 114.7250797, 34.8224944, 0.0 ], [ 114.7251092, 34.8250915, 0.0 ], [ 114.7250693, 34.8251015, 0.0 ], [ 114.7250491, 34.8251414, 0.0 ], [ 114.7250189, 34.8261304, 0.0 ], [ 114.7251888, 34.8276087, 0.0 ], [ 114.7252187, 34.8276487, 0.0 ], [ 114.7252687, 34.8276686, 0.0 ], [ 114.7252889, 34.8278185, 0.0 ], [ 114.7253288, 34.8283179, 0.0 ], [ 114.7253386, 34.8285277, 0.0 ], [ 114.7253987, 34.8292469, 0.0 ], [ 114.7255182, 34.8305255, 0.0 ], [ 114.7255182, 34.8305854, 0.0 ], [ 114.7258379, 34.8342714, 0.0 ], [ 114.7260672, 34.8375777, 0.0 ], [ 114.7259466, 34.841953, 0.0 ], [ 114.725826, 34.8454991, 0.0 ], [ 114.725776, 34.845619, 0.0 ], [ 114.7257162, 34.8457587, 0.0 ], [ 114.7244458, 34.8488254, 0.0 ], [ 114.7230655, 34.8503137, 0.0 ], [ 114.7200851, 34.8523815, 0.0 ], [ 114.720035, 34.8524314, 0.0 ], [ 114.7180248, 34.8545691, 0.0 ], [ 114.7178747, 34.8547389, 0.0 ], [ 114.7172044, 34.8572462, 0.0 ], [ 114.7170542, 34.8578854, 0.0 ], [ 114.7163036, 34.8609721, 0.0 ], [ 114.7147232, 34.8641785, 0.0 ], [ 114.714013, 34.8651974, 0.0 ], [ 114.7127926, 34.8669355, 0.0 ], [ 114.7115124, 34.8681342, 0.0 ], [ 114.7106621, 34.8689732, 0.0 ], [ 114.710162, 34.8694628, 0.0 ], [ 114.7069616, 34.8714106, 0.0 ], [ 114.7033609, 34.8727391, 0.0 ], [ 114.6996713, 34.8739981, 0.0 ], [ 114.6959971, 34.8753319, 0.0 ], [ 114.6923129, 34.876436, 0.0 ], [ 114.6887089, 34.8778095, 0.0 ], [ 114.6858732, 34.8798812, 0.0 ], [ 114.6849743, 34.8827993, 0.0 ], [ 114.6865208, 34.8858936, 0.0 ], [ 114.6881977, 34.8886882, 0.0 ], [ 114.6891953, 34.8917134, 0.0 ], [ 114.6899732, 34.8952584, 0.0 ], [ 114.6904121, 34.8985141, 0.0 ], [ 114.6905716, 34.8991232, 0.0 ], [ 114.6861889, 34.9021261, 0.0 ], [ 114.6800693, 34.9069394, 0.0 ], [ 114.6749476, 34.9117612, 0.0 ], [ 114.6701758, 34.9157735, 0.0 ], [ 114.6693769, 34.9166436, 0.0 ], [ 114.6685381, 34.9175638, 0.0 ], [ 114.6657229, 34.9206143, 0.0 ], [ 114.6639758, 34.9235935, 0.0 ], [ 114.6628274, 34.9257128, 0.0 ], [ 114.6622284, 34.926303, 0.0 ], [ 114.6615397, 34.9273828, 0.0 ], [ 114.6588642, 34.927876, 0.0 ], [ 114.657197, 34.9278484, 0.0 ], [ 114.6552001, 34.9278012, 0.0 ], [ 114.6537626, 34.9276433, 0.0 ], [ 114.653543, 34.9276837, 0.0 ], [ 114.6522553, 34.9277554, 0.0 ], [ 114.6522154, 34.9277454, 0.0 ], [ 114.6499092, 34.9268796, 0.0 ], [ 114.647603, 34.9260138, 0.0 ], [ 114.6442885, 34.9259485, 0.0 ], [ 114.6406446, 34.9253243, 0.0 ], [ 114.6367811, 34.9247203, 0.0 ], [ 114.6348245, 34.923914, 0.0 ], [ 114.6289745, 34.923113, 0.0 ], [ 114.6271176, 34.9217771, 0.0 ], [ 114.6249713, 34.9206913, 0.0 ], [ 114.6231943, 34.9197848, 0.0 ], [ 114.6209184, 34.9180998, 0.0 ], [ 114.6195205, 34.9180019, 0.0 ], [ 114.6156073, 34.9177277, 0.0 ], [ 114.6119533, 34.9179325, 0.0 ], [ 114.6078601, 34.9183578, 0.0 ], [ 114.606113, 34.9180606, 0.0 ], [ 114.6006421, 34.9187075, 0.0 ], [ 114.5954822, 34.9197494, 0.0 ], [ 114.5894976, 34.9208377, 0.0 ], [ 114.5834525, 34.9222257, 0.0 ], [ 114.5764354, 34.9233222, 0.0 ], [ 114.5740396, 34.9238175, 0.0 ], [ 114.5739193, 34.9238372, 0.0 ], [ 114.5705209, 34.9245406, 0.0 ], [ 114.569829, 34.9246592, 0.0 ], [ 114.5682151, 34.9236075, 0.0 ], [ 114.564015, 34.9194145, 0.0 ], [ 114.5616692, 34.9175922, 0.0 ], [ 114.5604161, 34.916621, 0.0 ], [ 114.5575091, 34.9143582, 0.0 ], [ 114.5513538, 34.9090326, 0.0 ], [ 114.5451787, 34.904526, 0.0 ], [ 114.5422912, 34.9015038, 0.0 ], [ 114.5414192, 34.9012825, 0.0 ], [ 114.5396549, 34.9011995, 0.0 ], [ 114.5385421, 34.9009476, 0.0 ], [ 114.5258806, 34.8972392, 0.0 ], [ 114.5178709, 34.895327, 0.0 ], [ 114.5125678, 34.8946982, 0.0 ], [ 114.510272, 34.8944444, 0.0 ], [ 114.5101115, 34.8944242, 0.0 ], [ 114.5099711, 34.8944239, 0.0 ], [ 114.5097508, 34.8944935, 0.0 ], [ 114.5091992, 34.8946522, 0.0 ], [ 114.5009484, 34.8971344, 0.0 ], [ 114.4942902, 34.8993298, 0.0 ], [ 114.4831705, 34.9030861, 0.0 ], [ 114.4622941, 34.9093124, 0.0 ], [ 114.4522969, 34.9122514, 0.0 ], [ 114.4409864, 34.8998433, 0.0 ], [ 114.4298776, 34.8905739, 0.0 ], [ 114.4196406, 34.8849716, 0.0 ], [ 114.4132636, 34.8824029, 0.0 ], [ 114.4127423, 34.8821922, 0.0 ], [ 114.4120003, 34.8818911, 0.0 ], [ 114.4026652, 34.8806656, 0.0 ], [ 114.4012111, 34.8804632, 0.0 ], [ 114.3969415, 34.8787969, 0.0 ], [ 114.3964523, 34.8785679, 0.0 ], [ 114.3961625, 34.8783386, 0.0 ], [ 114.3960127, 34.8778693, 0.0 ], [ 114.3950641, 34.8739449, 0.0 ], [ 114.3950544, 34.8735954, 0.0 ], [ 114.3951444, 34.8733755, 0.0 ], [ 114.395404, 34.8731753, 0.0 ], [ 114.3980608, 34.8724224, 0.0 ], [ 114.4005703, 34.8717316, 0.0 ], [ 114.4076094, 34.8701162, 0.0 ], [ 114.4076897, 34.8700764, 0.0 ], [ 114.4077296, 34.8700365, 0.0 ], [ 114.4077498, 34.8699766, 0.0 ], [ 114.4077599, 34.8699067, 0.0 ], [ 114.4077397, 34.8695571, 0.0 ], [ 114.4072894, 34.8626039, 0.0 ], [ 114.4072494, 34.8619046, 0.0 ], [ 114.4071792, 34.8609256, 0.0 ], [ 114.407159, 34.8607658, 0.0 ], [ 114.4071292, 34.8606158, 0.0 ], [ 114.4070489, 34.8604459, 0.0 ], [ 114.4067281, 34.8600358, 0.0 ], [ 114.4030385, 34.8553841, 0.0 ], [ 114.4026583, 34.8475421, 0.0 ], [ 114.4026482, 34.8472624, 0.0 ], [ 114.4026986, 34.8471026, 0.0 ], [ 114.4028491, 34.8469031, 0.0 ], [ 114.4040324, 34.845367, 0.0 ], [ 114.4041628, 34.8452174, 0.0 ], [ 114.4043532, 34.8451478, 0.0 ], [ 114.4107004, 34.8439309, 0.0 ], [ 114.4115528, 34.8441722, 0.0 ], [ 114.4131872, 34.8443251, 0.0 ], [ 114.4168668, 34.8449512, 0.0 ], [ 114.4169572, 34.8449814, 0.0 ], [ 114.4170475, 34.8450314, 0.0 ], [ 114.4184209, 34.8462327, 0.0 ], [ 114.4225116, 34.8498562, 0.0 ], [ 114.4228424, 34.8502264, 0.0 ], [ 114.4231632, 34.8508363, 0.0 ], [ 114.4240153, 34.853385, 0.0 ], [ 114.424236, 34.8540347, 0.0 ], [ 114.424276, 34.8541646, 0.0 ], [ 114.4246669, 34.8565826, 0.0 ], [ 114.4246867, 34.8566926, 0.0 ], [ 114.424717, 34.8567725, 0.0 ], [ 114.4247569, 34.8568225, 0.0 ], [ 114.4248271, 34.8568626, 0.0 ], [ 114.4249276, 34.8568827, 0.0 ], [ 114.4326283, 34.8580856, 0.0 ], [ 114.4341925, 34.8583381, 0.0 ], [ 114.4467162, 34.8595598, 0.0 ], [ 114.4470269, 34.8595904, 0.0 ], [ 114.4472274, 34.8596207, 0.0 ], [ 114.4473577, 34.8596109, 0.0 ], [ 114.447478, 34.8595812, 0.0 ], [ 114.447829, 34.8595119, 0.0 ], [ 114.4515593, 34.8586198, 0.0 ], [ 114.4516795, 34.8585001, 0.0 ], [ 114.4517296, 34.8583704, 0.0 ], [ 114.4517296, 34.8582106, 0.0 ], [ 114.4516594, 34.8579208, 0.0 ], [ 114.4511384, 34.8551231, 0.0 ], [ 114.4501258, 34.8536529, 0.0 ], [ 114.4498651, 34.8532828, 0.0 ], [ 114.4496146, 34.8531026, 0.0 ], [ 114.449454, 34.8530523, 0.0 ], [ 114.4446412, 34.8515352, 0.0 ], [ 114.4443704, 34.8514447, 0.0 ], [ 114.4442704, 34.8513846, 0.0 ], [ 114.44422, 34.8513346, 0.0 ], [ 114.4442002, 34.8512747, 0.0 ], [ 114.4442002, 34.8512047, 0.0 ], [ 114.44422, 34.8511149, 0.0 ], [ 114.4444507, 34.8507857, 0.0 ], [ 114.4445209, 34.8506959, 0.0 ], [ 114.4449421, 34.8500874, 0.0 ], [ 114.4512997, 34.8470527, 0.0 ], [ 114.4517911, 34.8469736, 0.0 ], [ 114.4590106, 34.8458183, 0.0 ], [ 114.4625404, 34.8429282, 0.0 ], [ 114.4668827, 34.8372329, 0.0 ], [ 114.4679857, 34.8366656, 0.0 ], [ 114.4704125, 34.8354316, 0.0 ], [ 114.4752354, 34.8350909, 0.0 ], [ 114.4792663, 34.8356878, 0.0 ], [ 114.4827256, 34.8362036, 0.0 ], [ 114.4866661, 34.8360412, 0.0 ], [ 114.4868666, 34.8360016, 0.0 ], [ 114.4870171, 34.8359019, 0.0 ], [ 114.4882505, 34.8343161, 0.0 ], [ 114.4883308, 34.8342164, 0.0 ], [ 114.4883408, 34.8341964, 0.0 ], [ 114.4894338, 34.8328301, 0.0 ], [ 114.4902964, 34.8317131, 0.0 ], [ 114.4903867, 34.8315634, 0.0 ], [ 114.4904267, 34.8313737, 0.0 ], [ 114.4900562, 34.8266686, 0.0 ], [ 114.4899562, 34.8252301, 0.0 ], [ 114.4896253, 34.8237014, 0.0 ], [ 114.4892545, 34.8219926, 0.0 ], [ 114.4883927, 34.8178759, 0.0 ], [ 114.4864476, 34.8138271, 0.0 ], [ 114.4852949, 34.8101592, 0.0 ], [ 114.4843826, 34.8092186, 0.0 ], [ 114.4842923, 34.8091285, 0.0 ], [ 114.481094, 34.8058265, 0.0 ], [ 114.4751987, 34.8025291, 0.0 ], [ 114.4726319, 34.8015354, 0.0 ], [ 114.471198, 34.8009634, 0.0 ], [ 114.4675883, 34.7995481, 0.0 ], [ 114.4617131, 34.7972393, 0.0 ], [ 114.4598184, 34.7964964, 0.0 ], [ 114.459287, 34.7962856, 0.0 ], [ 114.4581642, 34.7958439, 0.0 ], [ 114.4514974, 34.7912658, 0.0 ], [ 114.451367, 34.7911258, 0.0 ], [ 114.4512972, 34.7909657, 0.0 ], [ 114.451267, 34.7909158, 0.0 ], [ 114.4503659, 34.786868, 0.0 ], [ 114.4501153, 34.7857387, 0.0 ], [ 114.4500955, 34.7856688, 0.0 ], [ 114.4500653, 34.7856287, 0.0 ], [ 114.4487221, 34.7836482, 0.0 ], [ 114.4473293, 34.7816075, 0.0 ], [ 114.4402211, 34.7778878, 0.0 ], [ 114.4376244, 34.7765542, 0.0 ], [ 114.4369228, 34.776383, 0.0 ], [ 114.4284905, 34.7744489, 0.0 ], [ 114.4280192, 34.7741983, 0.0 ], [ 114.4263352, 34.773326, 0.0 ], [ 114.4238087, 34.7720125, 0.0 ], [ 114.4231369, 34.7716615, 0.0 ], [ 114.4172729, 34.7658563, 0.0 ], [ 114.409503, 34.7617256, 0.0 ], [ 114.40831, 34.7609142, 0.0 ], [ 114.4081897, 34.760834, 0.0 ], [ 114.4078891, 34.7605937, 0.0 ], [ 114.4066561, 34.7594026, 0.0 ], [ 114.4055135, 34.7583614, 0.0 ], [ 114.4054933, 34.7583214, 0.0 ], [ 114.4055135, 34.7582815, 0.0 ], [ 114.4058746, 34.7580324, 0.0 ], [ 114.4092542, 34.7557012, 0.0 ], [ 114.4093144, 34.7556613, 0.0 ], [ 114.4147403, 34.7519154, 0.0 ], [ 114.4153822, 34.7514771, 0.0 ], [ 114.4161842, 34.7508392, 0.0 ], [ 114.4227434, 34.7456569, 0.0 ], [ 114.4233151, 34.7451484, 0.0 ], [ 114.4243084, 34.7442412, 0.0 ], [ 114.4254316, 34.743544, 0.0 ], [ 114.4304662, 34.7395476, 0.0 ], [ 114.4338566, 34.7351285, 0.0 ], [ 114.433947, 34.7350187, 0.0 ], [ 114.435221, 34.7335026, 0.0 ], [ 114.435833, 34.7320553, 0.0 ], [ 114.4378098, 34.7272339, 0.0 ], [ 114.4393049, 34.7234704, 0.0 ], [ 114.4402488, 34.7190866, 0.0 ], [ 114.4411625, 34.7149125, 0.0 ], [ 114.4412932, 34.7140736, 0.0 ], [ 114.4405015, 34.7117344, 0.0 ], [ 114.4401908, 34.7111544, 0.0 ], [ 114.4388376, 34.7104026, 0.0 ], [ 114.4363712, 34.7090593, 0.0 ], [ 114.4294538, 34.7052599, 0.0 ], [ 114.4272481, 34.7046863, 0.0 ], [ 114.4220044, 34.7033876, 0.0 ], [ 114.406843, 34.705337, 0.0 ], [ 114.3992444, 34.7071831, 0.0 ], [ 114.3946292, 34.7083288, 0.0 ], [ 114.3841093, 34.7133695, 0.0 ], [ 114.3816322, 34.7133832, 0.0 ], [ 114.3781762, 34.7133884, 0.0 ], [ 114.3730228, 34.7099695, 0.0 ], [ 114.3725533, 34.7096506, 0.0 ], [ 114.3724633, 34.7096308, 0.0 ], [ 114.3719039, 34.7096316, 0.0 ], [ 114.369107, 34.7096558, 0.0 ], [ 114.3676886, 34.7096479, 0.0 ], [ 114.3674888, 34.7096981, 0.0 ], [ 114.367379, 34.7097982, 0.0 ], [ 114.361843, 34.7185078, 0.0 ], [ 114.361713, 34.7186678, 0.0 ], [ 114.3615632, 34.718738, 0.0 ], [ 114.3614034, 34.7187882, 0.0 ], [ 114.3578369, 34.7199323, 0.0 ], [ 114.35423, 34.7229347, 0.0 ], [ 114.3504824, 34.7309923, 0.0 ], [ 114.3492534, 34.7323628, 0.0 ], [ 114.3463558, 34.7356439, 0.0 ], [ 114.3390539, 34.7366738, 0.0 ], [ 114.3371959, 34.7367065, 0.0 ], [ 114.3355381, 34.7363694, 0.0 ], [ 114.3340499, 34.7360519, 0.0 ], [ 114.3301147, 34.7342896, 0.0 ], [ 114.3267293, 34.7300189, 0.0 ], [ 114.3234439, 34.7259778, 0.0 ], [ 114.3194908, 34.7164433, 0.0 ], [ 114.3194508, 34.7163135, 0.0 ], [ 114.3189014, 34.7148358, 0.0 ], [ 114.3178632, 34.7120801, 0.0 ], [ 114.3178135, 34.7114508, 0.0 ], [ 114.3177138, 34.7105119, 0.0 ], [ 114.3176342, 34.7097628, 0.0 ], [ 114.3172253, 34.7057773, 0.0 ], [ 114.316128, 34.699685, 0.0 ], [ 114.315449, 34.6959691, 0.0 ], [ 114.3133718, 34.6919355, 0.0 ], [ 114.3126126, 34.6904578, 0.0 ], [ 114.308987, 34.6875256, 0.0 ], [ 114.3077684, 34.6865782, 0.0 ], [ 114.3065898, 34.6860004, 0.0 ], [ 114.3046919, 34.6851438, 0.0 ], [ 114.3040028, 34.6825769, 0.0 ], [ 114.305332, 34.6769995, 0.0 ], [ 114.3034344, 34.6743444, 0.0 ], [ 114.2997181, 34.6728707, 0.0 ], [ 114.2954352, 34.6730605, 0.0 ], [ 114.2844577, 34.6744394, 0.0 ], [ 114.2837273, 34.6745294, 0.0 ], [ 114.2784936, 34.6752288, 0.0 ], [ 114.2782337, 34.6752488, 0.0 ], [ 114.2619322, 34.678786, 0.0 ], [ 114.2574689, 34.6797252, 0.0 ], [ 114.2544568, 34.6806345, 0.0 ], [ 114.2535359, 34.6809143, 0.0 ], [ 114.249353, 34.6809143, 0.0 ], [ 114.2487428, 34.6814638, 0.0 ], [ 114.248002, 34.6828127, 0.0 ], [ 114.2482118, 34.6841717, 0.0 ], [ 114.2488321, 34.6848412, 0.0 ], [ 114.2523544, 34.6874391, 0.0 ], [ 114.2543056, 34.6888779, 0.0 ], [ 114.2566366, 34.6917756, 0.0 ], [ 114.2566362, 34.6953028, 0.0 ], [ 114.2549446, 34.6966117, 0.0 ], [ 114.2535737, 34.6977708, 0.0 ], [ 114.24847, 34.6991098, 0.0 ], [ 114.2458981, 34.6990198, 0.0 ], [ 114.2441467, 34.6990198, 0.0 ], [ 114.2414449, 34.6989698, 0.0 ], [ 114.2380426, 34.6991597, 0.0 ], [ 114.2379425, 34.6991098, 0.0 ], [ 114.2371019, 34.6992197, 0.0 ], [ 114.2365216, 34.6992596, 0.0 ], [ 114.2346902, 34.6993895, 0.0 ], [ 114.23448, 34.6993895, 0.0 ], [ 114.23434, 34.6992496, 0.0 ], [ 114.2336693, 34.6993196, 0.0 ], [ 114.2325086, 34.6994294, 0.0 ], [ 114.2233711, 34.7038052, 0.0 ], [ 114.2182368, 34.7062828, 0.0 ], [ 114.2050669, 34.7081209, 0.0 ], [ 114.1985398, 34.708109, 0.0 ], [ 114.1947504, 34.7080937, 0.0 ], [ 114.1901291, 34.7080972, 0.0 ], [ 114.1867505, 34.7080925, 0.0 ], [ 114.181808, 34.7088748, 0.0 ], [ 114.1790512, 34.7092805, 0.0 ], [ 114.1751412, 34.7097946, 0.0 ], [ 114.175071, 34.7098045, 0.0 ], [ 114.1727252, 34.7101108, 0.0 ], [ 114.1707103, 34.7103778, 0.0 ], [ 114.164986, 34.711129, 0.0 ], [ 114.164635, 34.7111785, 0.0 ], [ 114.16271, 34.7114255, 0.0 ], [ 114.1540988, 34.710914, 0.0 ], [ 114.1533572, 34.710873, 0.0 ], [ 114.148305, 34.7084783, 0.0 ], [ 114.1494782, 34.7076308, 0.0 ], [ 114.15019, 34.7069924, 0.0 ], [ 114.1503106, 34.7068827, 0.0 ], [ 114.1521052, 34.7052868, 0.0 ], [ 114.1521552, 34.705177, 0.0 ], [ 114.1533688, 34.7023715, 0.0 ], [ 114.1536402, 34.6995147, 0.0 ], [ 114.1536503, 34.699115, 0.0 ], [ 114.1530192, 34.6958469, 0.0 ], [ 114.1523384, 34.6928784, 0.0 ], [ 114.1522081, 34.6921889, 0.0 ], [ 114.1517174, 34.6893306, 0.0 ], [ 114.1515875, 34.6874421, 0.0 ], [ 114.1518586, 34.685494, 0.0 ], [ 114.1522801, 34.6822374, 0.0 ], [ 114.1529126, 34.6788611, 0.0 ], [ 114.1520407, 34.676482, 0.0 ], [ 114.1505881, 34.6713343, 0.0 ], [ 114.1507789, 34.670815, 0.0 ], [ 114.15123, 34.6695168, 0.0 ], [ 114.1513704, 34.669437, 0.0 ], [ 114.1543786, 34.6676426, 0.0 ], [ 114.1544488, 34.6666836, 0.0 ], [ 114.1544588, 34.6665636, 0.0 ], [ 114.1532867, 34.6635246, 0.0 ], [ 114.1502393, 34.6618819, 0.0 ], [ 114.1468412, 34.6600388, 0.0 ], [ 114.1443554, 34.6576375, 0.0 ], [ 114.1445063, 34.6546602, 0.0 ], [ 114.1456799, 34.6515745, 0.0 ], [ 114.1459405, 34.6510453, 0.0 ], [ 114.1467934, 34.6486585, 0.0 ], [ 114.1478366, 34.6453926, 0.0 ], [ 114.1483986, 34.6423659, 0.0 ], [ 114.1483993, 34.6389889, 0.0 ], [ 114.1479889, 34.6358409, 0.0 ], [ 114.1482499, 34.6328438, 0.0 ], [ 114.1482701, 34.632644, 0.0 ], [ 114.1498645, 34.6298985, 0.0 ], [ 114.1515396, 34.6269832, 0.0 ], [ 114.1504373, 34.6241242, 0.0 ], [ 114.1479414, 34.621603, 0.0 ], [ 114.145596, 34.6192519, 0.0 ], [ 114.1447648, 34.6162234, 0.0 ], [ 114.1447648, 34.6158537, 0.0 ], [ 114.1449757, 34.6131963, 0.0 ], [ 114.1478233, 34.6110818, 0.0 ], [ 114.1499693, 34.6086767, 0.0 ], [ 114.151293, 34.60685, 0.0 ], [ 114.1542004, 34.6047355, 0.0 ], [ 114.1573892, 34.6017022, 0.0 ], [ 114.1603571, 34.5990083, 0.0 ], [ 114.1632043, 34.5971337, 0.0 ], [ 114.1670138, 34.5957599, 0.0 ], [ 114.170683, 34.5945557, 0.0 ], [ 114.1740616, 34.5930614, 0.0 ], [ 114.1786429, 34.5914088, 0.0 ], [ 114.179495, 34.5910702, 0.0 ], [ 114.1807882, 34.5906123, 0.0 ], [ 114.1852795, 34.5891794, 0.0 ], [ 114.1889587, 34.5879753, 0.0 ], [ 114.1913747, 34.5871192, 0.0 ], [ 114.1953944, 34.5859156, 0.0 ], [ 114.19767, 34.5849994, 0.0 ], [ 114.1990333, 34.5844318, 0.0 ], [ 114.199214, 34.584362, 0.0 ], [ 114.1998854, 34.5840831, 0.0 ], [ 114.2015569, 34.583324, 0.0 ], [ 114.2020271, 34.5831142, 0.0 ], [ 114.2056994, 34.5814457, 0.0 ], [ 114.2090014, 34.579897, 0.0 ], [ 114.212664, 34.5783484, 0.0 ], [ 114.2162662, 34.577599, 0.0 ], [ 114.2200688, 34.5772594, 0.0 ], [ 114.2240713, 34.5770796, 0.0 ], [ 114.2279438, 34.5766199, 0.0 ], [ 114.231056, 34.5746717, 0.0 ], [ 114.2341081, 34.5724937, 0.0 ], [ 114.2346784, 34.572064, 0.0 ], [ 114.2347986, 34.5719741, 0.0 ], [ 114.2349185, 34.5718842, 0.0 ], [ 114.2359693, 34.571065, 0.0 ], [ 114.2390117, 34.5686671, 0.0 ], [ 114.2419237, 34.5664391, 0.0 ], [ 114.2441654, 34.5649205, 0.0 ], [ 114.2448959, 34.564431, 0.0 ], [ 114.2479382, 34.5624827, 0.0 ], [ 114.2499596, 34.5613936, 0.0 ], [ 114.2514706, 34.5605944, 0.0 ], [ 114.2552034, 34.559855, 0.0 ], [ 114.2587357, 34.560994, 0.0 ], [ 114.2615772, 34.5629423, 0.0 ], [ 114.2625578, 34.5634118, 0.0 ], [ 114.2635183, 34.5638614, 0.0 ], [ 114.2673908, 34.5640313, 0.0 ], [ 114.2694724, 34.563232, 0.0 ], [ 114.2733452, 34.5612838, 0.0 ], [ 114.2765978, 34.5595154, 0.0 ], [ 114.2800607, 34.5569976, 0.0 ], [ 114.2823427, 34.5542001, 0.0 ], [ 114.2824428, 34.5539903, 0.0 ], [ 114.2840142, 34.5513427, 0.0 ], [ 114.2840747, 34.5486052, 0.0 ], [ 114.2840848, 34.5481356, 0.0 ], [ 114.2843656, 34.5463472, 0.0 ], [ 114.2844253, 34.5462573, 0.0 ], [ 114.2852666, 34.5424208, 0.0 ], [ 114.2853066, 34.542091, 0.0 ], [ 114.2854672, 34.5405924, 0.0 ], [ 114.2855377, 34.5373852, 0.0 ], [ 114.2853282, 34.5340682, 0.0 ], [ 114.2854286, 34.5324297, 0.0 ], [ 114.2852486, 34.5307512, 0.0 ], [ 114.2857397, 34.527604, 0.0 ], [ 114.2876815, 34.5249764, 0.0 ], [ 114.2887824, 34.524257, 0.0 ], [ 114.2907242, 34.5230382, 0.0 ], [ 114.2943368, 34.5228683, 0.0 ], [ 114.2979995, 34.5228682, 0.0 ], [ 114.3011902, 34.521158, 0.0 ], [ 114.3014198, 34.5208579, 0.0 ], [ 114.3031284, 34.5180679, 0.0 ], [ 114.3035885, 34.5164586, 0.0 ], [ 114.304028, 34.5149793, 0.0 ], [ 114.3056869, 34.5121294, 0.0 ], [ 114.3082447, 34.5096578, 0.0 ], [ 114.3105221, 34.5092048, 0.0 ] ] ] } },
{ "type": "Feature", "properties": { "Name": "兰考县", "AdminCode": "410225", "Kind": "0137", "CityAdCode": "410200", "CityName": "开封市", "ProName": "河南省", "Shape_Leng": 1.82778888017, "Shape_Area": 0.10801263637, "sheng": 410000 }, "geometry": { "type": "Polygon", "coordinates": [ [ [ 114.8715043, 35.0234831, 0.0 ], [ 114.8708833, 35.0234122, 0.0 ], [ 114.8698019, 35.0232807, 0.0 ], [ 114.8694912, 35.0232802, 0.0 ], [ 114.8689404, 35.0232894, 0.0 ], [ 114.8678489, 35.0232978, 0.0 ], [ 114.8670976, 35.022877, 0.0 ], [ 114.8663765, 35.0221866, 0.0 ], [ 114.8657656, 35.0214964, 0.0 ], [ 114.8654048, 35.0207966, 0.0 ], [ 114.8652148, 35.0204367, 0.0 ], [ 114.8647738, 35.0195669, 0.0 ], [ 114.8644134, 35.0187071, 0.0 ], [ 114.864273, 35.0182474, 0.0 ], [ 114.8641729, 35.0179076, 0.0 ], [ 114.863562, 35.0174072, 0.0 ], [ 114.863071, 35.0168071, 0.0 ], [ 114.8622199, 35.016616, 0.0 ], [ 114.8613084, 35.0161951, 0.0 ], [ 114.8602669, 35.0159137, 0.0 ], [ 114.8593453, 35.0156426, 0.0 ], [ 114.8582639, 35.0153113, 0.0 ], [ 114.857222, 35.0150301, 0.0 ], [ 114.856371, 35.0149289, 0.0 ], [ 114.8556798, 35.0146881, 0.0 ], [ 114.8546182, 35.0143168, 0.0 ], [ 114.8535666, 35.0140456, 0.0 ], [ 114.853126, 35.0139451, 0.0 ], [ 114.8520643, 35.0136937, 0.0 ], [ 114.8510128, 35.0134523, 0.0 ], [ 114.8501714, 35.0133512, 0.0 ], [ 114.8491901, 35.01306, 0.0 ], [ 114.8483387, 35.0129588, 0.0 ], [ 114.847367, 35.0127676, 0.0 ], [ 114.846516, 35.0126664, 0.0 ], [ 114.8455444, 35.0123752, 0.0 ], [ 114.8448935, 35.0122244, 0.0 ], [ 114.8438318, 35.0119831, 0.0 ], [ 114.84274, 35.0118815, 0.0 ], [ 114.841899, 35.0115906, 0.0 ], [ 114.8410375, 35.0114894, 0.0 ], [ 114.8401562, 35.0113082, 0.0 ], [ 114.8390946, 35.0110968, 0.0 ], [ 114.8382432, 35.0109058, 0.0 ], [ 114.8372618, 35.0107045, 0.0 ], [ 114.8364205, 35.0106134, 0.0 ], [ 114.836, 35.0104629, 0.0 ], [ 114.8355691, 35.0103024, 0.0 ], [ 114.834708, 35.0102111, 0.0 ], [ 114.8337464, 35.0100099, 0.0 ], [ 114.832795, 35.0097887, 0.0 ], [ 114.830942, 35.0091067, 0.0 ], [ 114.8312225, 35.0069192, 0.0 ], [ 114.8309017, 35.0007949, 0.0 ], [ 114.8308718, 35.0001954, 0.0 ], [ 114.8308718, 34.9999756, 0.0 ], [ 114.8308718, 34.9998358, 0.0 ], [ 114.8308319, 34.9990766, 0.0 ], [ 114.8301612, 34.9962289, 0.0 ], [ 114.8287594, 34.99357, 0.0 ], [ 114.8236621, 34.9906458, 0.0 ], [ 114.8187949, 34.9879217, 0.0 ], [ 114.8124157, 34.9857848, 0.0 ], [ 114.8099519, 34.9851319, 0.0 ], [ 114.8081191, 34.9844999, 0.0 ], [ 114.8074985, 34.9842794, 0.0 ], [ 114.8020805, 34.9825633, 0.0 ], [ 114.7966672, 34.9810522, 0.0 ], [ 114.7910173, 34.9797443, 0.0 ], [ 114.7756072, 34.9763894, 0.0 ], [ 114.7699872, 34.975471, 0.0 ], [ 114.7650271, 34.9742927, 0.0 ], [ 114.7600771, 34.9733841, 0.0 ], [ 114.7567972, 34.971936, 0.0 ], [ 114.753177, 34.9702383, 0.0 ], [ 114.750257, 34.9677213, 0.0 ], [ 114.7500472, 34.9674117, 0.0 ], [ 114.7473774, 34.9632866, 0.0 ], [ 114.7445172, 34.9588618, 0.0 ], [ 114.7443872, 34.9585222, 0.0 ], [ 114.7429674, 34.9547167, 0.0 ], [ 114.7437878, 34.9489831, 0.0 ], [ 114.744388, 34.948244, 0.0 ], [ 114.7461181, 34.9461164, 0.0 ], [ 114.7457678, 34.9456669, 0.0 ], [ 114.7495982, 34.9434792, 0.0 ], [ 114.7500482, 34.9430797, 0.0 ], [ 114.7523184, 34.9410619, 0.0 ], [ 114.7591094, 34.9359875, 0.0 ], [ 114.7638697, 34.9316923, 0.0 ], [ 114.7676105, 34.9284759, 0.0 ], [ 114.7720309, 34.9249899, 0.0 ], [ 114.7750913, 34.922313, 0.0 ], [ 114.7768016, 34.9204152, 0.0 ], [ 114.7768718, 34.9179581, 0.0 ], [ 114.7768319, 34.9175185, 0.0 ], [ 114.776752, 34.9166895, 0.0 ], [ 114.7763621, 34.9124745, 0.0 ], [ 114.7751122, 34.909438, 0.0 ], [ 114.7724921, 34.9080197, 0.0 ], [ 114.7692121, 34.9066014, 0.0 ], [ 114.7680119, 34.9062719, 0.0 ], [ 114.7679417, 34.9062219, 0.0 ], [ 114.7643017, 34.9040444, 0.0 ], [ 114.7587113, 34.9017571, 0.0 ], [ 114.7521506, 34.8989004, 0.0 ], [ 114.7500508, 34.8979814, 0.0 ], [ 114.7462304, 34.8963232, 0.0 ], [ 114.7443905, 34.8953343, 0.0 ], [ 114.7393505, 34.8926372, 0.0 ], [ 114.7334202, 34.8905995, 0.0 ], [ 114.7278499, 34.8877526, 0.0 ], [ 114.7273002, 34.8872032, 0.0 ], [ 114.7272001, 34.8871932, 0.0 ], [ 114.7232599, 34.8854751, 0.0 ], [ 114.7192596, 34.8853952, 0.0 ], [ 114.7158893, 34.8869735, 0.0 ], [ 114.7118486, 34.8888115, 0.0 ], [ 114.7064378, 34.8917082, 0.0 ], [ 114.7013665, 34.894625, 0.0 ], [ 114.6953138, 34.896969, 0.0 ], [ 114.6905716, 34.8991232, 0.0 ], [ 114.6904121, 34.8985141, 0.0 ], [ 114.6899732, 34.8952584, 0.0 ], [ 114.6891953, 34.8917134, 0.0 ], [ 114.6881977, 34.8886882, 0.0 ], [ 114.6865208, 34.8858936, 0.0 ], [ 114.6849743, 34.8827993, 0.0 ], [ 114.6858732, 34.8798812, 0.0 ], [ 114.6887089, 34.8778095, 0.0 ], [ 114.6923129, 34.876436, 0.0 ], [ 114.6959971, 34.8753319, 0.0 ], [ 114.6996713, 34.8739981, 0.0 ], [ 114.7033609, 34.8727391, 0.0 ], [ 114.7069616, 34.8714106, 0.0 ], [ 114.710162, 34.8694628, 0.0 ], [ 114.7106621, 34.8689732, 0.0 ], [ 114.7115124, 34.8681342, 0.0 ], [ 114.7127926, 34.8669355, 0.0 ], [ 114.714013, 34.8651974, 0.0 ], [ 114.7147232, 34.8641785, 0.0 ], [ 114.7163036, 34.8609721, 0.0 ], [ 114.7170542, 34.8578854, 0.0 ], [ 114.7172044, 34.8572462, 0.0 ], [ 114.7178747, 34.8547389, 0.0 ], [ 114.7180248, 34.8545691, 0.0 ], [ 114.720035, 34.8524314, 0.0 ], [ 114.7200851, 34.8523815, 0.0 ], [ 114.7230655, 34.8503137, 0.0 ], [ 114.7244458, 34.8488254, 0.0 ], [ 114.7257162, 34.8457587, 0.0 ], [ 114.725776, 34.845619, 0.0 ], [ 114.725826, 34.8454991, 0.0 ], [ 114.7259466, 34.841953, 0.0 ], [ 114.7260672, 34.8375777, 0.0 ], [ 114.7258379, 34.8342714, 0.0 ], [ 114.7255182, 34.8305854, 0.0 ], [ 114.7255182, 34.8305255, 0.0 ], [ 114.7253987, 34.8292469, 0.0 ], [ 114.7253386, 34.8285277, 0.0 ], [ 114.7253288, 34.8283179, 0.0 ], [ 114.7252889, 34.8278185, 0.0 ], [ 114.7252687, 34.8276686, 0.0 ], [ 114.7252187, 34.8276487, 0.0 ], [ 114.7251888, 34.8276087, 0.0 ], [ 114.7250189, 34.8261304, 0.0 ], [ 114.7250491, 34.8251414, 0.0 ], [ 114.7250693, 34.8251015, 0.0 ], [ 114.7251092, 34.8250915, 0.0 ], [ 114.7250797, 34.8224944, 0.0 ], [ 114.72583, 34.8194177, 0.0 ], [ 114.7234504, 34.8169005, 0.0 ], [ 114.7212112, 34.8142834, 0.0 ], [ 114.7204213, 34.8121657, 0.0 ], [ 114.7200818, 34.8112467, 0.0 ], [ 114.7195919, 34.8093688, 0.0 ], [ 114.7195721, 34.8093188, 0.0 ], [ 114.7195422, 34.8091789, 0.0 ], [ 114.7190922, 34.807311, 0.0 ], [ 114.7184428, 34.8051834, 0.0 ], [ 114.7173235, 34.8022166, 0.0 ], [ 114.716534, 34.7987304, 0.0 ], [ 114.7161946, 34.797332, 0.0 ], [ 114.715755, 34.7952941, 0.0 ], [ 114.7151156, 34.7921475, 0.0 ], [ 114.7162162, 34.7892407, 0.0 ], [ 114.7173664, 34.7878522, 0.0 ], [ 114.7185666, 34.7867534, 0.0 ], [ 114.7203868, 34.7850751, 0.0 ], [ 114.7223772, 34.7826877, 0.0 ], [ 114.7225471, 34.7824879, 0.0 ], [ 114.7227178, 34.7800805, 0.0 ], [ 114.7217184, 34.777743, 0.0 ], [ 114.7213681, 34.777773, 0.0 ], [ 114.7182386, 34.7774734, 0.0 ], [ 114.7174686, 34.7774434, 0.0 ], [ 114.713649, 34.777054, 0.0 ], [ 114.7118494, 34.7757054, 0.0 ], [ 114.7107798, 34.7749962, 0.0 ], [ 114.7093103, 34.7720296, 0.0 ], [ 114.7091404, 34.77162, 0.0 ], [ 114.7076312, 34.7691128, 0.0 ], [ 114.7053218, 34.7663159, 0.0 ], [ 114.7022525, 34.7642083, 0.0 ], [ 114.699254, 34.7621617, 0.0 ], [ 114.6959798, 34.7601087, 0.0 ], [ 114.6932647, 34.757995, 0.0 ], [ 114.6931945, 34.7579451, 0.0 ], [ 114.6931754, 34.7550882, 0.0 ], [ 114.6960212, 34.7530164, 0.0 ], [ 114.6979285, 34.7510358, 0.0 ], [ 114.6982979, 34.7506656, 0.0 ], [ 114.699127, 34.7499952, 0.0 ], [ 114.7000957, 34.7492248, 0.0 ], [ 114.7036356, 34.7481858, 0.0 ], [ 114.7070354, 34.7475463, 0.0 ], [ 114.7076557, 34.7474165, 0.0 ], [ 114.7107856, 34.7468569, 0.0 ], [ 114.7145954, 34.7469066, 0.0 ], [ 114.7187052, 34.7471761, 0.0 ], [ 114.7211849, 34.747196, 0.0 ], [ 114.7227948, 34.7472158, 0.0 ], [ 114.7269647, 34.7473855, 0.0 ], [ 114.7310042, 34.7481744, 0.0 ], [ 114.732954, 34.748424, 0.0 ], [ 114.7349639, 34.7487336, 0.0 ], [ 114.7387838, 34.7492928, 0.0 ], [ 114.7427435, 34.7497821, 0.0 ], [ 114.7434934, 34.7500418, 0.0 ], [ 114.7444132, 34.7503614, 0.0 ], [ 114.7462128, 34.7509706, 0.0 ], [ 114.746283, 34.7510306, 0.0 ], [ 114.7492123, 34.7534179, 0.0 ], [ 114.7498319, 34.7541072, 0.0 ], [ 114.7500619, 34.7543769, 0.0 ], [ 114.7519411, 34.7565046, 0.0 ], [ 114.7545205, 34.7587721, 0.0 ], [ 114.7576496, 34.7609897, 0.0 ], [ 114.7599893, 34.7621184, 0.0 ], [ 114.7609192, 34.7625779, 0.0 ], [ 114.7638791, 34.7616388, 0.0 ], [ 114.7645894, 34.7614189, 0.0 ], [ 114.768189, 34.7613389, 0.0 ], [ 114.7710384, 34.7634966, 0.0 ], [ 114.7745779, 34.7644554, 0.0 ], [ 114.7783176, 34.7642156, 0.0 ], [ 114.7816573, 34.7641256, 0.0 ], [ 114.7822772, 34.7641255, 0.0 ], [ 114.7862174, 34.7631264, 0.0 ], [ 114.7889678, 34.7609485, 0.0 ], [ 114.7912384, 34.7581912, 0.0 ], [ 114.7936493, 34.7551341, 0.0 ], [ 114.7960598, 34.7524867, 0.0 ], [ 114.7980402, 34.7510281, 0.0 ], [ 114.7989503, 34.7503587, 0.0 ], [ 114.7997905, 34.749999, 0.0 ], [ 114.8023447, 34.7489137, 0.0 ], [ 114.8031158, 34.7486851, 0.0 ], [ 114.8060808, 34.7478104, 0.0 ], [ 114.809747, 34.7469867, 0.0 ], [ 114.8123912, 34.7467409, 0.0 ], [ 114.8137736, 34.7465632, 0.0 ], [ 114.8175094, 34.7464888, 0.0 ], [ 114.820344, 34.7464831, 0.0 ], [ 114.8216659, 34.7464751, 0.0 ], [ 114.8256223, 34.746451, 0.0 ], [ 114.8301392, 34.7479663, 0.0 ], [ 114.8303189, 34.7499845, 0.0 ], [ 114.830419, 34.7510736, 0.0 ], [ 114.8304388, 34.7512834, 0.0 ], [ 114.8302685, 34.752352, 0.0 ], [ 114.8299675, 34.7540999, 0.0 ], [ 114.8263715, 34.7550236, 0.0 ], [ 114.8228453, 34.756357, 0.0 ], [ 114.8213423, 34.7593417, 0.0 ], [ 114.8218423, 34.7622595, 0.0 ], [ 114.823454, 34.7653289, 0.0 ], [ 114.8256274, 34.7669306, 0.0 ], [ 114.8257375, 34.7670106, 0.0 ], [ 114.8261681, 34.767331, 0.0 ], [ 114.830064, 34.7685056, 0.0 ], [ 114.8338804, 34.7687212, 0.0 ], [ 114.8375563, 34.7688166, 0.0 ], [ 114.8395496, 34.7689594, 0.0 ], [ 114.8420034, 34.7691429, 0.0 ], [ 114.8458799, 34.7692885, 0.0 ], [ 114.8497664, 34.7689747, 0.0 ], [ 114.850157, 34.7689354, 0.0 ], [ 114.8502773, 34.7689256, 0.0 ], [ 114.853923, 34.7685513, 0.0 ], [ 114.8578794, 34.7691167, 0.0 ], [ 114.8613649, 34.7703008, 0.0 ], [ 114.8615849, 34.773438, 0.0 ], [ 114.8618851, 34.774817, 0.0 ], [ 114.8618948, 34.7765853, 0.0 ], [ 114.8648893, 34.7780583, 0.0 ], [ 114.8687658, 34.7776345, 0.0 ], [ 114.8695171, 34.777336, 0.0 ], [ 114.8720918, 34.7763109, 0.0 ], [ 114.872292, 34.7761513, 0.0 ], [ 114.8749168, 34.7740574, 0.0 ], [ 114.8749769, 34.7740175, 0.0 ], [ 114.8765796, 34.7727411, 0.0 ], [ 114.8792742, 34.7706073, 0.0 ], [ 114.8822395, 34.7681941, 0.0 ], [ 114.8851447, 34.7661205, 0.0 ], [ 114.8870779, 34.7650845, 0.0 ], [ 114.888951, 34.7639884, 0.0 ], [ 114.8903834, 34.7634012, 0.0 ], [ 114.8926172, 34.7624754, 0.0 ], [ 114.8949011, 34.7616796, 0.0 ], [ 114.8969142, 34.7608634, 0.0 ], [ 114.9008573, 34.759128, 0.0 ], [ 114.9018448, 34.7585966, 0.0 ], [ 114.9023635, 34.7583158, 0.0 ], [ 114.9039598, 34.7574436, 0.0 ], [ 114.9058156, 34.7562212, 0.0 ], [ 114.9076112, 34.7550689, 0.0 ], [ 114.9098861, 34.7538356, 0.0 ], [ 114.9109236, 34.7532742, 0.0 ], [ 114.914236, 34.7513097, 0.0 ], [ 114.914525, 34.7511493, 0.0 ], [ 114.9150341, 34.7508886, 0.0 ], [ 114.9166602, 34.7499763, 0.0 ], [ 114.9173986, 34.7495653, 0.0 ], [ 114.9212794, 34.7490183, 0.0 ], [ 114.9219378, 34.7489071, 0.0 ], [ 114.9248808, 34.748312, 0.0 ], [ 114.9289013, 34.7482842, 0.0 ], [ 114.9313255, 34.7481597, 0.0 ], [ 114.9351361, 34.7488315, 0.0 ], [ 114.9374804, 34.7499658, 0.0 ], [ 114.9382782, 34.7503439, 0.0 ], [ 114.9390662, 34.7511015, 0.0 ], [ 114.9394453, 34.7514305, 0.0 ], [ 114.9406823, 34.7526368, 0.0 ], [ 114.9410113, 34.7529558, 0.0 ], [ 114.9440036, 34.754898, 0.0 ], [ 114.9472757, 34.75642, 0.0 ], [ 114.9511759, 34.7571416, 0.0 ], [ 114.9533705, 34.7579664, 0.0 ], [ 114.9550067, 34.7585526, 0.0 ], [ 114.9577294, 34.7612844, 0.0 ], [ 114.9579788, 34.7613439, 0.0 ], [ 114.9613502, 34.7621264, 0.0 ], [ 114.9628666, 34.7620635, 0.0 ], [ 114.9650316, 34.7619794, 0.0 ], [ 114.9673856, 34.7622044, 0.0 ], [ 114.971067, 34.7616179, 0.0 ], [ 114.9748877, 34.76193, 0.0 ], [ 114.977182, 34.7626148, 0.0 ], [ 114.9795558, 34.763679, 0.0 ], [ 114.9827677, 34.7655607, 0.0 ], [ 114.9860898, 34.7644553, 0.0 ], [ 114.9882952, 34.7618039, 0.0 ], [ 114.9910387, 34.7608296, 0.0 ], [ 114.991897, 34.7605283, 0.0 ], [ 114.994341, 34.7600939, 0.0 ], [ 114.9945505, 34.7600635, 0.0 ], [ 114.9955783, 34.7598817, 0.0 ], [ 114.9987802, 34.7612939, 0.0 ], [ 114.9992978, 34.7644895, 0.0 ], [ 114.9992568, 34.7675861, 0.0 ], [ 114.9999743, 34.7706213, 0.0 ], [ 115.0000042, 34.7706413, 0.0 ], [ 115.0029864, 34.7726636, 0.0 ], [ 115.0070065, 34.7726362, 0.0 ], [ 115.0106184, 34.7714809, 0.0 ], [ 115.0144391, 34.7712242, 0.0 ], [ 115.0179804, 34.7718971, 0.0 ], [ 115.021741, 34.7724496, 0.0 ], [ 115.0258507, 34.7731813, 0.0 ], [ 115.0296714, 34.7736138, 0.0 ], [ 115.0335619, 34.7738065, 0.0 ], [ 115.0368145, 34.7725919, 0.0 ], [ 115.0394386, 34.7705194, 0.0 ], [ 115.0424118, 34.7687257, 0.0 ], [ 115.0447662, 34.7687715, 0.0 ], [ 115.0484472, 34.7688546, 0.0 ], [ 115.0518089, 34.7691381, 0.0 ], [ 115.0523377, 34.7691872, 0.0 ], [ 115.0560886, 34.76939, 0.0 ], [ 115.058313, 34.7697057, 0.0 ], [ 115.0607369, 34.769921, 0.0 ], [ 115.0632407, 34.7701962, 0.0 ], [ 115.0663828, 34.7719486, 0.0 ], [ 115.069086, 34.7723033, 0.0 ], [ 115.0700537, 34.7724314, 0.0 ], [ 115.0744331, 34.7729129, 0.0 ], [ 115.0784532, 34.7732851, 0.0 ], [ 115.0820644, 34.7734884, 0.0 ], [ 115.0860247, 34.7741505, 0.0 ], [ 115.0860546, 34.7741504, 0.0 ], [ 115.0883089, 34.774516, 0.0 ], [ 115.0921897, 34.774429, 0.0 ], [ 115.095033, 34.7743539, 0.0 ], [ 115.0989732, 34.7744866, 0.0 ], [ 115.1033558, 34.7747493, 0.0 ], [ 115.1065102, 34.7766718, 0.0 ], [ 115.1087533, 34.7789526, 0.0 ], [ 115.1091835, 34.7803619, 0.0 ], [ 115.1096137, 34.7822105, 0.0 ], [ 115.1098535, 34.7855176, 0.0 ], [ 115.1128678, 34.7876797, 0.0 ], [ 115.1131482, 34.78771, 0.0 ], [ 115.1164127, 34.7886237, 0.0 ], [ 115.118636, 34.7887866, 0.0 ], [ 115.1191069, 34.7887873, 0.0 ], [ 115.1223916, 34.7887519, 0.0 ], [ 115.1250257, 34.7885258, 0.0 ], [ 115.126628, 34.7883882, 0.0 ], [ 115.1303036, 34.787724, 0.0 ], [ 115.1343198, 34.7877596, 0.0 ], [ 115.1354916, 34.7877712, 0.0 ], [ 115.1359823, 34.7877619, 0.0 ], [ 115.1361425, 34.7877621, 0.0 ], [ 115.1380753, 34.7877948, 0.0 ], [ 115.1417509, 34.7868508, 0.0 ], [ 115.1436643, 34.7840863, 0.0 ], [ 115.1448264, 34.7826294, 0.0 ], [ 115.1456479, 34.7816116, 0.0 ], [ 115.1486428, 34.7802671, 0.0 ], [ 115.1493739, 34.7799284, 0.0 ], [ 115.15347, 34.7802439, 0.0 ], [ 115.1571456, 34.780269, 0.0 ], [ 115.1611816, 34.7806842, 0.0 ], [ 115.1615318, 34.7816237, 0.0 ], [ 115.1622526, 34.7837127, 0.0 ], [ 115.1623026, 34.7838526, 0.0 ], [ 115.1633934, 34.7867412, 0.0 ], [ 115.1653658, 34.7894713, 0.0 ], [ 115.1682898, 34.7913335, 0.0 ], [ 115.1716446, 34.792617, 0.0 ], [ 115.1730562, 34.7954661, 0.0 ], [ 115.1735764, 34.7988434, 0.0 ], [ 115.1743673, 34.8000633, 0.0 ], [ 115.1752784, 34.8014029, 0.0 ], [ 115.1785534, 34.802636, 0.0 ], [ 115.182139, 34.8011828, 0.0 ], [ 115.1821688, 34.8011828, 0.0 ], [ 115.1838515, 34.801315, 0.0 ], [ 115.1853437, 34.801437, 0.0 ], [ 115.1857541, 34.8014975, 0.0 ], [ 115.1895798, 34.8024817, 0.0 ], [ 115.1938861, 34.8027374, 0.0 ], [ 115.1975016, 34.8029422, 0.0 ], [ 115.1986633, 34.8031036, 0.0 ], [ 115.2015948, 34.8035946, 0.0 ], [ 115.2050742, 34.8044733, 0.0 ], [ 115.2092434, 34.8051221, 0.0 ], [ 115.2127627, 34.8045225, 0.0 ], [ 115.216632, 34.8035034, 0.0 ], [ 115.2173617, 34.8032735, 0.0 ], [ 115.2190516, 34.8029238, 0.0 ], [ 115.222721, 34.8020245, 0.0 ], [ 115.2254203, 34.8015448, 0.0 ], [ 115.2290898, 34.8007653, 0.0 ], [ 115.233039, 34.800665, 0.0 ], [ 115.2365882, 34.8011541, 0.0 ], [ 115.2401274, 34.8021527, 0.0 ], [ 115.2418072, 34.8031313, 0.0 ], [ 115.2432868, 34.8040202, 0.0 ], [ 115.2442166, 34.8051188, 0.0 ], [ 115.2449363, 34.8059877, 0.0 ], [ 115.245536, 34.8066968, 0.0 ], [ 115.2442163, 34.8088245, 0.0 ], [ 115.2438962, 34.8093339, 0.0 ], [ 115.2421866, 34.812031, 0.0 ], [ 115.2423864, 34.8122907, 0.0 ], [ 115.244096, 34.8145379, 0.0 ], [ 115.2442159, 34.8145779, 0.0 ], [ 115.2475153, 34.8157163, 0.0 ], [ 115.249945, 34.8156761, 0.0 ], [ 115.2514048, 34.8156461, 0.0 ], [ 115.2552938, 34.8161251, 0.0 ], [ 115.2571234, 34.8174734, 0.0 ], [ 115.2580432, 34.8191815, 0.0 ], [ 115.258703, 34.8223378, 0.0 ], [ 115.2594328, 34.825644, 0.0 ], [ 115.2596927, 34.82908, 0.0 ], [ 115.2592423, 34.8322864, 0.0 ], [ 115.2590224, 34.8332853, 0.0 ], [ 115.2588226, 34.8341743, 0.0 ], [ 115.2585126, 34.8355527, 0.0 ], [ 115.2564628, 34.83809, 0.0 ], [ 115.2539932, 34.8406272, 0.0 ], [ 115.2518033, 34.843554, 0.0 ], [ 115.2503734, 34.8461511, 0.0 ], [ 115.2499435, 34.8462311, 0.0 ], [ 115.2475236, 34.8466806, 0.0 ], [ 115.2442141, 34.8475198, 0.0 ], [ 115.2439942, 34.8475798, 0.0 ], [ 115.2404748, 34.8490383, 0.0 ], [ 115.237795, 34.8509962, 0.0 ], [ 115.2361548, 34.8538729, 0.0 ], [ 115.2353549, 34.8569793, 0.0 ], [ 115.2351846, 34.859846, 0.0 ], [ 115.2351846, 34.8600058, 0.0 ], [ 115.2347346, 34.8631621, 0.0 ], [ 115.2342846, 34.8661387, 0.0 ], [ 115.2341842, 34.8694548, 0.0 ], [ 115.2338742, 34.8724913, 0.0 ], [ 115.233624, 34.8754678, 0.0 ], [ 115.2335938, 34.8786142, 0.0 ], [ 115.2337036, 34.8818205, 0.0 ], [ 115.2350532, 34.8846171, 0.0 ], [ 115.2372326, 34.8872241, 0.0 ], [ 115.2395622, 34.8897811, 0.0 ], [ 115.2418118, 34.892458, 0.0 ], [ 115.2435114, 34.8953047, 0.0 ], [ 115.2442112, 34.8972724, 0.0 ], [ 115.2445813, 34.8983311, 0.0 ], [ 115.2453208, 34.9014077, 0.0 ], [ 115.2457006, 34.9043745, 0.0 ], [ 115.2464299, 34.9073512, 0.0 ], [ 115.24437, 34.9094888, 0.0 ], [ 115.2442098, 34.9095388, 0.0 ], [ 115.24077, 34.9105477, 0.0 ], [ 115.2373104, 34.9116565, 0.0 ], [ 115.2336406, 34.9126054, 0.0 ], [ 115.2300308, 34.9130948, 0.0 ], [ 115.2264812, 34.9131248, 0.0 ], [ 115.2222516, 34.9136842, 0.0 ], [ 115.2185821, 34.9139439, 0.0 ], [ 115.2146326, 34.9142036, 0.0 ], [ 115.2108029, 34.9142436, 0.0 ], [ 115.2067835, 34.9139938, 0.0 ], [ 115.2031738, 34.9143735, 0.0 ], [ 115.2025038, 34.9144834, 0.0 ], [ 115.1994334, 34.9149721, 0.0 ], [ 115.1984315, 34.9166588, 0.0 ], [ 115.1979808, 34.9174174, 0.0 ], [ 115.1978605, 34.917627, 0.0 ], [ 115.198321, 34.9209439, 0.0 ], [ 115.1985614, 34.9216834, 0.0 ], [ 115.1992523, 34.923902, 0.0 ], [ 115.200193, 34.9269896, 0.0 ], [ 115.2014126, 34.9299463, 0.0 ], [ 115.2017622, 34.9309752, 0.0 ], [ 115.2024019, 34.9328032, 0.0 ], [ 115.2030319, 34.933962, 0.0 ], [ 115.2039614, 34.9356501, 0.0 ], [ 115.2055912, 34.9383771, 0.0 ], [ 115.2080503, 34.9405347, 0.0 ], [ 115.2113998, 34.9419931, 0.0 ], [ 115.2146092, 34.9436912, 0.0 ], [ 115.2164387, 34.9462984, 0.0 ], [ 115.2170381, 34.9494449, 0.0 ], [ 115.2168577, 34.9525315, 0.0 ], [ 115.2160574, 34.9555782, 0.0 ], [ 115.2150473, 34.9586748, 0.0 ], [ 115.2134172, 34.9613119, 0.0 ], [ 115.209868, 34.9614717, 0.0 ], [ 115.2061787, 34.960303, 0.0 ], [ 115.2025495, 34.9590144, 0.0 ], [ 115.2013097, 34.9579456, 0.0 ], [ 115.1998898, 34.9569265, 0.0 ], [ 115.1980574, 34.9541371, 0.0 ], [ 115.1959442, 34.9516868, 0.0 ], [ 115.1924688, 34.9528108, 0.0 ], [ 115.1889433, 34.9538047, 0.0 ], [ 115.1858282, 34.9552088, 0.0 ], [ 115.1823629, 34.9561529, 0.0 ], [ 115.1791078, 34.957437, 0.0 ], [ 115.1762731, 34.9595207, 0.0 ], [ 115.1731685, 34.9612645, 0.0 ], [ 115.1698432, 34.9628881, 0.0 ], [ 115.166448, 34.9643018, 0.0 ], [ 115.1627022, 34.9652354, 0.0 ], [ 115.1588761, 34.9656696, 0.0 ], [ 115.155, 34.9662636, 0.0 ], [ 115.1514648, 34.9676171, 0.0 ], [ 115.1502527, 34.9687642, 0.0 ], [ 115.149051, 34.9699212, 0.0 ], [ 115.1476186, 34.9729659, 0.0 ], [ 115.1457757, 34.9757902, 0.0 ], [ 115.1431614, 34.9783837, 0.0 ], [ 115.1407476, 34.9807378, 0.0 ], [ 115.1368618, 34.9816313, 0.0 ], [ 115.1328355, 34.9821751, 0.0 ], [ 115.1287294, 34.9827687, 0.0 ], [ 115.1253342, 34.9841724, 0.0 ], [ 115.1256546, 34.9857711, 0.0 ], [ 115.125925, 34.98714, 0.0 ], [ 115.1271266, 34.9899985, 0.0 ], [ 115.128068, 34.9929067, 0.0 ], [ 115.1279881, 34.9938754, 0.0 ], [ 115.1278178, 34.9958929, 0.0 ], [ 115.1273268, 34.9977203, 0.0 ], [ 115.126736, 35.0000169, 0.0 ], [ 115.126686, 35.0002166, 0.0 ], [ 115.1260348, 35.0005554, 0.0 ], [ 115.1250332, 35.0010735, 0.0 ], [ 115.1245426, 35.0015524, 0.0 ], [ 115.1238416, 35.0022507, 0.0 ], [ 115.1235713, 35.0024801, 0.0 ], [ 115.1228102, 35.0031184, 0.0 ], [ 115.122029, 35.0037567, 0.0 ], [ 115.1214278, 35.0043553, 0.0 ], [ 115.120827, 35.004864, 0.0 ], [ 115.1202262, 35.0048631, 0.0 ], [ 115.1191346, 35.0048715, 0.0 ], [ 115.1190846, 35.0048715, 0.0 ], [ 115.118033, 35.00488, 0.0 ], [ 115.1169412, 35.0048884, 0.0 ], [ 115.1158396, 35.0048869, 0.0 ], [ 115.114748, 35.0048954, 0.0 ], [ 115.1136565, 35.0049038, 0.0 ], [ 115.1126748, 35.0048026, 0.0 ], [ 115.1118335, 35.0048114, 0.0 ], [ 115.1117035, 35.0048112, 0.0 ], [ 115.1115631, 35.004811, 0.0 ], [ 115.1106116, 35.0048197, 0.0 ], [ 115.1097505, 35.0047185, 0.0 ], [ 115.1088991, 35.0045276, 0.0 ], [ 115.1082083, 35.0042768, 0.0 ], [ 115.1071866, 35.0039257, 0.0 ], [ 115.1062153, 35.0036347, 0.0 ], [ 115.1054842, 35.0032441, 0.0 ], [ 115.1045028, 35.0032426, 0.0 ], [ 115.1038919, 35.0031819, 0.0 ], [ 115.1028, 35.0030505, 0.0 ], [ 115.1017085, 35.0030589, 0.0 ], [ 115.1016084, 35.0030488, 0.0 ], [ 115.100847, 35.0029778, 0.0 ], [ 115.0996068, 35.0028473, 0.0 ], [ 115.0985192, 35.0027295, 0.0 ], [ 115.0974421, 35.0026116, 0.0 ], [ 115.0963549, 35.0024838, 0.0 ], [ 115.0957163, 35.0023451, 0.0 ], [ 115.094659, 35.0020975, 0.0 ], [ 115.0938112, 35.0018094, 0.0 ], [ 115.0928334, 35.0016214, 0.0 ], [ 115.0918661, 35.0016232, 0.0 ], [ 115.0910183, 35.0015249, 0.0 ], [ 115.0900405, 35.0015268, 0.0 ], [ 115.0891628, 35.0014285, 0.0 ], [ 115.0880954, 35.0012407, 0.0 ], [ 115.087487, 35.001202, 0.0 ], [ 115.0863995, 35.0011341, 0.0 ], [ 115.0853123, 35.0010662, 0.0 ], [ 115.0842251, 35.0009983, 0.0 ], [ 115.0831379, 35.0009304, 0.0 ], [ 115.0825594, 35.0009016, 0.0 ], [ 115.0814621, 35.0008537, 0.0 ], [ 115.0782401, 35.0013493, 0.0 ], [ 115.0759955, 35.0013236, 0.0 ], [ 115.0702999, 35.0010148, 0.0 ], [ 115.0685942, 35.0005784, 0.0 ], [ 115.0672673, 35.0002413, 0.0 ], [ 115.0668882, 35.0000322, 0.0 ], [ 115.063776, 34.99829, 0.0 ], [ 115.0602847, 34.9969981, 0.0 ], [ 115.0571426, 34.9954757, 0.0 ], [ 115.0542101, 34.9936034, 0.0 ], [ 115.051397, 34.9913412, 0.0 ], [ 115.0486639, 34.9891888, 0.0 ], [ 115.0461403, 34.9869659, 0.0 ], [ 115.0436264, 34.985812, 0.0 ], [ 115.0427786, 34.9854341, 0.0 ], [ 115.0391578, 34.9846018, 0.0 ], [ 115.0355268, 34.9835399, 0.0 ], [ 115.0318958, 34.9822981, 0.0 ], [ 115.0297114, 34.9799049, 0.0 ], [ 115.0280852, 34.9769413, 0.0 ], [ 115.0259706, 34.974438, 0.0 ], [ 115.0231676, 34.9725055, 0.0 ], [ 115.0218806, 34.9725279, 0.0 ], [ 115.0192674, 34.9725828, 0.0 ], [ 115.0160054, 34.9739674, 0.0 ], [ 115.0132424, 34.9761003, 0.0 ], [ 115.0103995, 34.9780636, 0.0 ], [ 115.0078457, 34.9805956, 0.0 ], [ 115.0059107, 34.9833563, 0.0 ], [ 115.0045542, 34.9865654, 0.0 ], [ 115.0024792, 34.9892064, 0.0 ], [ 115.0000056, 34.9895208, 0.0 ], [ 114.9987881, 34.9896829, 0.0 ], [ 114.9950369, 34.9895201, 0.0 ], [ 114.9943187, 34.9894715, 0.0 ], [ 114.9909764, 34.9891982, 0.0 ], [ 114.9872947, 34.989395, 0.0 ], [ 114.9836033, 34.9895818, 0.0 ], [ 114.9799118, 34.9898286, 0.0 ], [ 114.9780064, 34.9898322, 0.0 ], [ 114.9760807, 34.9898458, 0.0 ], [ 114.9723194, 34.9901026, 0.0 ], [ 114.9684883, 34.9905793, 0.0 ], [ 114.9648066, 34.9912856, 0.0 ], [ 114.9606961, 34.9913034, 0.0 ], [ 114.9567952, 34.991091, 0.0 ], [ 114.9531736, 34.9909381, 0.0 ], [ 114.9492726, 34.9909055, 0.0 ], [ 114.9453716, 34.9906432, 0.0 ], [ 114.941331, 34.9895221, 0.0 ], [ 114.9380485, 34.9878802, 0.0 ], [ 114.9350458, 34.9859579, 0.0 ], [ 114.931913, 34.9835066, 0.0 ], [ 114.9295086, 34.9811737, 0.0 ], [ 114.9268853, 34.9774528, 0.0 ], [ 114.9254885, 34.9753178, 0.0 ], [ 114.923543, 34.9737732, 0.0 ], [ 114.9229246, 34.9732749, 0.0 ], [ 114.9226751, 34.9732155, 0.0 ], [ 114.9211588, 34.9728487, 0.0 ], [ 114.9205403, 34.9727, 0.0 ], [ 114.9174572, 34.9726559, 0.0 ], [ 114.917278, 34.9726563, 0.0 ], [ 114.9148433, 34.9730605, 0.0 ], [ 114.9128579, 34.9740232, 0.0 ], [ 114.9114013, 34.9751447, 0.0 ], [ 114.9100643, 34.9768054, 0.0 ], [ 114.9083179, 34.9792361, 0.0 ], [ 114.90728, 34.9817253, 0.0 ], [ 114.906402, 34.9847636, 0.0 ], [ 114.904895, 34.987923, 0.0 ], [ 114.9025504, 34.9902849, 0.0 ], [ 114.8988146, 34.9913968, 0.0 ], [ 114.8950487, 34.9917009, 0.0 ], [ 114.8911528, 34.9922945, 0.0 ], [ 114.8875373, 34.993278, 0.0 ], [ 114.8842724, 34.9948913, 0.0 ], [ 114.8817182, 34.997195, 0.0 ], [ 114.8791241, 34.999978, 0.0 ], [ 114.878934, 35.0001875, 0.0 ], [ 114.8784332, 35.0006462, 0.0 ], [ 114.8781928, 35.0008656, 0.0 ], [ 114.8777122, 35.0013244, 0.0 ], [ 114.876981, 35.0019927, 0.0 ], [ 114.8762502, 35.0026709, 0.0 ], [ 114.8758996, 35.0034596, 0.0 ], [ 114.8758596, 35.004089, 0.0 ], [ 114.8756594, 35.0042684, 0.0 ], [ 114.8752987, 35.0050671, 0.0 ], [ 114.8750586, 35.005766, 0.0 ], [ 114.8749682, 35.0063454, 0.0 ], [ 114.8748883, 35.006575, 0.0 ], [ 114.8748682, 35.007504, 0.0 ], [ 114.8748883, 35.0083533, 0.0 ], [ 114.8749686, 35.0085132, 0.0 ], [ 114.8750687, 35.0090728, 0.0 ], [ 114.875199, 35.0098722, 0.0 ], [ 114.8753293, 35.0105717, 0.0 ], [ 114.8756998, 35.0112615, 0.0 ], [ 114.8758801, 35.0118013, 0.0 ], [ 114.8761908, 35.0126609, 0.0 ], [ 114.876441, 35.0134704, 0.0 ], [ 114.8764414, 35.0142696, 0.0 ], [ 114.8765015, 35.0145794, 0.0 ], [ 114.8766617, 35.0154688, 0.0 ], [ 114.8768118, 35.0163581, 0.0 ], [ 114.8770624, 35.0171677, 0.0 ], [ 114.8770624, 35.0179669, 0.0 ], [ 114.8770426, 35.0180668, 0.0 ], [ 114.8769522, 35.018656, 0.0 ], [ 114.8769522, 35.0193653, 0.0 ], [ 114.8769623, 35.0202644, 0.0 ], [ 114.8767121, 35.0209633, 0.0 ], [ 114.8762315, 35.021562, 0.0 ], [ 114.8756306, 35.0221705, 0.0 ], [ 114.8750298, 35.0226691, 0.0 ], [ 114.8749697, 35.022709, 0.0 ], [ 114.8742986, 35.0231775, 0.0 ], [ 114.8734472, 35.023476, 0.0 ], [ 114.8725962, 35.0234747, 0.0 ], [ 114.8715043, 35.0234831, 0.0 ] ] ] } },
{ "type": "Feature", "properties": { "Name": "吉利区", "AdminCode": "410306", "Kind": "0137", "CityAdCode": "410300", "CityName": "洛阳市", "ProName": "河南省", "Shape_Leng": 0.4726328792, "Shape_Area": 0.00782432804, "sheng": 410000 }, "geometry": { "type": "Polygon", "coordinates": [ [ [ 112.5964238, 34.8483694, 0.0 ], [ 112.5986983, 34.8485333, 0.0 ], [ 112.6006697, 34.8487543, 0.0 ], [ 112.6013681, 34.849053, 0.0 ], [ 112.6027354, 34.8495905, 0.0 ], [ 112.604103, 34.8499481, 0.0 ], [ 112.6046218, 34.8502771, 0.0 ], [ 112.6053605, 34.8504858, 0.0 ], [ 112.6064884, 34.8507539, 0.0 ], [ 112.6078556, 34.8512016, 0.0 ], [ 112.6096823, 34.8516385, 0.0 ], [ 112.611379, 34.8518958, 0.0 ], [ 112.6118279, 34.8520251, 0.0 ], [ 112.6125166, 34.852064, 0.0 ], [ 112.6146625, 34.8522208, 0.0 ], [ 112.6165889, 34.852288, 0.0 ], [ 112.6186351, 34.8526348, 0.0 ], [ 112.6190444, 34.8527441, 0.0 ], [ 112.6210205, 34.8532508, 0.0 ], [ 112.6229569, 34.8536975, 0.0 ], [ 112.6230664, 34.8537373, 0.0 ], [ 112.6231862, 34.8537371, 0.0 ], [ 112.6249729, 34.8541941, 0.0 ], [ 112.6254521, 34.8543133, 0.0 ], [ 112.6279573, 34.8546494, 0.0 ], [ 112.6297238, 34.854627, 0.0 ], [ 112.6313906, 34.8550141, 0.0 ], [ 112.6315602, 34.8550538, 0.0 ], [ 112.6352232, 34.8559077, 0.0 ], [ 112.6342148, 34.8604838, 0.0 ], [ 112.6349312, 34.8801398, 0.0 ], [ 112.6350706, 34.884085, 0.0 ], [ 112.6360386, 34.8881887, 0.0 ], [ 112.6365574, 34.8904054, 0.0 ], [ 112.6364173, 34.8931624, 0.0 ], [ 112.6361376, 34.8950506, 0.0 ], [ 112.6363471, 34.8967682, 0.0 ], [ 112.6350194, 34.897739, 0.0 ], [ 112.6337018, 34.897741, 0.0 ], [ 112.6321747, 34.8977434, 0.0 ], [ 112.6321747, 34.899741, 0.0 ], [ 112.6320944, 34.9032373, 0.0 ], [ 112.6330722, 34.9071017, 0.0 ], [ 112.6331122, 34.9072316, 0.0 ], [ 112.6331122, 34.9074114, 0.0 ], [ 112.6332018, 34.9074113, 0.0 ], [ 112.6332018, 34.9075211, 0.0 ], [ 112.633222, 34.907691, 0.0 ], [ 112.6332418, 34.9080705, 0.0 ], [ 112.6332518, 34.9082703, 0.0 ], [ 112.6332518, 34.9083702, 0.0 ], [ 112.6332817, 34.9088097, 0.0 ], [ 112.6332914, 34.9088396, 0.0 ], [ 112.6333217, 34.9091293, 0.0 ], [ 112.6333714, 34.9094588, 0.0 ], [ 112.6333814, 34.9095687, 0.0 ], [ 112.6333915, 34.9097185, 0.0 ], [ 112.6334012, 34.9098683, 0.0 ], [ 112.6334012, 34.9099682, 0.0 ], [ 112.6333512, 34.910258, 0.0 ], [ 112.6333112, 34.9104478, 0.0 ], [ 112.6332616, 34.9106178, 0.0 ], [ 112.6332115, 34.9107377, 0.0 ], [ 112.6331518, 34.9108476, 0.0 ], [ 112.6329419, 34.9112376, 0.0 ], [ 112.6328522, 34.9114175, 0.0 ], [ 112.6328224, 34.9114974, 0.0 ], [ 112.6327921, 34.9116274, 0.0 ], [ 112.6327824, 34.9116973, 0.0 ], [ 112.6327723, 34.9118472, 0.0 ], [ 112.6327622, 34.9119471, 0.0 ], [ 112.6327622, 34.9120669, 0.0 ], [ 112.6327723, 34.9121968, 0.0 ], [ 112.6328321, 34.9124065, 0.0 ], [ 112.6328918, 34.9125562, 0.0 ], [ 112.632912, 34.9126161, 0.0 ], [ 112.632912, 34.912746, 0.0 ], [ 112.6327522, 34.9127862, 0.0 ], [ 112.6329714, 34.9156528, 0.0 ], [ 112.6329415, 34.9166418, 0.0 ], [ 112.6328717, 34.9176508, 0.0 ], [ 112.6328515, 34.9179006, 0.0 ], [ 112.6331906, 34.9203075, 0.0 ], [ 112.6327712, 34.9211572, 0.0 ], [ 112.6293678, 34.9211623, 0.0 ], [ 112.626104, 34.9208674, 0.0 ], [ 112.6249762, 34.920889, 0.0 ], [ 112.6242176, 34.9209002, 0.0 ], [ 112.6223413, 34.9209329, 0.0 ], [ 112.6190376, 34.9206081, 0.0 ], [ 112.6187978, 34.9205785, 0.0 ], [ 112.6154743, 34.9205834, 0.0 ], [ 112.6107432, 34.92099, 0.0 ], [ 112.6074096, 34.9219039, 0.0 ], [ 112.606641, 34.9220549, 0.0 ], [ 112.6064113, 34.9220852, 0.0 ], [ 112.6040656, 34.9224183, 0.0 ], [ 112.6023188, 34.9228104, 0.0 ], [ 112.6021093, 34.9228407, 0.0 ], [ 112.6015006, 34.9229914, 0.0 ], [ 112.5980197, 34.9236695, 0.0 ], [ 112.5948132, 34.9242331, 0.0 ], [ 112.5905544, 34.9253742, 0.0 ], [ 112.5891515, 34.9256514, 0.0 ], [ 112.5856847, 34.9263943, 0.0 ], [ 112.581787, 34.9267869, 0.0 ], [ 112.5791413, 34.9273615, 0.0 ], [ 112.5769068, 34.9289557, 0.0 ], [ 112.575033, 34.930141, 0.0 ], [ 112.5743314, 34.9318679, 0.0 ], [ 112.5736099, 34.9338544, 0.0 ], [ 112.5734195, 34.9343835, 0.0 ], [ 112.5728478, 34.9378786, 0.0 ], [ 112.5723665, 34.9416037, 0.0 ], [ 112.5721559, 34.9436011, 0.0 ], [ 112.5721559, 34.945499, 0.0 ], [ 112.5716645, 34.9462973, 0.0 ], [ 112.5701215, 34.9474432, 0.0 ], [ 112.5691895, 34.9479409, 0.0 ], [ 112.5685282, 34.9482894, 0.0 ], [ 112.5667847, 34.9487558, 0.0 ], [ 112.5660132, 34.9492639, 0.0 ], [ 112.565592, 34.9508014, 0.0 ], [ 112.5655916, 34.9536682, 0.0 ], [ 112.5656518, 34.9560757, 0.0 ], [ 112.5655114, 34.9576238, 0.0 ], [ 112.5645894, 34.9587808, 0.0 ], [ 112.5644692, 34.9589404, 0.0 ], [ 112.5630763, 34.9587681, 0.0 ], [ 112.5627257, 34.9587675, 0.0 ], [ 112.5605714, 34.9571653, 0.0 ], [ 112.5602507, 34.9566654, 0.0 ], [ 112.5589082, 34.9546352, 0.0 ], [ 112.5586278, 34.9526867, 0.0 ], [ 112.5582876, 34.9507483, 0.0 ], [ 112.5569048, 34.9492475, 0.0 ], [ 112.555372, 34.9481059, 0.0 ], [ 112.5537088, 34.9473538, 0.0 ], [ 112.5524563, 34.9471218, 0.0 ], [ 112.5514242, 34.9466904, 0.0 ], [ 112.5511837, 34.9465702, 0.0 ], [ 112.5492901, 34.9455379, 0.0 ], [ 112.5483584, 34.9440978, 0.0 ], [ 112.547066, 34.9420876, 0.0 ], [ 112.5454532, 34.938189, 0.0 ], [ 112.5418763, 34.9358251, 0.0 ], [ 112.5396216, 34.9361807, 0.0 ], [ 112.5394013, 34.9362104, 0.0 ], [ 112.537858, 34.9373463, 0.0 ], [ 112.5365353, 34.9383428, 0.0 ], [ 112.5362549, 34.9383622, 0.0 ], [ 112.5359442, 34.9383018, 0.0 ], [ 112.534812, 34.9377204, 0.0 ], [ 112.5324472, 34.9362878, 0.0 ], [ 112.5303034, 34.9346257, 0.0 ], [ 112.5286398, 34.9335939, 0.0 ], [ 112.5267664, 34.9325016, 0.0 ], [ 112.5242615, 34.9321576, 0.0 ], [ 112.5218264, 34.9329023, 0.0 ], [ 112.521676, 34.932952, 0.0 ], [ 112.519692, 34.9341072, 0.0 ], [ 112.51868, 34.9354539, 0.0 ], [ 112.5170964, 34.9374788, 0.0 ], [ 112.514872, 34.9395425, 0.0 ], [ 112.5133387, 34.941198, 0.0 ], [ 112.5109739, 34.9419529, 0.0 ], [ 112.5095108, 34.9412011, 0.0 ], [ 112.5065351, 34.9394876, 0.0 ], [ 112.504932, 34.9384459, 0.0 ], [ 112.5038902, 34.9387936, 0.0 ], [ 112.5022165, 34.9401091, 0.0 ], [ 112.500563, 34.9423438, 0.0 ], [ 112.5000119, 34.9428721, 0.0 ], [ 112.4990197, 34.942271, 0.0 ], [ 112.4965642, 34.9407383, 0.0 ], [ 112.493858, 34.9379166, 0.0 ], [ 112.493317, 34.9377058, 0.0 ], [ 112.4933069, 34.9376259, 0.0 ], [ 112.493277, 34.9374461, 0.0 ], [ 112.4932169, 34.9371263, 0.0 ], [ 112.4930365, 34.9364966, 0.0 ], [ 112.4929462, 34.9361468, 0.0 ], [ 112.492696, 34.9354771, 0.0 ], [ 112.4925556, 34.9351273, 0.0 ], [ 112.4924555, 34.9347974, 0.0 ], [ 112.4924152, 34.9344578, 0.0 ], [ 112.4923752, 34.9340781, 0.0 ], [ 112.4922949, 34.9337683, 0.0 ], [ 112.4922049, 34.9335184, 0.0 ], [ 112.4920746, 34.9332185, 0.0 ], [ 112.4919544, 34.9329885, 0.0 ], [ 112.491734, 34.9325486, 0.0 ], [ 112.4914032, 34.9319287, 0.0 ], [ 112.4910223, 34.9311888, 0.0 ], [ 112.4909723, 34.9310989, 0.0 ], [ 112.4909521, 34.9310389, 0.0 ], [ 112.4909222, 34.930909, 0.0 ], [ 112.4908625, 34.9277723, 0.0 ], [ 112.491113, 34.9251157, 0.0 ], [ 112.4938598, 34.9227532, 0.0 ], [ 112.4948722, 34.9218859, 0.0 ], [ 112.5017878, 34.9189617, 0.0 ], [ 112.5075794, 34.9196912, 0.0 ], [ 112.5114667, 34.9220356, 0.0 ], [ 112.5116672, 34.9221559, 0.0 ], [ 112.5141822, 34.9234989, 0.0 ], [ 112.5152543, 34.9239704, 0.0 ], [ 112.5163562, 34.9243519, 0.0 ], [ 112.5185706, 34.925155, 0.0 ], [ 112.5186908, 34.9251352, 0.0 ], [ 112.5202842, 34.9247685, 0.0 ], [ 112.5213962, 34.9245208, 0.0 ], [ 112.5219877, 34.924392, 0.0 ], [ 112.5223384, 34.9243027, 0.0 ], [ 112.5224986, 34.924263, 0.0 ], [ 112.5225688, 34.9242432, 0.0 ], [ 112.5226188, 34.9242133, 0.0 ], [ 112.522649, 34.9241734, 0.0 ], [ 112.5226591, 34.9241235, 0.0 ], [ 112.5236408, 34.9240753, 0.0 ], [ 112.5241621, 34.9240663, 0.0 ], [ 112.5248933, 34.9239677, 0.0 ], [ 112.5251539, 34.9237784, 0.0 ], [ 112.5252943, 34.9232292, 0.0 ], [ 112.5252342, 34.9226298, 0.0 ], [ 112.5251942, 34.9209416, 0.0 ], [ 112.524844, 34.9187034, 0.0 ], [ 112.5242629, 34.9175636, 0.0 ], [ 112.523882, 34.9168137, 0.0 ], [ 112.523742, 34.9166436, 0.0 ], [ 112.5235213, 34.9161238, 0.0 ], [ 112.5224896, 34.9151431, 0.0 ], [ 112.5216878, 34.9144624, 0.0 ], [ 112.5207562, 34.9136516, 0.0 ], [ 112.5190328, 34.9121102, 0.0 ], [ 112.517991, 34.9107898, 0.0 ], [ 112.5176404, 34.9097003, 0.0 ], [ 112.5182718, 34.9077037, 0.0 ], [ 112.5204365, 34.9058096, 0.0 ], [ 112.5228715, 34.9041559, 0.0 ], [ 112.5246751, 34.9031902, 0.0 ], [ 112.5261382, 34.9022039, 0.0 ], [ 112.5278716, 34.9016975, 0.0 ], [ 112.5293346, 34.9007811, 0.0 ], [ 112.5294048, 34.8992929, 0.0 ], [ 112.5285732, 34.8982526, 0.0 ], [ 112.5277315, 34.8977417, 0.0 ], [ 112.5331726, 34.8942752, 0.0 ], [ 112.5362088, 34.8916235, 0.0 ], [ 112.5372708, 34.8901771, 0.0 ], [ 112.5409586, 34.8848995, 0.0 ], [ 112.5430128, 34.882356, 0.0 ], [ 112.5465401, 34.8794256, 0.0 ], [ 112.5488448, 34.8781411, 0.0 ], [ 112.5531234, 34.8771899, 0.0 ], [ 112.5602579, 34.8772126, 0.0 ], [ 112.5612799, 34.8772944, 0.0 ], [ 112.5624121, 34.8772765, 0.0 ], [ 112.5636649, 34.8771688, 0.0 ], [ 112.5651276, 34.8767819, 0.0 ], [ 112.5664805, 34.8763847, 0.0 ], [ 112.5677131, 34.8758176, 0.0 ], [ 112.5687251, 34.8751501, 0.0 ], [ 112.569737, 34.8745726, 0.0 ], [ 112.5707393, 34.8735355, 0.0 ], [ 112.5716213, 34.8722186, 0.0 ], [ 112.5723827, 34.8706117, 0.0 ], [ 112.5726433, 34.8701727, 0.0 ], [ 112.5729742, 34.8699236, 0.0 ], [ 112.5732647, 34.8689252, 0.0 ], [ 112.5741366, 34.8672286, 0.0 ], [ 112.575109, 34.8649728, 0.0 ], [ 112.5761011, 34.8629069, 0.0 ], [ 112.5775339, 34.8607418, 0.0 ], [ 112.5788569, 34.8590461, 0.0 ], [ 112.5806407, 34.8573412, 0.0 ], [ 112.5824346, 34.8557261, 0.0 ], [ 112.5844387, 34.8540216, 0.0 ], [ 112.5861124, 34.8524164, 0.0 ], [ 112.5882367, 34.8509918, 0.0 ], [ 112.5895795, 34.8501352, 0.0 ], [ 112.5913835, 34.8492694, 0.0 ], [ 112.5936479, 34.8485942, 0.0 ], [ 112.5964238, 34.8483694, 0.0 ] ] ] } },
{ "type": "Feature", "properties": { "Name": "孟津县", "AdminCode": "410322", "Kind": "0137", "CityAdCode": "410300", "CityName": "洛阳市", "ProName": "河南省", "Shape_Leng": 1.7816166467900001, "Shape_Area": 0.07122840628, "sheng": 410000 }, "geometry": { "type": "Polygon", "coordinates": [ [ [ 112.6089727, 34.7200762, 0.0 ], [ 112.6100606, 34.7200848, 0.0 ], [ 112.6144321, 34.7201287, 0.0 ], [ 112.6174964, 34.7200745, 0.0 ], [ 112.6187939, 34.7201726, 0.0 ], [ 112.6190732, 34.7202422, 0.0 ], [ 112.6203109, 34.7205502, 0.0 ], [ 112.6206202, 34.7208095, 0.0 ], [ 112.6228655, 34.7223948, 0.0 ], [ 112.6249906, 34.7255589, 0.0 ], [ 112.6265476, 34.7260762, 0.0 ], [ 112.6311779, 34.7284576, 0.0 ], [ 112.6341317, 34.7307613, 0.0 ], [ 112.6349798, 34.7314195, 0.0 ], [ 112.637165, 34.7332947, 0.0 ], [ 112.6383923, 34.7349614, 0.0 ], [ 112.6374138, 34.7359818, 0.0 ], [ 112.636575, 34.7371218, 0.0 ], [ 112.6361455, 34.7381514, 0.0 ], [ 112.6365444, 34.740099, 0.0 ], [ 112.6368634, 34.7408379, 0.0 ], [ 112.6372126, 34.7417665, 0.0 ], [ 112.638659, 34.7437227, 0.0 ], [ 112.6410538, 34.7469962, 0.0 ], [ 112.6426302, 34.7490622, 0.0 ], [ 112.644067, 34.7499794, 0.0 ], [ 112.6446358, 34.7503382, 0.0 ], [ 112.6466518, 34.7506951, 0.0 ], [ 112.6487578, 34.7511419, 0.0 ], [ 112.6489273, 34.7511817, 0.0 ], [ 112.6489673, 34.7511416, 0.0 ], [ 112.6503252, 34.7499809, 0.0 ], [ 112.6507644, 34.7497105, 0.0 ], [ 112.6509739, 34.7496703, 0.0 ], [ 112.6538788, 34.7493766, 0.0 ], [ 112.6578409, 34.7496311, 0.0 ], [ 112.6584497, 34.7499899, 0.0 ], [ 112.6596373, 34.7506677, 0.0 ], [ 112.6599865, 34.7511268, 0.0 ], [ 112.6605251, 34.7518254, 0.0 ], [ 112.6612732, 34.7534828, 0.0 ], [ 112.6625702, 34.7560187, 0.0 ], [ 112.6630879, 34.7597945, 0.0 ], [ 112.6633964, 34.7632908, 0.0 ], [ 112.6631657, 34.7667179, 0.0 ], [ 112.6616677, 34.7702566, 0.0 ], [ 112.6604693, 34.7723663, 0.0 ], [ 112.659201, 34.7739564, 0.0 ], [ 112.6580728, 34.7756663, 0.0 ], [ 112.6578427, 34.7771052, 0.0 ], [ 112.656924, 34.7793143, 0.0 ], [ 112.6565435, 34.7826417, 0.0 ], [ 112.6562738, 34.7839209, 0.0 ], [ 112.6562137, 34.7841608, 0.0 ], [ 112.655894, 34.7856697, 0.0 ], [ 112.6547755, 34.7868001, 0.0 ], [ 112.6529388, 34.7883411, 0.0 ], [ 112.6517008, 34.7895116, 0.0 ], [ 112.6512616, 34.7899318, 0.0 ], [ 112.6495739, 34.7922018, 0.0 ], [ 112.649274, 34.7939806, 0.0 ], [ 112.6493237, 34.7949496, 0.0 ], [ 112.6493233, 34.7959286, 0.0 ], [ 112.6507399, 34.7982046, 0.0 ], [ 112.6522663, 34.8003505, 0.0 ], [ 112.6533042, 34.8014379, 0.0 ], [ 112.654552, 34.8018557, 0.0 ], [ 112.6562087, 34.8026626, 0.0 ], [ 112.6588536, 34.8030787, 0.0 ], [ 112.6624669, 34.8033936, 0.0 ], [ 112.6649023, 34.802891, 0.0 ], [ 112.6667984, 34.8026988, 0.0 ], [ 112.6684454, 34.8025268, 0.0 ], [ 112.6719886, 34.8030016, 0.0 ], [ 112.6747634, 34.8039868, 0.0 ], [ 112.6776679, 34.8049218, 0.0 ], [ 112.6810814, 34.8045477, 0.0 ], [ 112.6842754, 34.8045736, 0.0 ], [ 112.6868504, 34.8041807, 0.0 ], [ 112.6893557, 34.8035682, 0.0 ], [ 112.6917313, 34.8026163, 0.0 ], [ 112.6929492, 34.8020654, 0.0 ], [ 112.6938175, 34.8016549, 0.0 ], [ 112.6969614, 34.8012113, 0.0 ], [ 112.6993871, 34.8014578, 0.0 ], [ 112.7042446, 34.8029348, 0.0 ], [ 112.7046643, 34.8029148, 0.0 ], [ 112.7066735, 34.8032841, 0.0 ], [ 112.7089728, 34.803184, 0.0 ], [ 112.7107926, 34.8025647, 0.0 ], [ 112.7123921, 34.8018354, 0.0 ], [ 112.7149114, 34.8005967, 0.0 ], [ 112.7169511, 34.7988384, 0.0 ], [ 112.7195204, 34.7981687, 0.0 ], [ 112.72154, 34.7985781, 0.0 ], [ 112.7233393, 34.7991674, 0.0 ], [ 112.7252786, 34.7995169, 0.0 ], [ 112.7276579, 34.7987474, 0.0 ], [ 112.7308676, 34.7969887, 0.0 ], [ 112.7362468, 34.7934715, 0.0 ], [ 112.7381468, 34.790674, 0.0 ], [ 112.739837, 34.7882261, 0.0 ], [ 112.7397175, 34.7870273, 0.0 ], [ 112.738468, 34.7864978, 0.0 ], [ 112.7368789, 34.7850593, 0.0 ], [ 112.736889, 34.7838604, 0.0 ], [ 112.7380892, 34.7815824, 0.0 ], [ 112.739279, 34.7807831, 0.0 ], [ 112.7409487, 34.780793, 0.0 ], [ 112.7429579, 34.7810325, 0.0 ], [ 112.7438878, 34.7813122, 0.0 ], [ 112.7456269, 34.7818416, 0.0 ], [ 112.7456669, 34.7818516, 0.0 ], [ 112.7478758, 34.7824908, 0.0 ], [ 112.7488558, 34.782151, 0.0 ], [ 112.7512656, 34.7797331, 0.0 ], [ 112.7593948, 34.7728891, 0.0 ], [ 112.7594347, 34.7728591, 0.0 ], [ 112.7603545, 34.7721797, 0.0 ], [ 112.762904, 34.7703912, 0.0 ], [ 112.7674728, 34.7697015, 0.0 ], [ 112.7742509, 34.7686222, 0.0 ], [ 112.7772097, 34.7695311, 0.0 ], [ 112.7792786, 34.7710793, 0.0 ], [ 112.7793485, 34.7711593, 0.0 ], [ 112.7793784, 34.7711992, 0.0 ], [ 112.7806477, 34.772468, 0.0 ], [ 112.7828567, 34.7745357, 0.0 ], [ 112.7849854, 34.7768333, 0.0 ], [ 112.7862144, 34.7797503, 0.0 ], [ 112.7871637, 34.7824576, 0.0 ], [ 112.7873531, 34.7842258, 0.0 ], [ 112.7881026, 34.7857743, 0.0 ], [ 112.7894119, 34.7875524, 0.0 ], [ 112.7905711, 34.7886912, 0.0 ], [ 112.7927102, 34.7904792, 0.0 ], [ 112.7953987, 34.7932961, 0.0 ], [ 112.7980775, 34.7953139, 0.0 ], [ 112.8007678, 34.7978323, 0.0 ], [ 112.8040218, 34.7994952, 0.0 ], [ 112.804582, 34.8034417, 0.0 ], [ 112.8051425, 34.806599, 0.0 ], [ 112.805563, 34.8090469, 0.0 ], [ 112.8065342, 34.8108863, 0.0 ], [ 112.8079958, 34.8124965, 0.0 ], [ 112.8108499, 34.8144284, 0.0 ], [ 112.8146648, 34.8163716, 0.0 ], [ 112.8179995, 34.8181443, 0.0 ], [ 112.8201523, 34.8195758, 0.0 ], [ 112.8221651, 34.8207173, 0.0 ], [ 112.8232066, 34.8213481, 0.0 ], [ 112.8235468, 34.8215484, 0.0 ], [ 112.8142732, 34.8271592, 0.0 ], [ 112.8102574, 34.8296509, 0.0 ], [ 112.8053401, 34.8325208, 0.0 ], [ 112.803808, 34.8333377, 0.0 ], [ 112.802436, 34.834065, 0.0 ], [ 112.8012844, 34.8343132, 0.0 ], [ 112.7997328, 34.8346609, 0.0 ], [ 112.7958937, 34.8351006, 0.0 ], [ 112.7927747, 34.8349708, 0.0 ], [ 112.7893057, 34.8343116, 0.0 ], [ 112.7890958, 34.8342817, 0.0 ], [ 112.785237, 34.8335926, 0.0 ], [ 112.7847373, 34.8333529, 0.0 ], [ 112.7824981, 34.8323241, 0.0 ], [ 112.7783894, 34.8307161, 0.0 ], [ 112.774041, 34.828349, 0.0 ], [ 112.770392, 34.826731, 0.0 ], [ 112.7669735, 34.8254726, 0.0 ], [ 112.7648941, 34.8247535, 0.0 ], [ 112.7649139, 34.8245738, 0.0 ], [ 112.7607854, 34.822017, 0.0 ], [ 112.7550874, 34.8198699, 0.0 ], [ 112.7502889, 34.8180723, 0.0 ], [ 112.7500592, 34.8180125, 0.0 ], [ 112.7468801, 34.8171836, 0.0 ], [ 112.7438813, 34.8167643, 0.0 ], [ 112.7432412, 34.8166745, 0.0 ], [ 112.7391725, 34.8167346, 0.0 ], [ 112.7353338, 34.8173442, 0.0 ], [ 112.7285654, 34.8185631, 0.0 ], [ 112.7235971, 34.8193724, 0.0 ], [ 112.7197681, 34.8203614, 0.0 ], [ 112.7159291, 34.8215201, 0.0 ], [ 112.7123298, 34.8230584, 0.0 ], [ 112.7096507, 34.8247763, 0.0 ], [ 112.7067512, 34.8270536, 0.0 ], [ 112.7043018, 34.8297003, 0.0 ], [ 112.7021022, 34.8325267, 0.0 ], [ 112.7012123, 34.8333357, 0.0 ], [ 112.7001524, 34.8343144, 0.0 ], [ 112.6994335, 34.8349843, 0.0 ], [ 112.6967483, 34.8368854, 0.0 ], [ 112.6947521, 34.8387858, 0.0 ], [ 112.6927454, 34.8404863, 0.0 ], [ 112.6918872, 34.8412965, 0.0 ], [ 112.6906096, 34.8419574, 0.0 ], [ 112.6894216, 34.8432175, 0.0 ], [ 112.689292, 34.8433574, 0.0 ], [ 112.688114, 34.8438685, 0.0 ], [ 112.686547, 34.8445398, 0.0 ], [ 112.6846307, 34.8450318, 0.0 ], [ 112.6821452, 34.8456244, 0.0 ], [ 112.6799993, 34.8460269, 0.0 ], [ 112.6772942, 34.8464402, 0.0 ], [ 112.6736813, 34.8471344, 0.0 ], [ 112.66906, 34.8480397, 0.0 ], [ 112.6641989, 34.8489454, 0.0 ], [ 112.6596773, 34.8497507, 0.0 ], [ 112.6544872, 34.8506569, 0.0 ], [ 112.6515528, 34.8512603, 0.0 ], [ 112.6489676, 34.8517533, 0.0 ], [ 112.6458036, 34.8526366, 0.0 ], [ 112.6434478, 34.8534191, 0.0 ], [ 112.6407431, 34.8543917, 0.0 ], [ 112.6381579, 34.8550745, 0.0 ], [ 112.6359018, 34.855667, 0.0 ], [ 112.6352232, 34.8559077, 0.0 ], [ 112.6315602, 34.8550538, 0.0 ], [ 112.6313906, 34.8550141, 0.0 ], [ 112.6297238, 34.854627, 0.0 ], [ 112.6279573, 34.8546494, 0.0 ], [ 112.6254521, 34.8543133, 0.0 ], [ 112.6249729, 34.8541941, 0.0 ], [ 112.6231862, 34.8537371, 0.0 ], [ 112.6230664, 34.8537373, 0.0 ], [ 112.6229569, 34.8536975, 0.0 ], [ 112.6210205, 34.8532508, 0.0 ], [ 112.6190444, 34.8527441, 0.0 ], [ 112.6186351, 34.8526348, 0.0 ], [ 112.6165889, 34.852288, 0.0 ], [ 112.6146625, 34.8522208, 0.0 ], [ 112.6125166, 34.852064, 0.0 ], [ 112.6118279, 34.8520251, 0.0 ], [ 112.611379, 34.8518958, 0.0 ], [ 112.6096823, 34.8516385, 0.0 ], [ 112.6078556, 34.8512016, 0.0 ], [ 112.6064884, 34.8507539, 0.0 ], [ 112.6053605, 34.8504858, 0.0 ], [ 112.6046218, 34.8502771, 0.0 ], [ 112.604103, 34.8499481, 0.0 ], [ 112.6027354, 34.8495905, 0.0 ], [ 112.6013681, 34.849053, 0.0 ], [ 112.6006697, 34.8487543, 0.0 ], [ 112.5986983, 34.8485333, 0.0 ], [ 112.5964238, 34.8483694, 0.0 ], [ 112.5936479, 34.8485942, 0.0 ], [ 112.5913835, 34.8492694, 0.0 ], [ 112.5895795, 34.8501352, 0.0 ], [ 112.5882367, 34.8509918, 0.0 ], [ 112.5861124, 34.8524164, 0.0 ], [ 112.5844387, 34.8540216, 0.0 ], [ 112.5824346, 34.8557261, 0.0 ], [ 112.5806407, 34.8573412, 0.0 ], [ 112.5788569, 34.8590461, 0.0 ], [ 112.5775339, 34.8607418, 0.0 ], [ 112.5761011, 34.8629069, 0.0 ], [ 112.575109, 34.8649728, 0.0 ], [ 112.5741366, 34.8672286, 0.0 ], [ 112.5732647, 34.8689252, 0.0 ], [ 112.5729742, 34.8699236, 0.0 ], [ 112.5726433, 34.8701727, 0.0 ], [ 112.5723827, 34.8706117, 0.0 ], [ 112.5716213, 34.8722186, 0.0 ], [ 112.5707393, 34.8735355, 0.0 ], [ 112.569737, 34.8745726, 0.0 ], [ 112.5687251, 34.8751501, 0.0 ], [ 112.5677131, 34.8758176, 0.0 ], [ 112.5664805, 34.8763847, 0.0 ], [ 112.5651276, 34.8767819, 0.0 ], [ 112.5636649, 34.8771688, 0.0 ], [ 112.5624121, 34.8772765, 0.0 ], [ 112.5612799, 34.8772944, 0.0 ], [ 112.5602579, 34.8772126, 0.0 ], [ 112.5531234, 34.8771899, 0.0 ], [ 112.5488448, 34.8781411, 0.0 ], [ 112.5465401, 34.8794256, 0.0 ], [ 112.5430128, 34.882356, 0.0 ], [ 112.5409586, 34.8848995, 0.0 ], [ 112.5372708, 34.8901771, 0.0 ], [ 112.5362088, 34.8916235, 0.0 ], [ 112.5331726, 34.8942752, 0.0 ], [ 112.5277315, 34.8977417, 0.0 ], [ 112.5256576, 34.8974582, 0.0 ], [ 112.5222606, 34.8969926, 0.0 ], [ 112.519966, 34.8978575, 0.0 ], [ 112.5177415, 34.8976837, 0.0 ], [ 112.5160783, 34.8968217, 0.0 ], [ 112.5137135, 34.8965877, 0.0 ], [ 112.5111485, 34.8972723, 0.0 ], [ 112.5081623, 34.8976265, 0.0 ], [ 112.506489, 34.8981929, 0.0 ], [ 112.5050263, 34.8988795, 0.0 ], [ 112.5031525, 34.9002546, 0.0 ], [ 112.5014087, 34.9024291, 0.0 ], [ 112.500567, 34.9038461, 0.0 ], [ 112.5000058, 34.9043745, 0.0 ], [ 112.498412, 34.9058899, 0.0 ], [ 112.4969083, 34.9068561, 0.0 ], [ 112.4951944, 34.9071927, 0.0 ], [ 112.4938613, 34.9066709, 0.0 ], [ 112.4936608, 34.9065906, 0.0 ], [ 112.489281, 34.9058535, 0.0 ], [ 112.4852616, 34.9049673, 0.0 ], [ 112.4827862, 34.9046832, 0.0 ], [ 112.4801399, 34.9056673, 0.0 ], [ 112.4771227, 34.90743, 0.0 ], [ 112.4727826, 34.90937, 0.0 ], [ 112.4669189, 34.911647, 0.0 ], [ 112.4608648, 34.9139236, 0.0 ], [ 112.4540489, 34.9157393, 0.0 ], [ 112.4487367, 34.9165788, 0.0 ], [ 112.4443465, 34.9166309, 0.0 ], [ 112.4439656, 34.9167101, 0.0 ], [ 112.4418809, 34.9171359, 0.0 ], [ 112.4412793, 34.9174146, 0.0 ], [ 112.4386632, 34.9185885, 0.0 ], [ 112.4356363, 34.9195621, 0.0 ], [ 112.4314466, 34.9200739, 0.0 ], [ 112.4274474, 34.9206062, 0.0 ], [ 112.4232775, 34.9214278, 0.0 ], [ 112.4185068, 34.9216289, 0.0 ], [ 112.4131543, 34.9213796, 0.0 ], [ 112.4091353, 34.9206332, 0.0 ], [ 112.4045348, 34.9197459, 0.0 ], [ 112.3993454, 34.9197286, 0.0 ], [ 112.3992554, 34.9197286, 0.0 ], [ 112.3980077, 34.9197304, 0.0 ], [ 112.3921076, 34.9188296, 0.0 ], [ 112.3865971, 34.9184078, 0.0 ], [ 112.3809167, 34.9189651, 0.0 ], [ 112.3750264, 34.9203518, 0.0 ], [ 112.3736789, 34.9206734, 0.0 ], [ 112.3686972, 34.9218491, 0.0 ], [ 112.3672194, 34.9221907, 0.0 ], [ 112.3631363, 34.9246737, 0.0 ], [ 112.3600313, 34.9272951, 0.0 ], [ 112.35478, 34.9305989, 0.0 ], [ 112.3512955, 34.9335505, 0.0 ], [ 112.3470126, 34.9361936, 0.0 ], [ 112.3417213, 34.9376993, 0.0 ], [ 112.336051, 34.9392256, 0.0 ], [ 112.3313486, 34.9405607, 0.0 ], [ 112.3276349, 34.9415748, 0.0 ], [ 112.3237015, 34.9416103, 0.0 ], [ 112.3205468, 34.941325, 0.0 ], [ 112.3169929, 34.9403909, 0.0 ], [ 112.3134293, 34.9391273, 0.0 ], [ 112.3096756, 34.937874, 0.0 ], [ 112.306531, 34.9378983, 0.0 ], [ 112.3030069, 34.9384227, 0.0 ], [ 112.3000718, 34.9395955, 0.0 ], [ 112.2969413, 34.940924, 0.0 ], [ 112.2944008, 34.9420827, 0.0 ], [ 112.2934403, 34.9432214, 0.0 ], [ 112.2920899, 34.9454988, 0.0 ], [ 112.2909595, 34.9485854, 0.0 ], [ 112.2894288, 34.9518417, 0.0 ], [ 112.287708, 34.9545986, 0.0 ], [ 112.2856574, 34.956926, 0.0 ], [ 112.2849972, 34.9576452, 0.0 ], [ 112.284117, 34.9589638, 0.0 ], [ 112.2814264, 34.9610414, 0.0 ], [ 112.2789456, 34.9623698, 0.0 ], [ 112.2764652, 34.963139, 0.0 ], [ 112.2732846, 34.9627992, 0.0 ], [ 112.270104, 34.9624595, 0.0 ], [ 112.2666833, 34.9615503, 0.0 ], [ 112.2637226, 34.9604613, 0.0 ], [ 112.2621127, 34.9593524, 0.0 ], [ 112.2607325, 34.9573245, 0.0 ], [ 112.2602526, 34.9558361, 0.0 ], [ 112.2597428, 34.95211, 0.0 ], [ 112.2596831, 34.9481841, 0.0 ], [ 112.2591431, 34.9469854, 0.0 ], [ 112.2617542, 34.9442784, 0.0 ], [ 112.262234, 34.9436991, 0.0 ], [ 112.2627845, 34.9422007, 0.0 ], [ 112.2627744, 34.9408921, 0.0 ], [ 112.2610244, 34.9388941, 0.0 ], [ 112.2562037, 34.9361168, 0.0 ], [ 112.2550135, 34.9343985, 0.0 ], [ 112.2520734, 34.9318409, 0.0 ], [ 112.249953, 34.9301126, 0.0 ], [ 112.2494828, 34.929733, 0.0 ], [ 112.243802, 34.9268156, 0.0 ], [ 112.2424319, 34.9261062, 0.0 ], [ 112.237781, 34.9249871, 0.0 ], [ 112.2379114, 34.9236685, 0.0 ], [ 112.2380413, 34.9224097, 0.0 ], [ 112.2395418, 34.9202821, 0.0 ], [ 112.2418228, 34.9183742, 0.0 ], [ 112.2428729, 34.9174753, 0.0 ], [ 112.2438031, 34.9166762, 0.0 ], [ 112.2438632, 34.9166163, 0.0 ], [ 112.2439633, 34.9165363, 0.0 ], [ 112.2454739, 34.9145186, 0.0 ], [ 112.2458141, 34.9129203, 0.0 ], [ 112.245034, 34.9113819, 0.0 ], [ 112.2438038, 34.9107224, 0.0 ], [ 112.2434338, 34.9105325, 0.0 ], [ 112.240103, 34.910772, 0.0 ], [ 112.2400328, 34.910782, 0.0 ], [ 112.2358723, 34.9110214, 0.0 ], [ 112.2328015, 34.9105316, 0.0 ], [ 112.2303611, 34.9091129, 0.0 ], [ 112.2262607, 34.9073043, 0.0 ], [ 112.2229199, 34.9065149, 0.0 ], [ 112.2206897, 34.9045267, 0.0 ], [ 112.2192097, 34.9018992, 0.0 ], [ 112.2186298, 34.8999212, 0.0 ], [ 112.21843, 34.899212, 0.0 ], [ 112.21821, 34.8989123, 0.0 ], [ 112.2162595, 34.8963052, 0.0 ], [ 112.2140196, 34.8945571, 0.0 ], [ 112.2117091, 34.8926191, 0.0 ], [ 112.2086588, 34.8905713, 0.0 ], [ 112.2076688, 34.8879543, 0.0 ], [ 112.2077189, 34.8859967, 0.0 ], [ 112.2102796, 34.884149, 0.0 ], [ 112.2127603, 34.8831105, 0.0 ], [ 112.2161612, 34.882052, 0.0 ], [ 112.2198919, 34.8802545, 0.0 ], [ 112.2236129, 34.8781173, 0.0 ], [ 112.2264439, 34.87597, 0.0 ], [ 112.2293347, 34.8733233, 0.0 ], [ 112.2295547, 34.8731336, 0.0 ], [ 112.2295748, 34.8731136, 0.0 ], [ 112.2307949, 34.871995, 0.0 ], [ 112.2330056, 34.8707266, 0.0 ], [ 112.2361963, 34.8703573, 0.0 ], [ 112.2400771, 34.869998, 0.0 ], [ 112.2438078, 34.869379, 0.0 ], [ 112.2439579, 34.869349, 0.0 ], [ 112.2471486, 34.8681806, 0.0 ], [ 112.2510596, 34.8666526, 0.0 ], [ 112.2529399, 34.8658437, 0.0 ], [ 112.2569611, 34.8641159, 0.0 ], [ 112.2621023, 34.861669, 0.0 ], [ 112.264673, 34.8607102, 0.0 ], [ 112.2682039, 34.8588625, 0.0 ], [ 112.2708845, 34.8562157, 0.0 ], [ 112.2730952, 34.8537985, 0.0 ], [ 112.2774563, 34.851821, 0.0 ], [ 112.2827976, 34.8491742, 0.0 ], [ 112.2850282, 34.8480156, 0.0 ], [ 112.2890292, 34.8459381, 0.0 ], [ 112.2946106, 34.8417031, 0.0 ], [ 112.2946308, 34.8416631, 0.0 ], [ 112.2978719, 34.8389662, 0.0 ], [ 112.2998123, 34.8370084, 0.0 ], [ 112.300142, 34.8352401, 0.0 ], [ 112.2999325, 34.8342314, 0.0 ], [ 112.2997828, 34.8335222, 0.0 ], [ 112.2996726, 34.8333324, 0.0 ], [ 112.2985825, 34.8314645, 0.0 ], [ 112.2972325, 34.8287174, 0.0 ], [ 112.2964427, 34.825451, 0.0 ], [ 112.2960431, 34.8229838, 0.0 ], [ 112.2957929, 34.8221346, 0.0 ], [ 112.2948029, 34.8201369, 0.0 ], [ 112.2930428, 34.8177994, 0.0 ], [ 112.2926731, 34.8156917, 0.0 ], [ 112.2929431, 34.8142533, 0.0 ], [ 112.2943237, 34.8124753, 0.0 ], [ 112.2968142, 34.8103377, 0.0 ], [ 112.3008239, 34.8073997, 0.0 ], [ 112.3043382, 34.8045179, 0.0 ], [ 112.3067444, 34.8016977, 0.0 ], [ 112.30943, 34.7992866, 0.0 ], [ 112.3124753, 34.7975442, 0.0 ], [ 112.3137234, 34.7968033, 0.0 ], [ 112.3153009, 34.7958621, 0.0 ], [ 112.3164691, 34.7936828, 0.0 ], [ 112.316999, 34.7905255, 0.0 ], [ 112.3171391, 34.7888371, 0.0 ], [ 112.314065, 34.7845162, 0.0 ], [ 112.3076462, 34.7829169, 0.0 ], [ 112.3059596, 34.7815409, 0.0 ], [ 112.3042129, 34.7796653, 0.0 ], [ 112.3027358, 34.77738, 0.0 ], [ 112.3015284, 34.7739555, 0.0 ], [ 112.3014287, 34.7733562, 0.0 ], [ 112.3009502, 34.7712093, 0.0 ], [ 112.300461, 34.7702311, 0.0 ], [ 112.299552, 34.7699521, 0.0 ], [ 112.2981617, 34.7699621, 0.0 ], [ 112.2967112, 34.7707112, 0.0 ], [ 112.294971, 34.7717601, 0.0 ], [ 112.2923599, 34.7747968, 0.0 ], [ 112.2918797, 34.775506, 0.0 ], [ 112.2902388, 34.7781231, 0.0 ], [ 112.2896484, 34.7792019, 0.0 ], [ 112.2870672, 34.7825583, 0.0 ], [ 112.2833758, 34.785455, 0.0 ], [ 112.2813551, 34.7871033, 0.0 ], [ 112.2797545, 34.7878025, 0.0 ], [ 112.2766337, 34.7891909, 0.0 ], [ 112.2760739, 34.789121, 0.0 ], [ 112.2743236, 34.7890212, 0.0 ], [ 112.2728832, 34.7885816, 0.0 ], [ 112.2725034, 34.788242, 0.0 ], [ 112.2713932, 34.7872231, 0.0 ], [ 112.2699136, 34.7849656, 0.0 ], [ 112.267944, 34.7819589, 0.0 ], [ 112.267634, 34.7814795, 0.0 ], [ 112.2672542, 34.7803407, 0.0 ], [ 112.2667542, 34.779182, 0.0 ], [ 112.2667142, 34.7788524, 0.0 ], [ 112.2664745, 34.7772341, 0.0 ], [ 112.266535, 34.7758357, 0.0 ], [ 112.2671653, 34.7752264, 0.0 ], [ 112.2684656, 34.7739877, 0.0 ], [ 112.2708766, 34.7723795, 0.0 ], [ 112.2730873, 34.7703617, 0.0 ], [ 112.2750781, 34.7679443, 0.0 ], [ 112.2765192, 34.7653671, 0.0 ], [ 112.2780301, 34.7622606, 0.0 ], [ 112.2786403, 34.7607122, 0.0 ], [ 112.2794608, 34.7599631, 0.0 ], [ 112.280711, 34.7599031, 0.0 ], [ 112.2837714, 34.7598931, 0.0 ], [ 112.2885227, 34.7585247, 0.0 ], [ 112.2893428, 34.7583848, 0.0 ], [ 112.2941034, 34.7580052, 0.0 ], [ 112.2951438, 34.7575658, 0.0 ], [ 112.2968142, 34.7569164, 0.0 ], [ 112.2990851, 34.7538598, 0.0 ], [ 112.2995653, 34.7527211, 0.0 ], [ 112.3002353, 34.7509925, 0.0 ], [ 112.3003753, 34.7506527, 0.0 ], [ 112.3002853, 34.7500035, 0.0 ], [ 112.3001557, 34.7489449, 0.0 ], [ 112.2991265, 34.7466677, 0.0 ], [ 112.2988766, 34.7463181, 0.0 ], [ 112.297747, 34.7433913, 0.0 ], [ 112.2973974, 34.7416232, 0.0 ], [ 112.2973873, 34.7415533, 0.0 ], [ 112.2973373, 34.7412836, 0.0 ], [ 112.2971976, 34.7405444, 0.0 ], [ 112.2970176, 34.7397053, 0.0 ], [ 112.2965978, 34.7386665, 0.0 ], [ 112.2965377, 34.7385166, 0.0 ], [ 112.296308, 34.7379473, 0.0 ], [ 112.2958681, 34.7368784, 0.0 ], [ 112.2956582, 34.7361992, 0.0 ], [ 112.2971386, 34.73547, 0.0 ], [ 112.2981988, 34.7349506, 0.0 ], [ 112.3040329, 34.7313386, 0.0 ], [ 112.3100831, 34.7278834, 0.0 ], [ 112.3160137, 34.7244984, 0.0 ], [ 112.3204968, 34.7221742, 0.0 ], [ 112.3233721, 34.7209313, 0.0 ], [ 112.3241508, 34.7208004, 0.0 ], [ 112.3242905, 34.7207901, 0.0 ], [ 112.3247898, 34.7207295, 0.0 ], [ 112.3265268, 34.7205971, 0.0 ], [ 112.3266665, 34.7206468, 0.0 ], [ 112.3298309, 34.7216411, 0.0 ], [ 112.331408, 34.7222481, 0.0 ], [ 112.3331249, 34.7231446, 0.0 ], [ 112.334323, 34.7238022, 0.0 ], [ 112.3354109, 34.7248794, 0.0 ], [ 112.3380558, 34.7270631, 0.0 ], [ 112.3413296, 34.7297655, 0.0 ], [ 112.3455722, 34.7317072, 0.0 ], [ 112.3459715, 34.7318664, 0.0 ], [ 112.3484371, 34.732672, 0.0 ], [ 112.3535581, 34.7343228, 0.0 ], [ 112.3540873, 34.7345318, 0.0 ], [ 112.3565728, 34.7357569, 0.0 ], [ 112.3576808, 34.7363047, 0.0 ], [ 112.359208, 34.736722, 0.0 ], [ 112.3606256, 34.7371195, 0.0 ], [ 112.361414, 34.7371483, 0.0 ], [ 112.3617038, 34.7371579, 0.0 ], [ 112.3629916, 34.7368063, 0.0 ], [ 112.3634808, 34.7365459, 0.0 ], [ 112.3645093, 34.736005, 0.0 ], [ 112.3660469, 34.7351836, 0.0 ], [ 112.3685827, 34.7338613, 0.0 ], [ 112.3687224, 34.7337811, 0.0 ], [ 112.37035, 34.7328297, 0.0 ], [ 112.3705796, 34.7326895, 0.0 ], [ 112.3713882, 34.7322188, 0.0 ], [ 112.3733948, 34.7314966, 0.0 ], [ 112.3765297, 34.7303632, 0.0 ], [ 112.378896, 34.73013, 0.0 ], [ 112.3816612, 34.7307052, 0.0 ], [ 112.3824096, 34.7311237, 0.0 ], [ 112.3829089, 34.7313928, 0.0 ], [ 112.3831782, 34.7315722, 0.0 ], [ 112.3840166, 34.7321604, 0.0 ], [ 112.3841866, 34.73228, 0.0 ], [ 112.3858336, 34.7334264, 0.0 ], [ 112.3861828, 34.7338454, 0.0 ], [ 112.3875702, 34.7359114, 0.0 ], [ 112.3877293, 34.7376094, 0.0 ], [ 112.3859419, 34.7401394, 0.0 ], [ 112.3839648, 34.74246, 0.0 ], [ 112.3830061, 34.7439698, 0.0 ], [ 112.3828862, 34.7446493, 0.0 ], [ 112.3827062, 34.7457285, 0.0 ], [ 112.3824661, 34.7479266, 0.0 ], [ 112.3819567, 34.7508743, 0.0 ], [ 112.3818966, 34.7512041, 0.0 ], [ 112.3827149, 34.7535205, 0.0 ], [ 112.3827246, 34.7535505, 0.0 ], [ 112.3828344, 34.7537101, 0.0 ], [ 112.3830439, 34.7540196, 0.0 ], [ 112.3831739, 34.7542591, 0.0 ], [ 112.3832736, 34.7543988, 0.0 ], [ 112.3844512, 34.7562553, 0.0 ], [ 112.3854293, 34.7572728, 0.0 ], [ 112.3881347, 34.7575686, 0.0 ], [ 112.3919284, 34.7570137, 0.0 ], [ 112.396401, 34.7556287, 0.0 ], [ 112.3996662, 34.7530865, 0.0 ], [ 112.3997958, 34.7529565, 0.0 ], [ 112.3998959, 34.7528665, 0.0 ], [ 112.4001461, 34.7526669, 0.0 ], [ 112.4009179, 34.751929, 0.0 ], [ 112.4010684, 34.7517695, 0.0 ], [ 112.4020307, 34.7508522, 0.0 ], [ 112.402602, 34.7503038, 0.0 ], [ 112.4040658, 34.7487681, 0.0 ], [ 112.4069231, 34.7449771, 0.0 ], [ 112.4082961, 34.7441106, 0.0 ], [ 112.416485, 34.7429668, 0.0 ], [ 112.4221079, 34.7410993, 0.0 ], [ 112.4228196, 34.740611, 0.0 ], [ 112.4229301, 34.7405314, 0.0 ], [ 112.4254962, 34.7387779, 0.0 ], [ 112.4259271, 34.7383991, 0.0 ], [ 112.4289047, 34.7357573, 0.0 ], [ 112.4322224, 34.7335758, 0.0 ], [ 112.4331847, 34.7334078, 0.0 ], [ 112.4342172, 34.7337493, 0.0 ], [ 112.4348281, 34.7343298, 0.0 ], [ 112.4350787, 34.7345101, 0.0 ], [ 112.4369726, 34.7363018, 0.0 ], [ 112.4383957, 34.737683, 0.0 ], [ 112.4417225, 34.7395773, 0.0 ], [ 112.4431355, 34.7402791, 0.0 ], [ 112.443737, 34.74058, 0.0 ], [ 112.4463326, 34.7410043, 0.0 ], [ 112.4518352, 34.7405051, 0.0 ], [ 112.459523, 34.7392407, 0.0 ], [ 112.466349, 34.7365962, 0.0 ], [ 112.4697773, 34.735274, 0.0 ], [ 112.4729449, 34.7336016, 0.0 ], [ 112.475902, 34.7320089, 0.0 ], [ 112.4769946, 34.7315914, 0.0 ], [ 112.4795606, 34.7305972, 0.0 ], [ 112.481114, 34.7314192, 0.0 ], [ 112.4850622, 34.7339239, 0.0 ], [ 112.4891402, 34.7374477, 0.0 ], [ 112.4893307, 34.737548, 0.0 ], [ 112.4907437, 34.7383796, 0.0 ], [ 112.4934397, 34.7390839, 0.0 ], [ 112.4938804, 34.7392046, 0.0 ], [ 112.4951231, 34.7394766, 0.0 ], [ 112.4962358, 34.7392689, 0.0 ], [ 112.5007362, 34.738498, 0.0 ], [ 112.5027306, 34.7375226, 0.0 ], [ 112.5033019, 34.7372538, 0.0 ], [ 112.5086231, 34.7366637, 0.0 ], [ 112.5114894, 34.7363091, 0.0 ], [ 112.5172717, 34.7356299, 0.0 ], [ 112.5188752, 34.7354329, 0.0 ], [ 112.5237254, 34.7349517, 0.0 ], [ 112.5307602, 34.7345544, 0.0 ], [ 112.5323035, 34.7347269, 0.0 ], [ 112.5405, 34.7370686, 0.0 ], [ 112.5453092, 34.7395244, 0.0 ], [ 112.5474034, 34.7409166, 0.0 ], [ 112.5479142, 34.741257, 0.0 ], [ 112.5498676, 34.7441374, 0.0 ], [ 112.5519113, 34.7459691, 0.0 ], [ 112.5543463, 34.7464628, 0.0 ], [ 112.5551178, 34.7462044, 0.0 ], [ 112.5563504, 34.745787, 0.0 ], [ 112.5565211, 34.7457373, 0.0 ], [ 112.558887, 34.7425348, 0.0 ], [ 112.5592978, 34.7419761, 0.0 ], [ 112.5627761, 34.7385257, 0.0 ], [ 112.5627862, 34.738336, 0.0 ], [ 112.5627862, 34.738316, 0.0 ], [ 112.5642398, 34.7370698, 0.0 ], [ 112.5665053, 34.7342467, 0.0 ], [ 112.5699937, 34.731066, 0.0 ], [ 112.5734915, 34.7292238, 0.0 ], [ 112.5777906, 34.7292013, 0.0 ], [ 112.5832716, 34.7307193, 0.0 ], [ 112.5837025, 34.7308299, 0.0 ], [ 112.5915887, 34.732292, 0.0 ], [ 112.596629, 34.7323008, 0.0 ], [ 112.6034708, 34.7277063, 0.0 ], [ 112.6062864, 34.7245655, 0.0 ], [ 112.6073048, 34.7229357, 0.0 ], [ 112.607834, 34.7220859, 0.0 ], [ 112.6084234, 34.7214657, 0.0 ], [ 112.608473, 34.7212458, 0.0 ], [ 112.6084334, 34.7210861, 0.0 ], [ 112.6084932, 34.7208362, 0.0 ], [ 112.6089727, 34.7200762, 0.0 ] ] ] } },
{ "type": "Feature", "properties": { "Name": "原阳县", "AdminCode": "410725", "Kind": "0137", "CityAdCode": "410700", "CityName": "新乡市", "ProName": "河南省", "Shape_Leng": 1.8847400374600001, "Shape_Area": 0.12634263482, "sheng": 410000 }, "geometry": { "type": "Polygon", "coordinates": [ [ [ 113.8181623, 34.8786366, 0.0 ], [ 113.8249184, 34.8790252, 0.0 ], [ 113.8291888, 34.8792905, 0.0 ], [ 113.8337096, 34.8802953, 0.0 ], [ 113.8380098, 34.8812998, 0.0 ], [ 113.8411674, 34.8817835, 0.0 ], [ 113.8459187, 34.8827785, 0.0 ], [ 113.851111, 34.8835845, 0.0 ], [ 113.8556218, 34.8842197, 0.0 ], [ 113.8603633, 34.8846554, 0.0 ], [ 113.863982, 34.8854991, 0.0 ], [ 113.8668088, 34.8860822, 0.0 ], [ 113.8668588, 34.8857926, 0.0 ], [ 113.8690541, 34.8864348, 0.0 ], [ 113.8699058, 34.8866856, 0.0 ], [ 113.8731336, 34.8874389, 0.0 ], [ 113.8749779, 34.8878908, 0.0 ], [ 113.8755492, 34.8880414, 0.0 ], [ 113.8781855, 34.8892933, 0.0 ], [ 113.8800197, 34.8902347, 0.0 ], [ 113.881864, 34.8918351, 0.0 ], [ 113.884119, 34.8934262, 0.0 ], [ 113.8867751, 34.8951776, 0.0 ], [ 113.8894312, 34.8967592, 0.0 ], [ 113.894082, 34.8982934, 0.0 ], [ 113.8981115, 34.8993574, 0.0 ], [ 113.9023325, 34.9002445, 0.0 ], [ 113.9067061, 34.9001267, 0.0 ], [ 113.9122786, 34.899817, 0.0 ], [ 113.9174514, 34.8995282, 0.0 ], [ 113.9238223, 34.899197, 0.0 ], [ 113.9295946, 34.8988971, 0.0 ], [ 113.9341482, 34.89796, 0.0 ], [ 113.9385024, 34.8970333, 0.0 ], [ 113.9420772, 34.8966173, 0.0 ], [ 113.945882, 34.8966904, 0.0 ], [ 113.9498964, 34.8975821, 0.0 ], [ 113.9535608, 34.8994633, 0.0 ], [ 113.9580446, 34.9018226, 0.0 ], [ 113.9623585, 34.9051713, 0.0 ], [ 113.9654243, 34.9128376, 0.0 ], [ 113.9673913, 34.9153014, 0.0 ], [ 113.9696482, 34.9164061, 0.0 ], [ 113.9745614, 34.917536, 0.0 ], [ 113.9799038, 34.92343, 0.0 ], [ 113.9838484, 34.9274484, 0.0 ], [ 113.9853064, 34.929054, 0.0 ], [ 113.986984, 34.9311487, 0.0 ], [ 113.9888416, 34.9329234, 0.0 ], [ 113.9909184, 34.9348475, 0.0 ], [ 113.9929956, 34.9369313, 0.0 ], [ 113.9939942, 34.9380184, 0.0 ], [ 113.9950728, 34.9391851, 0.0 ], [ 113.9971597, 34.9416085, 0.0 ], [ 114.0000059, 34.9438109, 0.0 ], [ 114.0005948, 34.9442693, 0.0 ], [ 114.005128, 34.9490857, 0.0 ], [ 114.0090419, 34.9522349, 0.0 ], [ 114.0117476, 34.9545174, 0.0 ], [ 114.0166897, 34.9560066, 0.0 ], [ 114.0206936, 34.9558394, 0.0 ], [ 114.0250669, 34.9545727, 0.0 ], [ 114.0287713, 34.9532972, 0.0 ], [ 114.0324754, 34.9520218, 0.0 ], [ 114.0345122, 34.9509793, 0.0 ], [ 114.0398942, 34.9484621, 0.0 ], [ 114.050867, 34.9494608, 0.0 ], [ 114.0618499, 34.9489011, 0.0 ], [ 114.0747401, 34.950855, 0.0 ], [ 114.0962764, 34.9545707, 0.0 ], [ 114.1006525, 34.9542852, 0.0 ], [ 114.105946, 34.9541226, 0.0 ], [ 114.1104676, 34.9540188, 0.0 ], [ 114.1124526, 34.9539316, 0.0 ], [ 114.118879, 34.9522523, 0.0 ], [ 114.1215761, 34.9515468, 0.0 ], [ 114.1250249, 34.9499533, 0.0 ], [ 114.1266492, 34.9492063, 0.0 ], [ 114.134369, 34.9469195, 0.0 ], [ 114.1423596, 34.9465606, 0.0 ], [ 114.1490768, 34.9448017, 0.0 ], [ 114.1527262, 34.9448864, 0.0 ], [ 114.1594438, 34.9428479, 0.0 ], [ 114.1640856, 34.941965, 0.0 ], [ 114.1645169, 34.9414961, 0.0 ], [ 114.1653992, 34.940938, 0.0 ], [ 114.1681363, 34.9412712, 0.0 ], [ 114.1764779, 34.9400938, 0.0 ], [ 114.1828142, 34.939413, 0.0 ], [ 114.187847, 34.9381611, 0.0 ], [ 114.1936124, 34.9347326, 0.0 ], [ 114.1963603, 34.9320592, 0.0 ], [ 114.1978543, 34.9300734, 0.0 ], [ 114.1989271, 34.9298251, 0.0 ], [ 114.2015213, 34.9269696, 0.0 ], [ 114.2046443, 34.9226644, 0.0 ], [ 114.2097178, 34.9200373, 0.0 ], [ 114.2146411, 34.9184889, 0.0 ], [ 114.2168429, 34.91744, 0.0 ], [ 114.2305722, 34.9107475, 0.0 ], [ 114.2341146, 34.9094588, 0.0 ], [ 114.2357854, 34.9113867, 0.0 ], [ 114.2380764, 34.9133246, 0.0 ], [ 114.2404376, 34.9155621, 0.0 ], [ 114.2411278, 34.916621, 0.0 ], [ 114.241658, 34.91744, 0.0 ], [ 114.2423784, 34.9185388, 0.0 ], [ 114.242638, 34.9214257, 0.0 ], [ 114.2427179, 34.9224246, 0.0 ], [ 114.2422369, 34.9258608, 0.0 ], [ 114.2421664, 34.9291672, 0.0 ], [ 114.2411854, 34.9327133, 0.0 ], [ 114.2405446, 34.9346612, 0.0 ], [ 114.2398537, 34.9370185, 0.0 ], [ 114.239443, 34.9405047, 0.0 ], [ 114.237351, 34.9443405, 0.0 ], [ 114.2364499, 34.9476568, 0.0 ], [ 114.2361594, 34.950344, 0.0 ], [ 114.2349178, 34.9540099, 0.0 ], [ 114.2352576, 34.9569766, 0.0 ], [ 114.2361576, 34.9607525, 0.0 ], [ 114.2363675, 34.962121, 0.0 ], [ 114.2367174, 34.9645882, 0.0 ], [ 114.2369172, 34.9659068, 0.0 ], [ 114.2385775, 34.9717903, 0.0 ], [ 114.2387168, 34.9756261, 0.0 ], [ 114.2400971, 34.980311, 0.0 ], [ 114.2419075, 34.9847761, 0.0 ], [ 114.2430779, 34.9887217, 0.0 ], [ 114.2432075, 34.991179, 0.0 ], [ 114.243287, 34.993017, 0.0 ], [ 114.2437068, 34.9974821, 0.0 ], [ 114.2441071, 34.9979816, 0.0 ], [ 114.2456879, 34.9999494, 0.0 ], [ 114.2458477, 35.0001492, 0.0 ], [ 114.2458477, 35.0006787, 0.0 ], [ 114.2458477, 35.0035758, 0.0 ], [ 114.245838, 35.0044849, 0.0 ], [ 114.2457178, 35.0051742, 0.0 ], [ 114.2454676, 35.0059734, 0.0 ], [ 114.2453477, 35.0066827, 0.0 ], [ 114.2451072, 35.007382, 0.0 ], [ 114.2448473, 35.0081812, 0.0 ], [ 114.2446072, 35.0088805, 0.0 ], [ 114.2445168, 35.00939, 0.0 ], [ 114.2443667, 35.0102791, 0.0 ], [ 114.2441068, 35.0111083, 0.0 ], [ 114.2439865, 35.0117876, 0.0 ], [ 114.2437464, 35.0124869, 0.0 ], [ 114.2436262, 35.0132761, 0.0 ], [ 114.2433763, 35.0140953, 0.0 ], [ 114.2431261, 35.0149844, 0.0 ], [ 114.2427658, 35.0156737, 0.0 ], [ 114.2427056, 35.0157936, 0.0 ], [ 114.2423953, 35.0164729, 0.0 ], [ 114.2420252, 35.0171722, 0.0 ], [ 114.2419352, 35.0176817, 0.0 ], [ 114.2417851, 35.0186707, 0.0 ], [ 114.241775, 35.0195798, 0.0 ], [ 114.2416548, 35.0202791, 0.0 ], [ 114.2414147, 35.0210783, 0.0 ], [ 114.241405, 35.0218775, 0.0 ], [ 114.2412847, 35.0227766, 0.0 ], [ 114.2411645, 35.0234759, 0.0 ], [ 114.2409143, 35.0241752, 0.0 ], [ 114.2408243, 35.0246847, 0.0 ], [ 114.2406644, 35.0255738, 0.0 ], [ 114.2407544, 35.0260933, 0.0 ], [ 114.2409143, 35.0269824, 0.0 ], [ 114.2409143, 35.0278016, 0.0 ], [ 114.2411846, 35.0287606, 0.0 ], [ 114.2416249, 35.0295798, 0.0 ], [ 114.2419252, 35.0301492, 0.0 ], [ 114.2423554, 35.0309684, 0.0 ], [ 114.242836, 35.0315778, 0.0 ], [ 114.2431358, 35.0321472, 0.0 ], [ 114.2435664, 35.0329764, 0.0 ], [ 114.2438065, 35.0336857, 0.0 ], [ 114.2441068, 35.0342451, 0.0 ], [ 114.2441766, 35.034375, 0.0 ], [ 114.2442569, 35.0348745, 0.0 ], [ 114.2444167, 35.0357836, 0.0 ], [ 114.2444167, 35.0366827, 0.0 ], [ 114.2442868, 35.0374719, 0.0 ], [ 114.2442868, 35.038291, 0.0 ], [ 114.2441068, 35.0388505, 0.0 ], [ 114.2440366, 35.0390803, 0.0 ], [ 114.2437964, 35.0397895, 0.0 ], [ 114.2437864, 35.0405788, 0.0 ], [ 114.2436665, 35.0412781, 0.0 ], [ 114.2435462, 35.0420774, 0.0 ], [ 114.2434163, 35.0427767, 0.0 ], [ 114.2431661, 35.0435858, 0.0 ], [ 114.2428057, 35.0442752, 0.0 ], [ 114.2427056, 35.0447946, 0.0 ], [ 114.2426556, 35.0452042, 0.0 ], [ 114.2425656, 35.0456937, 0.0 ], [ 114.2424356, 35.0465828, 0.0 ], [ 114.2423053, 35.047382, 0.0 ], [ 114.2423053, 35.0481812, 0.0 ], [ 114.2421854, 35.0488805, 0.0 ], [ 114.2423053, 35.0495898, 0.0 ], [ 114.2426657, 35.0502891, 0.0 ], [ 114.2431859, 35.0509185, 0.0 ], [ 114.2437565, 35.051378, 0.0 ], [ 114.2441068, 35.0516178, 0.0 ], [ 114.2444869, 35.0518875, 0.0 ], [ 114.2453376, 35.0521772, 0.0 ], [ 114.246068, 35.0525868, 0.0 ], [ 114.2499506, 35.0530164, 0.0 ], [ 114.250541, 35.0530863, 0.0 ], [ 114.250541, 35.0531862, 0.0 ], [ 114.250541, 35.053386, 0.0 ], [ 114.250541, 35.0536957, 0.0 ], [ 114.250541, 35.0539954, 0.0 ], [ 114.250541, 35.054395, 0.0 ], [ 114.250541, 35.0546947, 0.0 ], [ 114.250541, 35.0550943, 0.0 ], [ 114.250541, 35.0552042, 0.0 ], [ 114.250541, 35.055454, 0.0 ], [ 114.2550745, 35.0557037, 0.0 ], [ 114.2556149, 35.0560034, 0.0 ], [ 114.2565253, 35.0565029, 0.0 ], [ 114.257376, 35.0570124, 0.0 ], [ 114.2579862, 35.0576018, 0.0 ], [ 114.2583566, 35.0580614, 0.0 ], [ 114.2589571, 35.0588106, 0.0 ], [ 114.259077, 35.0595199, 0.0 ], [ 114.2591972, 35.060409, 0.0 ], [ 114.2595576, 35.0612082, 0.0 ], [ 114.2596775, 35.0619075, 0.0 ], [ 114.2598078, 35.0622871, 0.0 ], [ 114.260108, 35.0631463, 0.0 ], [ 114.2604079, 35.0640154, 0.0 ], [ 114.2604882, 35.0645349, 0.0 ], [ 114.2606081, 35.0653541, 0.0 ], [ 114.2606081, 35.065434, 0.0 ], [ 114.2606783, 35.0658336, 0.0 ], [ 114.2607485, 35.0663231, 0.0 ], [ 114.2608784, 35.0672122, 0.0 ], [ 114.2608784, 35.0680114, 0.0 ], [ 114.2608583, 35.0688006, 0.0 ], [ 114.2609684, 35.06942, 0.0 ], [ 114.2611186, 35.0703091, 0.0 ], [ 114.2611186, 35.0710184, 0.0 ], [ 114.2611186, 35.0719175, 0.0 ], [ 114.2611085, 35.0728166, 0.0 ], [ 114.2612287, 35.0735159, 0.0 ], [ 114.2613389, 35.0742252, 0.0 ], [ 114.2614789, 35.0751243, 0.0 ], [ 114.2615988, 35.0760134, 0.0 ], [ 114.2615988, 35.0767127, 0.0 ], [ 114.2615988, 35.0776118, 0.0 ], [ 114.2615887, 35.0785209, 0.0 ], [ 114.2614987, 35.0790204, 0.0 ], [ 114.2613389, 35.0799195, 0.0 ], [ 114.2612287, 35.0806188, 0.0 ], [ 114.2610887, 35.0815179, 0.0 ], [ 114.2610685, 35.0816677, 0.0 ], [ 114.2610887, 35.0823171, 0.0 ], [ 114.2609684, 35.0831163, 0.0 ], [ 114.2609386, 35.0832961, 0.0 ], [ 114.2608784, 35.0836258, 0.0 ], [ 114.2608183, 35.0839255, 0.0 ], [ 114.2607182, 35.0845149, 0.0 ], [ 114.260468, 35.0853141, 0.0 ], [ 114.260278, 35.0858535, 0.0 ], [ 114.2599878, 35.0867127, 0.0 ], [ 114.2594975, 35.0875219, 0.0 ], [ 114.2591173, 35.0883212, 0.0 ], [ 114.2586968, 35.0889305, 0.0 ], [ 114.2581464, 35.0897098, 0.0 ], [ 114.2580164, 35.0900794, 0.0 ], [ 114.2577061, 35.0909485, 0.0 ], [ 114.2576161, 35.0912083, 0.0 ], [ 114.2574059, 35.0918077, 0.0 ], [ 114.2571056, 35.0923871, 0.0 ], [ 114.2566654, 35.0932063, 0.0 ], [ 114.2561851, 35.0938057, 0.0 ], [ 114.2561052, 35.0939056, 0.0 ], [ 114.255805, 35.0943551, 0.0 ], [ 114.2552646, 35.0951343, 0.0 ], [ 114.254834, 35.0957637, 0.0 ], [ 114.2547142, 35.0959136, 0.0 ], [ 114.2524624, 35.0980314, 0.0 ], [ 114.2513816, 35.1008285, 0.0 ], [ 114.2510314, 35.1032658, 0.0 ], [ 114.2510314, 35.105783, 0.0 ], [ 114.2509615, 35.1077809, 0.0 ], [ 114.2509914, 35.1095589, 0.0 ], [ 114.2505511, 35.1106877, 0.0 ], [ 114.2499607, 35.1107676, 0.0 ], [ 114.2469788, 35.1111772, 0.0 ], [ 114.2467484, 35.1112172, 0.0 ], [ 114.2461382, 35.111297, 0.0 ], [ 114.2455979, 35.1115967, 0.0 ], [ 114.244677, 35.1120962, 0.0 ], [ 114.2443368, 35.1125257, 0.0 ], [ 114.2441867, 35.1126955, 0.0 ], [ 114.2441068, 35.1127654, 0.0 ], [ 114.2435765, 35.1131949, 0.0 ], [ 114.2432161, 35.1133947, 0.0 ], [ 114.243026, 35.1134946, 0.0 ], [ 114.2421152, 35.1139841, 0.0 ], [ 114.2412646, 35.1142937, 0.0 ], [ 114.2406241, 35.1148332, 0.0 ], [ 114.2405341, 35.1147932, 0.0 ], [ 114.2399239, 35.1152926, 0.0 ], [ 114.2389429, 35.1152826, 0.0 ], [ 114.2380926, 35.1154824, 0.0 ], [ 114.2371217, 35.1155923, 0.0 ], [ 114.2363912, 35.1155823, 0.0 ], [ 114.2352904, 35.1155823, 0.0 ], [ 114.2339897, 35.1155823, 0.0 ], [ 114.2328989, 35.1155923, 0.0 ], [ 114.231798, 35.1156023, 0.0 ], [ 114.2312378, 35.1154724, 0.0 ], [ 114.2301971, 35.1152327, 0.0 ], [ 114.2294663, 35.1151727, 0.0 ], [ 114.2283758, 35.1150928, 0.0 ], [ 114.2279154, 35.1150728, 0.0 ], [ 114.2268246, 35.1150529, 0.0 ], [ 114.2264844, 35.1150429, 0.0 ], [ 114.2253137, 35.1150229, 0.0 ], [ 114.2242229, 35.1149929, 0.0 ], [ 114.223212, 35.1149929, 0.0 ], [ 114.2221313, 35.1151628, 0.0 ], [ 114.2215409, 35.1151528, 0.0 ], [ 114.22031, 35.1151628, 0.0 ], [ 114.2192693, 35.1154225, 0.0 ], [ 114.218969, 35.1153725, 0.0 ], [ 114.2184888, 35.1156223, 0.0 ], [ 114.2172277, 35.1157122, 0.0 ], [ 114.2161373, 35.1157821, 0.0 ], [ 114.2156869, 35.115872, 0.0 ], [ 114.2143657, 35.1161117, 0.0 ], [ 114.213285, 35.1162216, 0.0 ], [ 114.2122745, 35.1161117, 0.0 ], [ 114.2111837, 35.1160917, 0.0 ], [ 114.2105533, 35.1159219, 0.0 ], [ 114.2095226, 35.1156323, 0.0 ], [ 114.2086518, 35.1154724, 0.0 ], [ 114.2075812, 35.1152726, 0.0 ], [ 114.2067305, 35.1152027, 0.0 ], [ 114.2056397, 35.1151228, 0.0 ], [ 114.2049092, 35.1150229, 0.0 ], [ 114.2036683, 35.1148531, 0.0 ], [ 114.2025876, 35.1147333, 0.0 ], [ 114.2013568, 35.1146034, 0.0 ], [ 114.2002559, 35.1145734, 0.0 ], [ 114.200086, 35.1145734, 0.0 ], [ 114.199164, 35.1145524, 0.0 ], [ 114.1983018, 35.114621, 0.0 ], [ 114.1972092, 35.1147195, 0.0 ], [ 114.1968384, 35.1147489, 0.0 ], [ 114.1957458, 35.1148173, 0.0 ], [ 114.1946528, 35.1148857, 0.0 ], [ 114.1942522, 35.1149152, 0.0 ], [ 114.1935602, 35.1149641, 0.0 ], [ 114.1931092, 35.1150234, 0.0 ], [ 114.1920266, 35.1151718, 0.0 ], [ 114.1909542, 35.1153302, 0.0 ], [ 114.1903426, 35.1153493, 0.0 ], [ 114.18926, 35.1153977, 0.0 ], [ 114.188909, 35.1153673, 0.0 ], [ 114.1880472, 35.1152961, 0.0 ], [ 114.187626, 35.1152556, 0.0 ], [ 114.1865334, 35.1152341, 0.0 ], [ 114.1858616, 35.1152132, 0.0 ], [ 114.1854908, 35.1152027, 0.0 ], [ 114.1844083, 35.1152312, 0.0 ], [ 114.183436, 35.1152299, 0.0 ], [ 114.1832056, 35.1152295, 0.0 ], [ 114.1823434, 35.1152284, 0.0 ], [ 114.1814912, 35.115437, 0.0 ], [ 114.1805189, 35.1157252, 0.0 ], [ 114.1796567, 35.1161337, 0.0 ], [ 114.1791757, 35.1168223, 0.0 ], [ 114.1786742, 35.1174309, 0.0 ], [ 114.1783135, 35.1181297, 0.0 ], [ 114.1777019, 35.1187282, 0.0 ], [ 114.1769704, 35.1191267, 0.0 ], [ 114.1763587, 35.1197252, 0.0 ], [ 114.1756268, 35.1202237, 0.0 ], [ 114.1747751, 35.1206221, 0.0 ], [ 114.1740432, 35.1210207, 0.0 ], [ 114.1733113, 35.1215191, 0.0 ], [ 114.1727602, 35.1218181, 0.0 ], [ 114.1718378, 35.1223062, 0.0 ], [ 114.1709857, 35.1226048, 0.0 ], [ 114.1702538, 35.1226038, 0.0 ], [ 114.1691612, 35.1226022, 0.0 ], [ 114.1680586, 35.1226107, 0.0 ], [ 114.166966, 35.1226092, 0.0 ], [ 114.1661138, 35.1225081, 0.0 ], [ 114.1652617, 35.1222073, 0.0 ], [ 114.1645302, 35.1218067, 0.0 ], [ 114.1635578, 35.1215057, 0.0 ], [ 114.1627057, 35.1214046, 0.0 ], [ 114.1617334, 35.1213933, 0.0 ], [ 114.1606408, 35.1214018, 0.0 ], [ 114.1597886, 35.1215005, 0.0 ], [ 114.1590467, 35.1214895, 0.0 ], [ 114.1579642, 35.121488, 0.0 ], [ 114.1572726, 35.121497, 0.0 ], [ 114.1568615, 35.1214865, 0.0 ], [ 114.1557588, 35.121485, 0.0 ], [ 114.1547965, 35.1215835, 0.0 ], [ 114.1539444, 35.1217822, 0.0 ], [ 114.1532428, 35.1220309, 0.0 ], [ 114.1522304, 35.1223691, 0.0 ], [ 114.1516289, 35.1228678, 0.0 ], [ 114.1507667, 35.1231764, 0.0 ], [ 114.1497943, 35.1235746, 0.0 ], [ 114.1489422, 35.123873, 0.0 ], [ 114.148832, 35.123843, 0.0 ], [ 114.148381, 35.124182, 0.0 ], [ 114.1474687, 35.1246703, 0.0 ], [ 114.1468571, 35.1251689, 0.0 ], [ 114.1463059, 35.1254677, 0.0 ], [ 114.1453937, 35.125966, 0.0 ], [ 114.1446416, 35.1263246, 0.0 ], [ 114.1436794, 35.1267628, 0.0 ], [ 114.1428272, 35.1272612, 0.0 ], [ 114.1419751, 35.1276595, 0.0 ], [ 114.1415942, 35.1278689, 0.0 ], [ 114.1412432, 35.1280581, 0.0 ], [ 114.1403915, 35.1282468, 0.0 ], [ 114.1395293, 35.1285553, 0.0 ], [ 114.1386772, 35.1289537, 0.0 ], [ 114.1379755, 35.1292025, 0.0 ], [ 114.1369729, 35.1295508, 0.0 ], [ 114.1359905, 35.1298391, 0.0 ], [ 114.1351384, 35.1300378, 0.0 ], [ 114.1344065, 35.1304463, 0.0 ], [ 114.1336548, 35.1307949, 0.0 ], [ 114.1327026, 35.1312331, 0.0 ], [ 114.1318404, 35.1314318, 0.0 ], [ 114.1309883, 35.1318302, 0.0 ], [ 114.1301362, 35.1321287, 0.0 ], [ 114.1293942, 35.1327371, 0.0 ], [ 114.1286627, 35.1331357, 0.0 ], [ 114.128051, 35.1337243, 0.0 ], [ 114.1274394, 35.1342229, 0.0 ], [ 114.1267075, 35.1347214, 0.0 ], [ 114.1262165, 35.1353201, 0.0 ], [ 114.1259256, 35.1355894, 0.0 ], [ 114.1256048, 35.1359186, 0.0 ], [ 114.1250436, 35.1363775, 0.0 ], [ 114.1249932, 35.1364173, 0.0 ], [ 114.1245022, 35.137016, 0.0 ], [ 114.1238905, 35.1375047, 0.0 ], [ 114.1235197, 35.1379637, 0.0 ], [ 114.1234193, 35.1381035, 0.0 ], [ 114.1229081, 35.1387121, 0.0 ], [ 114.1221762, 35.1392107, 0.0 ], [ 114.1215649, 35.1397093, 0.0 ], [ 114.1209533, 35.1403079, 0.0 ], [ 114.1202113, 35.1407065, 0.0 ], [ 114.1193592, 35.1411049, 0.0 ], [ 114.1188782, 35.141264, 0.0 ], [ 114.1187778, 35.1413039, 0.0 ], [ 114.1185071, 35.1413934, 0.0 ], [ 114.1177655, 35.141792, 0.0 ], [ 114.1173342, 35.142161, 0.0 ], [ 114.1165523, 35.1427893, 0.0 ], [ 114.1158103, 35.1432878, 0.0 ], [ 114.115199, 35.1437865, 0.0 ], [ 114.1150784, 35.1444856, 0.0 ], [ 114.1148279, 35.1451946, 0.0 ], [ 114.1140859, 35.1455832, 0.0 ], [ 114.1131136, 35.1458816, 0.0 ], [ 114.1125624, 35.1461805, 0.0 ], [ 114.1116498, 35.1466788, 0.0 ], [ 114.110798, 35.1469773, 0.0 ], [ 114.1098156, 35.1471658, 0.0 ], [ 114.1089534, 35.1474743, 0.0 ], [ 114.107981, 35.1477627, 0.0 ], [ 114.1071289, 35.1478615, 0.0 ], [ 114.1061465, 35.1478601, 0.0 ], [ 114.1052944, 35.1479589, 0.0 ], [ 114.1044422, 35.1481576, 0.0 ], [ 114.1035901, 35.1482463, 0.0 ], [ 114.1026077, 35.148235, 0.0 ], [ 114.1025576, 35.1482349, 0.0 ], [ 114.1016353, 35.1483436, 0.0 ], [ 114.1011842, 35.1484528, 0.0 ], [ 114.1001215, 35.1486912, 0.0 ], [ 114.0990725, 35.1489323, 0.0 ], [ 114.0980936, 35.1491339, 0.0 ], [ 114.0971749, 35.1494152, 0.0 ], [ 114.0961464, 35.1497367, 0.0 ], [ 114.0954174, 35.1498979, 0.0 ], [ 114.0952676, 35.1499181, 0.0 ], [ 114.0941992, 35.1501298, 0.0 ], [ 114.0932704, 35.1504112, 0.0 ], [ 114.0922418, 35.1507227, 0.0 ], [ 114.091393, 35.151024, 0.0 ], [ 114.090534, 35.1513652, 0.0 ], [ 114.0904242, 35.1514253, 0.0 ], [ 114.0895652, 35.1518265, 0.0 ], [ 114.088946, 35.1523271, 0.0 ], [ 114.0879776, 35.1526185, 0.0 ], [ 114.0872486, 35.1531194, 0.0 ], [ 114.086759, 35.1539194, 0.0 ], [ 114.0864494, 35.1542896, 0.0 ], [ 114.0861398, 35.1546198, 0.0 ], [ 114.0856506, 35.1552101, 0.0 ], [ 114.0852809, 35.1559101, 0.0 ], [ 114.0847916, 35.1566402, 0.0 ], [ 114.0845418, 35.1575198, 0.0 ], [ 114.0841724, 35.1582197, 0.0 ], [ 114.0836828, 35.1589199, 0.0 ], [ 114.0830737, 35.1594205, 0.0 ], [ 114.0822148, 35.1597118, 0.0 ], [ 114.0814858, 35.1601127, 0.0 ], [ 114.0808766, 35.1607132, 0.0 ], [ 114.0802474, 35.1611339, 0.0 ], [ 114.0794086, 35.1617049, 0.0 ], [ 114.0790392, 35.1619153, 0.0 ], [ 114.0781205, 35.1624064, 0.0 ], [ 114.0772115, 35.1629076, 0.0 ], [ 114.076233, 35.1628994, 0.0 ], [ 114.0753841, 35.1630008, 0.0 ], [ 114.0744053, 35.1630025, 0.0 ], [ 114.0740759, 35.1629332, 0.0 ], [ 114.0734369, 35.1627945, 0.0 ], [ 114.0724584, 35.1624965, 0.0 ], [ 114.0717294, 35.1619884, 0.0 ], [ 114.0712898, 35.1616296, 0.0 ], [ 114.0705112, 35.1609916, 0.0 ], [ 114.070032, 35.1603931, 0.0 ], [ 114.0694229, 35.1597848, 0.0 ], [ 114.0693131, 35.159685, 0.0 ], [ 114.0689934, 35.1594158, 0.0 ], [ 114.0682144, 35.1587779, 0.0 ], [ 114.0679649, 35.1585286, 0.0 ], [ 114.0676056, 35.1581796, 0.0 ], [ 114.0669965, 35.1576812, 0.0 ], [ 114.0661375, 35.1575728, 0.0 ], [ 114.0650492, 35.1576747, 0.0 ], [ 114.0639606, 35.1576667, 0.0 ], [ 114.0635412, 35.1577673, 0.0 ], [ 114.0630919, 35.157868, 0.0 ], [ 114.062243, 35.1581693, 0.0 ], [ 114.0612743, 35.158171, 0.0 ], [ 114.0604153, 35.1583624, 0.0 ], [ 114.0595567, 35.1586636, 0.0 ], [ 114.0589476, 35.1591542, 0.0 ], [ 114.0581884, 35.1595252, 0.0 ], [ 114.0572398, 35.1599864, 0.0 ], [ 114.0568603, 35.160187, 0.0 ], [ 114.0559513, 35.1606981, 0.0 ], [ 114.0550326, 35.1611992, 0.0 ], [ 114.0542737, 35.1615502, 0.0 ], [ 114.0533251, 35.1620114, 0.0 ], [ 114.052716, 35.162512, 0.0 ], [ 114.0519769, 35.162923, 0.0 ], [ 114.0511079, 35.1632243, 0.0 ], [ 114.0499498, 35.1637558, 0.0 ], [ 114.0492107, 35.1641267, 0.0 ], [ 114.0481418, 35.164768, 0.0 ], [ 114.0470734, 35.1651396, 0.0 ], [ 114.0457954, 35.1654516, 0.0 ], [ 114.0449864, 35.1656329, 0.0 ], [ 114.0426796, 35.1659567, 0.0 ], [ 114.0406225, 35.1660503, 0.0 ], [ 114.0384456, 35.1656645, 0.0 ], [ 114.0376468, 35.1655161, 0.0 ], [ 114.0357193, 35.1646305, 0.0 ], [ 114.0342815, 35.1634542, 0.0 ], [ 114.0331831, 35.1633463, 0.0 ], [ 114.0324541, 35.1633577, 0.0 ], [ 114.0313558, 35.1633596, 0.0 ], [ 114.030257, 35.1633716, 0.0 ], [ 114.0291486, 35.1633736, 0.0 ], [ 114.02829, 35.163465, 0.0 ], [ 114.0270314, 35.1644063, 0.0 ], [ 114.0254237, 35.1648987, 0.0 ], [ 114.0230671, 35.1654524, 0.0 ], [ 114.0207102, 35.1657064, 0.0 ], [ 114.0162167, 35.1658244, 0.0 ], [ 114.0135203, 35.1655895, 0.0 ], [ 114.0111734, 35.1657635, 0.0 ], [ 114.0076184, 35.16575, 0.0 ], [ 114.0057112, 35.166103, 0.0 ], [ 114.0054516, 35.1661534, 0.0 ], [ 114.0050023, 35.1662941, 0.0 ], [ 114.0037639, 35.166676, 0.0 ], [ 114.0031249, 35.1668768, 0.0 ], [ 114.0024157, 35.1672178, 0.0 ], [ 113.9996495, 35.1681519, 0.0 ], [ 113.9989903, 35.1685228, 0.0 ], [ 113.9989306, 35.1685728, 0.0 ], [ 113.9984611, 35.169273, 0.0 ], [ 113.9981216, 35.1699829, 0.0 ], [ 113.9980115, 35.1706925, 0.0 ], [ 113.9976619, 35.1713924, 0.0 ], [ 113.9974423, 35.1721022, 0.0 ], [ 113.9970928, 35.1728021, 0.0 ], [ 113.9963735, 35.1733129, 0.0 ], [ 113.9951851, 35.1743441, 0.0 ], [ 113.9947157, 35.1749444, 0.0 ], [ 113.9941166, 35.1754651, 0.0 ], [ 113.993977, 35.1755153, 0.0 ], [ 113.9932678, 35.1757664, 0.0 ], [ 113.992429, 35.1759977, 0.0 ], [ 113.99171, 35.1763987, 0.0 ], [ 113.9911106, 35.1769193, 0.0 ], [ 113.9905616, 35.1772301, 0.0 ], [ 113.9896728, 35.1777413, 0.0 ], [ 113.9893132, 35.1780816, 0.0 ], [ 113.9891933, 35.1782017, 0.0 ], [ 113.987875, 35.1792831, 0.0 ], [ 113.9870362, 35.1797942, 0.0 ], [ 113.9870164, 35.1791949, 0.0 ], [ 113.9867366, 35.1786858, 0.0 ], [ 113.9867168, 35.178606, 0.0 ], [ 113.9866369, 35.1784963, 0.0 ], [ 113.9861279, 35.1779078, 0.0 ], [ 113.9855087, 35.1774194, 0.0 ], [ 113.9847599, 35.1769314, 0.0 ], [ 113.9839009, 35.1766433, 0.0 ], [ 113.9830423, 35.176565, 0.0 ], [ 113.9821736, 35.1762769, 0.0 ], [ 113.9818241, 35.1763276, 0.0 ], [ 113.9813248, 35.1760887, 0.0 ], [ 113.9796072, 35.1759322, 0.0 ], [ 113.9786287, 35.1758441, 0.0 ], [ 113.9755831, 35.1758998, 0.0 ], [ 113.9746043, 35.1761115, 0.0 ], [ 113.9737554, 35.1763229, 0.0 ], [ 113.9727967, 35.1767443, 0.0 ], [ 113.9719478, 35.1770656, 0.0 ], [ 113.9710993, 35.177277, 0.0 ], [ 113.9702504, 35.1773885, 0.0 ], [ 113.9694116, 35.1778096, 0.0 ], [ 113.9685527, 35.1780311, 0.0 ], [ 113.9678435, 35.1784419, 0.0 ], [ 113.9652972, 35.1790862, 0.0 ], [ 113.962711, 35.1788413, 0.0 ], [ 113.9605139, 35.1790753, 0.0 ], [ 113.9600246, 35.1789563, 0.0 ], [ 113.9596254, 35.1788472, 0.0 ], [ 113.9590962, 35.1786983, 0.0 ], [ 113.9587466, 35.1785691, 0.0 ], [ 113.958477, 35.1784598, 0.0 ], [ 113.9506182, 35.1777553, 0.0 ], [ 113.949999, 35.1771671, 0.0 ], [ 113.9496199, 35.1764685, 0.0 ], [ 113.9489906, 35.1759802, 0.0 ], [ 113.9484816, 35.1753917, 0.0 ], [ 113.9477429, 35.1750036, 0.0 ], [ 113.9468839, 35.1747155, 0.0 ], [ 113.9460253, 35.1745373, 0.0 ], [ 113.9451664, 35.1742492, 0.0 ], [ 113.9443078, 35.174061, 0.0 ], [ 113.943569, 35.1736828, 0.0 ], [ 113.9427, 35.1732948, 0.0 ], [ 113.9417118, 35.1727073, 0.0 ], [ 113.940963, 35.1721193, 0.0 ], [ 113.940104, 35.1718313, 0.0 ], [ 113.9394852, 35.1713429, 0.0 ], [ 113.936899, 35.1704986, 0.0 ], [ 113.9360501, 35.1703104, 0.0 ], [ 113.9350615, 35.1701325, 0.0 ], [ 113.9342029, 35.1700442, 0.0 ], [ 113.9312869, 35.1701097, 0.0 ], [ 113.930438, 35.1702212, 0.0 ], [ 113.9273924, 35.1702769, 0.0 ], [ 113.9265436, 35.1703984, 0.0 ], [ 113.9255752, 35.1704102, 0.0 ], [ 113.9244768, 35.1705422, 0.0 ], [ 113.9233781, 35.1705542, 0.0 ], [ 113.9225393, 35.1706757, 0.0 ], [ 113.9205823, 35.1707094, 0.0 ], [ 113.9201327, 35.1706703, 0.0 ], [ 113.9199829, 35.1706506, 0.0 ], [ 113.9197334, 35.1706311, 0.0 ], [ 113.918755, 35.1704432, 0.0 ], [ 113.9166878, 35.170497, 0.0 ], [ 113.9149804, 35.1701206, 0.0 ], [ 113.9141214, 35.1700323, 0.0 ], [ 113.913153, 35.1700642, 0.0 ], [ 113.9120546, 35.1699863, 0.0 ], [ 113.9115751, 35.1699173, 0.0 ], [ 113.9114455, 35.1698676, 0.0 ], [ 113.9100973, 35.1696104, 0.0 ], [ 113.9092286, 35.1693323, 0.0 ], [ 113.9083798, 35.169254, 0.0 ], [ 113.9075212, 35.168866, 0.0 ], [ 113.9067824, 35.1684778, 0.0 ], [ 113.9050649, 35.1679216, 0.0 ], [ 113.9042063, 35.1675337, 0.0 ], [ 113.9040364, 35.1674042, 0.0 ], [ 113.903577, 35.1670453, 0.0 ], [ 113.9032577, 35.1666663, 0.0 ], [ 113.9030881, 35.1664769, 0.0 ], [ 113.902569, 35.1658585, 0.0 ], [ 113.9021896, 35.1651699, 0.0 ], [ 113.9016902, 35.1645714, 0.0 ], [ 113.9013112, 35.1638828, 0.0 ], [ 113.9010415, 35.163194, 0.0 ], [ 113.9009119, 35.1624949, 0.0 ], [ 113.9009119, 35.162385, 0.0 ], [ 113.9008226, 35.1592783, 0.0 ], [ 113.900683, 35.1585893, 0.0 ], [ 113.9006531, 35.1577902, 0.0 ], [ 113.9003838, 35.156392, 0.0 ], [ 113.9003143, 35.1539946, 0.0 ], [ 113.8995241, 35.1519068, 0.0 ], [ 113.8995043, 35.1510975, 0.0 ], [ 113.8994744, 35.1509077, 0.0 ], [ 113.8993643, 35.150398, 0.0 ], [ 113.8989834, 35.1497083, 0.0 ], [ 113.8989636, 35.148909, 0.0 ], [ 113.8986832, 35.14751, 0.0 ], [ 113.8978915, 35.145411, 0.0 ], [ 113.8973904, 35.1447211, 0.0 ], [ 113.8971301, 35.1440314, 0.0 ], [ 113.8961077, 35.1428413, 0.0 ], [ 113.8956066, 35.1421513, 0.0 ], [ 113.8949852, 35.141561, 0.0 ], [ 113.8943639, 35.1410707, 0.0 ], [ 113.8936122, 35.1405802, 0.0 ], [ 113.8928702, 35.1401896, 0.0 ], [ 113.8920084, 35.1397089, 0.0 ], [ 113.8905248, 35.1389377, 0.0 ], [ 113.8895424, 35.1386467, 0.0 ], [ 113.8886802, 35.1383658, 0.0 ], [ 113.8878284, 35.1382847, 0.0 ], [ 113.8861339, 35.1387121, 0.0 ], [ 113.8857329, 35.1389713, 0.0 ], [ 113.885402, 35.1391207, 0.0 ], [ 113.88456, 35.1393394, 0.0 ], [ 113.8837079, 35.1394481, 0.0 ], [ 113.8817632, 35.1394854, 0.0 ], [ 113.8810216, 35.1390948, 0.0 ], [ 113.8801594, 35.1388139, 0.0 ], [ 113.879538, 35.1382237, 0.0 ], [ 113.8791971, 35.1377937, 0.0 ], [ 113.8790768, 35.1372142, 0.0 ], [ 113.8796586, 35.1362059, 0.0 ], [ 113.8807516, 35.1348788, 0.0 ], [ 113.8845517, 35.1302186, 0.0 ], [ 113.8851234, 35.1291304, 0.0 ], [ 113.8852638, 35.1280817, 0.0 ], [ 113.8850536, 35.1272623, 0.0 ], [ 113.8839811, 35.126072, 0.0 ], [ 113.8725338, 35.1208322, 0.0 ], [ 113.8690454, 35.1189196, 0.0 ], [ 113.8656773, 35.1165875, 0.0 ], [ 113.8645948, 35.1160867, 0.0 ], [ 113.8578185, 35.1128811, 0.0 ], [ 113.8560242, 35.1112405, 0.0 ], [ 113.853218, 35.1064617, 0.0 ], [ 113.8523861, 35.1050022, 0.0 ], [ 113.8518353, 35.1022944, 0.0 ], [ 113.851174, 35.0993865, 0.0 ], [ 113.8505522, 35.0986864, 0.0 ], [ 113.8497102, 35.0983756, 0.0 ], [ 113.8453693, 35.0980103, 0.0 ], [ 113.8439858, 35.0976588, 0.0 ], [ 113.8434746, 35.0970888, 0.0 ], [ 113.843304, 35.0961594, 0.0 ], [ 113.8453088, 35.0944637, 0.0 ], [ 113.8464918, 35.0931866, 0.0 ], [ 113.8464918, 35.0910687, 0.0 ], [ 113.8455994, 35.0889596, 0.0 ], [ 113.8450982, 35.0882896, 0.0 ], [ 113.8450381, 35.0882195, 0.0 ], [ 113.8441759, 35.0877688, 0.0 ], [ 113.841158, 35.0874352, 0.0 ], [ 113.8379602, 35.0882901, 0.0 ], [ 113.8334188, 35.0901723, 0.0 ], [ 113.8319352, 35.0906998, 0.0 ], [ 113.8314139, 35.0906392, 0.0 ], [ 113.8296794, 35.0901974, 0.0 ], [ 113.8236142, 35.0886408, 0.0 ], [ 113.8224312, 35.0886393, 0.0 ], [ 113.8162259, 35.0892805, 0.0 ], [ 113.8145314, 35.089448, 0.0 ], [ 113.8088473, 35.089031, 0.0 ], [ 113.8081655, 35.0887203, 0.0 ], [ 113.8065311, 35.0873594, 0.0 ], [ 113.8053884, 35.0861989, 0.0 ], [ 113.8045759, 35.0840299, 0.0 ], [ 113.8029617, 35.0793419, 0.0 ], [ 113.8014371, 35.0749639, 0.0 ], [ 113.8005248, 35.0736439, 0.0 ], [ 113.7998934, 35.0733833, 0.0 ], [ 113.7989228, 35.0729936, 0.0 ], [ 113.7956706, 35.0719446, 0.0 ], [ 113.7904974, 35.0723142, 0.0 ], [ 113.789637, 35.0727738, 0.0 ], [ 113.7889768, 35.0730935, 0.0 ], [ 113.7866155, 35.0756512, 0.0 ], [ 113.7857951, 35.0767502, 0.0 ], [ 113.7854351, 35.0782089, 0.0 ], [ 113.7847349, 35.0807966, 0.0 ], [ 113.7847151, 35.0809265, 0.0 ], [ 113.7838748, 35.0840237, 0.0 ], [ 113.7832146, 35.0864215, 0.0 ], [ 113.7815539, 35.0886795, 0.0 ], [ 113.7788924, 35.0919266, 0.0 ], [ 113.7777419, 35.0926459, 0.0 ], [ 113.7707381, 35.0951337, 0.0 ], [ 113.7698874, 35.0952136, 0.0 ], [ 113.7661654, 35.0947241, 0.0 ], [ 113.7619728, 35.0940747, 0.0 ], [ 113.7565793, 35.0932254, 0.0 ], [ 113.7500953, 35.0917867, 0.0 ], [ 113.7469734, 35.0910774, 0.0 ], [ 113.7458927, 35.0908376, 0.0 ], [ 113.7438414, 35.090368, 0.0 ], [ 113.7416602, 35.0898684, 0.0 ], [ 113.7402691, 35.089219, 0.0 ], [ 113.738638, 35.08808, 0.0 ], [ 113.737397, 35.0871009, 0.0 ], [ 113.7366468, 35.0866114, 0.0 ], [ 113.7359063, 35.0862217, 0.0 ], [ 113.7350455, 35.0858321, 0.0 ], [ 113.7343054, 35.0854424, 0.0 ], [ 113.7334547, 35.0851627, 0.0 ], [ 113.7325943, 35.0849829, 0.0 ], [ 113.7308731, 35.0844034, 0.0 ], [ 113.7300124, 35.0842135, 0.0 ], [ 113.7296023, 35.0840237, 0.0 ], [ 113.729152, 35.0838238, 0.0 ], [ 113.7284114, 35.0834342, 0.0 ], [ 113.727731, 35.0833843, 0.0 ], [ 113.727551, 35.0833543, 0.0 ], [ 113.7267004, 35.0831645, 0.0 ], [ 113.72584, 35.0828847, 0.0 ], [ 113.7249691, 35.0824951, 0.0 ], [ 113.7243791, 35.0823652, 0.0 ], [ 113.7241188, 35.0823053, 0.0 ], [ 113.7233783, 35.0818157, 0.0 ], [ 113.7227479, 35.0813262, 0.0 ], [ 113.7218872, 35.0809365, 0.0 ], [ 113.7211466, 35.0805469, 0.0 ], [ 113.7202862, 35.0802571, 0.0 ], [ 113.7195457, 35.0798675, 0.0 ], [ 113.7188855, 35.0797376, 0.0 ], [ 113.7186853, 35.0796976, 0.0 ], [ 113.7179448, 35.079208, 0.0 ], [ 113.7175643, 35.0783987, 0.0 ], [ 113.7170441, 35.07701, 0.0 ], [ 113.7170239, 35.0762108, 0.0 ], [ 113.717124, 35.0755114, 0.0 ], [ 113.7185143, 35.0726739, 0.0 ], [ 113.7188545, 35.0721743, 0.0 ], [ 113.7189946, 35.0719645, 0.0 ], [ 113.7195749, 35.0711553, 0.0 ], [ 113.7201754, 35.0706457, 0.0 ], [ 113.7208957, 35.0701362, 0.0 ], [ 113.721736, 35.0697165, 0.0 ], [ 113.7223364, 35.069207, 0.0 ], [ 113.7231767, 35.0687974, 0.0 ], [ 113.7237772, 35.068188, 0.0 ], [ 113.7246178, 35.0677783, 0.0 ], [ 113.7252179, 35.0672688, 0.0 ], [ 113.725678, 35.0666593, 0.0 ], [ 113.7263886, 35.0652406, 0.0 ], [ 113.7266086, 35.0645313, 0.0 ], [ 113.7265884, 35.063732, 0.0 ], [ 113.7264484, 35.0630426, 0.0 ], [ 113.7260578, 35.0623432, 0.0 ], [ 113.7254476, 35.0618437, 0.0 ], [ 113.7239564, 35.0608645, 0.0 ], [ 113.723086, 35.0604849, 0.0 ], [ 113.7223555, 35.0600853, 0.0 ], [ 113.7214948, 35.0597056, 0.0 ], [ 113.719774, 35.0593359, 0.0 ], [ 113.7180528, 35.0587564, 0.0 ], [ 113.7171924, 35.0583768, 0.0 ], [ 113.7163417, 35.058087, 0.0 ], [ 113.7161214, 35.0580071, 0.0 ], [ 113.715351, 35.0576974, 0.0 ], [ 113.7144906, 35.0575076, 0.0 ], [ 113.7136399, 35.0574277, 0.0 ], [ 113.7126593, 35.0574376, 0.0 ], [ 113.7120692, 35.0579571, 0.0 ], [ 113.711589, 35.0585666, 0.0 ], [ 113.7112387, 35.059266, 0.0 ], [ 113.7107786, 35.0599753, 0.0 ], [ 113.7105486, 35.0606847, 0.0 ], [ 113.7100784, 35.061494, 0.0 ], [ 113.7096079, 35.0621034, 0.0 ], [ 113.7090078, 35.0627129, 0.0 ], [ 113.7085376, 35.0633123, 0.0 ], [ 113.7080675, 35.0640317, 0.0 ], [ 113.7072269, 35.0644413, 0.0 ], [ 113.7069968, 35.0651407, 0.0 ], [ 113.7063964, 35.0656502, 0.0 ], [ 113.7060464, 35.0663596, 0.0 ], [ 113.7055763, 35.066969, 0.0 ], [ 113.7047256, 35.0672788, 0.0 ], [ 113.703885, 35.0674886, 0.0 ], [ 113.7029144, 35.0675086, 0.0 ], [ 113.702054, 35.0674187, 0.0 ], [ 113.7013135, 35.067029, 0.0 ], [ 113.700443, 35.0668391, 0.0 ], [ 113.6995931, 35.06656, 0.0 ], [ 113.6978752, 35.0661829, 0.0 ], [ 113.696896, 35.0660045, 0.0 ], [ 113.6966864, 35.0659748, 0.0 ], [ 113.6949484, 35.0660373, 0.0 ], [ 113.6945189, 35.0659481, 0.0 ], [ 113.6932402, 35.0656602, 0.0 ], [ 113.6923913, 35.0655716, 0.0 ], [ 113.6917818, 35.0660821, 0.0 ], [ 113.690943, 35.066503, 0.0 ], [ 113.6892449, 35.0667253, 0.0 ], [ 113.6853493, 35.0667911, 0.0 ], [ 113.6845001, 35.0670021, 0.0 ], [ 113.6836613, 35.0671233, 0.0 ], [ 113.6826824, 35.0672347, 0.0 ], [ 113.6818332, 35.0673458, 0.0 ], [ 113.6808544, 35.0673573, 0.0 ], [ 113.6798856, 35.0672788, 0.0 ], [ 113.6768389, 35.0673233, 0.0 ], [ 113.67599, 35.0675344, 0.0 ], [ 113.6750209, 35.0675559, 0.0 ], [ 113.6730733, 35.0677886, 0.0 ], [ 113.6713752, 35.0680209, 0.0 ], [ 113.6701667, 35.0681326, 0.0 ], [ 113.669807, 35.0681332, 0.0 ], [ 113.6675495, 35.0681765, 0.0 ], [ 113.666261, 35.0681984, 0.0 ], [ 113.6654118, 35.0681098, 0.0 ], [ 113.6645528, 35.0678213, 0.0 ], [ 113.6638138, 35.0676625, 0.0 ], [ 113.6636939, 35.0676328, 0.0 ], [ 113.6629548, 35.0672442, 0.0 ], [ 113.662575, 35.0671149, 0.0 ], [ 113.6620955, 35.0669558, 0.0 ], [ 113.6606072, 35.0661787, 0.0 ], [ 113.6598682, 35.0656903, 0.0 ], [ 113.6591287, 35.0653017, 0.0 ], [ 113.6582698, 35.0649233, 0.0 ], [ 113.6574108, 35.0647348, 0.0 ], [ 113.6566717, 35.0643462, 0.0 ], [ 113.6549534, 35.0637693, 0.0 ], [ 113.6532254, 35.0629926, 0.0 ], [ 113.6523665, 35.0627042, 0.0 ], [ 113.6515172, 35.0625256, 0.0 ], [ 113.6506583, 35.0622372, 0.0 ], [ 113.6497892, 35.0618488, 0.0 ], [ 113.6483111, 35.0610718, 0.0 ], [ 113.6480512, 35.0602728, 0.0 ], [ 113.6477815, 35.0599535, 0.0 ], [ 113.6475418, 35.0596841, 0.0 ], [ 113.6472818, 35.0589851, 0.0 ], [ 113.6471522, 35.058286, 0.0 ], [ 113.6468923, 35.057587, 0.0 ], [ 113.646992, 35.0568775, 0.0 ], [ 113.6468822, 35.051972, 0.0 ], [ 113.646982, 35.0512726, 0.0 ], [ 113.6472116, 35.0505628, 0.0 ], [ 113.6475612, 35.0498629, 0.0 ], [ 113.6477909, 35.0491632, 0.0 ], [ 113.6480105, 35.0483536, 0.0 ], [ 113.6487197, 35.0469338, 0.0 ], [ 113.6489396, 35.0462341, 0.0 ], [ 113.6492892, 35.0455343, 0.0 ], [ 113.649399, 35.0448247, 0.0 ], [ 113.6497486, 35.0441148, 0.0 ], [ 113.6499682, 35.0434151, 0.0 ], [ 113.6500679, 35.0427156, 0.0 ], [ 113.6505272, 35.0412961, 0.0 ], [ 113.6506273, 35.0405967, 0.0 ], [ 113.650857, 35.0398869, 0.0 ], [ 113.6507969, 35.0373892, 0.0 ], [ 113.6505373, 35.0366903, 0.0 ], [ 113.6503973, 35.0359912, 0.0 ], [ 113.6493983, 35.0348037, 0.0 ], [ 113.6481599, 35.0338164, 0.0 ], [ 113.6476602, 35.0332277, 0.0 ], [ 113.6468012, 35.0329393, 0.0 ], [ 113.6433751, 35.0321951, 0.0 ], [ 113.6416673, 35.0320178, 0.0 ], [ 113.6406884, 35.0320393, 0.0 ], [ 113.6398295, 35.0317508, 0.0 ], [ 113.63936, 35.0317115, 0.0 ], [ 113.6392002, 35.0310623, 0.0 ], [ 113.6391602, 35.0290842, 0.0 ], [ 113.6391602, 35.0289543, 0.0 ], [ 113.6391502, 35.0286646, 0.0 ], [ 113.6394896, 35.0279547, 0.0 ], [ 113.6397193, 35.0265456, 0.0 ], [ 113.6404084, 35.0251259, 0.0 ], [ 113.640638, 35.0244262, 0.0 ], [ 113.6408479, 35.0230271, 0.0 ], [ 113.6408278, 35.0222179, 0.0 ], [ 113.6404382, 35.0214192, 0.0 ], [ 113.6400588, 35.0207303, 0.0 ], [ 113.6395591, 35.0200418, 0.0 ], [ 113.6389399, 35.0195431, 0.0 ], [ 113.6382008, 35.0191545, 0.0 ], [ 113.6373419, 35.019066, 0.0 ], [ 113.6364829, 35.0188874, 0.0 ], [ 113.6356337, 35.0187988, 0.0 ], [ 113.6347848, 35.0186102, 0.0 ], [ 113.633806, 35.0185217, 0.0 ], [ 113.632947, 35.0183432, 0.0 ], [ 113.6319682, 35.0182547, 0.0 ], [ 113.6308795, 35.0182763, 0.0 ], [ 113.6300303, 35.0181977, 0.0 ], [ 113.6280326, 35.0182206, 0.0 ], [ 113.627943, 35.0181009, 0.0 ], [ 113.626984, 35.0182422, 0.0 ], [ 113.626125, 35.0179537, 0.0 ], [ 113.6252761, 35.0178651, 0.0 ], [ 113.6249762, 35.0177257, 0.0 ], [ 113.6244172, 35.0174768, 0.0 ], [ 113.6235582, 35.0171883, 0.0 ], [ 113.623538, 35.016429, 0.0 ], [ 113.6235179, 35.0155798, 0.0 ], [ 113.6239675, 35.0141803, 0.0 ], [ 113.6243171, 35.0134805, 0.0 ], [ 113.6245468, 35.0127707, 0.0 ], [ 113.6249762, 35.0121307, 0.0 ], [ 113.6250263, 35.0120506, 0.0 ], [ 113.6254856, 35.0114505, 0.0 ], [ 113.626085, 35.0108402, 0.0 ], [ 113.6265545, 35.01023, 0.0 ], [ 113.6272734, 35.0097194, 0.0 ], [ 113.6278728, 35.009209, 0.0 ], [ 113.6287116, 35.0087981, 0.0 ], [ 113.6294309, 35.0083874, 0.0 ], [ 113.6315981, 35.0069953, 0.0 ], [ 113.6338754, 35.0046341, 0.0 ], [ 113.6347844, 35.0027345, 0.0 ], [ 113.6347542, 35.0016854, 0.0 ], [ 113.6342549, 35.0009968, 0.0 ], [ 113.6338052, 35.0008676, 0.0 ], [ 113.6313583, 35.0001519, 0.0 ], [ 113.6312485, 34.9999722, 0.0 ], [ 113.6310188, 34.9995631, 0.0 ], [ 113.629351, 34.9985367, 0.0 ], [ 113.6267042, 34.9977915, 0.0 ], [ 113.6249662, 34.9975743, 0.0 ], [ 113.6241274, 34.9974657, 0.0 ], [ 113.6213406, 34.9966608, 0.0 ], [ 113.6189038, 34.9958653, 0.0 ], [ 113.6178648, 34.9955273, 0.0 ], [ 113.6161271, 34.9947906, 0.0 ], [ 113.6152681, 34.9944124, 0.0 ], [ 113.6144491, 34.994054, 0.0 ], [ 113.6125714, 34.9935973, 0.0 ], [ 113.6104142, 34.9928514, 0.0 ], [ 113.6085365, 34.9913758, 0.0 ], [ 113.6055406, 34.9883536, 0.0 ], [ 113.6032636, 34.9855401, 0.0 ], [ 113.6025342, 34.9846322, 0.0 ], [ 113.6002475, 34.9813891, 0.0 ], [ 113.5983542, 34.9781902, 0.0 ], [ 113.5979532, 34.9775801, 0.0 ], [ 113.5978729, 34.9774501, 0.0 ], [ 113.5965398, 34.9753901, 0.0 ], [ 113.5942344, 34.9720096, 0.0 ], [ 113.5939435, 34.9716794, 0.0 ], [ 113.5919891, 34.9684096, 0.0 ], [ 113.5903853, 34.9654899, 0.0 ], [ 113.5891922, 34.9628007, 0.0 ], [ 113.5890421, 34.9605129, 0.0 ], [ 113.5888618, 34.9596536, 0.0 ], [ 113.588491, 34.9579447, 0.0 ], [ 113.5882004, 34.9550773, 0.0 ], [ 113.5883311, 34.9519909, 0.0 ], [ 113.5886022, 34.947816, 0.0 ], [ 113.5884524, 34.943071, 0.0 ], [ 113.5885828, 34.9393553, 0.0 ], [ 113.5890745, 34.9367291, 0.0 ], [ 113.5890846, 34.9350709, 0.0 ], [ 113.5911298, 34.9350247, 0.0 ], [ 113.5926335, 34.9358465, 0.0 ], [ 113.5949195, 34.9367296, 0.0 ], [ 113.5969646, 34.9376123, 0.0 ], [ 113.598779, 34.9377654, 0.0 ], [ 113.6008012, 34.9377163, 0.0 ], [ 113.6023592, 34.9373146, 0.0 ], [ 113.6041272, 34.9363431, 0.0 ], [ 113.6063149, 34.9346318, 0.0 ], [ 113.6098508, 34.9328887, 0.0 ], [ 113.613836, 34.9311349, 0.0 ], [ 113.6178317, 34.929561, 0.0 ], [ 113.6189102, 34.9292897, 0.0 ], [ 113.6218468, 34.9285464, 0.0 ], [ 113.624973, 34.9286218, 0.0 ], [ 113.6258921, 34.9286405, 0.0 ], [ 113.6288383, 34.9295053, 0.0 ], [ 113.6317946, 34.9307297, 0.0 ], [ 113.6362892, 34.9306334, 0.0 ], [ 113.6400948, 34.9299986, 0.0 ], [ 113.6425421, 34.9292061, 0.0 ], [ 113.6456284, 34.9274737, 0.0 ], [ 113.6485152, 34.9263009, 0.0 ], [ 113.6520709, 34.9249274, 0.0 ], [ 113.6549279, 34.9230155, 0.0 ], [ 113.6575649, 34.921104, 0.0 ], [ 113.6595226, 34.9190337, 0.0 ], [ 113.6607214, 34.9175936, 0.0 ], [ 113.6612509, 34.9169536, 0.0 ], [ 113.6615206, 34.9166435, 0.0 ], [ 113.6632086, 34.9146934, 0.0 ], [ 113.6649467, 34.912993, 0.0 ], [ 113.6668248, 34.9112024, 0.0 ], [ 113.6669245, 34.9111024, 0.0 ], [ 113.6671243, 34.9109123, 0.0 ], [ 113.6688725, 34.9092019, 0.0 ], [ 113.6712996, 34.9076703, 0.0 ], [ 113.6720088, 34.9071199, 0.0 ], [ 113.6727979, 34.9070988, 0.0 ], [ 113.6730676, 34.9068986, 0.0 ], [ 113.6750854, 34.9066661, 0.0 ], [ 113.6775622, 34.9067925, 0.0 ], [ 113.6805088, 34.9074775, 0.0 ], [ 113.6836847, 34.9085119, 0.0 ], [ 113.6882192, 34.9095343, 0.0 ], [ 113.6923142, 34.9109168, 0.0 ], [ 113.6959297, 34.9117707, 0.0 ], [ 113.699795, 34.9129738, 0.0 ], [ 113.701846, 34.9134331, 0.0 ], [ 113.7043278, 34.9139924, 0.0 ], [ 113.7093008, 34.9146316, 0.0 ], [ 113.7158752, 34.91597, 0.0 ], [ 113.721079, 34.9165993, 0.0 ], [ 113.7234406, 34.9166892, 0.0 ], [ 113.7273829, 34.9168389, 0.0 ], [ 113.7336973, 34.9174482, 0.0 ], [ 113.7377401, 34.9173583, 0.0 ], [ 113.7429137, 34.9172384, 0.0 ], [ 113.7438443, 34.9171386, 0.0 ], [ 113.7473867, 34.916769, 0.0 ], [ 113.747737, 34.9167091, 0.0 ], [ 113.7492079, 34.9164394, 0.0 ], [ 113.7493681, 34.9164094, 0.0 ], [ 113.7500485, 34.9162896, 0.0 ], [ 113.75208, 34.91592, 0.0 ], [ 113.7560828, 34.9147215, 0.0 ], [ 113.760076, 34.9131434, 0.0 ], [ 113.764059, 34.9112057, 0.0 ], [ 113.767582, 34.9090882, 0.0 ], [ 113.7706445, 34.906791, 0.0 ], [ 113.7734669, 34.9039544, 0.0 ], [ 113.7773603, 34.8995996, 0.0 ], [ 113.7799325, 34.8960236, 0.0 ], [ 113.7822944, 34.8928171, 0.0 ], [ 113.7844364, 34.8898105, 0.0 ], [ 113.786338, 34.8864242, 0.0 ], [ 113.7867282, 34.8858949, 0.0 ], [ 113.787639, 34.8850957, 0.0 ], [ 113.7895906, 34.883018, 0.0 ], [ 113.7906814, 34.8824086, 0.0 ], [ 113.7912217, 34.8821189, 0.0 ], [ 113.7920123, 34.8816595, 0.0 ], [ 113.7940038, 34.8810601, 0.0 ], [ 113.7975664, 34.8802309, 0.0 ], [ 113.8009205, 34.8797826, 0.0 ], [ 113.8060728, 34.8794698, 0.0 ], [ 113.812358, 34.8788388, 0.0 ], [ 113.8124984, 34.878819, 0.0 ], [ 113.8132303, 34.87875, 0.0 ], [ 113.8181623, 34.8786366, 0.0 ] ] ] } },
{ "type": "Feature", "properties": { "Name": "封丘县", "AdminCode": "410727", "Kind": "0137", "CityAdCode": "410700", "CityName": "新乡市", "ProName": "河南省", "Shape_Leng": 1.7961381144199999, "Shape_Area": 0.11960176016, "sheng": 410000 }, "geometry": { "type": "Polygon", "coordinates": [ [ [ 114.4137787, 35.2261207, 0.0 ], [ 114.4132873, 35.2267093, 0.0 ], [ 114.4128362, 35.2271681, 0.0 ], [ 114.4126757, 35.2274176, 0.0 ], [ 114.412064, 35.227926, 0.0 ], [ 114.4112119, 35.2284141, 0.0 ], [ 114.4103497, 35.2285124, 0.0 ], [ 114.4093774, 35.2285107, 0.0 ], [ 114.4087254, 35.2283497, 0.0 ], [ 114.4084248, 35.2282792, 0.0 ], [ 114.4076627, 35.2281081, 0.0 ], [ 114.4066802, 35.2280065, 0.0 ], [ 114.4062792, 35.2279158, 0.0 ], [ 114.4058281, 35.2278051, 0.0 ], [ 114.4048457, 35.2277034, 0.0 ], [ 114.4039936, 35.227592, 0.0 ], [ 114.403001, 35.2273805, 0.0 ], [ 114.4019182, 35.2271987, 0.0 ], [ 114.4009458, 35.2268973, 0.0 ], [ 114.4002841, 35.2267462, 0.0 ], [ 114.399234, 35.2264869, 0.0 ], [ 114.398375, 35.2261984, 0.0 ], [ 114.3974063, 35.2260998, 0.0 ], [ 114.3963076, 35.2261014, 0.0 ], [ 114.3956581, 35.2259425, 0.0 ], [ 114.3946094, 35.2256942, 0.0 ], [ 114.3937505, 35.2253957, 0.0 ], [ 114.3929916, 35.2247973, 0.0 ], [ 114.3921726, 35.224199, 0.0 ], [ 114.3914335, 35.2237005, 0.0 ], [ 114.390954, 35.2231017, 0.0 ], [ 114.3907045, 35.2223927, 0.0 ], [ 114.3904147, 35.2218336, 0.0 ], [ 114.3899654, 35.220975, 0.0 ], [ 114.389496, 35.2203962, 0.0 ], [ 114.388767, 35.2200075, 0.0 ], [ 114.388637, 35.2196381, 0.0 ], [ 114.3885175, 35.2192985, 0.0 ], [ 114.3886972, 35.2189686, 0.0 ], [ 114.388857, 35.2186486, 0.0 ], [ 114.3893066, 35.2178287, 0.0 ], [ 114.3893765, 35.2176888, 0.0 ], [ 114.3897361, 35.2169988, 0.0 ], [ 114.3897361, 35.2167091, 0.0 ], [ 114.3897361, 35.2162994, 0.0 ], [ 114.3898564, 35.2156999, 0.0 ], [ 114.3903557, 35.2149998, 0.0 ], [ 114.3904356, 35.2144301, 0.0 ], [ 114.3908453, 35.2136003, 0.0 ], [ 114.3907254, 35.2132008, 0.0 ], [ 114.390356, 35.2123921, 0.0 ], [ 114.3900065, 35.2115233, 0.0 ], [ 114.3895072, 35.2107048, 0.0 ], [ 114.3890179, 35.2103657, 0.0 ], [ 114.388159, 35.2098075, 0.0 ], [ 114.3878393, 35.2095282, 0.0 ], [ 114.3870703, 35.2088898, 0.0 ], [ 114.3867708, 35.2085605, 0.0 ], [ 114.3861314, 35.2078221, 0.0 ], [ 114.3854824, 35.2070936, 0.0 ], [ 114.3854323, 35.2065941, 0.0 ], [ 114.3853427, 35.2057051, 0.0 ], [ 114.385243, 35.204806, 0.0 ], [ 114.3851231, 35.2045564, 0.0 ], [ 114.3847037, 35.2037277, 0.0 ], [ 114.3842742, 35.2028991, 0.0 ], [ 114.3842245, 35.2024895, 0.0 ], [ 114.3841248, 35.2015904, 0.0 ], [ 114.3841745, 35.2014305, 0.0 ], [ 114.3840247, 35.2006914, 0.0 ], [ 114.383795, 35.200302, 0.0 ], [ 114.3833058, 35.1995035, 0.0 ], [ 114.3828166, 35.198695, 0.0 ], [ 114.382427, 35.1980162, 0.0 ], [ 114.3819677, 35.1971977, 0.0 ], [ 114.3819277, 35.1966983, 0.0 ], [ 114.3818478, 35.1957992, 0.0 ], [ 114.3812585, 35.1954405, 0.0 ], [ 114.3802598, 35.1947426, 0.0 ], [ 114.3796406, 35.1939542, 0.0 ], [ 114.3792212, 35.1931257, 0.0 ], [ 114.3788018, 35.1922972, 0.0 ], [ 114.3785023, 35.1919479, 0.0 ], [ 114.377863, 35.1912295, 0.0 ], [ 114.377224, 35.1904912, 0.0 ], [ 114.3769842, 35.1896823, 0.0 ], [ 114.3767344, 35.1888036, 0.0 ], [ 114.3769741, 35.1884037, 0.0 ], [ 114.3774637, 35.1876038, 0.0 ], [ 114.3779634, 35.1867939, 0.0 ], [ 114.3780433, 35.1858947, 0.0 ], [ 114.3781232, 35.1849955, 0.0 ], [ 114.3782032, 35.1840964, 0.0 ], [ 114.3787626, 35.1835061, 0.0 ], [ 114.3794218, 35.182786, 0.0 ], [ 114.3803009, 35.1823352, 0.0 ], [ 114.3812297, 35.1818544, 0.0 ], [ 114.3821488, 35.1813735, 0.0 ], [ 114.3832273, 35.1807526, 0.0 ], [ 114.3839466, 35.1800823, 0.0 ], [ 114.384676, 35.1792921, 0.0 ], [ 114.3847361, 35.1783929, 0.0 ], [ 114.3847958, 35.1774837, 0.0 ], [ 114.3845564, 35.1767048, 0.0 ], [ 114.3837871, 35.1760666, 0.0 ], [ 114.3830182, 35.1754283, 0.0 ], [ 114.3822391, 35.1747901, 0.0 ], [ 114.3818197, 35.1745909, 0.0 ], [ 114.3808708, 35.1741427, 0.0 ], [ 114.3799319, 35.1736945, 0.0 ], [ 114.3797224, 35.1730654, 0.0 ], [ 114.3794426, 35.1721967, 0.0 ], [ 114.379173, 35.1719473, 0.0 ], [ 114.3784537, 35.171269, 0.0 ], [ 114.3777348, 35.1705908, 0.0 ], [ 114.3768859, 35.1700925, 0.0 ], [ 114.3764464, 35.1697335, 0.0 ], [ 114.3756673, 35.1690952, 0.0 ], [ 114.3753476, 35.1685263, 0.0 ], [ 114.3750481, 35.1679673, 0.0 ], [ 114.3748984, 35.1677178, 0.0 ], [ 114.3745488, 35.1670689, 0.0 ], [ 114.3744487, 35.1668893, 0.0 ], [ 114.3742493, 35.1666897, 0.0 ], [ 114.3739397, 35.1663905, 0.0 ], [ 114.3730505, 35.1655926, 0.0 ], [ 114.371892, 35.1649949, 0.0 ], [ 114.3709232, 35.1645867, 0.0 ], [ 114.3705434, 35.1645673, 0.0 ], [ 114.3694548, 35.1644989, 0.0 ], [ 114.3690653, 35.1645893, 0.0 ], [ 114.3685458, 35.16473, 0.0 ], [ 114.3673772, 35.1650213, 0.0 ], [ 114.3663185, 35.1652726, 0.0 ], [ 114.3652698, 35.1655338, 0.0 ], [ 114.3641808, 35.1658151, 0.0 ], [ 114.3634118, 35.1664456, 0.0 ], [ 114.3631022, 35.1666957, 0.0 ], [ 114.3626328, 35.167086, 0.0 ], [ 114.3624629, 35.1678055, 0.0 ], [ 114.362253, 35.1686948, 0.0 ], [ 114.362303, 35.1691543, 0.0 ], [ 114.3618833, 35.1699841, 0.0 ], [ 114.3616637, 35.1707236, 0.0 ], [ 114.3616334, 35.1708335, 0.0 ], [ 114.3613238, 35.1716931, 0.0 ], [ 114.3607846, 35.172483, 0.0 ], [ 114.3604548, 35.172983, 0.0 ], [ 114.3599353, 35.1737829, 0.0 ], [ 114.3596358, 35.174083, 0.0 ], [ 114.3589565, 35.1747832, 0.0 ], [ 114.3584669, 35.1749938, 0.0 ], [ 114.357488, 35.1753947, 0.0 ], [ 114.3563893, 35.1754362, 0.0 ], [ 114.3552906, 35.1754877, 0.0 ], [ 114.3546815, 35.1754486, 0.0 ], [ 114.3538625, 35.1753998, 0.0 ], [ 114.3535828, 35.1753803, 0.0 ], [ 114.3530834, 35.1752211, 0.0 ], [ 114.3520445, 35.174903, 0.0 ], [ 114.3510257, 35.1745747, 0.0 ], [ 114.3500969, 35.1741165, 0.0 ], [ 114.349158, 35.1736483, 0.0 ], [ 114.3482191, 35.1731702, 0.0 ], [ 114.3480193, 35.1729907, 0.0 ], [ 114.3472604, 35.1723325, 0.0 ], [ 114.3465113, 35.1716742, 0.0 ], [ 114.3460717, 35.1713153, 0.0 ], [ 114.3453028, 35.170677, 0.0 ], [ 114.3446735, 35.170608, 0.0 ], [ 114.3435848, 35.1704796, 0.0 ], [ 114.3426157, 35.1708707, 0.0 ], [ 114.3417568, 35.1712715, 0.0 ], [ 114.3412074, 35.1720014, 0.0 ], [ 114.3406282, 35.1727715, 0.0 ], [ 114.340558, 35.1731912, 0.0 ], [ 114.3404183, 35.1740903, 0.0 ], [ 114.3405482, 35.1749193, 0.0 ], [ 114.3406879, 35.1758182, 0.0 ], [ 114.3408974, 35.176597, 0.0 ], [ 114.3411271, 35.1774758, 0.0 ], [ 114.3411671, 35.1777854, 0.0 ], [ 114.341287, 35.1788841, 0.0 ], [ 114.3411372, 35.1797733, 0.0 ], [ 114.3409075, 35.1800334, 0.0 ], [ 114.3402782, 35.1807735, 0.0 ], [ 114.3395392, 35.1815237, 0.0 ], [ 114.3385502, 35.1819248, 0.0 ], [ 114.3380106, 35.1821253, 0.0 ], [ 114.3370019, 35.1824864, 0.0 ], [ 114.3362329, 35.1828271, 0.0 ], [ 114.3352739, 35.1832679, 0.0 ], [ 114.3343451, 35.183549, 0.0 ], [ 114.3337259, 35.1837296, 0.0 ], [ 114.3333162, 35.1838601, 0.0 ], [ 114.3324871, 35.1841809, 0.0 ], [ 114.3314885, 35.1845619, 0.0 ], [ 114.3311987, 35.1846922, 0.0 ], [ 114.3302598, 35.185163, 0.0 ], [ 114.3297803, 35.1857531, 0.0 ], [ 114.329191, 35.1859737, 0.0 ], [ 114.3281923, 35.1863546, 0.0 ], [ 114.3277027, 35.1865252, 0.0 ], [ 114.3266742, 35.1868663, 0.0 ], [ 114.3256651, 35.1872073, 0.0 ], [ 114.3246164, 35.1875384, 0.0 ], [ 114.3235278, 35.1874101, 0.0 ], [ 114.3224392, 35.1872818, 0.0 ], [ 114.3212706, 35.1871236, 0.0 ], [ 114.3202216, 35.1868854, 0.0 ], [ 114.320002, 35.1868457, 0.0 ], [ 114.3191628, 35.1866371, 0.0 ], [ 114.3180641, 35.1866387, 0.0 ], [ 114.3167659, 35.1867104, 0.0 ], [ 114.3157471, 35.1870415, 0.0 ], [ 114.3151078, 35.1871523, 0.0 ], [ 114.3140389, 35.1873336, 0.0 ], [ 114.31318, 35.1872949, 0.0 ], [ 114.3120812, 35.1872365, 0.0 ], [ 114.311552, 35.1870973, 0.0 ], [ 114.3105034, 35.1868291, 0.0 ], [ 114.3098438, 35.1865004, 0.0 ], [ 114.308915, 35.1860323, 0.0 ], [ 114.3087754, 35.185513, 0.0 ], [ 114.3085356, 35.1846043, 0.0 ], [ 114.3080161, 35.1838159, 0.0 ], [ 114.3074966, 35.1830175, 0.0 ], [ 114.3069674, 35.1822291, 0.0 ], [ 114.3067878, 35.1816899, 0.0 ], [ 114.3064879, 35.1808213, 0.0 ], [ 114.306408, 35.1806017, 0.0 ], [ 114.3061085, 35.1797331, 0.0 ], [ 114.3060386, 35.1794136, 0.0 ], [ 114.3058187, 35.1785348, 0.0 ], [ 114.3055192, 35.177846, 0.0 ], [ 114.3051397, 35.1769874, 0.0 ], [ 114.30481, 35.1761189, 0.0 ], [ 114.3044806, 35.1752603, 0.0 ], [ 114.3043805, 35.1750007, 0.0 ], [ 114.3041306, 35.1745516, 0.0 ], [ 114.3037213, 35.173723, 0.0 ], [ 114.3028922, 35.1732648, 0.0 ], [ 114.3019832, 35.1727565, 0.0 ], [ 114.3015437, 35.172897, 0.0 ], [ 114.3004252, 35.1732783, 0.0 ], [ 114.2995453, 35.1738183, 0.0 ], [ 114.2987249, 35.1742878, 0.0 ], [ 114.2978342, 35.1748172, 0.0 ], [ 114.2972237, 35.1748172, 0.0 ], [ 114.2961232, 35.1748072, 0.0 ], [ 114.2951425, 35.1746075, 0.0 ], [ 114.2947019, 35.1742179, 0.0 ], [ 114.2939516, 35.1735586, 0.0 ], [ 114.293111, 35.1727895, 0.0 ], [ 114.2925304, 35.1720302, 0.0 ], [ 114.29195, 35.1712611, 0.0 ], [ 114.2913697, 35.170502, 0.0 ], [ 114.2909593, 35.1698727, 0.0 ], [ 114.2904391, 35.1690835, 0.0 ], [ 114.2899088, 35.1682944, 0.0 ], [ 114.2895686, 35.1676351, 0.0 ], [ 114.2893184, 35.1671756, 0.0 ], [ 114.289128, 35.166806, 0.0 ], [ 114.2890481, 35.1666562, 0.0 ], [ 114.2886978, 35.1659769, 0.0 ], [ 114.2885678, 35.1656772, 0.0 ], [ 114.2882075, 35.1648282, 0.0 ], [ 114.2878471, 35.1639791, 0.0 ], [ 114.287557, 35.1635996, 0.0 ], [ 114.2869666, 35.1628403, 0.0 ], [ 114.2868366, 35.1626606, 0.0 ], [ 114.2863862, 35.1620812, 0.0 ], [ 114.2861461, 35.1614119, 0.0 ], [ 114.2858459, 35.1605429, 0.0 ], [ 114.2855356, 35.1596739, 0.0 ], [ 114.2854855, 35.1591744, 0.0 ], [ 114.2853955, 35.1582754, 0.0 ], [ 114.2852954, 35.1573764, 0.0 ], [ 114.2851853, 35.1566771, 0.0 ], [ 114.2850553, 35.1557781, 0.0 ], [ 114.2848152, 35.1551489, 0.0 ], [ 114.2844948, 35.1542898, 0.0 ], [ 114.2841748, 35.1534307, 0.0 ], [ 114.2837042, 35.1524918, 0.0 ], [ 114.2827938, 35.1519723, 0.0 ], [ 114.2818531, 35.1514629, 0.0 ], [ 114.2807724, 35.151323, 0.0 ], [ 114.2796816, 35.1511932, 0.0 ], [ 114.2786009, 35.1510533, 0.0 ], [ 114.2779802, 35.1509035, 0.0 ], [ 114.2769197, 35.1506538, 0.0 ], [ 114.2758688, 35.1503941, 0.0 ], [ 114.274818, 35.1501543, 0.0 ], [ 114.2739875, 35.1498247, 0.0 ], [ 114.272987, 35.1494451, 0.0 ], [ 114.2726166, 35.1489956, 0.0 ], [ 114.271906, 35.1480965, 0.0 ], [ 114.2713559, 35.1473174, 0.0 ], [ 114.2707554, 35.1463784, 0.0 ], [ 114.2705351, 35.1454994, 0.0 ], [ 114.270305, 35.1446204, 0.0 ], [ 114.270075, 35.1437414, 0.0 ], [ 114.2701448, 35.1430322, 0.0 ], [ 114.2702348, 35.1421431, 0.0 ], [ 114.270305, 35.1415938, 0.0 ], [ 114.2703248, 35.1412441, 0.0 ], [ 114.2701848, 35.1407147, 0.0 ], [ 114.2699548, 35.1398356, 0.0 ], [ 114.2697445, 35.1393862, 0.0 ], [ 114.2693543, 35.1385371, 0.0 ], [ 114.2692542, 35.1381075, 0.0 ], [ 114.2690641, 35.1372185, 0.0 ], [ 114.268874, 35.1363395, 0.0 ], [ 114.2686037, 35.1358501, 0.0 ], [ 114.2681436, 35.135031, 0.0 ], [ 114.2679233, 35.1345315, 0.0 ], [ 114.2675431, 35.1336824, 0.0 ], [ 114.2671727, 35.1328334, 0.0 ], [ 114.2668926, 35.1324837, 0.0 ], [ 114.2666125, 35.1320742, 0.0 ], [ 114.2660419, 35.1313051, 0.0 ], [ 114.2654717, 35.1305359, 0.0 ], [ 114.2652316, 35.1301863, 0.0 ], [ 114.2646811, 35.1294171, 0.0 ], [ 114.2641307, 35.128628, 0.0 ], [ 114.2638805, 35.1280286, 0.0 ], [ 114.2635201, 35.1271796, 0.0 ], [ 114.2631698, 35.1263305, 0.0 ], [ 114.2630399, 35.1260308, 0.0 ], [ 114.2626795, 35.1251717, 0.0 ], [ 114.2623195, 35.1243227, 0.0 ], [ 114.261759, 35.1235635, 0.0 ], [ 114.2611888, 35.1227944, 0.0 ], [ 114.2606182, 35.1220253, 0.0 ], [ 114.2602078, 35.121396, 0.0 ], [ 114.2596775, 35.1206068, 0.0 ], [ 114.2591674, 35.1198176, 0.0 ], [ 114.258757, 35.1193682, 0.0 ], [ 114.2581064, 35.118639, 0.0 ], [ 114.2575762, 35.1181795, 0.0 ], [ 114.2574959, 35.1180196, 0.0 ], [ 114.2572259, 35.1177898, 0.0 ], [ 114.2563054, 35.1173004, 0.0 ], [ 114.2553946, 35.116811, 0.0 ], [ 114.2548441, 35.1166212, 0.0 ], [ 114.2538433, 35.1162616, 0.0 ], [ 114.2528328, 35.1159119, 0.0 ], [ 114.2520124, 35.1153925, 0.0 ], [ 114.2516419, 35.1151528, 0.0 ], [ 114.2511516, 35.1148432, 0.0 ], [ 114.2506012, 35.1144935, 0.0 ], [ 114.2500907, 35.1141738, 0.0 ], [ 114.2499607, 35.1141039, 0.0 ], [ 114.2492101, 35.1136444, 0.0 ], [ 114.2483296, 35.1131051, 0.0 ], [ 114.2476693, 35.1124058, 0.0 ], [ 114.2468986, 35.1115068, 0.0 ], [ 114.2467484, 35.1112172, 0.0 ], [ 114.2469788, 35.1111772, 0.0 ], [ 114.2499607, 35.1107676, 0.0 ], [ 114.2505511, 35.1106877, 0.0 ], [ 114.2509914, 35.1095589, 0.0 ], [ 114.2509615, 35.1077809, 0.0 ], [ 114.2510314, 35.105783, 0.0 ], [ 114.2510314, 35.1032658, 0.0 ], [ 114.2513816, 35.1008285, 0.0 ], [ 114.2524624, 35.0980314, 0.0 ], [ 114.2547142, 35.0959136, 0.0 ], [ 114.254834, 35.0957637, 0.0 ], [ 114.2552646, 35.0951343, 0.0 ], [ 114.255805, 35.0943551, 0.0 ], [ 114.2561052, 35.0939056, 0.0 ], [ 114.2561851, 35.0938057, 0.0 ], [ 114.2566654, 35.0932063, 0.0 ], [ 114.2571056, 35.0923871, 0.0 ], [ 114.2574059, 35.0918077, 0.0 ], [ 114.2576161, 35.0912083, 0.0 ], [ 114.2577061, 35.0909485, 0.0 ], [ 114.2580164, 35.0900794, 0.0 ], [ 114.2581464, 35.0897098, 0.0 ], [ 114.2586968, 35.0889305, 0.0 ], [ 114.2591173, 35.0883212, 0.0 ], [ 114.2594975, 35.0875219, 0.0 ], [ 114.2599878, 35.0867127, 0.0 ], [ 114.260278, 35.0858535, 0.0 ], [ 114.260468, 35.0853141, 0.0 ], [ 114.2607182, 35.0845149, 0.0 ], [ 114.2608183, 35.0839255, 0.0 ], [ 114.2608784, 35.0836258, 0.0 ], [ 114.2609386, 35.0832961, 0.0 ], [ 114.2609684, 35.0831163, 0.0 ], [ 114.2610887, 35.0823171, 0.0 ], [ 114.2610685, 35.0816677, 0.0 ], [ 114.2610887, 35.0815179, 0.0 ], [ 114.2612287, 35.0806188, 0.0 ], [ 114.2613389, 35.0799195, 0.0 ], [ 114.2614987, 35.0790204, 0.0 ], [ 114.2615887, 35.0785209, 0.0 ], [ 114.2615988, 35.0776118, 0.0 ], [ 114.2615988, 35.0767127, 0.0 ], [ 114.2615988, 35.0760134, 0.0 ], [ 114.2614789, 35.0751243, 0.0 ], [ 114.2613389, 35.0742252, 0.0 ], [ 114.2612287, 35.0735159, 0.0 ], [ 114.2611085, 35.0728166, 0.0 ], [ 114.2611186, 35.0719175, 0.0 ], [ 114.2611186, 35.0710184, 0.0 ], [ 114.2611186, 35.0703091, 0.0 ], [ 114.2609684, 35.06942, 0.0 ], [ 114.2608583, 35.0688006, 0.0 ], [ 114.2608784, 35.0680114, 0.0 ], [ 114.2608784, 35.0672122, 0.0 ], [ 114.2607485, 35.0663231, 0.0 ], [ 114.2606783, 35.0658336, 0.0 ], [ 114.2606081, 35.065434, 0.0 ], [ 114.2606081, 35.0653541, 0.0 ], [ 114.2604882, 35.0645349, 0.0 ], [ 114.2604079, 35.0640154, 0.0 ], [ 114.260108, 35.0631463, 0.0 ], [ 114.2598078, 35.0622871, 0.0 ], [ 114.2596775, 35.0619075, 0.0 ], [ 114.2595576, 35.0612082, 0.0 ], [ 114.2591972, 35.060409, 0.0 ], [ 114.259077, 35.0595199, 0.0 ], [ 114.2589571, 35.0588106, 0.0 ], [ 114.2583566, 35.0580614, 0.0 ], [ 114.2579862, 35.0576018, 0.0 ], [ 114.257376, 35.0570124, 0.0 ], [ 114.2565253, 35.0565029, 0.0 ], [ 114.2556149, 35.0560034, 0.0 ], [ 114.2550745, 35.0557037, 0.0 ], [ 114.250541, 35.055454, 0.0 ], [ 114.250541, 35.0552042, 0.0 ], [ 114.250541, 35.0550943, 0.0 ], [ 114.250541, 35.0546947, 0.0 ], [ 114.250541, 35.054395, 0.0 ], [ 114.250541, 35.0539954, 0.0 ], [ 114.250541, 35.0536957, 0.0 ], [ 114.250541, 35.053386, 0.0 ], [ 114.250541, 35.0531862, 0.0 ], [ 114.250541, 35.0530863, 0.0 ], [ 114.2499506, 35.0530164, 0.0 ], [ 114.246068, 35.0525868, 0.0 ], [ 114.2453376, 35.0521772, 0.0 ], [ 114.2444869, 35.0518875, 0.0 ], [ 114.2441068, 35.0516178, 0.0 ], [ 114.2437565, 35.051378, 0.0 ], [ 114.2431859, 35.0509185, 0.0 ], [ 114.2426657, 35.0502891, 0.0 ], [ 114.2423053, 35.0495898, 0.0 ], [ 114.2421854, 35.0488805, 0.0 ], [ 114.2423053, 35.0481812, 0.0 ], [ 114.2423053, 35.047382, 0.0 ], [ 114.2424356, 35.0465828, 0.0 ], [ 114.2425656, 35.0456937, 0.0 ], [ 114.2426556, 35.0452042, 0.0 ], [ 114.2427056, 35.0447946, 0.0 ], [ 114.2428057, 35.0442752, 0.0 ], [ 114.2431661, 35.0435858, 0.0 ], [ 114.2434163, 35.0427767, 0.0 ], [ 114.2435462, 35.0420774, 0.0 ], [ 114.2436665, 35.0412781, 0.0 ], [ 114.2437864, 35.0405788, 0.0 ], [ 114.2437964, 35.0397895, 0.0 ], [ 114.2440366, 35.0390803, 0.0 ], [ 114.2441068, 35.0388505, 0.0 ], [ 114.2442868, 35.038291, 0.0 ], [ 114.2442868, 35.0374719, 0.0 ], [ 114.2444167, 35.0366827, 0.0 ], [ 114.2444167, 35.0357836, 0.0 ], [ 114.2442569, 35.0348745, 0.0 ], [ 114.2441766, 35.034375, 0.0 ], [ 114.2441068, 35.0342451, 0.0 ], [ 114.2438065, 35.0336857, 0.0 ], [ 114.2435664, 35.0329764, 0.0 ], [ 114.2431358, 35.0321472, 0.0 ], [ 114.242836, 35.0315778, 0.0 ], [ 114.2423554, 35.0309684, 0.0 ], [ 114.2419252, 35.0301492, 0.0 ], [ 114.2416249, 35.0295798, 0.0 ], [ 114.2411846, 35.0287606, 0.0 ], [ 114.2409143, 35.0278016, 0.0 ], [ 114.2409143, 35.0269824, 0.0 ], [ 114.2407544, 35.0260933, 0.0 ], [ 114.2406644, 35.0255738, 0.0 ], [ 114.2408243, 35.0246847, 0.0 ], [ 114.2409143, 35.0241752, 0.0 ], [ 114.2411645, 35.0234759, 0.0 ], [ 114.2412847, 35.0227766, 0.0 ], [ 114.241405, 35.0218775, 0.0 ], [ 114.2414147, 35.0210783, 0.0 ], [ 114.2416548, 35.0202791, 0.0 ], [ 114.241775, 35.0195798, 0.0 ], [ 114.2417851, 35.0186707, 0.0 ], [ 114.2419352, 35.0176817, 0.0 ], [ 114.2420252, 35.0171722, 0.0 ], [ 114.2423953, 35.0164729, 0.0 ], [ 114.2427056, 35.0157936, 0.0 ], [ 114.2427658, 35.0156737, 0.0 ], [ 114.2431261, 35.0149844, 0.0 ], [ 114.2433763, 35.0140953, 0.0 ], [ 114.2436262, 35.0132761, 0.0 ], [ 114.2437464, 35.0124869, 0.0 ], [ 114.2439865, 35.0117876, 0.0 ], [ 114.2441068, 35.0111083, 0.0 ], [ 114.2443667, 35.0102791, 0.0 ], [ 114.2445168, 35.00939, 0.0 ], [ 114.2446072, 35.0088805, 0.0 ], [ 114.2448473, 35.0081812, 0.0 ], [ 114.2451072, 35.007382, 0.0 ], [ 114.2453477, 35.0066827, 0.0 ], [ 114.2454676, 35.0059734, 0.0 ], [ 114.2457178, 35.0051742, 0.0 ], [ 114.245838, 35.0044849, 0.0 ], [ 114.2458477, 35.0035758, 0.0 ], [ 114.2458477, 35.0006787, 0.0 ], [ 114.2458477, 35.0001492, 0.0 ], [ 114.2456879, 34.9999494, 0.0 ], [ 114.2441071, 34.9979816, 0.0 ], [ 114.2437068, 34.9974821, 0.0 ], [ 114.243287, 34.993017, 0.0 ], [ 114.2432075, 34.991179, 0.0 ], [ 114.2430779, 34.9887217, 0.0 ], [ 114.2419075, 34.9847761, 0.0 ], [ 114.2400971, 34.980311, 0.0 ], [ 114.2387168, 34.9756261, 0.0 ], [ 114.2385775, 34.9717903, 0.0 ], [ 114.2369172, 34.9659068, 0.0 ], [ 114.2367174, 34.9645882, 0.0 ], [ 114.2363675, 34.962121, 0.0 ], [ 114.2361576, 34.9607525, 0.0 ], [ 114.2352576, 34.9569766, 0.0 ], [ 114.2349178, 34.9540099, 0.0 ], [ 114.2361594, 34.950344, 0.0 ], [ 114.2364499, 34.9476568, 0.0 ], [ 114.237351, 34.9443405, 0.0 ], [ 114.239443, 34.9405047, 0.0 ], [ 114.2398537, 34.9370185, 0.0 ], [ 114.2405446, 34.9346612, 0.0 ], [ 114.2411854, 34.9327133, 0.0 ], [ 114.2421664, 34.9291672, 0.0 ], [ 114.2422369, 34.9258608, 0.0 ], [ 114.2427179, 34.9224246, 0.0 ], [ 114.242638, 34.9214257, 0.0 ], [ 114.2423784, 34.9185388, 0.0 ], [ 114.241658, 34.91744, 0.0 ], [ 114.2411278, 34.916621, 0.0 ], [ 114.2404376, 34.9155621, 0.0 ], [ 114.2380764, 34.9133246, 0.0 ], [ 114.2357854, 34.9113867, 0.0 ], [ 114.2341146, 34.9094588, 0.0 ], [ 114.2390581, 34.907531, 0.0 ], [ 114.2396986, 34.9072812, 0.0 ], [ 114.2400985, 34.9071414, 0.0 ], [ 114.2403988, 34.9070815, 0.0 ], [ 114.2408092, 34.9071214, 0.0 ], [ 114.2441212, 34.907501, 0.0 ], [ 114.2565286, 34.9089594, 0.0 ], [ 114.2659339, 34.9097386, 0.0 ], [ 114.2739788, 34.9104078, 0.0 ], [ 114.3046192, 34.9093624, 0.0 ], [ 114.3389581, 34.908835, 0.0 ], [ 114.3450407, 34.9105246, 0.0 ], [ 114.3526511, 34.9152687, 0.0 ], [ 114.355138, 34.917363, 0.0 ], [ 114.3647057, 34.9254207, 0.0 ], [ 114.3683906, 34.9285122, 0.0 ], [ 114.36907, 34.9294801, 0.0 ], [ 114.3693295, 34.9298794, 0.0 ], [ 114.3700985, 34.9309471, 0.0 ], [ 114.375811, 34.9391102, 0.0 ], [ 114.3761206, 34.9395892, 0.0 ], [ 114.37645, 34.9399084, 0.0 ], [ 114.3768496, 34.9401076, 0.0 ], [ 114.377369, 34.9402468, 0.0 ], [ 114.3806249, 34.9411512, 0.0 ], [ 114.3835614, 34.9420261, 0.0 ], [ 114.3839408, 34.9421155, 0.0 ], [ 114.3843404, 34.9421149, 0.0 ], [ 114.393699, 34.9418921, 0.0 ], [ 114.3942386, 34.9418414, 0.0 ], [ 114.3946879, 34.9416609, 0.0 ], [ 114.4061492, 34.9361612, 0.0 ], [ 114.4227859, 34.9256434, 0.0 ], [ 114.4338268, 34.9183014, 0.0 ], [ 114.4341475, 34.9180923, 0.0 ], [ 114.4354111, 34.9173653, 0.0 ], [ 114.4396526, 34.9150154, 0.0 ], [ 114.4467619, 34.9133002, 0.0 ], [ 114.4522969, 34.9122514, 0.0 ], [ 114.4622941, 34.9093124, 0.0 ], [ 114.4831705, 34.9030861, 0.0 ], [ 114.4942902, 34.8993298, 0.0 ], [ 114.5009484, 34.8971344, 0.0 ], [ 114.5091992, 34.8946522, 0.0 ], [ 114.5097508, 34.8944935, 0.0 ], [ 114.5099711, 34.8944239, 0.0 ], [ 114.5101115, 34.8944242, 0.0 ], [ 114.510272, 34.8944444, 0.0 ], [ 114.5125678, 34.8946982, 0.0 ], [ 114.5178709, 34.895327, 0.0 ], [ 114.5258806, 34.8972392, 0.0 ], [ 114.5385421, 34.9009476, 0.0 ], [ 114.5396549, 34.9011995, 0.0 ], [ 114.5414192, 34.9012825, 0.0 ], [ 114.5422912, 34.9015038, 0.0 ], [ 114.5451787, 34.904526, 0.0 ], [ 114.5513538, 34.9090326, 0.0 ], [ 114.5575091, 34.9143582, 0.0 ], [ 114.5604161, 34.916621, 0.0 ], [ 114.5616692, 34.9175922, 0.0 ], [ 114.564015, 34.9194145, 0.0 ], [ 114.5682151, 34.9236075, 0.0 ], [ 114.569829, 34.9246592, 0.0 ], [ 114.5705209, 34.9245406, 0.0 ], [ 114.5739193, 34.9238372, 0.0 ], [ 114.5740396, 34.9238175, 0.0 ], [ 114.5764354, 34.9233222, 0.0 ], [ 114.5834525, 34.9222257, 0.0 ], [ 114.5894976, 34.9208377, 0.0 ], [ 114.5954822, 34.9197494, 0.0 ], [ 114.6006421, 34.9187075, 0.0 ], [ 114.606113, 34.9180606, 0.0 ], [ 114.6078601, 34.9183578, 0.0 ], [ 114.6119533, 34.9179325, 0.0 ], [ 114.6156073, 34.9177277, 0.0 ], [ 114.6195205, 34.9180019, 0.0 ], [ 114.6209184, 34.9180998, 0.0 ], [ 114.6231943, 34.9197848, 0.0 ], [ 114.6249713, 34.9206913, 0.0 ], [ 114.6271176, 34.9217771, 0.0 ], [ 114.6289745, 34.923113, 0.0 ], [ 114.6348245, 34.923914, 0.0 ], [ 114.6367811, 34.9247203, 0.0 ], [ 114.6406446, 34.9253243, 0.0 ], [ 114.6442885, 34.9259485, 0.0 ], [ 114.647603, 34.9260138, 0.0 ], [ 114.6499092, 34.9268796, 0.0 ], [ 114.6522154, 34.9277454, 0.0 ], [ 114.6522553, 34.9277554, 0.0 ], [ 114.653543, 34.9276837, 0.0 ], [ 114.6537626, 34.9276433, 0.0 ], [ 114.6552001, 34.9278012, 0.0 ], [ 114.657197, 34.9278484, 0.0 ], [ 114.6588642, 34.927876, 0.0 ], [ 114.6615397, 34.9273828, 0.0 ], [ 114.6622284, 34.926303, 0.0 ], [ 114.6628274, 34.9257128, 0.0 ], [ 114.6639758, 34.9235935, 0.0 ], [ 114.6657229, 34.9206143, 0.0 ], [ 114.6685381, 34.9175638, 0.0 ], [ 114.6693769, 34.9166436, 0.0 ], [ 114.6701758, 34.9157735, 0.0 ], [ 114.6749476, 34.9117612, 0.0 ], [ 114.6800693, 34.9069394, 0.0 ], [ 114.6861889, 34.9021261, 0.0 ], [ 114.6905716, 34.8991232, 0.0 ], [ 114.6953138, 34.896969, 0.0 ], [ 114.7013665, 34.894625, 0.0 ], [ 114.7064378, 34.8917082, 0.0 ], [ 114.7118486, 34.8888115, 0.0 ], [ 114.7158893, 34.8869735, 0.0 ], [ 114.7192596, 34.8853952, 0.0 ], [ 114.7232599, 34.8854751, 0.0 ], [ 114.7272001, 34.8871932, 0.0 ], [ 114.7273002, 34.8872032, 0.0 ], [ 114.7278499, 34.8877526, 0.0 ], [ 114.7334202, 34.8905995, 0.0 ], [ 114.7393505, 34.8926372, 0.0 ], [ 114.7443905, 34.8953343, 0.0 ], [ 114.7462304, 34.8963232, 0.0 ], [ 114.7500508, 34.8979814, 0.0 ], [ 114.7521506, 34.8989004, 0.0 ], [ 114.7587113, 34.9017571, 0.0 ], [ 114.7643017, 34.9040444, 0.0 ], [ 114.7679417, 34.9062219, 0.0 ], [ 114.7680119, 34.9062719, 0.0 ], [ 114.7692121, 34.9066014, 0.0 ], [ 114.7724921, 34.9080197, 0.0 ], [ 114.7751122, 34.909438, 0.0 ], [ 114.7763621, 34.9124745, 0.0 ], [ 114.776752, 34.9166895, 0.0 ], [ 114.7768319, 34.9175185, 0.0 ], [ 114.7768718, 34.9179581, 0.0 ], [ 114.7768016, 34.9204152, 0.0 ], [ 114.7750913, 34.922313, 0.0 ], [ 114.7720309, 34.9249899, 0.0 ], [ 114.7676105, 34.9284759, 0.0 ], [ 114.7638697, 34.9316923, 0.0 ], [ 114.7591094, 34.9359875, 0.0 ], [ 114.7523184, 34.9410619, 0.0 ], [ 114.7500482, 34.9430797, 0.0 ], [ 114.7495982, 34.9434792, 0.0 ], [ 114.7457678, 34.9456669, 0.0 ], [ 114.7461181, 34.9461164, 0.0 ], [ 114.744388, 34.948244, 0.0 ], [ 114.7437878, 34.9489831, 0.0 ], [ 114.7429674, 34.9547167, 0.0 ], [ 114.7443872, 34.9585222, 0.0 ], [ 114.7445172, 34.9588618, 0.0 ], [ 114.7473774, 34.9632866, 0.0 ], [ 114.7500472, 34.9674117, 0.0 ], [ 114.750257, 34.9677213, 0.0 ], [ 114.753177, 34.9702383, 0.0 ], [ 114.7567972, 34.971936, 0.0 ], [ 114.7600771, 34.9733841, 0.0 ], [ 114.7650271, 34.9742927, 0.0 ], [ 114.7699872, 34.975471, 0.0 ], [ 114.7756072, 34.9763894, 0.0 ], [ 114.7910173, 34.9797443, 0.0 ], [ 114.7966672, 34.9810522, 0.0 ], [ 114.8020805, 34.9825633, 0.0 ], [ 114.8074985, 34.9842794, 0.0 ], [ 114.8081191, 34.9844999, 0.0 ], [ 114.7633063, 34.9881068, 0.0 ], [ 114.7606661, 34.988976, 0.0 ], [ 114.756926, 34.9908241, 0.0 ], [ 114.754576, 34.993751, 0.0 ], [ 114.7527756, 34.9958188, 0.0 ], [ 114.7507754, 34.9981663, 0.0 ], [ 114.7500554, 34.9998943, 0.0 ], [ 114.7499554, 34.9999943, 0.0 ], [ 114.7499456, 35.0000342, 0.0 ], [ 114.7499154, 35.000224, 0.0 ], [ 114.7498855, 35.0007535, 0.0 ], [ 114.7498456, 35.001223, 0.0 ], [ 114.7498556, 35.0015627, 0.0 ], [ 114.7498754, 35.0034108, 0.0 ], [ 114.7498956, 35.005239, 0.0 ], [ 114.7498556, 35.0064778, 0.0 ], [ 114.7498556, 35.007367, 0.0 ], [ 114.7496656, 35.0081462, 0.0 ], [ 114.7495655, 35.0085258, 0.0 ], [ 114.7490856, 35.0092751, 0.0 ], [ 114.7481053, 35.0097547, 0.0 ], [ 114.7472953, 35.0098347, 0.0 ], [ 114.7464155, 35.0099147, 0.0 ], [ 114.7456854, 35.0103044, 0.0 ], [ 114.7450756, 35.0110138, 0.0 ], [ 114.7444754, 35.0115133, 0.0 ], [ 114.7443854, 35.0116232, 0.0 ], [ 114.7439855, 35.0121227, 0.0 ], [ 114.7433854, 35.0126223, 0.0 ], [ 114.7427755, 35.0132218, 0.0 ], [ 114.7421754, 35.0137213, 0.0 ], [ 114.7413254, 35.0142309, 0.0 ], [ 114.7408355, 35.0149303, 0.0 ], [ 114.7401155, 35.01533, 0.0 ], [ 114.7393854, 35.0159294, 0.0 ], [ 114.7385156, 35.0162392, 0.0 ], [ 114.7376855, 35.0168287, 0.0 ], [ 114.7368254, 35.0170286, 0.0 ], [ 114.7360954, 35.0170286, 0.0 ], [ 114.7350056, 35.0170387, 0.0 ], [ 114.7347756, 35.0170387, 0.0 ], [ 114.7339055, 35.0170388, 0.0 ], [ 114.7329356, 35.0171389, 0.0 ], [ 114.7320853, 35.0173487, 0.0 ], [ 114.7311054, 35.0174488, 0.0 ], [ 114.7302554, 35.0175487, 0.0 ], [ 114.7292856, 35.0175389, 0.0 ], [ 114.7288954, 35.0175888, 0.0 ], [ 114.7278154, 35.0177188, 0.0 ], [ 114.7267256, 35.0178587, 0.0 ], [ 114.7265755, 35.0178588, 0.0 ], [ 114.7257554, 35.0178588, 0.0 ], [ 114.7253656, 35.0179888, 0.0 ], [ 114.7243655, 35.0183485, 0.0 ], [ 114.7233553, 35.0186982, 0.0 ], [ 114.7223556, 35.019058, 0.0 ], [ 114.7214956, 35.0194577, 0.0 ], [ 114.7207756, 35.0198673, 0.0 ], [ 114.7200754, 35.0201072, 0.0 ], [ 114.7190656, 35.0204569, 0.0 ], [ 114.7185155, 35.0207667, 0.0 ], [ 114.7176054, 35.0212663, 0.0 ], [ 114.7171154, 35.0218657, 0.0 ], [ 114.7166356, 35.0225651, 0.0 ], [ 114.7161456, 35.0231745, 0.0 ], [ 114.7159156, 35.0238639, 0.0 ], [ 114.7155455, 35.0245632, 0.0 ], [ 114.7150656, 35.0251627, 0.0 ], [ 114.7146955, 35.025872, 0.0 ], [ 114.7143355, 35.0266612, 0.0 ], [ 114.7142156, 35.0273705, 0.0 ], [ 114.7138456, 35.0281697, 0.0 ], [ 114.7136155, 35.028869, 0.0 ], [ 114.7131256, 35.0294785, 0.0 ], [ 114.7125254, 35.029978, 0.0 ], [ 114.7120355, 35.0305675, 0.0 ], [ 114.7114256, 35.0312669, 0.0 ], [ 114.7106956, 35.0317764, 0.0 ], [ 114.7102556, 35.0321361, 0.0 ], [ 114.7094856, 35.0327756, 0.0 ], [ 114.7092354, 35.0334749, 0.0 ], [ 114.7086256, 35.0340844, 0.0 ], [ 114.7083354, 35.0346438, 0.0 ], [ 114.7079056, 35.035483, 0.0 ], [ 114.7075355, 35.0362723, 0.0 ], [ 114.7071755, 35.0367319, 0.0 ], [ 114.7065656, 35.0374811, 0.0 ], [ 114.7059655, 35.0380806, 0.0 ], [ 114.7054453, 35.0385202, 0.0 ], [ 114.7053355, 35.0386002, 0.0 ], [ 114.7046256, 35.0392795, 0.0 ], [ 114.7041356, 35.0399789, 0.0 ], [ 114.7037756, 35.0406782, 0.0 ], [ 114.7036554, 35.0413876, 0.0 ], [ 114.7035355, 35.0422767, 0.0 ], [ 114.7034156, 35.042976, 0.0 ], [ 114.7032853, 35.0433456, 0.0 ], [ 114.7029955, 35.0442148, 0.0 ], [ 114.7026956, 35.045074, 0.0 ], [ 114.7023256, 35.0457833, 0.0 ], [ 114.7017254, 35.0462929, 0.0 ], [ 114.7009856, 35.0466826, 0.0 ], [ 114.7000154, 35.0470823, 0.0 ], [ 114.6991669, 35.0472831, 0.0 ], [ 114.698308, 35.0473842, 0.0 ], [ 114.6974594, 35.0476851, 0.0 ], [ 114.6963913, 35.0479164, 0.0 ], [ 114.6953927, 35.0482874, 0.0 ], [ 114.6944142, 35.0486884, 0.0 ], [ 114.6936956, 35.049099, 0.0 ], [ 114.6928367, 35.0494898, 0.0 ], [ 114.6919882, 35.0500004, 0.0 ], [ 114.6910198, 35.0504014, 0.0 ], [ 114.6900413, 35.0507025, 0.0 ], [ 114.6893224, 35.0511031, 0.0 ], [ 114.6887136, 35.0516034, 0.0 ], [ 114.687855, 35.0519044, 0.0 ], [ 114.687126, 35.0523049, 0.0 ], [ 114.6862674, 35.0527057, 0.0 ], [ 114.6855287, 35.0532263, 0.0 ], [ 114.6846899, 35.0538169, 0.0 ], [ 114.683971, 35.0543174, 0.0 ], [ 114.6833618, 35.0548077, 0.0 ], [ 114.682873, 35.0554178, 0.0 ], [ 114.6822239, 35.0559881, 0.0 ], [ 114.6817847, 35.0568079, 0.0 ], [ 114.6812954, 35.0576078, 0.0 ], [ 114.6808159, 35.0583178, 0.0 ], [ 114.6802072, 35.0588182, 0.0 ], [ 114.6797179, 35.0594182, 0.0 ], [ 114.6796178, 35.0594883, 0.0 ], [ 114.6792287, 35.0602181, 0.0 ], [ 114.6786196, 35.0607284, 0.0 ], [ 114.6781404, 35.0614184, 0.0 ], [ 114.6776612, 35.0620185, 0.0 ], [ 114.677042, 35.0626188, 0.0 ], [ 114.6765629, 35.0632188, 0.0 ], [ 114.6759538, 35.0637292, 0.0 ], [ 114.6755945, 35.0641792, 0.0 ], [ 114.6749854, 35.0649193, 0.0 ], [ 114.6741268, 35.0652302, 0.0 ], [ 114.6732782, 35.0654312, 0.0 ], [ 114.6727289, 35.0657317, 0.0 ], [ 114.6717205, 35.0662625, 0.0 ], [ 114.6707222, 35.0666336, 0.0 ], [ 114.6702132, 35.0671438, 0.0 ], [ 114.6695141, 35.0678341, 0.0 ], [ 114.6687754, 35.0682347, 0.0 ], [ 114.6680464, 35.0687353, 0.0 ], [ 114.6675672, 35.0693353, 0.0 ], [ 114.667088, 35.0701351, 0.0 ], [ 114.6665887, 35.0707352, 0.0 ], [ 114.6662294, 35.0714351, 0.0 ], [ 114.6656203, 35.0720353, 0.0 ], [ 114.6651113, 35.0726754, 0.0 ], [ 114.664532, 35.0734454, 0.0 ], [ 114.6640428, 35.0741454, 0.0 ], [ 114.6635237, 35.0748255, 0.0 ], [ 114.6630744, 35.0756453, 0.0 ], [ 114.6625852, 35.0764452, 0.0 ], [ 114.662056, 35.0771153, 0.0 ], [ 114.6616168, 35.0779451, 0.0 ], [ 114.6612575, 35.0786448, 0.0 ], [ 114.6607682, 35.0792549, 0.0 ], [ 114.660279, 35.0799448, 0.0 ], [ 114.6597998, 35.080545, 0.0 ], [ 114.6595003, 35.0811148, 0.0 ], [ 114.6590708, 35.0819446, 0.0 ], [ 114.6585816, 35.0825547, 0.0 ], [ 114.6582223, 35.0832444, 0.0 ], [ 114.6581622, 35.0833244, 0.0 ], [ 114.657853, 35.0836945, 0.0 ], [ 114.6575632, 35.0840646, 0.0 ], [ 114.6572536, 35.0844546, 0.0 ], [ 114.6566448, 35.0850549, 0.0 ], [ 114.6562754, 35.0857547, 0.0 ], [ 114.655846, 35.0863746, 0.0 ], [ 114.6553067, 35.0871547, 0.0 ], [ 114.6548178, 35.0877547, 0.0 ], [ 114.6542188, 35.088365, 0.0 ], [ 114.6537295, 35.088955, 0.0 ], [ 114.6534797, 35.0896647, 0.0 ], [ 114.6530005, 35.0903647, 0.0 ], [ 114.6526312, 35.0911543, 0.0 ], [ 114.652152, 35.0917545, 0.0 ], [ 114.6516628, 35.0924644, 0.0 ], [ 114.651423, 35.0932639, 0.0 ], [ 114.6511235, 35.0938338, 0.0 ], [ 114.6506944, 35.0946636, 0.0 ], [ 114.6505144, 35.0951933, 0.0 ], [ 114.6502148, 35.0960629, 0.0 ], [ 114.6502148, 35.0968621, 0.0 ], [ 114.6500953, 35.0976614, 0.0 ], [ 114.6497256, 35.0983613, 0.0 ], [ 114.649546, 35.0988909, 0.0 ], [ 114.6497656, 35.1021972, 0.0 ], [ 114.6497854, 35.103206, 0.0 ], [ 114.6493958, 35.1034263, 0.0 ], [ 114.6486272, 35.1039867, 0.0 ], [ 114.6478684, 35.104687, 0.0 ], [ 114.6475188, 35.105127, 0.0 ], [ 114.646131, 35.1065974, 0.0 ], [ 114.6452922, 35.1075775, 0.0 ], [ 114.6449326, 35.1080175, 0.0 ], [ 114.6443036, 35.1088475, 0.0 ], [ 114.6436646, 35.1096575, 0.0 ], [ 114.643435, 35.1100273, 0.0 ], [ 114.6431254, 35.1105972, 0.0 ], [ 114.6428957, 35.1110071, 0.0 ], [ 114.6424162, 35.1118368, 0.0 ], [ 114.6419168, 35.1128664, 0.0 ], [ 114.6414276, 35.1139259, 0.0 ], [ 114.6411979, 35.1145855, 0.0 ], [ 114.6409582, 35.1154049, 0.0 ], [ 114.6407684, 35.1161743, 0.0 ], [ 114.640479, 35.116864, 0.0 ], [ 114.6402094, 35.1173839, 0.0 ], [ 114.6399196, 35.1178836, 0.0 ], [ 114.6395102, 35.1185835, 0.0 ], [ 114.6388313, 35.1196732, 0.0 ], [ 114.6381822, 35.1206031, 0.0 ], [ 114.6376728, 35.1212931, 0.0 ], [ 114.6372336, 35.121953, 0.0 ], [ 114.636964, 35.122303, 0.0 ], [ 114.6366346, 35.122613, 0.0 ], [ 114.6361352, 35.1230034, 0.0 ], [ 114.6358156, 35.1232535, 0.0 ], [ 114.6356759, 35.1233835, 0.0 ], [ 114.6354361, 35.1236636, 0.0 ], [ 114.6352064, 35.1239336, 0.0 ], [ 114.634318, 35.1248439, 0.0 ], [ 114.6335389, 35.1256241, 0.0 ], [ 114.6331595, 35.1260042, 0.0 ], [ 114.6324805, 35.1267243, 0.0 ], [ 114.6316219, 35.1276146, 0.0 ], [ 114.6312425, 35.1279647, 0.0 ], [ 114.6309631, 35.1282248, 0.0 ], [ 114.630813, 35.1283449, 0.0 ], [ 114.6306935, 35.128425, 0.0 ], [ 114.6305038, 35.1285351, 0.0 ], [ 114.6301042, 35.1287455, 0.0 ], [ 114.6297049, 35.1289058, 0.0 ], [ 114.6292258, 35.1290264, 0.0 ], [ 114.6286566, 35.1291171, 0.0 ], [ 114.6280277, 35.1292578, 0.0 ], [ 114.6276482, 35.1293583, 0.0 ], [ 114.6264199, 35.1296996, 0.0 ], [ 114.6249824, 35.1301311, 0.0 ], [ 114.6242534, 35.1303319, 0.0 ], [ 114.6230752, 35.1307631, 0.0 ], [ 114.6222565, 35.1310838, 0.0 ], [ 114.6211783, 35.1315749, 0.0 ], [ 114.6205094, 35.1318455, 0.0 ], [ 114.6195608, 35.1321764, 0.0 ], [ 114.6195108, 35.1321965, 0.0 ], [ 114.6183725, 35.1325577, 0.0 ], [ 114.6167154, 35.1330894, 0.0 ], [ 114.6158068, 35.1333904, 0.0 ], [ 114.6145586, 35.1337717, 0.0 ], [ 114.61374, 35.1340325, 0.0 ], [ 114.6135503, 35.1341127, 0.0 ], [ 114.6133404, 35.1342528, 0.0 ], [ 114.6121621, 35.1354032, 0.0 ], [ 114.6113035, 35.1362535, 0.0 ], [ 114.6112236, 35.1363235, 0.0 ], [ 114.6111239, 35.1363936, 0.0 ], [ 114.6110339, 35.1364437, 0.0 ], [ 114.6109241, 35.1364638, 0.0 ], [ 114.6108042, 35.1364639, 0.0 ], [ 114.6106544, 35.1364442, 0.0 ], [ 114.6088573, 35.136227, 0.0 ], [ 114.6083483, 35.1361678, 0.0 ], [ 114.6080689, 35.1360882, 0.0 ], [ 114.6079688, 35.1360284, 0.0 ], [ 114.6078792, 35.1359486, 0.0 ], [ 114.6076794, 35.1355693, 0.0 ], [ 114.6075797, 35.1354595, 0.0 ], [ 114.6074497, 35.1353699, 0.0 ], [ 114.60731, 35.1353102, 0.0 ], [ 114.6071704, 35.1352604, 0.0 ], [ 114.6070105, 35.1352507, 0.0 ], [ 114.606841, 35.1352608, 0.0 ], [ 114.6066811, 35.1352811, 0.0 ], [ 114.6061919, 35.1354116, 0.0 ], [ 114.6054528, 35.1356723, 0.0 ], [ 114.6051634, 35.1357427, 0.0 ], [ 114.6040553, 35.135984, 0.0 ], [ 114.6031967, 35.1362749, 0.0 ], [ 114.6024976, 35.1364855, 0.0 ], [ 114.601649, 35.1367365, 0.0 ], [ 114.5990592, 35.1372965, 0.0 ], [ 114.5982172, 35.1373948, 0.0 ], [ 114.597806, 35.1375039, 0.0 ], [ 114.5965529, 35.1378611, 0.0 ], [ 114.5961518, 35.1379302, 0.0 ], [ 114.5956806, 35.1381092, 0.0 ], [ 114.59542, 35.1381486, 0.0 ], [ 114.5950088, 35.1383476, 0.0 ], [ 114.5948584, 35.1384272, 0.0 ], [ 114.5945876, 35.1385066, 0.0 ], [ 114.593936, 35.1385753, 0.0 ], [ 114.5923218, 35.1389717, 0.0 ], [ 114.5905873, 35.139328, 0.0 ], [ 114.5898454, 35.1395164, 0.0 ], [ 114.5894447, 35.1395656, 0.0 ], [ 114.5894144, 35.1395755, 0.0 ], [ 114.58778, 35.139932, 0.0 ], [ 114.5876598, 35.1399817, 0.0 ], [ 114.5875295, 35.1400114, 0.0 ], [ 114.5866273, 35.1402295, 0.0 ], [ 114.5856449, 35.1405173, 0.0 ], [ 114.5853338, 35.1406066, 0.0 ], [ 114.584652, 35.1407751, 0.0 ], [ 114.5836595, 35.1410828, 0.0 ], [ 114.5833488, 35.1412022, 0.0 ], [ 114.5825266, 35.1414004, 0.0 ], [ 114.582276, 35.1414898, 0.0 ], [ 114.5819552, 35.1415691, 0.0 ], [ 114.5817446, 35.1416286, 0.0 ], [ 114.5813036, 35.1418476, 0.0 ], [ 114.5809728, 35.1419468, 0.0 ], [ 114.5804814, 35.1421856, 0.0 ], [ 114.5799702, 35.1424344, 0.0 ], [ 114.5789374, 35.1429419, 0.0 ], [ 114.578757, 35.1430214, 0.0 ], [ 114.5774736, 35.1435484, 0.0 ], [ 114.5765812, 35.1441061, 0.0 ], [ 114.575729, 35.1445241, 0.0 ], [ 114.5753582, 35.144893, 0.0 ], [ 114.5750972, 35.1452721, 0.0 ], [ 114.5749871, 35.1454417, 0.0 ], [ 114.5748668, 35.1455513, 0.0 ], [ 114.5740748, 35.1464689, 0.0 ], [ 114.5739344, 35.1465885, 0.0 ], [ 114.573794, 35.146788, 0.0 ], [ 114.5735132, 35.1470471, 0.0 ], [ 114.5734229, 35.1472069, 0.0 ], [ 114.5728516, 35.1478251, 0.0 ], [ 114.5724703, 35.1482739, 0.0 ], [ 114.5717788, 35.1492316, 0.0 ], [ 114.5712272, 35.1498399, 0.0 ], [ 114.5708561, 35.1501988, 0.0 ], [ 114.5705353, 35.150468, 0.0 ], [ 114.570405, 35.1506375, 0.0 ], [ 114.5694125, 35.1516046, 0.0 ], [ 114.568821, 35.152103, 0.0 ], [ 114.5684801, 35.152452, 0.0 ], [ 114.5681892, 35.1527012, 0.0 ], [ 114.5673972, 35.1536787, 0.0 ], [ 114.5672068, 35.1538781, 0.0 ], [ 114.5669058, 35.1542072, 0.0 ], [ 114.565783, 35.155234, 0.0 ], [ 114.5644794, 35.1563604, 0.0 ], [ 114.5641086, 35.1566394, 0.0 ], [ 114.5638778, 35.1568787, 0.0 ], [ 114.5635171, 35.1571877, 0.0 ], [ 114.562755, 35.1579755, 0.0 ], [ 114.5626348, 35.1580452, 0.0 ], [ 114.5618226, 35.1588629, 0.0 ], [ 114.5608902, 35.1598301, 0.0 ], [ 114.5601886, 35.1605081, 0.0 ], [ 114.560068, 35.1606677, 0.0 ], [ 114.5598376, 35.1608471, 0.0 ], [ 114.5595568, 35.1611463, 0.0 ], [ 114.558845, 35.1618242, 0.0 ], [ 114.55699, 35.1637188, 0.0 ], [ 114.55695, 35.1637587, 0.0 ], [ 114.5563686, 35.1642771, 0.0 ], [ 114.5553358, 35.1653242, 0.0 ], [ 114.5546842, 35.1658823, 0.0 ], [ 114.553782, 35.1665799, 0.0 ], [ 114.5537118, 35.1666298, 0.0 ], [ 114.5533709, 35.166809, 0.0 ], [ 114.55312, 35.1670183, 0.0 ], [ 114.5525285, 35.1673069, 0.0 ], [ 114.551937, 35.1675955, 0.0 ], [ 114.551446, 35.1678343, 0.0 ], [ 114.5509247, 35.1680931, 0.0 ], [ 114.550704, 35.1682026, 0.0 ], [ 114.5504934, 35.1682521, 0.0 ], [ 114.5501626, 35.1684113, 0.0 ], [ 114.5500121, 35.168481, 0.0 ], [ 114.5486387, 35.1692177, 0.0 ], [ 114.5482376, 35.1694668, 0.0 ], [ 114.5481174, 35.1695764, 0.0 ], [ 114.5476663, 35.1698053, 0.0 ], [ 114.5475158, 35.169935, 0.0 ], [ 114.5464031, 35.1705722, 0.0 ], [ 114.5461021, 35.1707815, 0.0 ], [ 114.544849, 35.1715284, 0.0 ], [ 114.5447086, 35.1715781, 0.0 ], [ 114.5430245, 35.172594, 0.0 ], [ 114.5425532, 35.1728329, 0.0 ], [ 114.5419517, 35.1732214, 0.0 ], [ 114.5418113, 35.1732411, 0.0 ], [ 114.5414102, 35.1734702, 0.0 ], [ 114.5411996, 35.1735196, 0.0 ], [ 114.5406985, 35.1737685, 0.0 ], [ 114.5395055, 35.1742558, 0.0 ], [ 114.5383423, 35.1748031, 0.0 ], [ 114.5372598, 35.1752607, 0.0 ], [ 114.5339712, 35.176903, 0.0 ], [ 114.5337808, 35.1770425, 0.0 ], [ 114.5336306, 35.1770722, 0.0 ], [ 114.5323472, 35.1776693, 0.0 ], [ 114.5320967, 35.1778187, 0.0 ], [ 114.5314249, 35.1781071, 0.0 ], [ 114.5306329, 35.1782955, 0.0 ], [ 114.5297606, 35.1784139, 0.0 ], [ 114.5262416, 35.1784773, 0.0 ], [ 114.5250288, 35.178575, 0.0 ], [ 114.5238559, 35.1787426, 0.0 ], [ 114.5236554, 35.1787722, 0.0 ], [ 114.5228432, 35.1788207, 0.0 ], [ 114.5223119, 35.1787498, 0.0 ], [ 114.5220412, 35.1787193, 0.0 ], [ 114.520698, 35.178547, 0.0 ], [ 114.5199359, 35.1783758, 0.0 ], [ 114.5186626, 35.1778639, 0.0 ], [ 114.5184721, 35.1777436, 0.0 ], [ 114.5182115, 35.1775234, 0.0 ], [ 114.5173997, 35.1764528, 0.0 ], [ 114.5168683, 35.1759424, 0.0 ], [ 114.5164673, 35.1756619, 0.0 ], [ 114.5156051, 35.1751708, 0.0 ], [ 114.5151742, 35.1749302, 0.0 ], [ 114.5148732, 35.1748097, 0.0 ], [ 114.5141312, 35.1745986, 0.0 ], [ 114.5138004, 35.174538, 0.0 ], [ 114.5134998, 35.1744875, 0.0 ], [ 114.5119259, 35.1742747, 0.0 ], [ 114.5110136, 35.1740833, 0.0 ], [ 114.5103217, 35.1739921, 0.0 ], [ 114.5093594, 35.1737305, 0.0 ], [ 114.509209, 35.1737302, 0.0 ], [ 114.5085973, 35.1735493, 0.0 ], [ 114.5084872, 35.1735391, 0.0 ], [ 114.5076048, 35.1732777, 0.0 ], [ 114.5073744, 35.1732473, 0.0 ], [ 114.5071336, 35.173147, 0.0 ], [ 114.5068229, 35.1730864, 0.0 ], [ 114.5064521, 35.1729359, 0.0 ], [ 114.5049383, 35.1725135, 0.0 ], [ 114.5040458, 35.172212, 0.0 ], [ 114.5038453, 35.1721817, 0.0 ], [ 114.502482, 35.1716497, 0.0 ], [ 114.5020709, 35.1714491, 0.0 ], [ 114.500106, 35.170826, 0.0 ], [ 114.5000056, 35.1708059, 0.0 ], [ 114.4996146, 35.1707153, 0.0 ], [ 114.4988226, 35.1706239, 0.0 ], [ 114.4982012, 35.170493, 0.0 ], [ 114.4975896, 35.1703121, 0.0 ], [ 114.4973189, 35.1702716, 0.0 ], [ 114.4963562, 35.1699901, 0.0 ], [ 114.4959455, 35.1699394, 0.0 ], [ 114.4943611, 35.1698667, 0.0 ], [ 114.4942711, 35.1698666, 0.0 ], [ 114.4929676, 35.1698943, 0.0 ], [ 114.4924866, 35.1699633, 0.0 ], [ 114.4920154, 35.1700924, 0.0 ], [ 114.4911431, 35.1702207, 0.0 ], [ 114.4906117, 35.1703497, 0.0 ], [ 114.4902406, 35.170389, 0.0 ], [ 114.489148, 35.1706068, 0.0 ], [ 114.4886065, 35.1707957, 0.0 ], [ 114.488446, 35.1708554, 0.0 ], [ 114.4881454, 35.1709448, 0.0 ], [ 114.4882354, 35.1714344, 0.0 ], [ 114.4887768, 35.172974, 0.0 ], [ 114.4887167, 35.1734035, 0.0 ], [ 114.4886566, 35.1737831, 0.0 ], [ 114.4886566, 35.1745824, 0.0 ], [ 114.4885464, 35.1752815, 0.0 ], [ 114.4882955, 35.1760803, 0.0 ], [ 114.4882955, 35.1768796, 0.0 ], [ 114.4882055, 35.177389, 0.0 ], [ 114.488055, 35.1782879, 0.0 ], [ 114.4876838, 35.1790865, 0.0 ], [ 114.487664, 35.1792164, 0.0 ], [ 114.4875636, 35.1797856, 0.0 ], [ 114.4873231, 35.1804846, 0.0 ], [ 114.4872029, 35.1812837, 0.0 ], [ 114.486952, 35.1820825, 0.0 ], [ 114.4868317, 35.1827916, 0.0 ], [ 114.4868015, 35.1833611, 0.0 ], [ 114.4867115, 35.1836806, 0.0 ], [ 114.4865912, 35.1843798, 0.0 ], [ 114.4863504, 35.1850887, 0.0 ], [ 114.4863504, 35.185778, 0.0 ], [ 114.4863504, 35.1866872, 0.0 ], [ 114.4860998, 35.1873861, 0.0 ], [ 114.4857388, 35.1880848, 0.0 ], [ 114.4856185, 35.188794, 0.0 ], [ 114.4854882, 35.1891634, 0.0 ], [ 114.4851872, 35.190022, 0.0 ], [ 114.4848866, 35.1908907, 0.0 ], [ 114.4847664, 35.1915899, 0.0 ], [ 114.4846361, 35.192389, 0.0 ], [ 114.4845558, 35.1928984, 0.0 ], [ 114.4845457, 35.1929582, 0.0 ], [ 114.4845054, 35.1932779, 0.0 ], [ 114.4844957, 35.1933278, 0.0 ], [ 114.4843952, 35.193987, 0.0 ], [ 114.4843952, 35.1948862, 0.0 ], [ 114.484315, 35.1954056, 0.0 ], [ 114.4841548, 35.1962945, 0.0 ], [ 114.4840244, 35.196664, 0.0 ], [ 114.4837235, 35.1975325, 0.0 ], [ 114.4834326, 35.1983912, 0.0 ], [ 114.4834225, 35.1992005, 0.0 ], [ 114.4833023, 35.1999995, 0.0 ], [ 114.4834225, 35.2006991, 0.0 ], [ 114.4834225, 35.2014983, 0.0 ], [ 114.4833422, 35.2020077, 0.0 ], [ 114.4831914, 35.2028965, 0.0 ], [ 114.4829308, 35.2036953, 0.0 ], [ 114.4828202, 35.2043944, 0.0 ], [ 114.4827, 35.2050935, 0.0 ], [ 114.4825794, 35.2059924, 0.0 ], [ 114.4825794, 35.206362, 0.0 ], [ 114.482579, 35.2072611, 0.0 ], [ 114.482088, 35.2071004, 0.0 ], [ 114.4812355, 35.2073986, 0.0 ], [ 114.4806239, 35.207907, 0.0 ], [ 114.4801325, 35.2085055, 0.0 ], [ 114.4794107, 35.2089039, 0.0 ], [ 114.4785582, 35.2093019, 0.0 ], [ 114.4785985, 35.2093919, 0.0 ], [ 114.4779869, 35.2097605, 0.0 ], [ 114.4772147, 35.2103985, 0.0 ], [ 114.4763626, 35.2107067, 0.0 ], [ 114.4754802, 35.2111246, 0.0 ], [ 114.4746479, 35.2117126, 0.0 ], [ 114.4737954, 35.2121107, 0.0 ], [ 114.4728331, 35.2125086, 0.0 ], [ 114.4719706, 35.2130065, 0.0 ], [ 114.4712488, 35.2134149, 0.0 ], [ 114.4705871, 35.2137234, 0.0 ], [ 114.4699052, 35.213962, 0.0 ], [ 114.4696345, 35.2141713, 0.0 ], [ 114.468682, 35.2146191, 0.0 ], [ 114.4678295, 35.2149173, 0.0 ], [ 114.4669774, 35.2151156, 0.0 ], [ 114.466005, 35.2153237, 0.0 ], [ 114.4647817, 35.2157711, 0.0 ], [ 114.463719, 35.2160289, 0.0 ], [ 114.462666, 35.2162769, 0.0 ], [ 114.4615532, 35.2165346, 0.0 ], [ 114.4605204, 35.2168224, 0.0 ], [ 114.459548, 35.2171304, 0.0 ], [ 114.4585652, 35.2172286, 0.0 ], [ 114.4574726, 35.2172266, 0.0 ], [ 114.4563696, 35.2172346, 0.0 ], [ 114.455277, 35.2172327, 0.0 ], [ 114.454174, 35.2172308, 0.0 ], [ 114.4532016, 35.2170392, 0.0 ], [ 114.4522292, 35.2167377, 0.0 ], [ 114.4513768, 35.2165264, 0.0 ], [ 114.4504044, 35.216225, 0.0 ], [ 114.4497427, 35.216084, 0.0 ], [ 114.4486901, 35.2158323, 0.0 ], [ 114.4477177, 35.2157307, 0.0 ], [ 114.4468652, 35.2156293, 0.0 ], [ 114.446003, 35.2154379, 0.0 ], [ 114.4450307, 35.2150366, 0.0 ], [ 114.4440583, 35.2148351, 0.0 ], [ 114.4434366, 35.2144043, 0.0 ], [ 114.4425946, 35.2138333, 0.0 ], [ 114.4423141, 35.213603, 0.0 ], [ 114.4415419, 35.2129722, 0.0 ], [ 114.4414519, 35.2128423, 0.0 ], [ 114.4407701, 35.2123315, 0.0 ], [ 114.4401988, 35.2116211, 0.0 ], [ 114.4396674, 35.2108309, 0.0 ], [ 114.4391764, 35.2101308, 0.0 ], [ 114.438685, 35.2095304, 0.0 ], [ 114.4383242, 35.2088404, 0.0 ], [ 114.4379034, 35.2082102, 0.0 ], [ 114.4373519, 35.2074299, 0.0 ], [ 114.4364998, 35.2070288, 0.0 ], [ 114.4367406, 35.2063399, 0.0 ], [ 114.4360087, 35.205929, 0.0 ], [ 114.4351566, 35.2055378, 0.0 ], [ 114.4343045, 35.2053364, 0.0 ], [ 114.4333217, 35.2052348, 0.0 ], [ 114.4323493, 35.205233, 0.0 ], [ 114.4313669, 35.2054311, 0.0 ], [ 114.4305245, 35.2057293, 0.0 ], [ 114.4296724, 35.2061275, 0.0 ], [ 114.4288199, 35.2062258, 0.0 ], [ 114.4280581, 35.2065741, 0.0 ], [ 114.4271056, 35.207022, 0.0 ], [ 114.4268046, 35.207591, 0.0 ], [ 114.4263733, 35.2084294, 0.0 ], [ 114.4258819, 35.2091279, 0.0 ], [ 114.4258819, 35.2099272, 0.0 ], [ 114.4259622, 35.2104368, 0.0 ], [ 114.4261224, 35.2113363, 0.0 ], [ 114.4262426, 35.2121258, 0.0 ], [ 114.4266034, 35.2128257, 0.0 ], [ 114.4270948, 35.2134361, 0.0 ], [ 114.4274656, 35.214126, 0.0 ], [ 114.427706, 35.2148359, 0.0 ], [ 114.4278263, 35.2155254, 0.0 ], [ 114.4278263, 35.2163346, 0.0 ], [ 114.4278259, 35.2172338, 0.0 ], [ 114.4277057, 35.2180328, 0.0 ], [ 114.4274447, 35.2189316, 0.0 ], [ 114.4273446, 35.2198306, 0.0 ], [ 114.4270937, 35.2206294, 0.0 ], [ 114.4267927, 35.2212083, 0.0 ], [ 114.4263517, 35.2220368, 0.0 ], [ 114.4255093, 35.2224249, 0.0 ], [ 114.4246471, 35.2225233, 0.0 ], [ 114.4238951, 35.2226019, 0.0 ], [ 114.4233439, 35.2226608, 0.0 ], [ 114.4228025, 35.2227199, 0.0 ], [ 114.4225015, 35.2227493, 0.0 ], [ 114.4217196, 35.2228278, 0.0 ], [ 114.4208675, 35.2230261, 0.0 ], [ 114.419885, 35.2230243, 0.0 ], [ 114.4189123, 35.2232325, 0.0 ], [ 114.4180501, 35.2233309, 0.0 ], [ 114.417198, 35.2236191, 0.0 ], [ 114.4162152, 35.2238271, 0.0 ], [ 114.4153429, 35.2242352, 0.0 ], [ 114.414511, 35.2248232, 0.0 ], [ 114.4140196, 35.2254118, 0.0 ], [ 114.4137787, 35.2261207, 0.0 ] ] ] } },
{ "type": "Feature", "properties": { "Name": "长垣县", "AdminCode": "410728", "Kind": "0137", "CityAdCode": "410700", "CityName": "新乡市", "ProName": "河南省", "Shape_Leng": 1.60495541944, "Shape_Area": 0.10157954658, "sheng": 410000 }, "geometry": { "type": "Polygon", "coordinates": [ [ [ 114.8943258, 35.3914196, 0.0 ], [ 114.8933441, 35.3915181, 0.0 ], [ 114.8923724, 35.3915267, 0.0 ], [ 114.8913911, 35.3913253, 0.0 ], [ 114.8902891, 35.3912338, 0.0 ], [ 114.8891872, 35.3912322, 0.0 ], [ 114.8880856, 35.3912305, 0.0 ], [ 114.8869836, 35.3912388, 0.0 ], [ 114.8863727, 35.3912379, 0.0 ], [ 114.8855112, 35.3911467, 0.0 ], [ 114.8845396, 35.3911352, 0.0 ], [ 114.8834477, 35.3910337, 0.0 ], [ 114.8825761, 35.3909525, 0.0 ], [ 114.8817146, 35.3908613, 0.0 ], [ 114.8808632, 35.3906602, 0.0 ], [ 114.8800118, 35.3905691, 0.0 ], [ 114.8791504, 35.3906677, 0.0 ], [ 114.8781787, 35.3906662, 0.0 ], [ 114.8773072, 35.3907648, 0.0 ], [ 114.8762156, 35.3907732, 0.0 ], [ 114.8753542, 35.3907719, 0.0 ], [ 114.8749934, 35.3908213, 0.0 ], [ 114.8745028, 35.3908804, 0.0 ], [ 114.8734109, 35.3908788, 0.0 ], [ 114.8723089, 35.3908872, 0.0 ], [ 114.8713272, 35.3907859, 0.0 ], [ 114.8703556, 35.3906944, 0.0 ], [ 114.8694743, 35.3905233, 0.0 ], [ 114.8693641, 35.3905032, 0.0 ], [ 114.8683925, 35.3904018, 0.0 ], [ 114.8674108, 35.3904003, 0.0 ], [ 114.8665594, 35.3901093, 0.0 ], [ 114.8655776, 35.3901079, 0.0 ], [ 114.8644958, 35.3902361, 0.0 ], [ 114.8638648, 35.3903151, 0.0 ], [ 114.862883, 35.3904135, 0.0 ], [ 114.8617912, 35.3904219, 0.0 ], [ 114.8613808, 35.3904313, 0.0 ], [ 114.8612904, 35.3904312, 0.0 ], [ 114.8609297, 35.3904306, 0.0 ], [ 114.8600783, 35.3902295, 0.0 ], [ 114.8591066, 35.3901381, 0.0 ], [ 114.8585159, 35.3899974, 0.0 ], [ 114.858045, 35.3898869, 0.0 ], [ 114.857384, 35.389736, 0.0 ], [ 114.8564124, 35.3896346, 0.0 ], [ 114.8553104, 35.389643, 0.0 ], [ 114.8543388, 35.3895416, 0.0 ], [ 114.8534773, 35.3893505, 0.0 ], [ 114.8525561, 35.3888496, 0.0 ], [ 114.8516446, 35.3883587, 0.0 ], [ 114.8512738, 35.3881584, 0.0 ], [ 114.8504825, 35.3877876, 0.0 ], [ 114.8504123, 35.3877675, 0.0 ], [ 114.8495011, 35.3872666, 0.0 ], [ 114.8489399, 35.3869661, 0.0 ], [ 114.8480885, 35.3866751, 0.0 ], [ 114.8473573, 35.3861645, 0.0 ], [ 114.8466164, 35.3857738, 0.0 ], [ 114.8458853, 35.3852732, 0.0 ], [ 114.845144, 35.3848825, 0.0 ], [ 114.8442926, 35.3844816, 0.0 ], [ 114.8435615, 35.384081, 0.0 ], [ 114.8429905, 35.3836505, 0.0 ], [ 114.84266, 35.3835701, 0.0 ], [ 114.8418486, 35.3830893, 0.0 ], [ 114.8412377, 35.382499, 0.0 ], [ 114.8404464, 35.3818585, 0.0 ], [ 114.8400058, 35.3814981, 0.0 ], [ 114.8392948, 35.3808177, 0.0 ], [ 114.8387738, 35.3803075, 0.0 ], [ 114.8382029, 35.3797672, 0.0 ], [ 114.837552, 35.3791068, 0.0 ], [ 114.8370613, 35.3785067, 0.0 ], [ 114.8364101, 35.3777864, 0.0 ], [ 114.835689, 35.3769362, 0.0 ], [ 114.8349982, 35.3763358, 0.0 ], [ 114.8342969, 35.3757453, 0.0 ], [ 114.833696, 35.3749852, 0.0 ], [ 114.8330552, 35.3743849, 0.0 ], [ 114.8324141, 35.3739543, 0.0 ], [ 114.8318734, 35.3733641, 0.0 ], [ 114.8310522, 35.3727535, 0.0 ], [ 114.8307718, 35.3725533, 0.0 ], [ 114.8299906, 35.3719228, 0.0 ], [ 114.829069, 35.371272, 0.0 ], [ 114.8283781, 35.3707215, 0.0 ], [ 114.8276768, 35.3702909, 0.0 ], [ 114.8268254, 35.3697701, 0.0 ], [ 114.8266955, 35.3696201, 0.0 ], [ 114.8261746, 35.3693496, 0.0 ], [ 114.8254736, 35.3689589, 0.0 ], [ 114.8244919, 35.3685479, 0.0 ], [ 114.8242115, 35.3684375, 0.0 ], [ 114.8232802, 35.3679566, 0.0 ], [ 114.8223586, 35.3674657, 0.0 ], [ 114.8213772, 35.3670746, 0.0 ], [ 114.8204657, 35.3665738, 0.0 ], [ 114.8199149, 35.3662733, 0.0 ], [ 114.8190534, 35.3659722, 0.0 ], [ 114.8184425, 35.3654818, 0.0 ], [ 114.8181923, 35.3653616, 0.0 ], [ 114.8177113, 35.3650911, 0.0 ], [ 114.8170907, 35.3644808, 0.0 ], [ 114.8164798, 35.3639904, 0.0 ], [ 114.8157486, 35.3634998, 0.0 ], [ 114.8149674, 35.3628592, 0.0 ], [ 114.8141862, 35.3622287, 0.0 ], [ 114.8137855, 35.3618985, 0.0 ], [ 114.8131746, 35.3612982, 0.0 ], [ 114.8125939, 35.3608577, 0.0 ], [ 114.8125338, 35.3607977, 0.0 ], [ 114.8117425, 35.3602071, 0.0 ], [ 114.811452, 35.3600068, 0.0 ], [ 114.8107309, 35.3596162, 0.0 ], [ 114.8098698, 35.3593052, 0.0 ], [ 114.8091386, 35.3588145, 0.0 ], [ 114.8081569, 35.3585134, 0.0 ], [ 114.8073059, 35.3581225, 0.0 ], [ 114.8065646, 35.3577318, 0.0 ], [ 114.8058234, 35.3572212, 0.0 ], [ 114.8052226, 35.356531, 0.0 ], [ 114.8046116, 35.3560206, 0.0 ], [ 114.8042315, 35.3553307, 0.0 ], [ 114.803991, 35.3546311, 0.0 ], [ 114.804041, 35.3544613, 0.0 ], [ 114.8039914, 35.3538319, 0.0 ], [ 114.8042318, 35.3531229, 0.0 ], [ 114.8043823, 35.352234, 0.0 ], [ 114.8044622, 35.3517346, 0.0 ], [ 114.8047128, 35.3509259, 0.0 ], [ 114.8047132, 35.3501267, 0.0 ], [ 114.8045832, 35.3494271, 0.0 ], [ 114.804553, 35.3493172, 0.0 ], [ 114.8042124, 35.3487272, 0.0 ], [ 114.803842, 35.3479275, 0.0 ], [ 114.8032314, 35.3473372, 0.0 ], [ 114.80238, 35.3468464, 0.0 ], [ 114.8016388, 35.3464357, 0.0 ], [ 114.8006275, 35.3460846, 0.0 ], [ 114.7999262, 35.3458338, 0.0 ], [ 114.7990763, 35.3457439, 0.0 ], [ 114.7980964, 35.3455441, 0.0 ], [ 114.7970365, 35.3453045, 0.0 ], [ 114.7963864, 35.3451646, 0.0 ], [ 114.7955364, 35.3450648, 0.0 ], [ 114.7944467, 35.344955, 0.0 ], [ 114.7909766, 35.3436864, 0.0 ], [ 114.7908269, 35.3436265, 0.0 ], [ 114.7770673, 35.3416293, 0.0 ], [ 114.7765673, 35.3415793, 0.0 ], [ 114.7765172, 35.3415694, 0.0 ], [ 114.7721674, 35.3407904, 0.0 ], [ 114.7701974, 35.340411, 0.0 ], [ 114.7677674, 35.3400915, 0.0 ], [ 114.7671673, 35.3400615, 0.0 ], [ 114.7651276, 35.340611, 0.0 ], [ 114.7623671, 35.3419198, 0.0 ], [ 114.7559065, 35.3448272, 0.0 ], [ 114.7554065, 35.3448173, 0.0 ], [ 114.7542566, 35.3448672, 0.0 ], [ 114.7535564, 35.3446276, 0.0 ], [ 114.7529466, 35.3441281, 0.0 ], [ 114.7521067, 35.3435387, 0.0 ], [ 114.7513568, 35.3429294, 0.0 ], [ 114.7506271, 35.34244, 0.0 ], [ 114.750067, 35.3422702, 0.0 ], [ 114.7496371, 35.3421403, 0.0 ], [ 114.748907, 35.3417308, 0.0 ], [ 114.7478072, 35.3417409, 0.0 ], [ 114.7476971, 35.3417409, 0.0 ], [ 114.7467071, 35.341741, 0.0 ], [ 114.745977, 35.341741, 0.0 ], [ 114.745127, 35.3420407, 0.0 ], [ 114.7443671, 35.3422805, 0.0 ], [ 114.7441471, 35.3423505, 0.0 ], [ 114.7431668, 35.3427501, 0.0 ], [ 114.7420868, 35.34288, 0.0 ], [ 114.7414568, 35.34296, 0.0 ], [ 114.740487, 35.3431598, 0.0 ], [ 114.740397, 35.3431698, 0.0 ], [ 114.739627, 35.3433497, 0.0 ], [ 114.7386467, 35.3435595, 0.0 ], [ 114.7377967, 35.3436594, 0.0 ], [ 114.7368168, 35.3439691, 0.0 ], [ 114.7358066, 35.3443289, 0.0 ], [ 114.7351064, 35.3445686, 0.0 ], [ 114.7342565, 35.3447784, 0.0 ], [ 114.7333964, 35.3448684, 0.0 ], [ 114.7324165, 35.3449783, 0.0 ], [ 114.7315666, 35.3450783, 0.0 ], [ 114.7309466, 35.3450583, 0.0 ], [ 114.7304664, 35.3450784, 0.0 ], [ 114.7293666, 35.3450784, 0.0 ], [ 114.7282664, 35.3450785, 0.0 ], [ 114.7271666, 35.3450785, 0.0 ], [ 114.7265564, 35.3450885, 0.0 ], [ 114.7256964, 35.3449787, 0.0 ], [ 114.7245966, 35.3449887, 0.0 ], [ 114.7237466, 35.3449988, 0.0 ], [ 114.7230166, 35.3449189, 0.0 ], [ 114.7227566, 35.3448889, 0.0 ], [ 114.7217864, 35.3445893, 0.0 ], [ 114.7209268, 35.3443996, 0.0 ], [ 114.7199465, 35.3442998, 0.0 ], [ 114.7192866, 35.34405, 0.0 ], [ 114.7190969, 35.3440001, 0.0 ], [ 114.7179967, 35.3440002, 0.0 ], [ 114.7168868, 35.3440003, 0.0 ], [ 114.7157867, 35.3440003, 0.0 ], [ 114.7146869, 35.3440003, 0.0 ], [ 114.7135867, 35.3440004, 0.0 ], [ 114.7129769, 35.3440004, 0.0 ], [ 114.7121168, 35.3436109, 0.0 ], [ 114.7112669, 35.3434012, 0.0 ], [ 114.7104068, 35.3433014, 0.0 ], [ 114.7095169, 35.3432115, 0.0 ], [ 114.7094269, 35.3432115, 0.0 ], [ 114.708407, 35.3428619, 0.0 ], [ 114.7077068, 35.3426123, 0.0 ], [ 114.7067269, 35.3425025, 0.0 ], [ 114.7059972, 35.342083, 0.0 ], [ 114.7054072, 35.3416334, 0.0 ], [ 114.7042973, 35.3415536, 0.0 ], [ 114.7032173, 35.3414638, 0.0 ], [ 114.7025671, 35.3414138, 0.0 ], [ 114.7015872, 35.3414139, 0.0 ], [ 114.7013874, 35.341324, 0.0 ], [ 114.7007272, 35.3411143, 0.0 ], [ 114.6996778, 35.3408251, 0.0 ], [ 114.6985297, 35.3408168, 0.0 ], [ 114.6974314, 35.3408183, 0.0 ], [ 114.6963334, 35.3408299, 0.0 ], [ 114.6956044, 35.3408309, 0.0 ], [ 114.6947458, 35.3406224, 0.0 ], [ 114.6938774, 35.3403239, 0.0 ], [ 114.6931488, 35.3398355, 0.0 ], [ 114.6926596, 35.3392269, 0.0 ], [ 114.6922902, 35.3385283, 0.0 ], [ 114.6917912, 35.3379296, 0.0 ], [ 114.6916717, 35.3372405, 0.0 ], [ 114.6915817, 35.3366213, 0.0 ], [ 114.6915518, 35.3364315, 0.0 ], [ 114.6915522, 35.3356324, 0.0 ], [ 114.691662, 35.334933, 0.0 ], [ 114.6919118, 35.3342335, 0.0 ], [ 114.6921516, 35.3337736, 0.0 ], [ 114.6922812, 35.3335337, 0.0 ], [ 114.6924612, 35.3333536, 0.0 ], [ 114.6928903, 35.3329235, 0.0 ], [ 114.6937392, 35.3323529, 0.0 ], [ 114.6943483, 35.3319224, 0.0 ], [ 114.6951968, 35.3318314, 0.0 ], [ 114.6955565, 35.3309718, 0.0 ], [ 114.6959359, 35.3301222, 0.0 ], [ 114.6960558, 35.3294128, 0.0 ], [ 114.6960461, 35.3285238, 0.0 ], [ 114.6960562, 35.3276148, 0.0 ], [ 114.6960464, 35.3267258, 0.0 ], [ 114.695797, 35.3260269, 0.0 ], [ 114.6957973, 35.3252277, 0.0 ], [ 114.6956774, 35.3244188, 0.0 ], [ 114.6955579, 35.3237197, 0.0 ], [ 114.6953084, 35.322921, 0.0 ], [ 114.6951788, 35.3220321, 0.0 ], [ 114.6948696, 35.3211535, 0.0 ], [ 114.69469, 35.3206244, 0.0 ], [ 114.6945604, 35.3198254, 0.0 ], [ 114.694321, 35.3191165, 0.0 ], [ 114.6940715, 35.3183278, 0.0 ], [ 114.693692, 35.3175292, 0.0 ], [ 114.6935822, 35.31687, 0.0 ], [ 114.6935725, 35.3168301, 0.0 ], [ 114.6935725, 35.3159311, 0.0 ], [ 114.6935729, 35.315032, 0.0 ], [ 114.6935628, 35.314123, 0.0 ], [ 114.6935632, 35.313224, 0.0 ], [ 114.6935632, 35.3125248, 0.0 ], [ 114.6933238, 35.3118259, 0.0 ], [ 114.693314, 35.3109269, 0.0 ], [ 114.693314, 35.3102277, 0.0 ], [ 114.6931945, 35.3095286, 0.0 ], [ 114.6929551, 35.3086399, 0.0 ], [ 114.6927953, 35.3077411, 0.0 ], [ 114.6926956, 35.3072219, 0.0 ], [ 114.6923266, 35.3065331, 0.0 ], [ 114.6918474, 35.3059344, 0.0 ], [ 114.6917178, 35.3052354, 0.0 ], [ 114.6912286, 35.3045268, 0.0 ], [ 114.6906097, 35.3038384, 0.0 ], [ 114.6902404, 35.3030298, 0.0 ], [ 114.6899509, 35.3024908, 0.0 ], [ 114.689871, 35.3023311, 0.0 ], [ 114.6896316, 35.3016422, 0.0 ], [ 114.6892622, 35.3009335, 0.0 ], [ 114.6892424, 35.3008636, 0.0 ], [ 114.6886535, 35.300335, 0.0 ], [ 114.687815, 35.2997467, 0.0 ], [ 114.6870562, 35.2992482, 0.0 ], [ 114.6868164, 35.2990986, 0.0 ], [ 114.6864769, 35.2988893, 0.0 ], [ 114.6862076, 35.2987398, 0.0 ], [ 114.6854189, 35.2981014, 0.0 ], [ 114.6846398, 35.297473, 0.0 ], [ 114.6839911, 35.2969443, 0.0 ], [ 114.6835116, 35.2963454, 0.0 ], [ 114.6831422, 35.2956365, 0.0 ], [ 114.6822836, 35.295348, 0.0 ], [ 114.6814549, 35.2947596, 0.0 ], [ 114.6806964, 35.294251, 0.0 ], [ 114.6805265, 35.2941214, 0.0 ], [ 114.6800772, 35.2937524, 0.0 ], [ 114.6791686, 35.293254, 0.0 ], [ 114.6786095, 35.2929451, 0.0 ], [ 114.677761, 35.2925465, 0.0 ], [ 114.6769024, 35.292258, 0.0 ], [ 114.6760538, 35.2920493, 0.0 ], [ 114.6751952, 35.2917508, 0.0 ], [ 114.6743363, 35.291652, 0.0 ], [ 114.6732383, 35.2916635, 0.0 ], [ 114.6721399, 35.2916651, 0.0 ], [ 114.6710416, 35.2916666, 0.0 ], [ 114.6699436, 35.2916582, 0.0 ], [ 114.6688452, 35.2916697, 0.0 ], [ 114.6677468, 35.2916612, 0.0 ], [ 114.6666388, 35.2916728, 0.0 ], [ 114.6662795, 35.2916733, 0.0 ], [ 114.6654205, 35.2917644, 0.0 ], [ 114.6643225, 35.291766, 0.0 ], [ 114.6632242, 35.2917675, 0.0 ], [ 114.6624955, 35.2917685, 0.0 ], [ 114.6616369, 35.2918697, 0.0 ], [ 114.6605386, 35.2918812, 0.0 ], [ 114.65968, 35.2920722, 0.0 ], [ 114.6585816, 35.2920838, 0.0 ], [ 114.6576031, 35.2920851, 0.0 ], [ 114.6565148, 35.2921965, 0.0 ], [ 114.6556562, 35.2922877, 0.0 ], [ 114.654668, 35.2924789, 0.0 ], [ 114.6538192, 35.29259, 0.0 ], [ 114.6535895, 35.2926103, 0.0 ], [ 114.6529706, 35.2926911, 0.0 ], [ 114.6519922, 35.2928923, 0.0 ], [ 114.6509338, 35.2931336, 0.0 ], [ 114.6498757, 35.2933949, 0.0 ], [ 114.6494261, 35.2934954, 0.0 ], [ 114.6485675, 35.2938963, 0.0 ], [ 114.6479587, 35.2943968, 0.0 ], [ 114.6469802, 35.2947978, 0.0 ], [ 114.6460018, 35.2950989, 0.0 ], [ 114.645163, 35.2954098, 0.0 ], [ 114.6443044, 35.295501, 0.0 ], [ 114.6437752, 35.2956216, 0.0 ], [ 114.6436855, 35.2956417, 0.0 ], [ 114.6434458, 35.295702, 0.0 ], [ 114.6427171, 35.2961027, 0.0 ], [ 114.6416987, 35.2964639, 0.0 ], [ 114.6406903, 35.296815, 0.0 ], [ 114.639682, 35.2971761, 0.0 ], [ 114.6392924, 35.2973066, 0.0 ], [ 114.6384439, 35.2974176, 0.0 ], [ 114.6373956, 35.2976989, 0.0 ], [ 114.6362472, 35.2977105, 0.0 ], [ 114.6351492, 35.297722, 0.0 ], [ 114.6340508, 35.2977235, 0.0 ], [ 114.6333121, 35.2977246, 0.0 ], [ 114.6324834, 35.2978157, 0.0 ], [ 114.6323437, 35.2978358, 0.0 ], [ 114.631375, 35.2979271, 0.0 ], [ 114.6305066, 35.2980283, 0.0 ], [ 114.6301571, 35.2980287, 0.0 ], [ 114.6295282, 35.2980296, 0.0 ], [ 114.6285598, 35.2981309, 0.0 ], [ 114.6275813, 35.2981323, 0.0 ], [ 114.6266028, 35.2984433, 0.0 ], [ 114.6256243, 35.2986446, 0.0 ], [ 114.6249954, 35.2987853, 0.0 ], [ 114.6247758, 35.2988356, 0.0 ], [ 114.6237973, 35.2989469, 0.0 ], [ 114.6228188, 35.2989482, 0.0 ], [ 114.6218504, 35.2988397, 0.0 ], [ 114.620872, 35.2986413, 0.0 ], [ 114.6200134, 35.2982527, 0.0 ], [ 114.619504, 35.2979637, 0.0 ], [ 114.6192844, 35.2978441, 0.0 ], [ 114.6186155, 35.2976352, 0.0 ], [ 114.6184258, 35.2976455, 0.0 ], [ 114.6176971, 35.2972468, 0.0 ], [ 114.6168385, 35.2969483, 0.0 ], [ 114.6160994, 35.2965496, 0.0 ], [ 114.6150511, 35.2963112, 0.0 ], [ 114.6143923, 35.2961623, 0.0 ], [ 114.6135434, 35.2958637, 0.0 ], [ 114.6124951, 35.2956154, 0.0 ], [ 114.6118363, 35.2954564, 0.0 ], [ 114.6109777, 35.2953677, 0.0 ], [ 114.6100093, 35.295369, 0.0 ], [ 114.6099694, 35.2953691, 0.0 ], [ 114.6091507, 35.2952803, 0.0 ], [ 114.6083018, 35.2949718, 0.0 ], [ 114.6073936, 35.2947931, 0.0 ], [ 114.6073036, 35.2948532, 0.0 ], [ 114.6064748, 35.2946745, 0.0 ], [ 114.6056162, 35.294376, 0.0 ], [ 114.6046878, 35.2938976, 0.0 ], [ 114.6037594, 35.2934194, 0.0 ], [ 114.6033, 35.2931801, 0.0 ], [ 114.6025613, 35.2927915, 0.0 ], [ 114.6017822, 35.2925228, 0.0 ], [ 114.6015529, 35.2924532, 0.0 ], [ 114.6006144, 35.2919948, 0.0 ], [ 114.5997547, 35.2914958, 0.0 ], [ 114.5990228, 35.2909948, 0.0 ], [ 114.5980501, 35.2905932, 0.0 ], [ 114.5971278, 35.2900917, 0.0 ], [ 114.5965763, 35.2897909, 0.0 ], [ 114.5960849, 35.2891904, 0.0 ], [ 114.5951726, 35.2886891, 0.0 ], [ 114.5946211, 35.2883882, 0.0 ], [ 114.5937589, 35.2881866, 0.0 ], [ 114.5928964, 35.2877853, 0.0 ], [ 114.5921645, 35.2871942, 0.0 ], [ 114.5913023, 35.286693, 0.0 ], [ 114.5904498, 35.2864915, 0.0 ], [ 114.5894774, 35.2861898, 0.0 ], [ 114.5886152, 35.2858883, 0.0 ], [ 114.5875824, 35.2855766, 0.0 ], [ 114.5866597, 35.285295, 0.0 ], [ 114.5857975, 35.2850935, 0.0 ], [ 114.5849454, 35.2847821, 0.0 ], [ 114.5840929, 35.2845806, 0.0 ], [ 114.583361, 35.2841794, 0.0 ], [ 114.5824988, 35.2837881, 0.0 ], [ 114.5820877, 35.2835574, 0.0 ], [ 114.5815261, 35.2833865, 0.0 ], [ 114.580674, 35.2828752, 0.0 ], [ 114.5798118, 35.2826837, 0.0 ], [ 114.5787991, 35.282322, 0.0 ], [ 114.5776662, 35.2820001, 0.0 ], [ 114.5767536, 35.2816786, 0.0 ], [ 114.5758914, 35.2812872, 0.0 ], [ 114.5749187, 35.2812853, 0.0 ], [ 114.5740565, 35.2811837, 0.0 ], [ 114.5732746, 35.2810123, 0.0 ], [ 114.5730838, 35.280982, 0.0 ], [ 114.5720311, 35.2807401, 0.0 ], [ 114.5713694, 35.280589, 0.0 ], [ 114.570517, 35.2804873, 0.0 ], [ 114.5695345, 35.2801857, 0.0 ], [ 114.5685618, 35.279984, 0.0 ], [ 114.5677097, 35.2796926, 0.0 ], [ 114.5666369, 35.2794706, 0.0 ], [ 114.5657545, 35.2792891, 0.0 ], [ 114.5648923, 35.2790876, 0.0 ], [ 114.5640398, 35.2787962, 0.0 ], [ 114.5630675, 35.2783846, 0.0 ], [ 114.5622154, 35.2780932, 0.0 ], [ 114.5611325, 35.2779012, 0.0 ], [ 114.5600395, 35.2777092, 0.0 ], [ 114.5590369, 35.2775974, 0.0 ], [ 114.5581844, 35.2773959, 0.0 ], [ 114.5574425, 35.2769948, 0.0 ], [ 114.5565904, 35.2765935, 0.0 ], [ 114.5560993, 35.2760031, 0.0 ], [ 114.5554978, 35.2754924, 0.0 ], [ 114.5549063, 35.2747319, 0.0 ], [ 114.5542446, 35.2739613, 0.0 ], [ 114.5540538, 35.2736012, 0.0 ], [ 114.5536628, 35.2733008, 0.0 ], [ 114.5530516, 35.2725503, 0.0 ], [ 114.5526804, 35.2720999, 0.0 ], [ 114.5519485, 35.2716989, 0.0 ], [ 114.5513369, 35.2711981, 0.0 ], [ 114.5507555, 35.2704377, 0.0 ], [ 114.5502342, 35.2697972, 0.0 ], [ 114.5497432, 35.268987, 0.0 ], [ 114.5490512, 35.2680365, 0.0 ], [ 114.5483996, 35.2674058, 0.0 ], [ 114.5477981, 35.2669051, 0.0 ], [ 114.5470763, 35.2662143, 0.0 ], [ 114.5465752, 35.2654041, 0.0 ], [ 114.5458433, 35.2649031, 0.0 ], [ 114.5452316, 35.2644125, 0.0 ], [ 114.5447406, 35.2637021, 0.0 ], [ 114.5442593, 35.2631117, 0.0 ], [ 114.5437679, 35.2624014, 0.0 ], [ 114.5434471, 35.2615416, 0.0 ], [ 114.5431066, 35.2605418, 0.0 ], [ 114.5430263, 35.2603119, 0.0 ], [ 114.5429363, 35.2594126, 0.0 ], [ 114.5429262, 35.2593226, 0.0 ], [ 114.5429161, 35.2591827, 0.0 ], [ 114.542906, 35.2591128, 0.0 ], [ 114.5426656, 35.258413, 0.0 ], [ 114.5425453, 35.2577034, 0.0 ], [ 114.542415, 35.2569138, 0.0 ], [ 114.5421745, 35.2561141, 0.0 ], [ 114.5418336, 35.2553841, 0.0 ], [ 114.5414228, 35.2545641, 0.0 ], [ 114.5410819, 35.2538141, 0.0 ], [ 114.5411222, 35.2535645, 0.0 ], [ 114.5409516, 35.2529147, 0.0 ], [ 114.5408414, 35.2520153, 0.0 ], [ 114.5405909, 35.2512056, 0.0 ], [ 114.54012, 35.2505353, 0.0 ], [ 114.5399094, 35.2499655, 0.0 ], [ 114.5398594, 35.2498055, 0.0 ], [ 114.5396088, 35.2490157, 0.0 ], [ 114.5391174, 35.2484054, 0.0 ], [ 114.5388668, 35.2477156, 0.0 ], [ 114.5383859, 35.2469054, 0.0 ], [ 114.5378243, 35.246135, 0.0 ], [ 114.5376641, 35.2459149, 0.0 ], [ 114.5374135, 35.2452151, 0.0 ], [ 114.5369225, 35.2446047, 0.0 ], [ 114.5363508, 35.2439643, 0.0 ], [ 114.5363108, 35.2439142, 0.0 ], [ 114.5358198, 35.2433138, 0.0 ], [ 114.5350476, 35.2426829, 0.0 ], [ 114.5344763, 35.2422123, 0.0 ], [ 114.5337545, 35.2417115, 0.0 ], [ 114.5331428, 35.2412207, 0.0 ], [ 114.5322907, 35.2409194, 0.0 ], [ 114.5314386, 35.2405182, 0.0 ], [ 114.5305465, 35.2402069, 0.0 ], [ 114.5304263, 35.2401666, 0.0 ], [ 114.5297243, 35.2399255, 0.0 ], [ 114.5288722, 35.2395143, 0.0 ], [ 114.5278897, 35.2391228, 0.0 ], [ 114.5276089, 35.2389624, 0.0 ], [ 114.5269375, 35.2386814, 0.0 ], [ 114.5258244, 35.2382198, 0.0 ], [ 114.5249723, 35.2378286, 0.0 ], [ 114.5239999, 35.2374371, 0.0 ], [ 114.5236691, 35.2372667, 0.0 ], [ 114.5230675, 35.2369559, 0.0 ], [ 114.5221654, 35.2366245, 0.0 ], [ 114.5214335, 35.2361335, 0.0 ], [ 114.5205814, 35.2358323, 0.0 ], [ 114.5195388, 35.2355606, 0.0 ], [ 114.5186366, 35.2353391, 0.0 ], [ 114.5175638, 35.2351473, 0.0 ], [ 114.5165612, 35.2348457, 0.0 ], [ 114.5155889, 35.2348439, 0.0 ], [ 114.5146064, 35.2346422, 0.0 ], [ 114.5136337, 35.2346504, 0.0 ], [ 114.513273, 35.2346099, 0.0 ], [ 114.5126614, 35.2345487, 0.0 ], [ 114.5118092, 35.2343573, 0.0 ], [ 114.5108369, 35.2339459, 0.0 ], [ 114.509794, 35.2336742, 0.0 ], [ 114.5086711, 35.2334623, 0.0 ], [ 114.5076689, 35.2331608, 0.0 ], [ 114.5067365, 35.2326795, 0.0 ], [ 114.5057843, 35.2321682, 0.0 ], [ 114.5052328, 35.2318675, 0.0 ], [ 114.5043605, 35.2313164, 0.0 ], [ 114.5041402, 35.2311662, 0.0 ], [ 114.503288, 35.2306651, 0.0 ], [ 114.5023056, 35.2303236, 0.0 ], [ 114.5022653, 35.2303035, 0.0 ], [ 114.5015737, 35.2300625, 0.0 ], [ 114.5007216, 35.2298611, 0.0 ], [ 114.5000099, 35.2294802, 0.0 ], [ 114.4991376, 35.2291689, 0.0 ], [ 114.4984057, 35.228778, 0.0 ], [ 114.4979147, 35.2281677, 0.0 ], [ 114.4973131, 35.2276771, 0.0 ], [ 114.4970528, 35.2271772, 0.0 ], [ 114.4969423, 35.2269772, 0.0 ], [ 114.496331, 35.2263767, 0.0 ], [ 114.4956092, 35.225876, 0.0 ], [ 114.494998, 35.2253754, 0.0 ], [ 114.4945166, 35.2247851, 0.0 ], [ 114.4942661, 35.2245449, 0.0 ], [ 114.4938953, 35.2241846, 0.0 ], [ 114.4930532, 35.2236836, 0.0 ], [ 114.4924416, 35.223183, 0.0 ], [ 114.4915895, 35.2227819, 0.0 ], [ 114.4909782, 35.2221914, 0.0 ], [ 114.4901261, 35.2216804, 0.0 ], [ 114.4895144, 35.2211898, 0.0 ], [ 114.4894442, 35.2210998, 0.0 ], [ 114.4890234, 35.2205895, 0.0 ], [ 114.4885324, 35.2197895, 0.0 ], [ 114.488041, 35.2189794, 0.0 ], [ 114.4878106, 35.2185893, 0.0 ], [ 114.4873696, 35.2177693, 0.0 ], [ 114.486718, 35.216939, 0.0 ], [ 114.4863472, 35.2164988, 0.0 ], [ 114.4861067, 35.2156991, 0.0 ], [ 114.4857359, 35.2149992, 0.0 ], [ 114.4856156, 35.2142897, 0.0 ], [ 114.4854756, 35.2136001, 0.0 ], [ 114.4853752, 35.21349, 0.0 ], [ 114.485215, 35.2126106, 0.0 ], [ 114.485125, 35.212091, 0.0 ], [ 114.4848845, 35.2112913, 0.0 ], [ 114.484594, 35.2104216, 0.0 ], [ 114.4843934, 35.2098918, 0.0 ], [ 114.4842329, 35.2092921, 0.0 ], [ 114.4842732, 35.2091923, 0.0 ], [ 114.4839125, 35.2085023, 0.0 ], [ 114.483672, 35.2078025, 0.0 ], [ 114.48293, 35.2073916, 0.0 ], [ 114.482579, 35.2072611, 0.0 ], [ 114.4825794, 35.206362, 0.0 ], [ 114.4825794, 35.2059924, 0.0 ], [ 114.4827, 35.2050935, 0.0 ], [ 114.4828202, 35.2043944, 0.0 ], [ 114.4829308, 35.2036953, 0.0 ], [ 114.4831914, 35.2028965, 0.0 ], [ 114.4833422, 35.2020077, 0.0 ], [ 114.4834225, 35.2014983, 0.0 ], [ 114.4834225, 35.2006991, 0.0 ], [ 114.4833023, 35.1999995, 0.0 ], [ 114.4834225, 35.1992005, 0.0 ], [ 114.4834326, 35.1983912, 0.0 ], [ 114.4837235, 35.1975325, 0.0 ], [ 114.4840244, 35.196664, 0.0 ], [ 114.4841548, 35.1962945, 0.0 ], [ 114.484315, 35.1954056, 0.0 ], [ 114.4843952, 35.1948862, 0.0 ], [ 114.4843952, 35.193987, 0.0 ], [ 114.4844957, 35.1933278, 0.0 ], [ 114.4845054, 35.1932779, 0.0 ], [ 114.4845457, 35.1929582, 0.0 ], [ 114.4845558, 35.1928984, 0.0 ], [ 114.4846361, 35.192389, 0.0 ], [ 114.4847664, 35.1915899, 0.0 ], [ 114.4848866, 35.1908907, 0.0 ], [ 114.4851872, 35.190022, 0.0 ], [ 114.4854882, 35.1891634, 0.0 ], [ 114.4856185, 35.188794, 0.0 ], [ 114.4857388, 35.1880848, 0.0 ], [ 114.4860998, 35.1873861, 0.0 ], [ 114.4863504, 35.1866872, 0.0 ], [ 114.4863504, 35.185778, 0.0 ], [ 114.4863504, 35.1850887, 0.0 ], [ 114.4865912, 35.1843798, 0.0 ], [ 114.4867115, 35.1836806, 0.0 ], [ 114.4868015, 35.1833611, 0.0 ], [ 114.4868317, 35.1827916, 0.0 ], [ 114.486952, 35.1820825, 0.0 ], [ 114.4872029, 35.1812837, 0.0 ], [ 114.4873231, 35.1804846, 0.0 ], [ 114.4875636, 35.1797856, 0.0 ], [ 114.487664, 35.1792164, 0.0 ], [ 114.4876838, 35.1790865, 0.0 ], [ 114.488055, 35.1782879, 0.0 ], [ 114.4882055, 35.177389, 0.0 ], [ 114.4882955, 35.1768796, 0.0 ], [ 114.4882955, 35.1760803, 0.0 ], [ 114.4885464, 35.1752815, 0.0 ], [ 114.4886566, 35.1745824, 0.0 ], [ 114.4886566, 35.1737831, 0.0 ], [ 114.4887167, 35.1734035, 0.0 ], [ 114.4887768, 35.172974, 0.0 ], [ 114.4882354, 35.1714344, 0.0 ], [ 114.4881454, 35.1709448, 0.0 ], [ 114.488446, 35.1708554, 0.0 ], [ 114.4886065, 35.1707957, 0.0 ], [ 114.489148, 35.1706068, 0.0 ], [ 114.4902406, 35.170389, 0.0 ], [ 114.4906117, 35.1703497, 0.0 ], [ 114.4911431, 35.1702207, 0.0 ], [ 114.4920154, 35.1700924, 0.0 ], [ 114.4924866, 35.1699633, 0.0 ], [ 114.4929676, 35.1698943, 0.0 ], [ 114.4942711, 35.1698666, 0.0 ], [ 114.4943611, 35.1698667, 0.0 ], [ 114.4959455, 35.1699394, 0.0 ], [ 114.4963562, 35.1699901, 0.0 ], [ 114.4973189, 35.1702716, 0.0 ], [ 114.4975896, 35.1703121, 0.0 ], [ 114.4982012, 35.170493, 0.0 ], [ 114.4988226, 35.1706239, 0.0 ], [ 114.4996146, 35.1707153, 0.0 ], [ 114.5000056, 35.1708059, 0.0 ], [ 114.500106, 35.170826, 0.0 ], [ 114.5020709, 35.1714491, 0.0 ], [ 114.502482, 35.1716497, 0.0 ], [ 114.5038453, 35.1721817, 0.0 ], [ 114.5040458, 35.172212, 0.0 ], [ 114.5049383, 35.1725135, 0.0 ], [ 114.5064521, 35.1729359, 0.0 ], [ 114.5068229, 35.1730864, 0.0 ], [ 114.5071336, 35.173147, 0.0 ], [ 114.5073744, 35.1732473, 0.0 ], [ 114.5076048, 35.1732777, 0.0 ], [ 114.5084872, 35.1735391, 0.0 ], [ 114.5085973, 35.1735493, 0.0 ], [ 114.509209, 35.1737302, 0.0 ], [ 114.5093594, 35.1737305, 0.0 ], [ 114.5103217, 35.1739921, 0.0 ], [ 114.5110136, 35.1740833, 0.0 ], [ 114.5119259, 35.1742747, 0.0 ], [ 114.5134998, 35.1744875, 0.0 ], [ 114.5138004, 35.174538, 0.0 ], [ 114.5141312, 35.1745986, 0.0 ], [ 114.5148732, 35.1748097, 0.0 ], [ 114.5151742, 35.1749302, 0.0 ], [ 114.5156051, 35.1751708, 0.0 ], [ 114.5164673, 35.1756619, 0.0 ], [ 114.5168683, 35.1759424, 0.0 ], [ 114.5173997, 35.1764528, 0.0 ], [ 114.5182115, 35.1775234, 0.0 ], [ 114.5184721, 35.1777436, 0.0 ], [ 114.5186626, 35.1778639, 0.0 ], [ 114.5199359, 35.1783758, 0.0 ], [ 114.520698, 35.178547, 0.0 ], [ 114.5220412, 35.1787193, 0.0 ], [ 114.5223119, 35.1787498, 0.0 ], [ 114.5228432, 35.1788207, 0.0 ], [ 114.5236554, 35.1787722, 0.0 ], [ 114.5238559, 35.1787426, 0.0 ], [ 114.5250288, 35.178575, 0.0 ], [ 114.5262416, 35.1784773, 0.0 ], [ 114.5297606, 35.1784139, 0.0 ], [ 114.5306329, 35.1782955, 0.0 ], [ 114.5314249, 35.1781071, 0.0 ], [ 114.5320967, 35.1778187, 0.0 ], [ 114.5323472, 35.1776693, 0.0 ], [ 114.5336306, 35.1770722, 0.0 ], [ 114.5337808, 35.1770425, 0.0 ], [ 114.5339712, 35.176903, 0.0 ], [ 114.5372598, 35.1752607, 0.0 ], [ 114.5383423, 35.1748031, 0.0 ], [ 114.5395055, 35.1742558, 0.0 ], [ 114.5406985, 35.1737685, 0.0 ], [ 114.5411996, 35.1735196, 0.0 ], [ 114.5414102, 35.1734702, 0.0 ], [ 114.5418113, 35.1732411, 0.0 ], [ 114.5419517, 35.1732214, 0.0 ], [ 114.5425532, 35.1728329, 0.0 ], [ 114.5430245, 35.172594, 0.0 ], [ 114.5447086, 35.1715781, 0.0 ], [ 114.544849, 35.1715284, 0.0 ], [ 114.5461021, 35.1707815, 0.0 ], [ 114.5464031, 35.1705722, 0.0 ], [ 114.5475158, 35.169935, 0.0 ], [ 114.5476663, 35.1698053, 0.0 ], [ 114.5481174, 35.1695764, 0.0 ], [ 114.5482376, 35.1694668, 0.0 ], [ 114.5486387, 35.1692177, 0.0 ], [ 114.5500121, 35.168481, 0.0 ], [ 114.5501626, 35.1684113, 0.0 ], [ 114.5504934, 35.1682521, 0.0 ], [ 114.550704, 35.1682026, 0.0 ], [ 114.5509247, 35.1680931, 0.0 ], [ 114.551446, 35.1678343, 0.0 ], [ 114.551937, 35.1675955, 0.0 ], [ 114.5525285, 35.1673069, 0.0 ], [ 114.55312, 35.1670183, 0.0 ], [ 114.5533709, 35.166809, 0.0 ], [ 114.5537118, 35.1666298, 0.0 ], [ 114.553782, 35.1665799, 0.0 ], [ 114.5546842, 35.1658823, 0.0 ], [ 114.5553358, 35.1653242, 0.0 ], [ 114.5563686, 35.1642771, 0.0 ], [ 114.55695, 35.1637587, 0.0 ], [ 114.55699, 35.1637188, 0.0 ], [ 114.558845, 35.1618242, 0.0 ], [ 114.5595568, 35.1611463, 0.0 ], [ 114.5598376, 35.1608471, 0.0 ], [ 114.560068, 35.1606677, 0.0 ], [ 114.5601886, 35.1605081, 0.0 ], [ 114.5608902, 35.1598301, 0.0 ], [ 114.5618226, 35.1588629, 0.0 ], [ 114.5626348, 35.1580452, 0.0 ], [ 114.562755, 35.1579755, 0.0 ], [ 114.5635171, 35.1571877, 0.0 ], [ 114.5638778, 35.1568787, 0.0 ], [ 114.5641086, 35.1566394, 0.0 ], [ 114.5644794, 35.1563604, 0.0 ], [ 114.565783, 35.155234, 0.0 ], [ 114.5669058, 35.1542072, 0.0 ], [ 114.5672068, 35.1538781, 0.0 ], [ 114.5673972, 35.1536787, 0.0 ], [ 114.5681892, 35.1527012, 0.0 ], [ 114.5684801, 35.152452, 0.0 ], [ 114.568821, 35.152103, 0.0 ], [ 114.5694125, 35.1516046, 0.0 ], [ 114.570405, 35.1506375, 0.0 ], [ 114.5705353, 35.150468, 0.0 ], [ 114.5708561, 35.1501988, 0.0 ], [ 114.5712272, 35.1498399, 0.0 ], [ 114.5717788, 35.1492316, 0.0 ], [ 114.5724703, 35.1482739, 0.0 ], [ 114.5728516, 35.1478251, 0.0 ], [ 114.5734229, 35.1472069, 0.0 ], [ 114.5735132, 35.1470471, 0.0 ], [ 114.573794, 35.146788, 0.0 ], [ 114.5739344, 35.1465885, 0.0 ], [ 114.5740748, 35.1464689, 0.0 ], [ 114.5748668, 35.1455513, 0.0 ], [ 114.5749871, 35.1454417, 0.0 ], [ 114.5750972, 35.1452721, 0.0 ], [ 114.5753582, 35.144893, 0.0 ], [ 114.575729, 35.1445241, 0.0 ], [ 114.5765812, 35.1441061, 0.0 ], [ 114.5774736, 35.1435484, 0.0 ], [ 114.578757, 35.1430214, 0.0 ], [ 114.5789374, 35.1429419, 0.0 ], [ 114.5799702, 35.1424344, 0.0 ], [ 114.5804814, 35.1421856, 0.0 ], [ 114.5809728, 35.1419468, 0.0 ], [ 114.5813036, 35.1418476, 0.0 ], [ 114.5817446, 35.1416286, 0.0 ], [ 114.5819552, 35.1415691, 0.0 ], [ 114.582276, 35.1414898, 0.0 ], [ 114.5825266, 35.1414004, 0.0 ], [ 114.5833488, 35.1412022, 0.0 ], [ 114.5836595, 35.1410828, 0.0 ], [ 114.584652, 35.1407751, 0.0 ], [ 114.5853338, 35.1406066, 0.0 ], [ 114.5856449, 35.1405173, 0.0 ], [ 114.5866273, 35.1402295, 0.0 ], [ 114.5875295, 35.1400114, 0.0 ], [ 114.5876598, 35.1399817, 0.0 ], [ 114.58778, 35.139932, 0.0 ], [ 114.5894144, 35.1395755, 0.0 ], [ 114.5894447, 35.1395656, 0.0 ], [ 114.5898454, 35.1395164, 0.0 ], [ 114.5905873, 35.139328, 0.0 ], [ 114.5923218, 35.1389717, 0.0 ], [ 114.593936, 35.1385753, 0.0 ], [ 114.5945876, 35.1385066, 0.0 ], [ 114.5948584, 35.1384272, 0.0 ], [ 114.5950088, 35.1383476, 0.0 ], [ 114.59542, 35.1381486, 0.0 ], [ 114.5956806, 35.1381092, 0.0 ], [ 114.5961518, 35.1379302, 0.0 ], [ 114.5965529, 35.1378611, 0.0 ], [ 114.597806, 35.1375039, 0.0 ], [ 114.5982172, 35.1373948, 0.0 ], [ 114.5990592, 35.1372965, 0.0 ], [ 114.601649, 35.1367365, 0.0 ], [ 114.6024976, 35.1364855, 0.0 ], [ 114.6031967, 35.1362749, 0.0 ], [ 114.6040553, 35.135984, 0.0 ], [ 114.6051634, 35.1357427, 0.0 ], [ 114.6054528, 35.1356723, 0.0 ], [ 114.6061919, 35.1354116, 0.0 ], [ 114.6066811, 35.1352811, 0.0 ], [ 114.606841, 35.1352608, 0.0 ], [ 114.6070105, 35.1352507, 0.0 ], [ 114.6071704, 35.1352604, 0.0 ], [ 114.60731, 35.1353102, 0.0 ], [ 114.6074497, 35.1353699, 0.0 ], [ 114.6075797, 35.1354595, 0.0 ], [ 114.6076794, 35.1355693, 0.0 ], [ 114.6078792, 35.1359486, 0.0 ], [ 114.6079688, 35.1360284, 0.0 ], [ 114.6080689, 35.1360882, 0.0 ], [ 114.6083483, 35.1361678, 0.0 ], [ 114.6088573, 35.136227, 0.0 ], [ 114.6106544, 35.1364442, 0.0 ], [ 114.6108042, 35.1364639, 0.0 ], [ 114.6109241, 35.1364638, 0.0 ], [ 114.6110339, 35.1364437, 0.0 ], [ 114.6111239, 35.1363936, 0.0 ], [ 114.6112236, 35.1363235, 0.0 ], [ 114.6113035, 35.1362535, 0.0 ], [ 114.6121621, 35.1354032, 0.0 ], [ 114.6133404, 35.1342528, 0.0 ], [ 114.6135503, 35.1341127, 0.0 ], [ 114.61374, 35.1340325, 0.0 ], [ 114.6145586, 35.1337717, 0.0 ], [ 114.6158068, 35.1333904, 0.0 ], [ 114.6167154, 35.1330894, 0.0 ], [ 114.6183725, 35.1325577, 0.0 ], [ 114.6195108, 35.1321965, 0.0 ], [ 114.6195608, 35.1321764, 0.0 ], [ 114.6205094, 35.1318455, 0.0 ], [ 114.6211783, 35.1315749, 0.0 ], [ 114.6222565, 35.1310838, 0.0 ], [ 114.6230752, 35.1307631, 0.0 ], [ 114.6242534, 35.1303319, 0.0 ], [ 114.6249824, 35.1301311, 0.0 ], [ 114.6264199, 35.1296996, 0.0 ], [ 114.6276482, 35.1293583, 0.0 ], [ 114.6280277, 35.1292578, 0.0 ], [ 114.6286566, 35.1291171, 0.0 ], [ 114.6292258, 35.1290264, 0.0 ], [ 114.6297049, 35.1289058, 0.0 ], [ 114.6301042, 35.1287455, 0.0 ], [ 114.6305038, 35.1285351, 0.0 ], [ 114.6306935, 35.128425, 0.0 ], [ 114.630813, 35.1283449, 0.0 ], [ 114.6309631, 35.1282248, 0.0 ], [ 114.6312425, 35.1279647, 0.0 ], [ 114.6316219, 35.1276146, 0.0 ], [ 114.6324805, 35.1267243, 0.0 ], [ 114.6331595, 35.1260042, 0.0 ], [ 114.6335389, 35.1256241, 0.0 ], [ 114.634318, 35.1248439, 0.0 ], [ 114.6352064, 35.1239336, 0.0 ], [ 114.6354361, 35.1236636, 0.0 ], [ 114.6356759, 35.1233835, 0.0 ], [ 114.6358156, 35.1232535, 0.0 ], [ 114.6361352, 35.1230034, 0.0 ], [ 114.6366346, 35.122613, 0.0 ], [ 114.636964, 35.122303, 0.0 ], [ 114.6372336, 35.121953, 0.0 ], [ 114.6376728, 35.1212931, 0.0 ], [ 114.6381822, 35.1206031, 0.0 ], [ 114.6388313, 35.1196732, 0.0 ], [ 114.6395102, 35.1185835, 0.0 ], [ 114.6399196, 35.1178836, 0.0 ], [ 114.6402094, 35.1173839, 0.0 ], [ 114.640479, 35.116864, 0.0 ], [ 114.6407684, 35.1161743, 0.0 ], [ 114.6409582, 35.1154049, 0.0 ], [ 114.6411979, 35.1145855, 0.0 ], [ 114.6414276, 35.1139259, 0.0 ], [ 114.6419168, 35.1128664, 0.0 ], [ 114.6424162, 35.1118368, 0.0 ], [ 114.6428957, 35.1110071, 0.0 ], [ 114.6431254, 35.1105972, 0.0 ], [ 114.643435, 35.1100273, 0.0 ], [ 114.6436646, 35.1096575, 0.0 ], [ 114.6443036, 35.1088475, 0.0 ], [ 114.6449326, 35.1080175, 0.0 ], [ 114.6452922, 35.1075775, 0.0 ], [ 114.646131, 35.1065974, 0.0 ], [ 114.6475188, 35.105127, 0.0 ], [ 114.6478684, 35.104687, 0.0 ], [ 114.6486272, 35.1039867, 0.0 ], [ 114.6493958, 35.1034263, 0.0 ], [ 114.6497854, 35.103206, 0.0 ], [ 114.6497656, 35.1021972, 0.0 ], [ 114.649546, 35.0988909, 0.0 ], [ 114.6497256, 35.0983613, 0.0 ], [ 114.6500953, 35.0976614, 0.0 ], [ 114.6502148, 35.0968621, 0.0 ], [ 114.6502148, 35.0960629, 0.0 ], [ 114.6505144, 35.0951933, 0.0 ], [ 114.6506944, 35.0946636, 0.0 ], [ 114.6511235, 35.0938338, 0.0 ], [ 114.651423, 35.0932639, 0.0 ], [ 114.6516628, 35.0924644, 0.0 ], [ 114.652152, 35.0917545, 0.0 ], [ 114.6526312, 35.0911543, 0.0 ], [ 114.6530005, 35.0903647, 0.0 ], [ 114.6534797, 35.0896647, 0.0 ], [ 114.6537295, 35.088955, 0.0 ], [ 114.6542188, 35.088365, 0.0 ], [ 114.6548178, 35.0877547, 0.0 ], [ 114.6553067, 35.0871547, 0.0 ], [ 114.655846, 35.0863746, 0.0 ], [ 114.6562754, 35.0857547, 0.0 ], [ 114.6566448, 35.0850549, 0.0 ], [ 114.6572536, 35.0844546, 0.0 ], [ 114.6575632, 35.0840646, 0.0 ], [ 114.657853, 35.0836945, 0.0 ], [ 114.6581622, 35.0833244, 0.0 ], [ 114.6582223, 35.0832444, 0.0 ], [ 114.6585816, 35.0825547, 0.0 ], [ 114.6590708, 35.0819446, 0.0 ], [ 114.6595003, 35.0811148, 0.0 ], [ 114.6597998, 35.080545, 0.0 ], [ 114.660279, 35.0799448, 0.0 ], [ 114.6607682, 35.0792549, 0.0 ], [ 114.6612575, 35.0786448, 0.0 ], [ 114.6616168, 35.0779451, 0.0 ], [ 114.662056, 35.0771153, 0.0 ], [ 114.6625852, 35.0764452, 0.0 ], [ 114.6630744, 35.0756453, 0.0 ], [ 114.6635237, 35.0748255, 0.0 ], [ 114.6640428, 35.0741454, 0.0 ], [ 114.664532, 35.0734454, 0.0 ], [ 114.6651113, 35.0726754, 0.0 ], [ 114.6656203, 35.0720353, 0.0 ], [ 114.6662294, 35.0714351, 0.0 ], [ 114.6665887, 35.0707352, 0.0 ], [ 114.667088, 35.0701351, 0.0 ], [ 114.6675672, 35.0693353, 0.0 ], [ 114.6680464, 35.0687353, 0.0 ], [ 114.6687754, 35.0682347, 0.0 ], [ 114.6695141, 35.0678341, 0.0 ], [ 114.6702132, 35.0671438, 0.0 ], [ 114.6707222, 35.0666336, 0.0 ], [ 114.6717205, 35.0662625, 0.0 ], [ 114.6727289, 35.0657317, 0.0 ], [ 114.6732782, 35.0654312, 0.0 ], [ 114.6741268, 35.0652302, 0.0 ], [ 114.6749854, 35.0649193, 0.0 ], [ 114.6755945, 35.0641792, 0.0 ], [ 114.6759538, 35.0637292, 0.0 ], [ 114.6765629, 35.0632188, 0.0 ], [ 114.677042, 35.0626188, 0.0 ], [ 114.6776612, 35.0620185, 0.0 ], [ 114.6781404, 35.0614184, 0.0 ], [ 114.6786196, 35.0607284, 0.0 ], [ 114.6792287, 35.0602181, 0.0 ], [ 114.6796178, 35.0594883, 0.0 ], [ 114.6797179, 35.0594182, 0.0 ], [ 114.6802072, 35.0588182, 0.0 ], [ 114.6808159, 35.0583178, 0.0 ], [ 114.6812954, 35.0576078, 0.0 ], [ 114.6817847, 35.0568079, 0.0 ], [ 114.6822239, 35.0559881, 0.0 ], [ 114.682873, 35.0554178, 0.0 ], [ 114.6833618, 35.0548077, 0.0 ], [ 114.683971, 35.0543174, 0.0 ], [ 114.6846899, 35.0538169, 0.0 ], [ 114.6855287, 35.0532263, 0.0 ], [ 114.6862674, 35.0527057, 0.0 ], [ 114.687126, 35.0523049, 0.0 ], [ 114.687855, 35.0519044, 0.0 ], [ 114.6887136, 35.0516034, 0.0 ], [ 114.6893224, 35.0511031, 0.0 ], [ 114.6900413, 35.0507025, 0.0 ], [ 114.6910198, 35.0504014, 0.0 ], [ 114.6919882, 35.0500004, 0.0 ], [ 114.6928367, 35.0494898, 0.0 ], [ 114.6936956, 35.049099, 0.0 ], [ 114.6944142, 35.0486884, 0.0 ], [ 114.6953927, 35.0482874, 0.0 ], [ 114.6963913, 35.0479164, 0.0 ], [ 114.6974594, 35.0476851, 0.0 ], [ 114.698308, 35.0473842, 0.0 ], [ 114.6991669, 35.0472831, 0.0 ], [ 114.7000154, 35.0470823, 0.0 ], [ 114.7009856, 35.0466826, 0.0 ], [ 114.7017254, 35.0462929, 0.0 ], [ 114.7023256, 35.0457833, 0.0 ], [ 114.7026956, 35.045074, 0.0 ], [ 114.7029955, 35.0442148, 0.0 ], [ 114.7032853, 35.0433456, 0.0 ], [ 114.7034156, 35.042976, 0.0 ], [ 114.7035355, 35.0422767, 0.0 ], [ 114.7036554, 35.0413876, 0.0 ], [ 114.7037756, 35.0406782, 0.0 ], [ 114.7041356, 35.0399789, 0.0 ], [ 114.7046256, 35.0392795, 0.0 ], [ 114.7053355, 35.0386002, 0.0 ], [ 114.7054453, 35.0385202, 0.0 ], [ 114.7059655, 35.0380806, 0.0 ], [ 114.7065656, 35.0374811, 0.0 ], [ 114.7071755, 35.0367319, 0.0 ], [ 114.7075355, 35.0362723, 0.0 ], [ 114.7079056, 35.035483, 0.0 ], [ 114.7083354, 35.0346438, 0.0 ], [ 114.7086256, 35.0340844, 0.0 ], [ 114.7092354, 35.0334749, 0.0 ], [ 114.7094856, 35.0327756, 0.0 ], [ 114.7102556, 35.0321361, 0.0 ], [ 114.7106956, 35.0317764, 0.0 ], [ 114.7114256, 35.0312669, 0.0 ], [ 114.7120355, 35.0305675, 0.0 ], [ 114.7125254, 35.029978, 0.0 ], [ 114.7131256, 35.0294785, 0.0 ], [ 114.7136155, 35.028869, 0.0 ], [ 114.7138456, 35.0281697, 0.0 ], [ 114.7142156, 35.0273705, 0.0 ], [ 114.7143355, 35.0266612, 0.0 ], [ 114.7146955, 35.025872, 0.0 ], [ 114.7150656, 35.0251627, 0.0 ], [ 114.7155455, 35.0245632, 0.0 ], [ 114.7159156, 35.0238639, 0.0 ], [ 114.7161456, 35.0231745, 0.0 ], [ 114.7166356, 35.0225651, 0.0 ], [ 114.7171154, 35.0218657, 0.0 ], [ 114.7176054, 35.0212663, 0.0 ], [ 114.7185155, 35.0207667, 0.0 ], [ 114.7190656, 35.0204569, 0.0 ], [ 114.7200754, 35.0201072, 0.0 ], [ 114.7207756, 35.0198673, 0.0 ], [ 114.7214956, 35.0194577, 0.0 ], [ 114.7223556, 35.019058, 0.0 ], [ 114.7233553, 35.0186982, 0.0 ], [ 114.7243655, 35.0183485, 0.0 ], [ 114.7253656, 35.0179888, 0.0 ], [ 114.7257554, 35.0178588, 0.0 ], [ 114.7265755, 35.0178588, 0.0 ], [ 114.7267256, 35.0178587, 0.0 ], [ 114.7278154, 35.0177188, 0.0 ], [ 114.7288954, 35.0175888, 0.0 ], [ 114.7292856, 35.0175389, 0.0 ], [ 114.7302554, 35.0175487, 0.0 ], [ 114.7311054, 35.0174488, 0.0 ], [ 114.7320853, 35.0173487, 0.0 ], [ 114.7329356, 35.0171389, 0.0 ], [ 114.7339055, 35.0170388, 0.0 ], [ 114.7347756, 35.0170387, 0.0 ], [ 114.7350056, 35.0170387, 0.0 ], [ 114.7360954, 35.0170286, 0.0 ], [ 114.7368254, 35.0170286, 0.0 ], [ 114.7376855, 35.0168287, 0.0 ], [ 114.7385156, 35.0162392, 0.0 ], [ 114.7393854, 35.0159294, 0.0 ], [ 114.7401155, 35.01533, 0.0 ], [ 114.7408355, 35.0149303, 0.0 ], [ 114.7413254, 35.0142309, 0.0 ], [ 114.7421754, 35.0137213, 0.0 ], [ 114.7427755, 35.0132218, 0.0 ], [ 114.7433854, 35.0126223, 0.0 ], [ 114.7439855, 35.0121227, 0.0 ], [ 114.7443854, 35.0116232, 0.0 ], [ 114.7444754, 35.0115133, 0.0 ], [ 114.7450756, 35.0110138, 0.0 ], [ 114.7456854, 35.0103044, 0.0 ], [ 114.7464155, 35.0099147, 0.0 ], [ 114.7472953, 35.0098347, 0.0 ], [ 114.7481053, 35.0097547, 0.0 ], [ 114.7490856, 35.0092751, 0.0 ], [ 114.7495655, 35.0085258, 0.0 ], [ 114.7496656, 35.0081462, 0.0 ], [ 114.7498556, 35.007367, 0.0 ], [ 114.7498556, 35.0064778, 0.0 ], [ 114.7498956, 35.005239, 0.0 ], [ 114.7498754, 35.0034108, 0.0 ], [ 114.7498556, 35.0015627, 0.0 ], [ 114.7498456, 35.001223, 0.0 ], [ 114.7498855, 35.0007535, 0.0 ], [ 114.7499154, 35.000224, 0.0 ], [ 114.7499456, 35.0000342, 0.0 ], [ 114.7499554, 34.9999943, 0.0 ], [ 114.7500554, 34.9998943, 0.0 ], [ 114.7507754, 34.9981663, 0.0 ], [ 114.7527756, 34.9958188, 0.0 ], [ 114.754576, 34.993751, 0.0 ], [ 114.756926, 34.9908241, 0.0 ], [ 114.7606661, 34.988976, 0.0 ], [ 114.7633063, 34.9881068, 0.0 ], [ 114.8081191, 34.9844999, 0.0 ], [ 114.8099519, 34.9851319, 0.0 ], [ 114.8124157, 34.9857848, 0.0 ], [ 114.8187949, 34.9879217, 0.0 ], [ 114.8236621, 34.9906458, 0.0 ], [ 114.8287594, 34.99357, 0.0 ], [ 114.8301612, 34.9962289, 0.0 ], [ 114.8308319, 34.9990766, 0.0 ], [ 114.8308718, 34.9998358, 0.0 ], [ 114.8308718, 34.9999756, 0.0 ], [ 114.8308718, 35.0001954, 0.0 ], [ 114.8309017, 35.0007949, 0.0 ], [ 114.8312225, 35.0069192, 0.0 ], [ 114.830942, 35.0091067, 0.0 ], [ 114.8306216, 35.0115637, 0.0 ], [ 114.8290297, 35.0183345, 0.0 ], [ 114.8271869, 35.0256644, 0.0 ], [ 114.8233813, 35.0358885, 0.0 ], [ 114.8191452, 35.0447433, 0.0 ], [ 114.8181937, 35.04667, 0.0 ], [ 114.8177632, 35.0486473, 0.0 ], [ 114.8181037, 35.0500065, 0.0 ], [ 114.818985, 35.0517761, 0.0 ], [ 114.8192356, 35.0525657, 0.0 ], [ 114.8194757, 35.0532653, 0.0 ], [ 114.8194757, 35.0541644, 0.0 ], [ 114.819606, 35.0548639, 0.0 ], [ 114.8198566, 35.0556735, 0.0 ], [ 114.8199768, 35.0564629, 0.0 ], [ 114.820227, 35.0572624, 0.0 ], [ 114.8203073, 35.0574524, 0.0 ], [ 114.8205877, 35.0580622, 0.0 ], [ 114.820708, 35.0587517, 0.0 ], [ 114.8209682, 35.0594814, 0.0 ], [ 114.8212087, 35.0603609, 0.0 ], [ 114.8215792, 35.0610607, 0.0 ], [ 114.8217696, 35.0615904, 0.0 ], [ 114.8220698, 35.06246, 0.0 ], [ 114.8221901, 35.0632594, 0.0 ], [ 114.8225609, 35.0640591, 0.0 ], [ 114.8228111, 35.0647489, 0.0 ], [ 114.8230516, 35.0655485, 0.0 ], [ 114.8234321, 35.0663482, 0.0 ], [ 114.8236726, 35.0670479, 0.0 ], [ 114.823913, 35.0678574, 0.0 ], [ 114.8240434, 35.0682172, 0.0 ], [ 114.8243537, 35.0690868, 0.0 ], [ 114.8246543, 35.0699464, 0.0 ], [ 114.8250247, 35.0706562, 0.0 ], [ 114.8250247, 35.0714454, 0.0 ], [ 114.8252753, 35.0721452, 0.0 ], [ 114.8256457, 35.072845, 0.0 ], [ 114.8261368, 35.073545, 0.0 ], [ 114.8266274, 35.0741352, 0.0 ], [ 114.8271383, 35.0748752, 0.0 ], [ 114.827729, 35.0756354, 0.0 ], [ 114.8278493, 35.0763448, 0.0 ], [ 114.8280397, 35.0768746, 0.0 ], [ 114.8283403, 35.0777342, 0.0 ], [ 114.8284706, 35.0784337, 0.0 ], [ 114.8287108, 35.0792332, 0.0 ], [ 114.8289613, 35.0799229, 0.0 ], [ 114.8289613, 35.0807321, 0.0 ], [ 114.8290916, 35.0814316, 0.0 ], [ 114.8290916, 35.0822308, 0.0 ], [ 114.8290916, 35.0831299, 0.0 ], [ 114.8291215, 35.0833198, 0.0 ], [ 114.829222, 35.0839293, 0.0 ], [ 114.8292418, 35.0840392, 0.0 ], [ 114.8293519, 35.0846288, 0.0 ], [ 114.8297227, 35.0853386, 0.0 ], [ 114.8302033, 35.0859288, 0.0 ], [ 114.8306944, 35.0867287, 0.0 ], [ 114.8307844, 35.0872384, 0.0 ], [ 114.8309849, 35.0881977, 0.0 ], [ 114.8314453, 35.0890176, 0.0 ], [ 114.8316858, 35.0898171, 0.0 ], [ 114.8319364, 35.0905268, 0.0 ], [ 114.8323169, 35.0913465, 0.0 ], [ 114.8324771, 35.0922359, 0.0 ], [ 114.8326474, 35.0931353, 0.0 ], [ 114.8327978, 35.0940245, 0.0 ], [ 114.8330484, 35.0948141, 0.0 ], [ 114.8331683, 35.0955136, 0.0 ], [ 114.8331784, 35.0963129, 0.0 ], [ 114.8332284, 35.0966326, 0.0 ], [ 114.833389, 35.0975219, 0.0 ], [ 114.8335592, 35.0984113, 0.0 ], [ 114.8335592, 35.0993104, 0.0 ], [ 114.8334689, 35.0998298, 0.0 ], [ 114.8333188, 35.1007187, 0.0 ], [ 114.8333188, 35.1010084, 0.0 ], [ 114.8333285, 35.1019075, 0.0 ], [ 114.8333285, 35.1028065, 0.0 ], [ 114.8333285, 35.1037056, 0.0 ], [ 114.8333382, 35.1046047, 0.0 ], [ 114.8333382, 35.1055137, 0.0 ], [ 114.8333479, 35.1064128, 0.0 ], [ 114.8333479, 35.1073119, 0.0 ], [ 114.8333576, 35.108211, 0.0 ], [ 114.8333576, 35.1091101, 0.0 ], [ 114.8333576, 35.1100191, 0.0 ], [ 114.8333573, 35.1109182, 0.0 ], [ 114.8333674, 35.1118173, 0.0 ], [ 114.8334876, 35.1125167, 0.0 ], [ 114.8337479, 35.1132164, 0.0 ], [ 114.8342285, 35.1139163, 0.0 ], [ 114.8344186, 35.1144461, 0.0 ], [ 114.8347289, 35.1153157, 0.0 ], [ 114.8352098, 35.1159058, 0.0 ], [ 114.8357005, 35.1166057, 0.0 ], [ 114.836071, 35.1173056, 0.0 ], [ 114.8365616, 35.1179057, 0.0 ], [ 114.8371726, 35.118506, 0.0 ], [ 114.8376632, 35.1191061, 0.0 ], [ 114.8380135, 35.1193863, 0.0 ], [ 114.8387947, 35.1200168, 0.0 ], [ 114.8395658, 35.1206573, 0.0 ], [ 114.8403571, 35.1212878, 0.0 ], [ 114.8411984, 35.1217885, 0.0 ], [ 114.8418392, 35.1222989, 0.0 ], [ 114.8426705, 35.1228795, 0.0 ], [ 114.8431612, 35.1234797, 0.0 ], [ 114.843722, 35.1243895, 0.0 ], [ 114.8442728, 35.1251795, 0.0 ], [ 114.8447534, 35.1257696, 0.0 ], [ 114.8451239, 35.1265694, 0.0 ], [ 114.8457348, 35.1271696, 0.0 ], [ 114.8463054, 35.1276299, 0.0 ], [ 114.8471467, 35.1283405, 0.0 ], [ 114.8478178, 35.1290606, 0.0 ], [ 114.8480579, 35.1297603, 0.0 ], [ 114.848068, 35.1303597, 0.0 ], [ 114.8480676, 35.1312587, 0.0 ], [ 114.8480676, 35.1321578, 0.0 ], [ 114.8480676, 35.1330568, 0.0 ], [ 114.8480773, 35.1339559, 0.0 ], [ 114.8480874, 35.134855, 0.0 ], [ 114.8479672, 35.1355541, 0.0 ], [ 114.8476064, 35.1363627, 0.0 ], [ 114.847416, 35.1372715, 0.0 ], [ 114.8471154, 35.1381301, 0.0 ], [ 114.8468245, 35.1390088, 0.0 ], [ 114.8465239, 35.1398675, 0.0 ], [ 114.8461636, 35.1405662, 0.0 ], [ 114.8459231, 35.1413751, 0.0 ], [ 114.8456826, 35.1420739, 0.0 ], [ 114.8455321, 35.1425832, 0.0 ], [ 114.8452618, 35.1434519, 0.0 ], [ 114.8450112, 35.1443306, 0.0 ], [ 114.844891, 35.14472, 0.0 ], [ 114.8447506, 35.1452093, 0.0 ], [ 114.8444798, 35.146078, 0.0 ], [ 114.8442394, 35.146777, 0.0 ], [ 114.843879, 35.1474757, 0.0 ], [ 114.843398, 35.1482742, 0.0 ], [ 114.8418554, 35.1493608, 0.0 ], [ 114.8400626, 35.1502972, 0.0 ], [ 114.8386201, 35.1512441, 0.0 ], [ 114.8362164, 35.1529489, 0.0 ], [ 114.8352347, 35.1542861, 0.0 ], [ 114.835064, 35.1564236, 0.0 ], [ 114.8356948, 35.1592416, 0.0 ], [ 114.8375768, 35.16345, 0.0 ], [ 114.8378072, 35.1641396, 0.0 ], [ 114.8397599, 35.1666598, 0.0 ], [ 114.8402704, 35.1673098, 0.0 ], [ 114.8421532, 35.16974, 0.0 ], [ 114.84729, 35.1761406, 0.0 ], [ 114.8523772, 35.1803934, 0.0 ], [ 114.8580551, 35.1844772, 0.0 ], [ 114.8626015, 35.1869809, 0.0 ], [ 114.8694815, 35.1891483, 0.0 ], [ 114.8704531, 35.1894494, 0.0 ], [ 114.8749794, 35.1908941, 0.0 ], [ 114.8781942, 35.1919176, 0.0 ], [ 114.8848942, 35.1933954, 0.0 ], [ 114.8982235, 35.1952921, 0.0 ], [ 114.91924, 35.1950481, 0.0 ], [ 114.9238289, 35.1954089, 0.0 ], [ 114.9256944, 35.1964143, 0.0 ], [ 114.9267114, 35.1980806, 0.0 ], [ 114.9271204, 35.200897, 0.0 ], [ 114.926701, 35.2081718, 0.0 ], [ 114.925703, 35.2172862, 0.0 ], [ 114.9255634, 35.220284, 0.0 ], [ 114.924865, 35.224252, 0.0 ], [ 114.924406, 35.2287093, 0.0 ], [ 114.9243062, 35.2308776, 0.0 ], [ 114.9243559, 35.2341149, 0.0 ], [ 114.9236575, 35.2408008, 0.0 ], [ 114.9238969, 35.2468553, 0.0 ], [ 114.9245154, 35.2485927, 0.0 ], [ 114.9259219, 35.2499788, 0.0 ], [ 114.9261811, 35.2502381, 0.0 ], [ 114.9270689, 35.250596, 0.0 ], [ 114.9300817, 35.2518092, 0.0 ], [ 114.9372637, 35.2538735, 0.0 ], [ 114.9430097, 35.2548314, 0.0 ], [ 114.9458328, 35.2552656, 0.0 ], [ 114.9472494, 35.2554826, 0.0 ], [ 114.9490148, 35.2558988, 0.0 ], [ 114.9495836, 35.2565871, 0.0 ], [ 114.9498029, 35.2574659, 0.0 ], [ 114.9501323, 35.2584544, 0.0 ], [ 114.9506208, 35.2591529, 0.0 ], [ 114.9511097, 35.2597514, 0.0 ], [ 114.9517282, 35.2603497, 0.0 ], [ 114.9519773, 35.2610686, 0.0 ], [ 114.9522268, 35.2619374, 0.0 ], [ 114.9523564, 35.2623068, 0.0 ], [ 114.9526656, 35.2631755, 0.0 ], [ 114.9529748, 35.2640441, 0.0 ], [ 114.9530944, 35.2648432, 0.0 ], [ 114.9534637, 35.2655419, 0.0 ], [ 114.9537229, 35.2662408, 0.0 ], [ 114.953972, 35.2670596, 0.0 ], [ 114.9542114, 35.2679484, 0.0 ], [ 114.9545808, 35.268637, 0.0 ], [ 114.9548699, 35.2690461, 0.0 ], [ 114.9550794, 35.2693354, 0.0 ], [ 114.9554484, 35.2700341, 0.0 ], [ 114.9556979, 35.2707331, 0.0 ], [ 114.9562066, 35.2713715, 0.0 ], [ 114.9565554, 35.27223, 0.0 ], [ 114.9570544, 35.2728286, 0.0 ], [ 114.9575429, 35.2736169, 0.0 ], [ 114.9580616, 35.2742654, 0.0 ], [ 114.9584008, 35.275124, 0.0 ], [ 114.9587798, 35.2755728, 0.0 ], [ 114.9593983, 35.276321, 0.0 ], [ 114.9599768, 35.2769792, 0.0 ], [ 114.9606252, 35.2777173, 0.0 ], [ 114.9609942, 35.2781662, 0.0 ], [ 114.9616127, 35.2789143, 0.0 ], [ 114.9622211, 35.2794028, 0.0 ], [ 114.9625901, 35.2801114, 0.0 ], [ 114.963079, 35.2806999, 0.0 ], [ 114.9636974, 35.2812982, 0.0 ], [ 114.964186, 35.2820066, 0.0 ], [ 114.9645949, 35.2823255, 0.0 ], [ 114.9653732, 35.2829634, 0.0 ], [ 114.9661512, 35.2835914, 0.0 ], [ 114.9666498, 35.2842898, 0.0 ], [ 114.9670188, 35.2849884, 0.0 ], [ 114.9675077, 35.2855969, 0.0 ], [ 114.9681161, 35.2860853, 0.0 ], [ 114.9684952, 35.2867839, 0.0 ], [ 114.9691036, 35.2872823, 0.0 ], [ 114.9694826, 35.2877312, 0.0 ], [ 114.970091, 35.2884793, 0.0 ], [ 114.9707095, 35.2890675, 0.0 ], [ 114.9709586, 35.2893767, 0.0 ], [ 114.9715771, 35.2901249, 0.0 ], [ 114.9721855, 35.290873, 0.0 ], [ 114.9726845, 35.2916614, 0.0 ], [ 114.9731629, 35.2923698, 0.0 ], [ 114.9737915, 35.292968, 0.0 ], [ 114.9741504, 35.2936667, 0.0 ], [ 114.9743999, 35.2944655, 0.0 ], [ 114.974649, 35.2951644, 0.0 ], [ 114.975148, 35.2957629, 0.0 ], [ 114.9755868, 35.2961217, 0.0 ], [ 114.9763748, 35.2967595, 0.0 ], [ 114.9771128, 35.2971577, 0.0 ], [ 114.9777212, 35.297746, 0.0 ], [ 114.9782198, 35.2983545, 0.0 ], [ 114.9788286, 35.2989428, 0.0 ], [ 114.9795666, 35.2993509, 0.0 ], [ 114.9801851, 35.2999491, 0.0 ], [ 114.9808032, 35.3006372, 0.0 ], [ 114.9811027, 35.3012161, 0.0 ], [ 114.9815416, 35.3020443, 0.0 ], [ 114.9820301, 35.3026427, 0.0 ], [ 114.9826486, 35.3031311, 0.0 ], [ 114.9831374, 35.3037295, 0.0 ], [ 114.9835662, 35.3041482, 0.0 ], [ 114.9842743, 35.3048361, 0.0 ], [ 114.9849824, 35.305524, 0.0 ], [ 114.9857204, 35.306122, 0.0 ], [ 114.9863389, 35.3067201, 0.0 ], [ 114.9869473, 35.3074181, 0.0 ], [ 114.9875658, 35.3079165, 0.0 ], [ 114.9883038, 35.3084144, 0.0 ], [ 114.9889223, 35.3090127, 0.0 ], [ 114.9891916, 35.3092419, 0.0 ], [ 114.9899796, 35.3098696, 0.0 ], [ 114.9907576, 35.3104975, 0.0 ], [ 114.991366, 35.3111056, 0.0 ], [ 114.9918646, 35.3118039, 0.0 ], [ 114.9922436, 35.3125025, 0.0 ], [ 114.9928121, 35.3129609, 0.0 ], [ 114.9936001, 35.3135887, 0.0 ], [ 114.9942884, 35.313977, 0.0 ], [ 114.9943284, 35.3139969, 0.0 ], [ 114.9950563, 35.3145848, 0.0 ], [ 114.9956849, 35.315193, 0.0 ], [ 114.9962933, 35.3156812, 0.0 ], [ 114.9967919, 35.3162896, 0.0 ], [ 114.9975202, 35.3167777, 0.0 ], [ 114.9983777, 35.3170857, 0.0 ], [ 114.999116, 35.3176736, 0.0 ], [ 115.0000038, 35.3179416, 0.0 ], [ 115.0000934, 35.3179614, 0.0 ], [ 115.0010712, 35.3183693, 0.0 ], [ 115.0019392, 35.3184676, 0.0 ], [ 115.0029166, 35.3185557, 0.0 ], [ 115.0040138, 35.3185537, 0.0 ], [ 115.0053808, 35.3183315, 0.0 ], [ 115.0064381, 35.3183596, 0.0 ], [ 115.0078946, 35.3181572, 0.0 ], [ 115.0089422, 35.318505, 0.0 ], [ 115.0097404, 35.3192828, 0.0 ], [ 115.0102091, 35.3205805, 0.0 ], [ 115.0106976, 35.3222081, 0.0 ], [ 115.0115555, 35.3245942, 0.0 ], [ 115.0121635, 35.3270906, 0.0 ], [ 115.012373, 35.3279693, 0.0 ], [ 115.012413, 35.3280991, 0.0 ], [ 115.0126423, 35.3291477, 0.0 ], [ 115.0129912, 35.3309952, 0.0 ], [ 115.0129613, 35.331225, 0.0 ], [ 115.0116844, 35.3319366, 0.0 ], [ 115.0107066, 35.3322281, 0.0 ], [ 115.0097288, 35.3323397, 0.0 ], [ 115.008881, 35.3326409, 0.0 ], [ 115.0082525, 35.332712, 0.0 ], [ 115.0071649, 35.3328439, 0.0 ], [ 115.006307, 35.3331551, 0.0 ], [ 115.0053293, 35.3331568, 0.0 ], [ 115.0045013, 35.3333481, 0.0 ], [ 115.0044016, 35.3334082, 0.0 ], [ 115.0036333, 35.3334595, 0.0 ], [ 115.0029749, 35.3336106, 0.0 ], [ 115.0025861, 35.3337012, 0.0 ], [ 115.0019176, 35.3338722, 0.0 ], [ 115.0009398, 35.3341637, 0.0 ], [ 115.0000819, 35.334375, 0.0 ], [ 115.0000121, 35.3343851, 0.0 ], [ 114.9990343, 35.3345569, 0.0 ], [ 114.9980569, 35.3346588, 0.0 ], [ 114.9969596, 35.334661, 0.0 ], [ 114.9961018, 35.3347626, 0.0 ], [ 114.995254, 35.3349641, 0.0 ], [ 114.9947053, 35.3350451, 0.0 ], [ 114.9943961, 35.3350757, 0.0 ], [ 114.9942863, 35.3350858, 0.0 ], [ 114.9934187, 35.3351775, 0.0 ], [ 114.9927106, 35.3354287, 0.0 ], [ 114.9917029, 35.3357804, 0.0 ], [ 114.9910844, 35.3361512, 0.0 ], [ 114.9908551, 35.3362815, 0.0 ], [ 114.9902464, 35.3367922, 0.0 ], [ 114.9897377, 35.3374326, 0.0 ], [ 114.9891491, 35.338193, 0.0 ], [ 114.9884309, 35.3385941, 0.0 ], [ 114.9878124, 35.3390249, 0.0 ], [ 114.9869646, 35.339596, 0.0 ], [ 114.9867151, 35.3399062, 0.0 ], [ 114.9861168, 35.3406567, 0.0 ], [ 114.985508, 35.3414071, 0.0 ], [ 114.9848996, 35.3419079, 0.0 ], [ 114.9845605, 35.3422481, 0.0 ], [ 114.9842912, 35.3425084, 0.0 ], [ 114.9837325, 35.342979, 0.0 ], [ 114.9829546, 35.34362, 0.0 ], [ 114.9824758, 35.3442203, 0.0 ], [ 114.9817475, 35.3448212, 0.0 ], [ 114.9812186, 35.3453317, 0.0 ], [ 114.9805202, 35.3460225, 0.0 ], [ 114.9800414, 35.3466328, 0.0 ], [ 114.9799716, 35.3466829, 0.0 ], [ 114.979433, 35.3471335, 0.0 ], [ 114.9789442, 35.3479337, 0.0 ], [ 114.9784556, 35.3485341, 0.0 ], [ 114.9779765, 35.3492343, 0.0 ], [ 114.977488, 35.3498347, 0.0 ], [ 114.9774581, 35.3498747, 0.0 ], [ 114.9770488, 35.3502052, 0.0 ], [ 114.9762809, 35.3508461, 0.0 ], [ 114.9756523, 35.3512669, 0.0 ], [ 114.9748146, 35.351848, 0.0 ], [ 114.9739366, 35.3520496, 0.0 ], [ 114.9730092, 35.3522412, 0.0 ], [ 114.9727698, 35.3522917, 0.0 ], [ 114.9717622, 35.3526533, 0.0 ], [ 114.9707848, 35.3528651, 0.0 ], [ 114.969937, 35.3530666, 0.0 ], [ 114.9689592, 35.3532583, 0.0 ], [ 114.9680916, 35.3534799, 0.0 ], [ 114.9670044, 35.3535719, 0.0 ], [ 114.9661465, 35.3537834, 0.0 ], [ 114.9652987, 35.353885, 0.0 ], [ 114.965159, 35.3538953, 0.0 ], [ 114.964321, 35.3539868, 0.0 ], [ 114.963583, 35.354388, 0.0 ], [ 114.9627251, 35.3547993, 0.0 ], [ 114.9622862, 35.3549599, 0.0 ], [ 114.9618773, 35.3551006, 0.0 ], [ 114.961149, 35.3555017, 0.0 ], [ 114.9604211, 35.3560027, 0.0 ], [ 114.9599322, 35.356603, 0.0 ], [ 114.9597526, 35.3571429, 0.0 ], [ 114.9594534, 35.3580125, 0.0 ], [ 114.959084, 35.3588125, 0.0 ], [ 114.9588547, 35.3596122, 0.0 ], [ 114.9586153, 35.360312, 0.0 ], [ 114.9585055, 35.3610214, 0.0 ], [ 114.9583759, 35.3619108, 0.0 ], [ 114.9583061, 35.3621108, 0.0 ], [ 114.9581365, 35.3626106, 0.0 ], [ 114.9580166, 35.3633101, 0.0 ], [ 114.9577772, 35.36401, 0.0 ], [ 114.9576574, 35.3647094, 0.0 ], [ 114.957428, 35.3654192, 0.0 ], [ 114.957059, 35.3662192, 0.0 ], [ 114.9566998, 35.3669192, 0.0 ], [ 114.9564503, 35.367619, 0.0 ], [ 114.9561014, 35.368319, 0.0 ], [ 114.9559416, 35.3687788, 0.0 ], [ 114.955852, 35.3690187, 0.0 ], [ 114.9554927, 35.3697187, 0.0 ], [ 114.9551237, 35.3701691, 0.0 ], [ 114.9549739, 35.3703592, 0.0 ], [ 114.9545254, 35.3709295, 0.0 ], [ 114.9539166, 35.3714302, 0.0 ], [ 114.9534878, 35.3720605, 0.0 ], [ 114.953009, 35.3727308, 0.0 ], [ 114.9529392, 35.3728408, 0.0 ], [ 114.9522109, 35.3733417, 0.0 ], [ 114.9517721, 35.3737022, 0.0 ], [ 114.9509941, 35.3743431, 0.0 ], [ 114.9503857, 35.3750437, 0.0 ], [ 114.9499069, 35.3757539, 0.0 ], [ 114.949458, 35.3760645, 0.0 ], [ 114.9492982, 35.3763545, 0.0 ], [ 114.9492085, 35.3764446, 0.0 ], [ 114.9488197, 35.3769449, 0.0 ], [ 114.9483308, 35.3776551, 0.0 ], [ 114.9477023, 35.3782358, 0.0 ], [ 114.9476724, 35.3782859, 0.0 ], [ 114.9472436, 35.3789461, 0.0 ], [ 114.9470341, 35.3791063, 0.0 ], [ 114.9466252, 35.3794667, 0.0 ], [ 114.9463858, 35.3801566, 0.0 ], [ 114.9460265, 35.3808666, 0.0 ], [ 114.9455279, 35.3812972, 0.0 ], [ 114.9444806, 35.381569, 0.0 ], [ 114.9437124, 35.3817703, 0.0 ], [ 114.9429845, 35.3821713, 0.0 ], [ 114.9420269, 35.3826228, 0.0 ], [ 114.9416878, 35.3827733, 0.0 ], [ 114.9412687, 35.3829839, 0.0 ], [ 114.9404209, 35.3830856, 0.0 ], [ 114.939563, 35.3832971, 0.0 ], [ 114.9387052, 35.3833987, 0.0 ], [ 114.9378574, 35.3837001, 0.0 ], [ 114.9370096, 35.3839016, 0.0 ], [ 114.936152, 35.384213, 0.0 ], [ 114.9350548, 35.384315, 0.0 ], [ 114.9345061, 35.384436, 0.0 ], [ 114.934207, 35.3845165, 0.0 ], [ 114.9333491, 35.3848279, 0.0 ], [ 114.9323717, 35.3849297, 0.0 ], [ 114.9312845, 35.3850619, 0.0 ], [ 114.930666, 35.385133, 0.0 ], [ 114.9296886, 35.3852448, 0.0 ], [ 114.9285812, 35.3852371, 0.0 ], [ 114.9277334, 35.3853586, 0.0 ], [ 114.926756, 35.3853606, 0.0 ], [ 114.9257786, 35.3854624, 0.0 ], [ 114.9246814, 35.3854646, 0.0 ], [ 114.9235844, 35.3854668, 0.0 ], [ 114.9224872, 35.385479, 0.0 ], [ 114.9216394, 35.3854807, 0.0 ], [ 114.9205421, 35.3856127, 0.0 ], [ 114.9199236, 35.3856839, 0.0 ], [ 114.9188267, 35.3856961, 0.0 ], [ 114.9179789, 35.3857977, 0.0 ], [ 114.9168715, 35.3858098, 0.0 ], [ 114.9157746, 35.3858121, 0.0 ], [ 114.9150463, 35.3858235, 0.0 ], [ 114.914039, 35.3861752, 0.0 ], [ 114.9133406, 35.3864263, 0.0 ], [ 114.9123733, 35.386628, 0.0 ], [ 114.9113959, 35.3869397, 0.0 ], [ 114.9103386, 35.3871915, 0.0 ], [ 114.9096902, 35.3873427, 0.0 ], [ 114.9088424, 35.3874442, 0.0 ], [ 114.9079846, 35.3877556, 0.0 ], [ 114.9076354, 35.3878063, 0.0 ], [ 114.9071368, 35.3878573, 0.0 ], [ 114.9062789, 35.3881687, 0.0 ], [ 114.9051917, 35.3882707, 0.0 ], [ 114.9040948, 35.3883829, 0.0 ], [ 114.9029874, 35.388385, 0.0 ], [ 114.9018602, 35.3887469, 0.0 ], [ 114.9011622, 35.3889981, 0.0 ], [ 114.9002147, 35.3894495, 0.0 ], [ 114.8994544, 35.3897989, 0.0 ], [ 114.8984827, 35.3900073, 0.0 ], [ 114.8976216, 35.3903157, 0.0 ], [ 114.8967698, 35.390714, 0.0 ], [ 114.8960387, 35.3911126, 0.0 ], [ 114.8951772, 35.3912111, 0.0 ], [ 114.8943258, 35.3914196, 0.0 ] ] ] } },
{ "type": "Feature", "properties": { "Name": "武陟县", "AdminCode": "410823", "Kind": "0137", "CityAdCode": "410800", "CityName": "焦作市", "ProName": "河南省", "Shape_Leng": 1.4870377458799999, "Shape_Area": 0.08101834394, "sheng": 410000 }, "geometry": { "type": "Polygon", "coordinates": [ [ [ 113.216701, 34.9103177, 0.0 ], [ 113.2176708, 34.9105973, 0.0 ], [ 113.2189304, 34.9119559, 0.0 ], [ 113.2199798, 34.9140735, 0.0 ], [ 113.2210292, 34.9156117, 0.0 ], [ 113.222479, 34.9166306, 0.0 ], [ 113.2225686, 34.9167005, 0.0 ], [ 113.2240082, 34.9174596, 0.0 ], [ 113.225148, 34.9180589, 0.0 ], [ 113.2280071, 34.9202764, 0.0 ], [ 113.2302463, 34.9218645, 0.0 ], [ 113.2308364, 34.9224139, 0.0 ], [ 113.2317853, 34.9262495, 0.0 ], [ 113.2316546, 34.9314537, 0.0 ], [ 113.231754, 34.9350796, 0.0 ], [ 113.2321234, 34.9386854, 0.0 ], [ 113.2338524, 34.9418219, 0.0 ], [ 113.2358616, 34.9449482, 0.0 ], [ 113.238671, 34.9471656, 0.0 ], [ 113.2420702, 34.9489933, 0.0 ], [ 113.2423301, 34.9495727, 0.0 ], [ 113.2436099, 34.9498723, 0.0 ], [ 113.2450693, 34.9502117, 0.0 ], [ 113.2497684, 34.9514801, 0.0 ], [ 113.2499484, 34.9515101, 0.0 ], [ 113.2539178, 34.9523089, 0.0 ], [ 113.258057, 34.952908, 0.0 ], [ 113.2624764, 34.9537368, 0.0 ], [ 113.2685453, 34.9542959, 0.0 ], [ 113.2737746, 34.9544353, 0.0 ], [ 113.2781738, 34.9545749, 0.0 ], [ 113.2831231, 34.9542651, 0.0 ], [ 113.2899725, 34.9534657, 0.0 ], [ 113.2954517, 34.9524665, 0.0 ], [ 113.3017582, 34.9514451, 0.0 ], [ 113.3091554, 34.9506361, 0.0 ], [ 113.3165632, 34.9504963, 0.0 ], [ 113.3231519, 34.9499181, 0.0 ], [ 113.3319366, 34.9524033, 0.0 ], [ 113.3488368, 34.9636976, 0.0 ], [ 113.354217, 34.969244, 0.0 ], [ 113.3601566, 34.9750196, 0.0 ], [ 113.3646584, 34.9787694, 0.0 ], [ 113.3684816, 34.9814113, 0.0 ], [ 113.3694299, 34.9820693, 0.0 ], [ 113.3731134, 34.984282, 0.0 ], [ 113.3737225, 34.9842513, 0.0 ], [ 113.3746009, 34.9850292, 0.0 ], [ 113.3750203, 34.9852284, 0.0 ], [ 113.3768272, 34.9861151, 0.0 ], [ 113.3801611, 34.9873993, 0.0 ], [ 113.3834756, 34.9880142, 0.0 ], [ 113.3876185, 34.9888378, 0.0 ], [ 113.391472, 34.9889827, 0.0 ], [ 113.3958643, 34.9891168, 0.0 ], [ 113.3994784, 34.9888024, 0.0 ], [ 113.4036569, 34.9877995, 0.0 ], [ 113.4060329, 34.9853265, 0.0 ], [ 113.4083491, 34.9826237, 0.0 ], [ 113.4123491, 34.9792446, 0.0 ], [ 113.4151265, 34.9761929, 0.0 ], [ 113.4223243, 34.9727896, 0.0 ], [ 113.4271163, 34.9713797, 0.0 ], [ 113.4332615, 34.9697726, 0.0 ], [ 113.4476672, 34.9658628, 0.0 ], [ 113.4665942, 34.9586647, 0.0 ], [ 113.4723485, 34.9585352, 0.0 ], [ 113.4773107, 34.9588838, 0.0 ], [ 113.4810497, 34.9594799, 0.0 ], [ 113.4812905, 34.9595203, 0.0 ], [ 113.4822726, 34.9596818, 0.0 ], [ 113.4905432, 34.9608654, 0.0 ], [ 113.4936608, 34.96172, 0.0 ], [ 113.496628, 34.9625344, 0.0 ], [ 113.4999965, 34.9635195, 0.0 ], [ 113.5024326, 34.9642231, 0.0 ], [ 113.5071644, 34.9661595, 0.0 ], [ 113.5124176, 34.9676173, 0.0 ], [ 113.5172599, 34.9687048, 0.0 ], [ 113.5215911, 34.9687126, 0.0 ], [ 113.5236161, 34.968856, 0.0 ], [ 113.5269947, 34.9691518, 0.0 ], [ 113.5299218, 34.969267, 0.0 ], [ 113.5328494, 34.9693921, 0.0 ], [ 113.5362078, 34.9693182, 0.0 ], [ 113.5400177, 34.9688656, 0.0 ], [ 113.5435867, 34.9678631, 0.0 ], [ 113.5469052, 34.9663108, 0.0 ], [ 113.5497722, 34.9645778, 0.0 ], [ 113.5521886, 34.962864, 0.0 ], [ 113.5561792, 34.9570076, 0.0 ], [ 113.5575324, 34.9557515, 0.0 ], [ 113.5591668, 34.9544958, 0.0 ], [ 113.563408, 34.9506076, 0.0 ], [ 113.5680397, 34.9482985, 0.0 ], [ 113.5717092, 34.9449788, 0.0 ], [ 113.5752786, 34.9416289, 0.0 ], [ 113.5763716, 34.9390138, 0.0 ], [ 113.5776953, 34.9363391, 0.0 ], [ 113.5796706, 34.9352738, 0.0 ], [ 113.5825679, 34.9342901, 0.0 ], [ 113.5842624, 34.9337437, 0.0 ], [ 113.585656, 34.9338362, 0.0 ], [ 113.5890846, 34.9350709, 0.0 ], [ 113.5890745, 34.9367291, 0.0 ], [ 113.5885828, 34.9393553, 0.0 ], [ 113.5884524, 34.943071, 0.0 ], [ 113.5886022, 34.947816, 0.0 ], [ 113.5883311, 34.9519909, 0.0 ], [ 113.5882004, 34.9550773, 0.0 ], [ 113.588491, 34.9579447, 0.0 ], [ 113.5888618, 34.9596536, 0.0 ], [ 113.5890421, 34.9605129, 0.0 ], [ 113.5891922, 34.9628007, 0.0 ], [ 113.5903853, 34.9654899, 0.0 ], [ 113.5919891, 34.9684096, 0.0 ], [ 113.5939435, 34.9716794, 0.0 ], [ 113.5942344, 34.9720096, 0.0 ], [ 113.5965398, 34.9753901, 0.0 ], [ 113.5978729, 34.9774501, 0.0 ], [ 113.5979532, 34.9775801, 0.0 ], [ 113.5983542, 34.9781902, 0.0 ], [ 113.6002475, 34.9813891, 0.0 ], [ 113.6025342, 34.9846322, 0.0 ], [ 113.6032636, 34.9855401, 0.0 ], [ 113.6055406, 34.9883536, 0.0 ], [ 113.6085365, 34.9913758, 0.0 ], [ 113.6104142, 34.9928514, 0.0 ], [ 113.6125714, 34.9935973, 0.0 ], [ 113.6144491, 34.994054, 0.0 ], [ 113.6152681, 34.9944124, 0.0 ], [ 113.6161271, 34.9947906, 0.0 ], [ 113.6178648, 34.9955273, 0.0 ], [ 113.6189038, 34.9958653, 0.0 ], [ 113.6213406, 34.9966608, 0.0 ], [ 113.6241274, 34.9974657, 0.0 ], [ 113.6249662, 34.9975743, 0.0 ], [ 113.6267042, 34.9977915, 0.0 ], [ 113.629351, 34.9985367, 0.0 ], [ 113.6310188, 34.9995631, 0.0 ], [ 113.6312485, 34.9999722, 0.0 ], [ 113.6313583, 35.0001519, 0.0 ], [ 113.6338052, 35.0008676, 0.0 ], [ 113.6342549, 35.0009968, 0.0 ], [ 113.6347542, 35.0016854, 0.0 ], [ 113.6347844, 35.0027345, 0.0 ], [ 113.6338754, 35.0046341, 0.0 ], [ 113.6315981, 35.0069953, 0.0 ], [ 113.6294309, 35.0083874, 0.0 ], [ 113.6287116, 35.0087981, 0.0 ], [ 113.6278728, 35.009209, 0.0 ], [ 113.6272734, 35.0097194, 0.0 ], [ 113.6265545, 35.01023, 0.0 ], [ 113.626085, 35.0108402, 0.0 ], [ 113.6254856, 35.0114505, 0.0 ], [ 113.6250263, 35.0120506, 0.0 ], [ 113.6249762, 35.0121307, 0.0 ], [ 113.6245468, 35.0127707, 0.0 ], [ 113.6243171, 35.0134805, 0.0 ], [ 113.6239675, 35.0141803, 0.0 ], [ 113.6235179, 35.0155798, 0.0 ], [ 113.623538, 35.016429, 0.0 ], [ 113.6235582, 35.0171883, 0.0 ], [ 113.6244172, 35.0174768, 0.0 ], [ 113.6249762, 35.0177257, 0.0 ], [ 113.6252761, 35.0178651, 0.0 ], [ 113.626125, 35.0179537, 0.0 ], [ 113.626984, 35.0182422, 0.0 ], [ 113.627943, 35.0181009, 0.0 ], [ 113.6280326, 35.0182206, 0.0 ], [ 113.6300303, 35.0181977, 0.0 ], [ 113.6308795, 35.0182763, 0.0 ], [ 113.6319682, 35.0182547, 0.0 ], [ 113.632947, 35.0183432, 0.0 ], [ 113.633806, 35.0185217, 0.0 ], [ 113.6347848, 35.0186102, 0.0 ], [ 113.6356337, 35.0187988, 0.0 ], [ 113.6364829, 35.0188874, 0.0 ], [ 113.6373419, 35.019066, 0.0 ], [ 113.6382008, 35.0191545, 0.0 ], [ 113.6389399, 35.0195431, 0.0 ], [ 113.6395591, 35.0200418, 0.0 ], [ 113.6400588, 35.0207303, 0.0 ], [ 113.6404382, 35.0214192, 0.0 ], [ 113.6408278, 35.0222179, 0.0 ], [ 113.6408479, 35.0230271, 0.0 ], [ 113.640638, 35.0244262, 0.0 ], [ 113.6404084, 35.0251259, 0.0 ], [ 113.6397193, 35.0265456, 0.0 ], [ 113.6394896, 35.0279547, 0.0 ], [ 113.6391502, 35.0286646, 0.0 ], [ 113.6391602, 35.0289543, 0.0 ], [ 113.6391602, 35.0290842, 0.0 ], [ 113.6392002, 35.0310623, 0.0 ], [ 113.63936, 35.0317115, 0.0 ], [ 113.6394101, 35.034359, 0.0 ], [ 113.6393003, 35.0350686, 0.0 ], [ 113.6393802, 35.0382756, 0.0 ], [ 113.6392805, 35.039075, 0.0 ], [ 113.6388208, 35.0404844, 0.0 ], [ 113.6383416, 35.0410946, 0.0 ], [ 113.6374027, 35.0425048, 0.0 ], [ 113.6368134, 35.043225, 0.0 ], [ 113.636344, 35.044025, 0.0 ], [ 113.6356247, 35.0444357, 0.0 ], [ 113.6346757, 35.045656, 0.0 ], [ 113.6340868, 35.0462763, 0.0 ], [ 113.6315797, 35.0484082, 0.0 ], [ 113.6311103, 35.0492281, 0.0 ], [ 113.6306408, 35.0498283, 0.0 ], [ 113.6299216, 35.0503489, 0.0 ], [ 113.6299615, 35.0504388, 0.0 ], [ 113.6294521, 35.0509591, 0.0 ], [ 113.6288527, 35.0514695, 0.0 ], [ 113.6285032, 35.0521794, 0.0 ], [ 113.6281536, 35.0529792, 0.0 ], [ 113.6278141, 35.0536891, 0.0 ], [ 113.6272147, 35.0541995, 0.0 ], [ 113.6267453, 35.0548097, 0.0 ], [ 113.6261362, 35.0553201, 0.0 ], [ 113.6249773, 35.0557515, 0.0 ], [ 113.6244578, 35.0559421, 0.0 ], [ 113.623609, 35.0561632, 0.0 ], [ 113.6227597, 35.0564741, 0.0 ], [ 113.6220505, 35.0568849, 0.0 ], [ 113.6214515, 35.0573953, 0.0 ], [ 113.6209921, 35.0588147, 0.0 ], [ 113.620882, 35.0590347, 0.0 ], [ 113.6208722, 35.0590547, 0.0 ], [ 113.6206422, 35.0595146, 0.0 ], [ 113.6204226, 35.0602243, 0.0 ], [ 113.620073, 35.0610341, 0.0 ], [ 113.6198434, 35.0617338, 0.0 ], [ 113.6193739, 35.0623439, 0.0 ], [ 113.6189045, 35.063034, 0.0 ], [ 113.6183051, 35.0636544, 0.0 ], [ 113.6178356, 35.0642745, 0.0 ], [ 113.6174861, 35.0649744, 0.0 ], [ 113.6170166, 35.0655845, 0.0 ], [ 113.6165371, 35.0662946, 0.0 ], [ 113.6146493, 35.0687353, 0.0 ], [ 113.6136107, 35.0708549, 0.0 ], [ 113.6135005, 35.0715544, 0.0 ], [ 113.6130412, 35.0722645, 0.0 ], [ 113.6125919, 35.0738737, 0.0 ], [ 113.6123618, 35.0747733, 0.0 ], [ 113.6121422, 35.0754829, 0.0 ], [ 113.6117426, 35.0762629, 0.0 ], [ 113.611433, 35.0768928, 0.0 ], [ 113.6112034, 35.0776025, 0.0 ], [ 113.6108639, 35.0783024, 0.0 ], [ 113.6099549, 35.0811311, 0.0 ], [ 113.6097248, 35.0819308, 0.0 ], [ 113.6096251, 35.0826503, 0.0 ], [ 113.6094854, 35.08314, 0.0 ], [ 113.6094354, 35.0833299, 0.0 ], [ 113.6094055, 35.0834399, 0.0 ], [ 113.6091658, 35.0841596, 0.0 ], [ 113.6089458, 35.0848593, 0.0 ], [ 113.6084764, 35.0855594, 0.0 ], [ 113.607887, 35.0862796, 0.0 ], [ 113.6075375, 35.0869795, 0.0 ], [ 113.607058, 35.0875897, 0.0 ], [ 113.6065986, 35.0886095, 0.0 ], [ 113.6065288, 35.0888793, 0.0 ], [ 113.6056496, 35.0898198, 0.0 ], [ 113.6053102, 35.0906296, 0.0 ], [ 113.6046107, 35.0920393, 0.0 ], [ 113.604381, 35.0927491, 0.0 ], [ 113.6041711, 35.0941481, 0.0 ], [ 113.6039414, 35.0948578, 0.0 ], [ 113.6035919, 35.0955677, 0.0 ], [ 113.6031325, 35.0963677, 0.0 ], [ 113.602783, 35.0971875, 0.0 ], [ 113.6021836, 35.0978877, 0.0 ], [ 113.6018437, 35.0986975, 0.0 ], [ 113.601614, 35.0994073, 0.0 ], [ 113.6012443, 35.100167, 0.0 ], [ 113.6009149, 35.1008167, 0.0 ], [ 113.600695, 35.1016261, 0.0 ], [ 113.6005949, 35.1024353, 0.0 ], [ 113.6003652, 35.1032247, 0.0 ], [ 113.6000254, 35.1040442, 0.0 ], [ 113.599795, 35.104843, 0.0 ], [ 113.599454, 35.1056514, 0.0 ], [ 113.5989929, 35.1070587, 0.0 ], [ 113.5988824, 35.1077676, 0.0 ], [ 113.5986516, 35.1084664, 0.0 ], [ 113.5984511, 35.1098743, 0.0 ], [ 113.5977592, 35.1119803, 0.0 ], [ 113.5975486, 35.1133882, 0.0 ], [ 113.5970773, 35.1140964, 0.0 ], [ 113.5968466, 35.1147951, 0.0 ], [ 113.5966158, 35.1156037, 0.0 ], [ 113.5959239, 35.1172104, 0.0 ], [ 113.5958234, 35.1179194, 0.0 ], [ 113.5952521, 35.1190768, 0.0 ], [ 113.5944198, 35.1207432, 0.0 ], [ 113.5939486, 35.1215413, 0.0 ], [ 113.5937279, 35.1222601, 0.0 ], [ 113.5933668, 35.1229585, 0.0 ], [ 113.5928956, 35.1235669, 0.0 ], [ 113.5924243, 35.1242751, 0.0 ], [ 113.5922036, 35.1249738, 0.0 ], [ 113.5917223, 35.1255921, 0.0 ], [ 113.591502, 35.1262909, 0.0 ], [ 113.590449, 35.1284063, 0.0 ], [ 113.5885439, 35.1308397, 0.0 ], [ 113.5879524, 35.131348, 0.0 ], [ 113.5874812, 35.1319563, 0.0 ], [ 113.5860376, 35.1327725, 0.0 ], [ 113.5851754, 35.1328907, 0.0 ], [ 113.5843232, 35.1327992, 0.0 ], [ 113.5834711, 35.1326177, 0.0 ], [ 113.5824883, 35.1325258, 0.0 ], [ 113.5799219, 35.1322611, 0.0 ], [ 113.5789495, 35.1322791, 0.0 ], [ 113.5780873, 35.1320877, 0.0 ], [ 113.5771049, 35.1318959, 0.0 ], [ 113.5762528, 35.1316246, 0.0 ], [ 113.5747688, 35.1308426, 0.0 ], [ 113.5737864, 35.1305509, 0.0 ], [ 113.5729242, 35.1302595, 0.0 ], [ 113.5725534, 35.130059, 0.0 ], [ 113.5721826, 35.1298685, 0.0 ], [ 113.5713204, 35.1294872, 0.0 ], [ 113.5704582, 35.1291957, 0.0 ], [ 113.569596, 35.1288045, 0.0 ], [ 113.5688641, 35.1284234, 0.0 ], [ 113.5678817, 35.1281318, 0.0 ], [ 113.5669093, 35.12795, 0.0 ], [ 113.5651849, 35.1273773, 0.0 ], [ 113.5643227, 35.1271858, 0.0 ], [ 113.56335, 35.1271039, 0.0 ], [ 113.5624979, 35.127212, 0.0 ], [ 113.5619064, 35.1272109, 0.0 ], [ 113.5615255, 35.1272301, 0.0 ], [ 113.5606734, 35.1275381, 0.0 ], [ 113.5598314, 35.1276463, 0.0 ], [ 113.5583773, 35.1284726, 0.0 ], [ 113.5581167, 35.1290215, 0.0 ], [ 113.5580368, 35.1291812, 0.0 ], [ 113.5579262, 35.1298903, 0.0 ], [ 113.5578262, 35.1306892, 0.0 ], [ 113.5578362, 35.1309389, 0.0 ], [ 113.557856, 35.1323975, 0.0 ], [ 113.5578661, 35.1324774, 0.0 ], [ 113.5579964, 35.1330871, 0.0 ], [ 113.5582571, 35.1337869, 0.0 ], [ 113.558638, 35.1344769, 0.0 ], [ 113.5591592, 35.1358664, 0.0 ], [ 113.5592194, 35.1371952, 0.0 ], [ 113.5591996, 35.1374749, 0.0 ], [ 113.5588486, 35.1381835, 0.0 ], [ 113.5576555, 35.1392001, 0.0 ], [ 113.5568135, 35.139618, 0.0 ], [ 113.555119, 35.1402441, 0.0 ], [ 113.5542668, 35.1403524, 0.0 ], [ 113.5534147, 35.1405705, 0.0 ], [ 113.5524323, 35.1408083, 0.0 ], [ 113.5508684, 35.141105, 0.0 ], [ 113.5500163, 35.1412232, 0.0 ], [ 113.549044, 35.1412413, 0.0 ], [ 113.5482016, 35.1413596, 0.0 ], [ 113.5462968, 35.1413859, 0.0 ], [ 113.5462468, 35.1413858, 0.0 ], [ 113.5454047, 35.1415939, 0.0 ], [ 113.5445526, 35.1417122, 0.0 ], [ 113.5437106, 35.1420303, 0.0 ], [ 113.5428581, 35.1421385, 0.0 ], [ 113.5411639, 35.1425649, 0.0 ], [ 113.5404421, 35.142983, 0.0 ], [ 113.5396001, 35.1433911, 0.0 ], [ 113.538748, 35.1436991, 0.0 ], [ 113.5341166, 35.1509634, 0.0 ], [ 113.5270494, 35.1594223, 0.0 ], [ 113.5268287, 35.1608207, 0.0 ], [ 113.526859, 35.16163, 0.0 ], [ 113.5267488, 35.162429, 0.0 ], [ 113.5267888, 35.1640377, 0.0 ], [ 113.5266786, 35.1647368, 0.0 ], [ 113.5264482, 35.1654358, 0.0 ], [ 113.5263478, 35.166135, 0.0 ], [ 113.5260972, 35.166644, 0.0 ], [ 113.5259971, 35.1668537, 0.0 ], [ 113.5256663, 35.1672827, 0.0 ], [ 113.5255259, 35.1674523, 0.0 ], [ 113.5249344, 35.1680606, 0.0 ], [ 113.5245838, 35.1687694, 0.0 ], [ 113.5241024, 35.1694878, 0.0 ], [ 113.5236316, 35.1700964, 0.0 ], [ 113.5232806, 35.1708052, 0.0 ], [ 113.5228093, 35.1714038, 0.0 ], [ 113.5225087, 35.1720826, 0.0 ], [ 113.5224587, 35.1721125, 0.0 ], [ 113.5218672, 35.1727309, 0.0 ], [ 113.5215166, 35.1734297, 0.0 ], [ 113.5212858, 35.1741386, 0.0 ], [ 113.5210154, 35.1759165, 0.0 ], [ 113.5207548, 35.1776545, 0.0 ], [ 113.520775, 35.1784539, 0.0 ], [ 113.520424, 35.1791626, 0.0 ], [ 113.5202137, 35.180571, 0.0 ], [ 113.5199329, 35.18116, 0.0 ], [ 113.5188702, 35.1806885, 0.0 ], [ 113.5187701, 35.1806584, 0.0 ], [ 113.5180184, 35.1804972, 0.0 ], [ 113.5165446, 35.1797252, 0.0 ], [ 113.5157929, 35.1792343, 0.0 ], [ 113.5148202, 35.1789428, 0.0 ], [ 113.5139584, 35.1785616, 0.0 ], [ 113.5124845, 35.1777896, 0.0 ], [ 113.5118531, 35.177189, 0.0 ], [ 113.5111212, 35.1768081, 0.0 ], [ 113.5102489, 35.1759173, 0.0 ], [ 113.5096276, 35.1754265, 0.0 ], [ 113.5093968, 35.1752063, 0.0 ], [ 113.5090058, 35.1748359, 0.0 ], [ 113.5085047, 35.1741456, 0.0 ], [ 113.5072613, 35.1729643, 0.0 ], [ 113.5065294, 35.1723835, 0.0 ], [ 113.505898, 35.1718927, 0.0 ], [ 113.5053968, 35.1712923, 0.0 ], [ 113.5047852, 35.1708016, 0.0 ], [ 113.5041635, 35.170201, 0.0 ], [ 113.5041235, 35.170141, 0.0 ], [ 113.5036624, 35.1695106, 0.0 ], [ 113.5031609, 35.1689202, 0.0 ], [ 113.50278, 35.1682301, 0.0 ], [ 113.5019477, 35.1672394, 0.0 ], [ 113.5017774, 35.1670392, 0.0 ], [ 113.5013162, 35.1666687, 0.0 ], [ 113.5011557, 35.1665484, 0.0 ], [ 113.5005444, 35.1659578, 0.0 ], [ 113.5000228, 35.1653073, 0.0 ], [ 113.4997823, 35.1646674, 0.0 ], [ 113.4990202, 35.1632771, 0.0 ], [ 113.4980478, 35.1629257, 0.0 ], [ 113.4973058, 35.1627044, 0.0 ], [ 113.4964436, 35.1625231, 0.0 ], [ 113.4944989, 35.1623497, 0.0 ], [ 113.4936569, 35.1621682, 0.0 ], [ 113.4927846, 35.1620768, 0.0 ], [ 113.4918122, 35.1618952, 0.0 ], [ 113.4888948, 35.1619398, 0.0 ], [ 113.4883937, 35.1618889, 0.0 ], [ 113.4871808, 35.1617668, 0.0 ], [ 113.4854665, 35.161394, 0.0 ], [ 113.4846043, 35.1611026, 0.0 ], [ 113.4837522, 35.1609213, 0.0 ], [ 113.4830203, 35.1605302, 0.0 ], [ 113.4821581, 35.1602489, 0.0 ], [ 113.4818273, 35.1601783, 0.0 ], [ 113.4816066, 35.160138, 0.0 ], [ 113.4804438, 35.1598661, 0.0 ], [ 113.4787295, 35.1592934, 0.0 ], [ 113.478439, 35.159233, 0.0 ], [ 113.4778774, 35.1591121, 0.0 ], [ 113.4771358, 35.158721, 0.0 ], [ 113.4762836, 35.1584398, 0.0 ], [ 113.4754214, 35.1580485, 0.0 ], [ 113.4751608, 35.1579881, 0.0 ], [ 113.4750906, 35.157978, 0.0 ], [ 113.4745592, 35.1578571, 0.0 ], [ 113.4737071, 35.1577656, 0.0 ], [ 113.472855, 35.1575942, 0.0 ], [ 113.4718726, 35.1574026, 0.0 ], [ 113.4709002, 35.1573109, 0.0 ], [ 113.470038, 35.1571296, 0.0 ], [ 113.4691758, 35.1568382, 0.0 ], [ 113.4683237, 35.1566568, 0.0 ], [ 113.4682135, 35.1566067, 0.0 ], [ 113.4665996, 35.1558844, 0.0 ], [ 113.4657475, 35.155693, 0.0 ], [ 113.4650056, 35.155302, 0.0 ], [ 113.4641534, 35.1551206, 0.0 ], [ 113.4632916, 35.1547294, 0.0 ], [ 113.4623092, 35.1544378, 0.0 ], [ 113.4588906, 35.1536924, 0.0 ], [ 113.4580183, 35.1533111, 0.0 ], [ 113.457407, 35.1527206, 0.0 ], [ 113.4567155, 35.1524096, 0.0 ], [ 113.4565448, 35.1523293, 0.0 ], [ 113.4558032, 35.1519384, 0.0 ], [ 113.4551916, 35.1514477, 0.0 ], [ 113.4544496, 35.1510567, 0.0 ], [ 113.4538283, 35.150566, 0.0 ], [ 113.452956, 35.1500749, 0.0 ], [ 113.4522245, 35.149584, 0.0 ], [ 113.449999, 35.1484211, 0.0 ], [ 113.4493974, 35.1480103, 0.0 ], [ 113.4492674, 35.1479301, 0.0 ], [ 113.4490266, 35.1477199, 0.0 ], [ 113.4486457, 35.1474395, 0.0 ], [ 113.4477835, 35.1471482, 0.0 ], [ 113.4474628, 35.1471577, 0.0 ], [ 113.4458388, 35.1471747, 0.0 ], [ 113.4449867, 35.1472931, 0.0 ], [ 113.4441349, 35.1475114, 0.0 ], [ 113.4432925, 35.1476097, 0.0 ], [ 113.4424206, 35.1479379, 0.0 ], [ 113.4423004, 35.1480076, 0.0 ], [ 113.441719, 35.1483463, 0.0 ], [ 113.4408668, 35.1485546, 0.0 ], [ 113.440145, 35.1489629, 0.0 ], [ 113.4387515, 35.1495798, 0.0 ], [ 113.436967, 35.1494767, 0.0 ], [ 113.4366163, 35.1494161, 0.0 ], [ 113.4348217, 35.1489633, 0.0 ], [ 113.431514, 35.1478184, 0.0 ], [ 113.430622, 35.1475071, 0.0 ], [ 113.428697, 35.1474338, 0.0 ], [ 113.4253188, 35.1473677, 0.0 ], [ 113.4239756, 35.1472554, 0.0 ], [ 113.4213293, 35.1470209, 0.0 ], [ 113.4206474, 35.1471895, 0.0 ], [ 113.4204772, 35.1472292, 0.0 ], [ 113.4164473, 35.147282, 0.0 ], [ 113.4155952, 35.1472005, 0.0 ], [ 113.4147233, 35.1468093, 0.0 ], [ 113.4132498, 35.1460174, 0.0 ], [ 113.412488, 35.1446374, 0.0 ], [ 113.4118768, 35.1440369, 0.0 ], [ 113.4114858, 35.1433469, 0.0 ], [ 113.4108443, 35.1426464, 0.0 ], [ 113.4103633, 35.1420561, 0.0 ], [ 113.409, 35.1409648, 0.0 ], [ 113.4082483, 35.1405738, 0.0 ], [ 113.407637, 35.1400932, 0.0 ], [ 113.4070157, 35.1394927, 0.0 ], [ 113.4063842, 35.139002, 0.0 ], [ 113.4053917, 35.1385407, 0.0 ], [ 113.4046703, 35.1382198, 0.0 ], [ 113.4038081, 35.1379285, 0.0 ], [ 113.4028256, 35.1378469, 0.0 ], [ 113.4024048, 35.1378461, 0.0 ], [ 113.4008712, 35.1378734, 0.0 ], [ 113.4000191, 35.137782, 0.0 ], [ 113.3990402, 35.1377932, 0.0 ], [ 113.3984315, 35.1376642, 0.0 ], [ 113.3926708, 35.1374428, 0.0 ], [ 113.3912236, 35.1356467, 0.0 ], [ 113.3903056, 35.1334103, 0.0 ], [ 113.3896766, 35.1321225, 0.0 ], [ 113.3877103, 35.130557, 0.0 ], [ 113.3868416, 35.1302585, 0.0 ], [ 113.3842759, 35.1297029, 0.0 ], [ 113.3834274, 35.1294144, 0.0 ], [ 113.3823193, 35.1293261, 0.0 ], [ 113.3811014, 35.1289783, 0.0 ], [ 113.3803624, 35.1287596, 0.0 ], [ 113.3774273, 35.1281945, 0.0 ], [ 113.3764492, 35.1279062, 0.0 ], [ 113.3758901, 35.1277971, 0.0 ], [ 113.3754707, 35.1277278, 0.0 ], [ 113.3750416, 35.1275886, 0.0 ], [ 113.3746121, 35.1274394, 0.0 ], [ 113.3729248, 35.1274419, 0.0 ], [ 113.3726652, 35.1274622, 0.0 ], [ 113.3719463, 35.1278729, 0.0 ], [ 113.3710877, 35.127994, 0.0 ], [ 113.3702492, 35.1283049, 0.0 ], [ 113.3695202, 35.1287156, 0.0 ], [ 113.3690407, 35.1293157, 0.0 ], [ 113.3688211, 35.1300253, 0.0 ], [ 113.3688308, 35.1308245, 0.0 ], [ 113.3686012, 35.131534, 0.0 ], [ 113.368621, 35.1323232, 0.0 ], [ 113.3684813, 35.1332325, 0.0 ], [ 113.368401, 35.1337421, 0.0 ], [ 113.3680514, 35.1344418, 0.0 ], [ 113.3680716, 35.1353509, 0.0 ], [ 113.3679816, 35.1359404, 0.0 ], [ 113.3678516, 35.1367498, 0.0 ], [ 113.3678812, 35.1383581, 0.0 ], [ 113.3676616, 35.1390577, 0.0 ], [ 113.3658641, 35.1405788, 0.0 ], [ 113.365305, 35.1413087, 0.0 ], [ 113.3649155, 35.1417988, 0.0 ], [ 113.3645558, 35.1425086, 0.0 ], [ 113.3643362, 35.1432082, 0.0 ], [ 113.3639766, 35.1440179, 0.0 ], [ 113.363757, 35.1447275, 0.0 ], [ 113.3633077, 35.1453075, 0.0 ], [ 113.3627983, 35.1459276, 0.0 ], [ 113.3620794, 35.1463383, 0.0 ], [ 113.3613605, 35.1468588, 0.0 ], [ 113.360382, 35.1471699, 0.0 ], [ 113.3595436, 35.1474808, 0.0 ], [ 113.3585651, 35.1476021, 0.0 ], [ 113.3577263, 35.147803, 0.0 ], [ 113.3557697, 35.1478359, 0.0 ], [ 113.3549111, 35.1476473, 0.0 ], [ 113.3540226, 35.1473789, 0.0 ], [ 113.3529545, 35.1470607, 0.0 ], [ 113.3522158, 35.1466722, 0.0 ], [ 113.3507282, 35.1456954, 0.0 ], [ 113.3501094, 35.1452068, 0.0 ], [ 113.3496101, 35.1446081, 0.0 ], [ 113.349101, 35.1439096, 0.0 ], [ 113.3485726, 35.1411533, 0.0 ], [ 113.3485625, 35.1411233, 0.0 ], [ 113.3485524, 35.1403142, 0.0 ], [ 113.3479336, 35.1398256, 0.0 ], [ 113.347075, 35.1395372, 0.0 ], [ 113.3465659, 35.1390884, 0.0 ], [ 113.3465062, 35.1390386, 0.0 ], [ 113.3458272, 35.1385501, 0.0 ], [ 113.3453282, 35.1380713, 0.0 ], [ 113.3452184, 35.1379615, 0.0 ], [ 113.3447094, 35.1372731, 0.0 ], [ 113.3439509, 35.1358756, 0.0 ], [ 113.3440009, 35.1346668, 0.0 ], [ 113.3439113, 35.1334682, 0.0 ], [ 113.3436517, 35.1327694, 0.0 ], [ 113.3433724, 35.1311714, 0.0 ], [ 113.3431031, 35.1297733, 0.0 ], [ 113.3422646, 35.1291153, 0.0 ], [ 113.3422045, 35.1290954, 0.0 ], [ 113.3394192, 35.1288197, 0.0 ], [ 113.3350762, 35.1292557, 0.0 ], [ 113.3334986, 35.1302669, 0.0 ], [ 113.3311122, 35.1317888, 0.0 ], [ 113.3304934, 35.1321692, 0.0 ], [ 113.3303836, 35.1322793, 0.0 ], [ 113.3298443, 35.1327595, 0.0 ], [ 113.3291851, 35.13334, 0.0 ], [ 113.328626, 35.1338602, 0.0 ], [ 113.3282866, 35.1341604, 0.0 ], [ 113.3279971, 35.1344205, 0.0 ], [ 113.3281368, 35.1345802, 0.0 ], [ 113.329075, 35.1357575, 0.0 ], [ 113.3321998, 35.1366819, 0.0 ], [ 113.3334677, 35.1370397, 0.0 ], [ 113.333198, 35.1385186, 0.0 ], [ 113.3314708, 35.138561, 0.0 ], [ 113.3265589, 35.138738, 0.0 ], [ 113.3247917, 35.1387806, 0.0 ], [ 113.3194302, 35.1408361, 0.0 ], [ 113.3170538, 35.1419384, 0.0 ], [ 113.3149774, 35.1430103, 0.0 ], [ 113.3125711, 35.142804, 0.0 ], [ 113.3088977, 35.1401522, 0.0 ], [ 113.3055832, 35.1395977, 0.0 ], [ 113.2990225, 35.1390565, 0.0 ], [ 113.2985027, 35.1390166, 0.0 ], [ 113.2951133, 35.1388569, 0.0 ], [ 113.2926538, 35.1384175, 0.0 ], [ 113.2901345, 35.1364098, 0.0 ], [ 113.289125, 35.1355507, 0.0 ], [ 113.2842964, 35.1315852, 0.0 ], [ 113.2829165, 35.1305264, 0.0 ], [ 113.2824366, 35.1303266, 0.0 ], [ 113.281897, 35.1302567, 0.0 ], [ 113.2771579, 35.1301669, 0.0 ], [ 113.2746584, 35.1301171, 0.0 ], [ 113.2716787, 35.1314058, 0.0 ], [ 113.270049, 35.132135, 0.0 ], [ 113.2677893, 35.1329542, 0.0 ], [ 113.2623403, 35.1341432, 0.0 ], [ 113.2617406, 35.134393, 0.0 ], [ 113.2614403, 35.1346927, 0.0 ], [ 113.2613604, 35.1351821, 0.0 ], [ 113.2608701, 35.140996, 0.0 ], [ 113.2608499, 35.1412058, 0.0 ], [ 113.2594204, 35.1414855, 0.0 ], [ 113.2591201, 35.1419351, 0.0 ], [ 113.2590402, 35.1423247, 0.0 ], [ 113.2587101, 35.1428441, 0.0 ], [ 113.2586402, 35.1428441, 0.0 ], [ 113.2585502, 35.1428441, 0.0 ], [ 113.2584703, 35.1428441, 0.0 ], [ 113.2524914, 35.1430341, 0.0 ], [ 113.2486423, 35.1427346, 0.0 ], [ 113.2472326, 35.1428945, 0.0 ], [ 113.2460928, 35.1431243, 0.0 ], [ 113.245443, 35.1432543, 0.0 ], [ 113.2444328, 35.1434541, 0.0 ], [ 113.243603, 35.1437138, 0.0 ], [ 113.2416335, 35.1445631, 0.0 ], [ 113.2406237, 35.1448228, 0.0 ], [ 113.2391639, 35.1452025, 0.0 ], [ 113.237564, 35.1452625, 0.0 ], [ 113.2374542, 35.1451426, 0.0 ], [ 113.2366046, 35.1442037, 0.0 ], [ 113.2362644, 35.143844, 0.0 ], [ 113.235615, 35.1423157, 0.0 ], [ 113.2353349, 35.142026, 0.0 ], [ 113.234855, 35.1417562, 0.0 ], [ 113.2323156, 35.1407074, 0.0 ], [ 113.2303561, 35.140288, 0.0 ], [ 113.2251872, 35.1395289, 0.0 ], [ 113.2228379, 35.1392093, 0.0 ], [ 113.2144996, 35.1380608, 0.0 ], [ 113.2057314, 35.1367725, 0.0 ], [ 113.204682, 35.1343649, 0.0 ], [ 113.2037021, 35.1337156, 0.0 ], [ 113.2020126, 35.1332861, 0.0 ], [ 113.1944753, 35.1322493, 0.0 ], [ 113.1935238, 35.1320482, 0.0 ], [ 113.1934536, 35.1319982, 0.0 ], [ 113.1929629, 35.1316478, 0.0 ], [ 113.1926627, 35.1311579, 0.0 ], [ 113.1925428, 35.1302786, 0.0 ], [ 113.1925126, 35.1301387, 0.0 ], [ 113.1916021, 35.1238537, 0.0 ], [ 113.1910416, 35.1204564, 0.0 ], [ 113.190511, 35.1193268, 0.0 ], [ 113.1896099, 35.118796, 0.0 ], [ 113.1879272, 35.1183641, 0.0 ], [ 113.1810577, 35.1178349, 0.0 ], [ 113.1805872, 35.1178242, 0.0 ], [ 113.1786644, 35.1170623, 0.0 ], [ 113.1770524, 35.1158312, 0.0 ], [ 113.1764314, 35.1153409, 0.0 ], [ 113.175931, 35.1147407, 0.0 ], [ 113.1754302, 35.1140507, 0.0 ], [ 113.1749395, 35.1134507, 0.0 ], [ 113.1744391, 35.1127606, 0.0 ], [ 113.1740586, 35.1120708, 0.0 ], [ 113.1735578, 35.1114708, 0.0 ], [ 113.1735481, 35.1106716, 0.0 ], [ 113.1734178, 35.1099721, 0.0 ], [ 113.1733681, 35.1079741, 0.0 ], [ 113.173358, 35.1067653, 0.0 ], [ 113.1738192, 35.1053474, 0.0 ], [ 113.1739394, 35.1046583, 0.0 ], [ 113.1738995, 35.1030498, 0.0 ], [ 113.1737692, 35.1023504, 0.0 ], [ 113.173519, 35.1016508, 0.0 ], [ 113.1733091, 35.1005716, 0.0 ], [ 113.1729782, 35.0988529, 0.0 ], [ 113.1729682, 35.0980437, 0.0 ], [ 113.1727079, 35.097344, 0.0 ], [ 113.1726877, 35.0965447, 0.0 ], [ 113.1724375, 35.0958451, 0.0 ], [ 113.1720365, 35.0937466, 0.0 ], [ 113.1719864, 35.0913389, 0.0 ], [ 113.171796, 35.0899501, 0.0 ], [ 113.1717859, 35.0897603, 0.0 ], [ 113.1719159, 35.0887215, 0.0 ], [ 113.1719659, 35.0878524, 0.0 ], [ 113.1720761, 35.0868736, 0.0 ], [ 113.172206, 35.085635, 0.0 ], [ 113.1722258, 35.0851055, 0.0 ], [ 113.172296, 35.0846661, 0.0 ], [ 113.1723562, 35.0839069, 0.0 ], [ 113.1723961, 35.0833675, 0.0 ], [ 113.1723961, 35.0833476, 0.0 ], [ 113.172516, 35.0826084, 0.0 ], [ 113.1726661, 35.0810702, 0.0 ], [ 113.1727363, 35.0809005, 0.0 ], [ 113.1732468, 35.0804117, 0.0 ], [ 113.1732968, 35.0802418, 0.0 ], [ 113.173357, 35.0796725, 0.0 ], [ 113.1733069, 35.0795127, 0.0 ], [ 113.1724858, 35.0792717, 0.0 ], [ 113.1723857, 35.0792116, 0.0 ], [ 113.1723756, 35.0790418, 0.0 ], [ 113.172736, 35.0767246, 0.0 ], [ 113.1727961, 35.076475, 0.0 ], [ 113.1729059, 35.075546, 0.0 ], [ 113.173106, 35.0744374, 0.0 ], [ 113.1733562, 35.0726695, 0.0 ], [ 113.1733764, 35.0725397, 0.0 ], [ 113.1735463, 35.0715909, 0.0 ], [ 113.1735964, 35.0711514, 0.0 ], [ 113.1737065, 35.0706321, 0.0 ], [ 113.1737267, 35.0703024, 0.0 ], [ 113.1738167, 35.0697531, 0.0 ], [ 113.1743574, 35.0677259, 0.0 ], [ 113.1744474, 35.0674862, 0.0 ], [ 113.1744773, 35.0673764, 0.0 ], [ 113.1744575, 35.0671466, 0.0 ], [ 113.1740867, 35.0664467, 0.0 ], [ 113.1734257, 35.0647276, 0.0 ], [ 113.1713626, 35.0636657, 0.0 ], [ 113.1590347, 35.057255, 0.0 ], [ 113.1577128, 35.0565438, 0.0 ], [ 113.1563909, 35.0560024, 0.0 ], [ 113.1556298, 35.0556718, 0.0 ], [ 113.1550088, 35.0553212, 0.0 ], [ 113.1537773, 35.0546102, 0.0 ], [ 113.1524453, 35.0533396, 0.0 ], [ 113.1521846, 35.0526399, 0.0 ], [ 113.1519442, 35.0518004, 0.0 ], [ 113.1521746, 35.0509916, 0.0 ], [ 113.1522545, 35.0507919, 0.0 ], [ 113.1525248, 35.0501928, 0.0 ], [ 113.1529957, 35.0495842, 0.0 ], [ 113.1534763, 35.0488755, 0.0 ], [ 113.1546776, 35.0478582, 0.0 ], [ 113.1552284, 35.0474693, 0.0 ], [ 113.1562397, 35.0470412, 0.0 ], [ 113.1572113, 35.0470326, 0.0 ], [ 113.1580624, 35.0471137, 0.0 ], [ 113.1590437, 35.0469052, 0.0 ], [ 113.1597648, 35.0464967, 0.0 ], [ 113.1603656, 35.0458781, 0.0 ], [ 113.1610565, 35.0444705, 0.0 ], [ 113.161667, 35.0439619, 0.0 ], [ 113.1625282, 35.0428541, 0.0 ], [ 113.1626182, 35.0427444, 0.0 ], [ 113.1633292, 35.0413368, 0.0 ], [ 113.1634292, 35.0405277, 0.0 ], [ 113.1637795, 35.0397191, 0.0 ], [ 113.1638897, 35.0390199, 0.0 ], [ 113.1643501, 35.037612, 0.0 ], [ 113.1647008, 35.0369032, 0.0 ], [ 113.1651814, 35.0363044, 0.0 ], [ 113.1652915, 35.0360748, 0.0 ], [ 113.1662426, 35.034178, 0.0 ], [ 113.1667132, 35.0334694, 0.0 ], [ 113.1670634, 35.0327606, 0.0 ], [ 113.167534, 35.032062, 0.0 ], [ 113.1676441, 35.031253, 0.0 ], [ 113.1678846, 35.0305439, 0.0 ], [ 113.1679847, 35.0298448, 0.0 ], [ 113.1678839, 35.0242303, 0.0 ], [ 113.1676232, 35.0228313, 0.0 ], [ 113.1673529, 35.0212325, 0.0 ], [ 113.1673327, 35.0204234, 0.0 ], [ 113.1670822, 35.0197237, 0.0 ], [ 113.167062, 35.0189244, 0.0 ], [ 113.166932, 35.0182349, 0.0 ], [ 113.1667916, 35.0174255, 0.0 ], [ 113.1667614, 35.0157272, 0.0 ], [ 113.1666311, 35.0150178, 0.0 ], [ 113.166621, 35.0142185, 0.0 ], [ 113.166621, 35.0141086, 0.0 ], [ 113.166481, 35.013519, 0.0 ], [ 113.1665108, 35.0126, 0.0 ], [ 113.1663701, 35.0070053, 0.0 ], [ 113.1662398, 35.0063159, 0.0 ], [ 113.1662196, 35.0055067, 0.0 ], [ 113.1660792, 35.0046973, 0.0 ], [ 113.1660691, 35.0037982, 0.0 ], [ 113.1659392, 35.0030987, 0.0 ], [ 113.1656785, 35.002309, 0.0 ], [ 113.1655381, 35.0015996, 0.0 ], [ 113.1652879, 35.0008999, 0.0 ], [ 113.1648372, 35.0006495, 0.0 ], [ 113.1642662, 35.000339, 0.0 ], [ 113.1640261, 35.0001989, 0.0 ], [ 113.1640459, 35.0000091, 0.0 ], [ 113.1641262, 34.9988905, 0.0 ], [ 113.1640862, 34.9985607, 0.0 ], [ 113.1638864, 34.9965027, 0.0 ], [ 113.1638562, 34.9963728, 0.0 ], [ 113.1626747, 34.9958018, 0.0 ], [ 113.1613531, 34.9954004, 0.0 ], [ 113.1608128, 34.9931721, 0.0 ], [ 113.161324, 34.9897466, 0.0 ], [ 113.1624259, 34.986192, 0.0 ], [ 113.1632777, 34.9837859, 0.0 ], [ 113.1641892, 34.9815596, 0.0 ], [ 113.16461, 34.9804214, 0.0 ], [ 113.1651011, 34.9794432, 0.0 ], [ 113.1666934, 34.978876, 0.0 ], [ 113.1682954, 34.9790481, 0.0 ], [ 113.1693473, 34.9783703, 0.0 ], [ 113.1700482, 34.9768229, 0.0 ], [ 113.1711703, 34.9744172, 0.0 ], [ 113.1718817, 34.9732295, 0.0 ], [ 113.1729631, 34.9730712, 0.0 ], [ 113.173664, 34.9731621, 0.0 ], [ 113.1749561, 34.973024, 0.0 ], [ 113.1767086, 34.9728367, 0.0 ], [ 113.1782008, 34.9727189, 0.0 ], [ 113.1800033, 34.9725416, 0.0 ], [ 113.1840194, 34.9702797, 0.0 ], [ 113.189508, 34.9673206, 0.0 ], [ 113.1900685, 34.9671316, 0.0 ], [ 113.1911604, 34.9670832, 0.0 ], [ 113.1919816, 34.9671542, 0.0 ], [ 113.1924622, 34.9672049, 0.0 ], [ 113.1935548, 34.9617325, 0.0 ], [ 113.1941362, 34.9588265, 0.0 ], [ 113.1944368, 34.9581975, 0.0 ], [ 113.1945268, 34.957888, 0.0 ], [ 113.1946672, 34.9576385, 0.0 ], [ 113.1947273, 34.9573889, 0.0 ], [ 113.1947474, 34.957279, 0.0 ], [ 113.1947773, 34.9572091, 0.0 ], [ 113.1949876, 34.9567798, 0.0 ], [ 113.1949976, 34.9566301, 0.0 ], [ 113.195088, 34.9564104, 0.0 ], [ 113.1952082, 34.9562108, 0.0 ], [ 113.195228, 34.9561609, 0.0 ], [ 113.1953684, 34.9556916, 0.0 ], [ 113.1957594, 34.9548132, 0.0 ], [ 113.1960197, 34.9540843, 0.0 ], [ 113.1962702, 34.9535552, 0.0 ], [ 113.1967411, 34.9529366, 0.0 ], [ 113.1975425, 34.9516991, 0.0 ], [ 113.1977729, 34.95111, 0.0 ], [ 113.1978931, 34.9509004, 0.0 ], [ 113.1979633, 34.9507007, 0.0 ], [ 113.1986045, 34.9492532, 0.0 ], [ 113.1988349, 34.9485044, 0.0 ], [ 113.2000171, 34.9452595, 0.0 ], [ 113.2005773, 34.9437111, 0.0 ], [ 113.2035084, 34.9354002, 0.0 ], [ 113.2037086, 34.9347409, 0.0 ], [ 113.2040088, 34.9339618, 0.0 ], [ 113.2064683, 34.9340416, 0.0 ], [ 113.2065785, 34.9339817, 0.0 ], [ 113.2078086, 34.9315343, 0.0 ], [ 113.2084588, 34.9303056, 0.0 ], [ 113.2091888, 34.9288073, 0.0 ], [ 113.2102091, 34.9268495, 0.0 ], [ 113.2108294, 34.9255708, 0.0 ], [ 113.2113294, 34.9246418, 0.0 ], [ 113.2119295, 34.9234132, 0.0 ], [ 113.2119695, 34.9232434, 0.0 ], [ 113.2119796, 34.9229637, 0.0 ], [ 113.2120696, 34.9227239, 0.0 ], [ 113.2141399, 34.9185186, 0.0 ], [ 113.2141702, 34.9183588, 0.0 ], [ 113.21415, 34.9183088, 0.0 ], [ 113.2137202, 34.9178594, 0.0 ], [ 113.2137101, 34.9177295, 0.0 ], [ 113.2137202, 34.9174598, 0.0 ], [ 113.2137403, 34.91726, 0.0 ], [ 113.2137904, 34.9169404, 0.0 ], [ 113.2138602, 34.9167705, 0.0 ], [ 113.2139502, 34.9166407, 0.0 ], [ 113.2149103, 34.9156617, 0.0 ], [ 113.2154107, 34.913654, 0.0 ], [ 113.216701, 34.9103177, 0.0 ] ] ] } },
{ "type": "Feature", "properties": { "Name": "温县", "AdminCode": "410825", "Kind": "0137", "CityAdCode": "410800", "CityName": "焦作市", "ProName": "河南省", "Shape_Leng": 1.1255303374800001, "Shape_Area": 0.04829626325, "sheng": 410000 }, "geometry": { "type": "Polygon", "coordinates": [ [ [ 112.9363182, 34.8334654, 0.0 ], [ 112.9388015, 34.8338605, 0.0 ], [ 112.9402577, 34.8343772, 0.0 ], [ 112.9411354, 34.8346953, 0.0 ], [ 112.9440078, 34.8359685, 0.0 ], [ 112.9467107, 34.8378314, 0.0 ], [ 112.9494233, 34.8398341, 0.0 ], [ 112.9542905, 34.8434111, 0.0 ], [ 112.9589878, 34.8465588, 0.0 ], [ 112.9633261, 34.849857, 0.0 ], [ 112.9678344, 34.8525654, 0.0 ], [ 112.9718038, 34.855285, 0.0 ], [ 112.9759625, 34.8582937, 0.0 ], [ 112.9781268, 34.8600076, 0.0 ], [ 112.9784857, 34.8598571, 0.0 ], [ 112.979214, 34.860585, 0.0 ], [ 112.9810093, 34.8614306, 0.0 ], [ 112.9831834, 34.8625752, 0.0 ], [ 112.9858564, 34.8634093, 0.0 ], [ 112.9885492, 34.8642433, 0.0 ], [ 112.990883, 34.8649381, 0.0 ], [ 112.9933667, 34.8651931, 0.0 ], [ 112.9937558, 34.8652124, 0.0 ], [ 112.9956808, 34.8653087, 0.0 ], [ 112.9983437, 34.8651239, 0.0 ], [ 113.0000094, 34.8647513, 0.0 ], [ 113.0011765, 34.8644894, 0.0 ], [ 113.0038196, 34.8637154, 0.0 ], [ 113.0071612, 34.8623506, 0.0 ], [ 113.0105027, 34.8606862, 0.0 ], [ 113.0138341, 34.8590319, 0.0 ], [ 113.0169762, 34.8567887, 0.0 ], [ 113.0197691, 34.8546958, 0.0 ], [ 113.0218441, 34.8529241, 0.0 ], [ 113.0240383, 34.8511919, 0.0 ], [ 113.0261231, 34.8491105, 0.0 ], [ 113.028557, 34.8471682, 0.0 ], [ 113.0546999, 34.8407662, 0.0 ], [ 113.0548097, 34.8407761, 0.0 ], [ 113.0595275, 34.8393787, 0.0 ], [ 113.0637064, 34.8397105, 0.0 ], [ 113.0655017, 34.8408456, 0.0 ], [ 113.0674964, 34.84243, 0.0 ], [ 113.0696608, 34.8438541, 0.0 ], [ 113.0730916, 34.8464246, 0.0 ], [ 113.0767117, 34.8491344, 0.0 ], [ 113.0811998, 34.8516929, 0.0 ], [ 113.0858874, 34.8546703, 0.0 ], [ 113.0894978, 34.8572405, 0.0 ], [ 113.0936368, 34.8599393, 0.0 ], [ 113.0963296, 34.8613526, 0.0 ], [ 113.0996909, 34.8628744, 0.0 ], [ 113.1027642, 34.8634372, 0.0 ], [ 113.1066803, 34.8636623, 0.0 ], [ 113.1134404, 34.8638416, 0.0 ], [ 113.1173363, 34.8633376, 0.0 ], [ 113.1185081, 34.8629198, 0.0 ], [ 113.1203308, 34.8622631, 0.0 ], [ 113.1227946, 34.8611979, 0.0 ], [ 113.1239963, 34.8598511, 0.0 ], [ 113.1250277, 34.8617902, 0.0 ], [ 113.1313961, 34.8737648, 0.0 ], [ 113.1316164, 34.8747939, 0.0 ], [ 113.1320869, 34.876063, 0.0 ], [ 113.1333786, 34.8796005, 0.0 ], [ 113.1354112, 34.884108, 0.0 ], [ 113.1361222, 34.8854274, 0.0 ], [ 113.1373138, 34.886398, 0.0 ], [ 113.1394568, 34.8865008, 0.0 ], [ 113.142181, 34.887014, 0.0 ], [ 113.1464171, 34.8880287, 0.0 ], [ 113.1521857, 34.8893752, 0.0 ], [ 113.1576138, 34.8903815, 0.0 ], [ 113.1657556, 34.8929798, 0.0 ], [ 113.1710436, 34.8944455, 0.0 ], [ 113.1766819, 34.8960315, 0.0 ], [ 113.1825305, 34.898237, 0.0 ], [ 113.1891401, 34.9004936, 0.0 ], [ 113.193396, 34.9015584, 0.0 ], [ 113.2003955, 34.9031957, 0.0 ], [ 113.2005456, 34.9032157, 0.0 ], [ 113.205614, 34.9053733, 0.0 ], [ 113.2118222, 34.9079903, 0.0 ], [ 113.216701, 34.9103177, 0.0 ], [ 113.2154107, 34.913654, 0.0 ], [ 113.2149103, 34.9156617, 0.0 ], [ 113.2139502, 34.9166407, 0.0 ], [ 113.2138602, 34.9167705, 0.0 ], [ 113.2137904, 34.9169404, 0.0 ], [ 113.2137403, 34.91726, 0.0 ], [ 113.2137202, 34.9174598, 0.0 ], [ 113.2137101, 34.9177295, 0.0 ], [ 113.2137202, 34.9178594, 0.0 ], [ 113.21415, 34.9183088, 0.0 ], [ 113.2141702, 34.9183588, 0.0 ], [ 113.2141399, 34.9185186, 0.0 ], [ 113.2120696, 34.9227239, 0.0 ], [ 113.2119796, 34.9229637, 0.0 ], [ 113.2119695, 34.9232434, 0.0 ], [ 113.2119295, 34.9234132, 0.0 ], [ 113.2113294, 34.9246418, 0.0 ], [ 113.2108294, 34.9255708, 0.0 ], [ 113.2102091, 34.9268495, 0.0 ], [ 113.2091888, 34.9288073, 0.0 ], [ 113.2084588, 34.9303056, 0.0 ], [ 113.2078086, 34.9315343, 0.0 ], [ 113.2065785, 34.9339817, 0.0 ], [ 113.2064683, 34.9340416, 0.0 ], [ 113.2040088, 34.9339618, 0.0 ], [ 113.2037086, 34.9347409, 0.0 ], [ 113.2035084, 34.9354002, 0.0 ], [ 113.2005773, 34.9437111, 0.0 ], [ 113.2000171, 34.9452595, 0.0 ], [ 113.1988349, 34.9485044, 0.0 ], [ 113.1986045, 34.9492532, 0.0 ], [ 113.1979633, 34.9507007, 0.0 ], [ 113.1978931, 34.9509004, 0.0 ], [ 113.1977729, 34.95111, 0.0 ], [ 113.1975425, 34.9516991, 0.0 ], [ 113.1967411, 34.9529366, 0.0 ], [ 113.1962702, 34.9535552, 0.0 ], [ 113.1960197, 34.9540843, 0.0 ], [ 113.1957594, 34.9548132, 0.0 ], [ 113.1953684, 34.9556916, 0.0 ], [ 113.195228, 34.9561609, 0.0 ], [ 113.1952082, 34.9562108, 0.0 ], [ 113.195088, 34.9564104, 0.0 ], [ 113.1949976, 34.9566301, 0.0 ], [ 113.1949876, 34.9567798, 0.0 ], [ 113.1947773, 34.9572091, 0.0 ], [ 113.1947474, 34.957279, 0.0 ], [ 113.1947273, 34.9573889, 0.0 ], [ 113.1946672, 34.9576385, 0.0 ], [ 113.1945268, 34.957888, 0.0 ], [ 113.1944368, 34.9581975, 0.0 ], [ 113.1941362, 34.9588265, 0.0 ], [ 113.1935548, 34.9617325, 0.0 ], [ 113.1924622, 34.9672049, 0.0 ], [ 113.1919816, 34.9671542, 0.0 ], [ 113.1911604, 34.9670832, 0.0 ], [ 113.1900685, 34.9671316, 0.0 ], [ 113.189508, 34.9673206, 0.0 ], [ 113.1840194, 34.9702797, 0.0 ], [ 113.1800033, 34.9725416, 0.0 ], [ 113.1782008, 34.9727189, 0.0 ], [ 113.1767086, 34.9728367, 0.0 ], [ 113.1749561, 34.973024, 0.0 ], [ 113.173664, 34.9731621, 0.0 ], [ 113.1729631, 34.9730712, 0.0 ], [ 113.1718817, 34.9732295, 0.0 ], [ 113.1711703, 34.9744172, 0.0 ], [ 113.1700482, 34.9768229, 0.0 ], [ 113.1693473, 34.9783703, 0.0 ], [ 113.1682954, 34.9790481, 0.0 ], [ 113.1666934, 34.978876, 0.0 ], [ 113.1651011, 34.9794432, 0.0 ], [ 113.16461, 34.9804214, 0.0 ], [ 113.1641892, 34.9815596, 0.0 ], [ 113.1632777, 34.9837859, 0.0 ], [ 113.1624259, 34.986192, 0.0 ], [ 113.161324, 34.9897466, 0.0 ], [ 113.1608128, 34.9931721, 0.0 ], [ 113.1613531, 34.9954004, 0.0 ], [ 113.1626747, 34.9958018, 0.0 ], [ 113.1638562, 34.9963728, 0.0 ], [ 113.1638864, 34.9965027, 0.0 ], [ 113.1640862, 34.9985607, 0.0 ], [ 113.1641262, 34.9988905, 0.0 ], [ 113.1640459, 35.0000091, 0.0 ], [ 113.1640261, 35.0001989, 0.0 ], [ 113.1642662, 35.000339, 0.0 ], [ 113.1648372, 35.0006495, 0.0 ], [ 113.1652879, 35.0008999, 0.0 ], [ 113.1655381, 35.0015996, 0.0 ], [ 113.1656785, 35.002309, 0.0 ], [ 113.1659392, 35.0030987, 0.0 ], [ 113.1660691, 35.0037982, 0.0 ], [ 113.1660792, 35.0046973, 0.0 ], [ 113.1662196, 35.0055067, 0.0 ], [ 113.1662398, 35.0063159, 0.0 ], [ 113.1663701, 35.0070053, 0.0 ], [ 113.1665108, 35.0126, 0.0 ], [ 113.166481, 35.013519, 0.0 ], [ 113.166621, 35.0141086, 0.0 ], [ 113.166621, 35.0142185, 0.0 ], [ 113.1666311, 35.0150178, 0.0 ], [ 113.1667614, 35.0157272, 0.0 ], [ 113.1667916, 35.0174255, 0.0 ], [ 113.166932, 35.0182349, 0.0 ], [ 113.167062, 35.0189244, 0.0 ], [ 113.1670822, 35.0197237, 0.0 ], [ 113.1673327, 35.0204234, 0.0 ], [ 113.1673529, 35.0212325, 0.0 ], [ 113.1676232, 35.0228313, 0.0 ], [ 113.1678839, 35.0242303, 0.0 ], [ 113.1679847, 35.0298448, 0.0 ], [ 113.1678846, 35.0305439, 0.0 ], [ 113.1676441, 35.031253, 0.0 ], [ 113.167534, 35.032062, 0.0 ], [ 113.1670634, 35.0327606, 0.0 ], [ 113.1667132, 35.0334694, 0.0 ], [ 113.1662426, 35.034178, 0.0 ], [ 113.1652915, 35.0360748, 0.0 ], [ 113.1651814, 35.0363044, 0.0 ], [ 113.1647008, 35.0369032, 0.0 ], [ 113.1643501, 35.037612, 0.0 ], [ 113.1638897, 35.0390199, 0.0 ], [ 113.1637795, 35.0397191, 0.0 ], [ 113.1634292, 35.0405277, 0.0 ], [ 113.1633292, 35.0413368, 0.0 ], [ 113.1626182, 35.0427444, 0.0 ], [ 113.1625282, 35.0428541, 0.0 ], [ 113.161667, 35.0439619, 0.0 ], [ 113.1610565, 35.0444705, 0.0 ], [ 113.1603656, 35.0458781, 0.0 ], [ 113.1597648, 35.0464967, 0.0 ], [ 113.1590437, 35.0469052, 0.0 ], [ 113.1580624, 35.0471137, 0.0 ], [ 113.1572113, 35.0470326, 0.0 ], [ 113.1562397, 35.0470412, 0.0 ], [ 113.1552284, 35.0474693, 0.0 ], [ 113.154327, 35.0468187, 0.0 ], [ 113.1538064, 35.0466682, 0.0 ], [ 113.1532855, 35.0465276, 0.0 ], [ 113.1527549, 35.046387, 0.0 ], [ 113.152244, 35.0462464, 0.0 ], [ 113.1513728, 35.0461053, 0.0 ], [ 113.1496304, 35.045953, 0.0 ], [ 113.1492899, 35.0459626, 0.0 ], [ 113.1487592, 35.0456721, 0.0 ], [ 113.1482484, 35.0455315, 0.0 ], [ 113.1475475, 35.0453907, 0.0 ], [ 113.1468566, 35.0452399, 0.0 ], [ 113.1461554, 35.045099, 0.0 ], [ 113.1454544, 35.0449582, 0.0 ], [ 113.144944, 35.0448176, 0.0 ], [ 113.1442427, 35.0446768, 0.0 ], [ 113.1437221, 35.0445263, 0.0 ], [ 113.1432012, 35.0443856, 0.0 ], [ 113.14233, 35.0442445, 0.0 ], [ 113.1418094, 35.044094, 0.0 ], [ 113.140948, 35.043813, 0.0 ], [ 113.1393758, 35.0432314, 0.0 ], [ 113.1388553, 35.042951, 0.0 ], [ 113.1379837, 35.0425201, 0.0 ], [ 113.1374632, 35.0422397, 0.0 ], [ 113.1364217, 35.041519, 0.0 ], [ 113.1351998, 35.0406581, 0.0 ], [ 113.1341584, 35.0399374, 0.0 ], [ 113.1332868, 35.0395166, 0.0 ], [ 113.1317248, 35.0387951, 0.0 ], [ 113.1310238, 35.0386543, 0.0 ], [ 113.1303326, 35.0385135, 0.0 ], [ 113.1296317, 35.0383727, 0.0 ], [ 113.127719, 35.0382201, 0.0 ], [ 113.1268478, 35.0383587, 0.0 ], [ 113.1259766, 35.0386473, 0.0 ], [ 113.1250352, 35.0389756, 0.0 ], [ 113.1247649, 35.0390751, 0.0 ], [ 113.1242443, 35.0392243, 0.0 ], [ 113.1237238, 35.0395132, 0.0 ], [ 113.1232028, 35.0397922, 0.0 ], [ 113.1223316, 35.0402206, 0.0 ], [ 113.1204092, 35.0410771, 0.0 ], [ 113.1198984, 35.0412162, 0.0 ], [ 113.1193778, 35.0413554, 0.0 ], [ 113.1186866, 35.0415042, 0.0 ], [ 113.1184966, 35.0415139, 0.0 ], [ 113.1148516, 35.0416387, 0.0 ], [ 113.1111965, 35.0417834, 0.0 ], [ 113.1098144, 35.0419214, 0.0 ], [ 113.1091034, 35.0420602, 0.0 ], [ 113.1082322, 35.0421989, 0.0 ], [ 113.107361, 35.0423375, 0.0 ], [ 113.1068502, 35.0424867, 0.0 ], [ 113.1063296, 35.0426258, 0.0 ], [ 113.105799, 35.0427749, 0.0 ], [ 113.1044069, 35.0432025, 0.0 ], [ 113.1034957, 35.0433911, 0.0 ], [ 113.0926306, 35.044789, 0.0 ], [ 113.0848718, 35.0451738, 0.0 ], [ 113.0761552, 35.0438522, 0.0 ], [ 113.0760155, 35.0438424, 0.0 ], [ 113.0669798, 35.0414126, 0.0 ], [ 113.0630706, 35.0410506, 0.0 ], [ 113.0599192, 35.0409569, 0.0 ], [ 113.0507442, 35.0403655, 0.0 ], [ 113.0421373, 35.0403923, 0.0 ], [ 113.0422871, 35.0394929, 0.0 ], [ 113.0425164, 35.0387833, 0.0 ], [ 113.0426262, 35.0379939, 0.0 ], [ 113.0428156, 35.0374241, 0.0 ], [ 113.0433242, 35.0358747, 0.0 ], [ 113.0432944, 35.0339568, 0.0 ], [ 113.0432843, 35.0334673, 0.0 ], [ 113.0433941, 35.0327678, 0.0 ], [ 113.0433642, 35.0311596, 0.0 ], [ 113.0434841, 35.0304601, 0.0 ], [ 113.043424, 35.0271537, 0.0 ], [ 113.0432944, 35.0264547, 0.0 ], [ 113.0430352, 35.0257559, 0.0 ], [ 113.0425168, 35.0229499, 0.0 ], [ 113.0421276, 35.0221515, 0.0 ], [ 113.041629, 35.0215632, 0.0 ], [ 113.0408914, 35.021165, 0.0 ], [ 113.039186, 35.0207789, 0.0 ], [ 113.0382086, 35.0207907, 0.0 ], [ 113.0373608, 35.0210022, 0.0 ], [ 113.0363935, 35.0213138, 0.0 ], [ 113.0355461, 35.0214253, 0.0 ], [ 113.0346983, 35.0217367, 0.0 ], [ 113.0338505, 35.0219481, 0.0 ], [ 113.0321452, 35.0221612, 0.0 ], [ 113.0311778, 35.0224728, 0.0 ], [ 113.0302004, 35.0224848, 0.0 ], [ 113.029353, 35.0226962, 0.0 ], [ 113.0283756, 35.022898, 0.0 ], [ 113.0274083, 35.0233094, 0.0 ], [ 113.0265605, 35.023421, 0.0 ], [ 113.0261119, 35.0234918, 0.0 ], [ 113.0246158, 35.0238443, 0.0 ], [ 113.0237683, 35.0241557, 0.0 ], [ 113.0227909, 35.0242675, 0.0 ], [ 113.0218236, 35.0245691, 0.0 ], [ 113.0208462, 35.0246809, 0.0 ], [ 113.0197493, 35.024693, 0.0 ], [ 113.0189015, 35.0248046, 0.0 ], [ 113.0179241, 35.0248165, 0.0 ], [ 113.0169568, 35.0250282, 0.0 ], [ 113.0160992, 35.0251298, 0.0 ], [ 113.0151319, 35.0254414, 0.0 ], [ 113.0142841, 35.0255529, 0.0 ], [ 113.0133067, 35.0257746, 0.0 ], [ 113.0124593, 35.0258762, 0.0 ], [ 113.0117112, 35.0259575, 0.0 ], [ 113.011492, 35.025988, 0.0 ], [ 113.0095372, 35.0264013, 0.0 ], [ 113.0086894, 35.0265229, 0.0 ], [ 113.007722, 35.0267246, 0.0 ], [ 113.0068742, 35.0271258, 0.0 ], [ 113.0060167, 35.0272373, 0.0 ], [ 113.0050494, 35.0273491, 0.0 ], [ 113.0045209, 35.0273402, 0.0 ], [ 113.0021176, 35.0273848, 0.0 ], [ 113.0011402, 35.0274867, 0.0 ], [ 113.0001728, 35.0274986, 0.0 ], [ 113.0000332, 35.0275189, 0.0 ], [ 112.999315, 35.02761, 0.0 ], [ 112.9984668, 35.0279212, 0.0 ], [ 112.9967611, 35.0281338, 0.0 ], [ 112.995913, 35.0285449, 0.0 ], [ 112.9950752, 35.0286462, 0.0 ], [ 112.9940975, 35.0288576, 0.0 ], [ 112.9937584, 35.0290181, 0.0 ], [ 112.9932493, 35.0292686, 0.0 ], [ 112.9922816, 35.02958, 0.0 ], [ 112.9920124, 35.0296704, 0.0 ], [ 112.9914338, 35.0298912, 0.0 ], [ 112.9904561, 35.0301026, 0.0 ], [ 112.9893588, 35.0304042, 0.0 ], [ 112.9883911, 35.0305157, 0.0 ], [ 112.987683, 35.0307067, 0.0 ], [ 112.9873036, 35.0308372, 0.0 ], [ 112.9862063, 35.0310389, 0.0 ], [ 112.9853585, 35.0313501, 0.0 ], [ 112.9845006, 35.0314614, 0.0 ], [ 112.9836524, 35.0316626, 0.0 ], [ 112.9824356, 35.0317846, 0.0 ], [ 112.9814579, 35.0318862, 0.0 ], [ 112.9806097, 35.0320974, 0.0 ], [ 112.9800114, 35.0326079, 0.0 ], [ 112.9791632, 35.032919, 0.0 ], [ 112.9783154, 35.0331203, 0.0 ], [ 112.9773478, 35.0334317, 0.0 ], [ 112.9764899, 35.033543, 0.0 ], [ 112.9756417, 35.0338541, 0.0 ], [ 112.9736966, 35.0338775, 0.0 ], [ 112.9728186, 35.0336693, 0.0 ], [ 112.9721206, 35.0335106, 0.0 ], [ 112.9719708, 35.0334809, 0.0 ], [ 112.971123, 35.0330928, 0.0 ], [ 112.9707338, 35.0327838, 0.0 ], [ 112.9703746, 35.0324948, 0.0 ], [ 112.969876, 35.0317964, 0.0 ], [ 112.9692575, 35.0313079, 0.0 ], [ 112.9687686, 35.0307094, 0.0 ], [ 112.9677512, 35.0279141, 0.0 ], [ 112.9677314, 35.0270151, 0.0 ], [ 112.9674622, 35.0256071, 0.0 ], [ 112.9674622, 35.0255472, 0.0 ], [ 112.9674424, 35.0240089, 0.0 ], [ 112.9671832, 35.0226008, 0.0 ], [ 112.966425, 35.0205044, 0.0 ], [ 112.9661658, 35.0197157, 0.0 ], [ 112.9657867, 35.019017, 0.0 ], [ 112.9651682, 35.0185186, 0.0 ], [ 112.964081, 35.0185305, 0.0 ], [ 112.9634723, 35.0191408, 0.0 ], [ 112.9626245, 35.019452, 0.0 ], [ 112.9617666, 35.0193536, 0.0 ], [ 112.9605394, 35.0183668, 0.0 ], [ 112.9604396, 35.018357, 0.0 ], [ 112.9596815, 35.0179686, 0.0 ], [ 112.9587041, 35.0176806, 0.0 ], [ 112.9578462, 35.0175821, 0.0 ], [ 112.9568684, 35.0175039, 0.0 ], [ 112.9561301, 35.0171056, 0.0 ], [ 112.9556416, 35.0165171, 0.0 ], [ 112.9551426, 35.0158187, 0.0 ], [ 112.9547635, 35.0151101, 0.0 ], [ 112.9544942, 35.0137121, 0.0 ], [ 112.9542451, 35.0130232, 0.0 ], [ 112.9541152, 35.0123142, 0.0 ], [ 112.9537364, 35.0116255, 0.0 ], [ 112.9535269, 35.0110365, 0.0 ], [ 112.9527187, 35.0088202, 0.0 ], [ 112.9525891, 35.0081212, 0.0 ], [ 112.9522201, 35.0074225, 0.0 ], [ 112.9517014, 35.0060349, 0.0 ], [ 112.9514422, 35.0046268, 0.0 ], [ 112.9510631, 35.0039282, 0.0 ], [ 112.9509335, 35.0030193, 0.0 ], [ 112.9506743, 35.0022206, 0.0 ], [ 112.9504248, 35.0015217, 0.0 ], [ 112.9502354, 35.0008428, 0.0 ], [ 112.9501753, 35.0006232, 0.0 ], [ 112.9495568, 35.0001547, 0.0 ], [ 112.9493772, 34.9999552, 0.0 ], [ 112.9481104, 34.9985689, 0.0 ], [ 112.9463845, 34.9973032, 0.0 ], [ 112.9451972, 34.9963563, 0.0 ], [ 112.9445788, 34.9958579, 0.0 ], [ 112.9439902, 34.9956791, 0.0 ], [ 112.9417956, 34.9949936, 0.0 ], [ 112.9391618, 34.9936596, 0.0 ], [ 112.9372168, 34.9927439, 0.0 ], [ 112.9355507, 34.9914783, 0.0 ], [ 112.9339048, 34.9891736, 0.0 ], [ 112.9328575, 34.9880368, 0.0 ], [ 112.9315406, 34.9870002, 0.0 ], [ 112.930623, 34.9865823, 0.0 ], [ 112.9298846, 34.9862539, 0.0 ], [ 112.9278596, 34.9860177, 0.0 ], [ 112.9265626, 34.98595, 0.0 ], [ 112.9257745, 34.9859014, 0.0 ], [ 112.9234104, 34.9862851, 0.0 ], [ 112.9218739, 34.9870868, 0.0 ], [ 112.9217245, 34.9872169, 0.0 ], [ 112.9208267, 34.9879975, 0.0 ], [ 112.9197092, 34.9896476, 0.0 ], [ 112.9182826, 34.9905789, 0.0 ], [ 112.9176738, 34.9909595, 0.0 ], [ 112.9169556, 34.9911005, 0.0 ], [ 112.91517, 34.9914133, 0.0 ], [ 112.9134042, 34.9913864, 0.0 ], [ 112.9121773, 34.9914084, 0.0 ], [ 112.9085658, 34.9924235, 0.0 ], [ 112.9069994, 34.9930953, 0.0 ], [ 112.9050043, 34.9939577, 0.0 ], [ 112.9041662, 34.9959068, 0.0 ], [ 112.9040762, 34.9982542, 0.0 ], [ 112.9040762, 34.998394, 0.0 ], [ 112.9041158, 34.999982, 0.0 ], [ 112.9041259, 35.0001718, 0.0 ], [ 112.9045648, 35.0009203, 0.0 ], [ 112.9047242, 35.0011798, 0.0 ], [ 112.9048142, 35.0013295, 0.0 ], [ 112.9048243, 35.0021287, 0.0 ], [ 112.9047145, 35.0029381, 0.0 ], [ 112.9043552, 35.003638, 0.0 ], [ 112.9041158, 35.0043377, 0.0 ], [ 112.9037666, 35.0050476, 0.0 ], [ 112.9034574, 35.0054677, 0.0 ], [ 112.9032878, 35.0056578, 0.0 ], [ 112.9028191, 35.0063579, 0.0 ], [ 112.9024598, 35.0070678, 0.0 ], [ 112.901981, 35.007678, 0.0 ], [ 112.9013924, 35.0081785, 0.0 ], [ 112.9009136, 35.0087987, 0.0 ], [ 112.9006642, 35.0094884, 0.0 ], [ 112.899235, 35.0113168, 0.0 ], [ 112.8990146, 35.0120158, 0.0 ], [ 112.8987842, 35.0134241, 0.0 ], [ 112.8987742, 35.0137338, 0.0 ], [ 112.8985538, 35.0141332, 0.0 ], [ 112.8981935, 35.014832, 0.0 ], [ 112.8979631, 35.0155409, 0.0 ], [ 112.8974825, 35.0162397, 0.0 ], [ 112.8968816, 35.0167584, 0.0 ], [ 112.8960306, 35.017057, 0.0 ], [ 112.8951792, 35.0174655, 0.0 ], [ 112.8926358, 35.0183912, 0.0 ], [ 112.8917848, 35.0185001, 0.0 ], [ 112.8887305, 35.018536, 0.0 ], [ 112.8870382, 35.018344, 0.0 ], [ 112.8860968, 35.0180431, 0.0 ], [ 112.8860266, 35.0179331, 0.0 ], [ 112.8843342, 35.0174714, 0.0 ], [ 112.8834832, 35.0170707, 0.0 ], [ 112.8822415, 35.01609, 0.0 ], [ 112.8818707, 35.0153903, 0.0 ], [ 112.8816407, 35.0147406, 0.0 ], [ 112.8813602, 35.013991, 0.0 ], [ 112.8813602, 35.0128121, 0.0 ], [ 112.8813199, 35.0107842, 0.0 ], [ 112.8810596, 35.0100745, 0.0 ], [ 112.8806892, 35.0093847, 0.0 ], [ 112.879958, 35.0089842, 0.0 ], [ 112.8790969, 35.0087933, 0.0 ], [ 112.8781256, 35.008802, 0.0 ], [ 112.8772742, 35.0090106, 0.0 ], [ 112.8764232, 35.0091294, 0.0 ], [ 112.875692, 35.009528, 0.0 ], [ 112.874981, 35.0097669, 0.0 ], [ 112.8747308, 35.0098466, 0.0 ], [ 112.8725478, 35.0110625, 0.0 ], [ 112.871857, 35.0114212, 0.0 ], [ 112.871056, 35.0114002, 0.0 ], [ 112.8693035, 35.0108285, 0.0 ], [ 112.8689428, 35.0105882, 0.0 ], [ 112.8685324, 35.010318, 0.0 ], [ 112.868352, 35.0096984, 0.0 ], [ 112.8682418, 35.0092487, 0.0 ], [ 112.8681418, 35.0087291, 0.0 ], [ 112.8683718, 35.0072209, 0.0 ], [ 112.8686825, 35.0054131, 0.0 ], [ 112.8689428, 35.004844, 0.0 ], [ 112.8690529, 35.0045944, 0.0 ], [ 112.8694133, 35.0038756, 0.0 ], [ 112.8696437, 35.0031666, 0.0 ], [ 112.8701243, 35.0025678, 0.0 ], [ 112.8704746, 35.0017591, 0.0 ], [ 112.8703446, 35.0009597, 0.0 ], [ 112.8701142, 35.0008895, 0.0 ], [ 112.8689424, 35.0005083, 0.0 ], [ 112.867861, 35.0001672, 0.0 ], [ 112.8678109, 34.9999774, 0.0 ], [ 112.8675708, 34.9988783, 0.0 ], [ 112.8661992, 34.9960699, 0.0 ], [ 112.8654079, 34.9951499, 0.0 ], [ 112.8643268, 34.9937701, 0.0 ], [ 112.8638761, 34.9932601, 0.0 ], [ 112.8632954, 34.9926301, 0.0 ], [ 112.8614929, 34.991529, 0.0 ], [ 112.8611524, 34.9914087, 0.0 ], [ 112.8594802, 34.9908971, 0.0 ], [ 112.857948, 34.9905955, 0.0 ], [ 112.8544333, 34.9903711, 0.0 ], [ 112.8549539, 34.9899422, 0.0 ], [ 112.855775, 34.9891243, 0.0 ], [ 112.8560555, 34.988815, 0.0 ], [ 112.856877, 34.9876974, 0.0 ], [ 112.8576982, 34.9865698, 0.0 ], [ 112.8590701, 34.9854629, 0.0 ], [ 112.8604522, 34.9845657, 0.0 ], [ 112.8618241, 34.9838883, 0.0 ], [ 112.863186, 34.9836703, 0.0 ], [ 112.8645479, 34.9843514, 0.0 ], [ 112.8655894, 34.9848921, 0.0 ], [ 112.8659198, 34.9850224, 0.0 ], [ 112.8672817, 34.9857033, 0.0 ], [ 112.8686537, 34.9854854, 0.0 ], [ 112.8689438, 34.9853459, 0.0 ], [ 112.8700256, 34.984818, 0.0 ], [ 112.870296, 34.9836997, 0.0 ], [ 112.870867, 34.9807739, 0.0 ], [ 112.8711377, 34.9796455, 0.0 ], [ 112.8711276, 34.9792359, 0.0 ], [ 112.8711478, 34.9785268, 0.0 ], [ 112.8714181, 34.9773985, 0.0 ], [ 112.8714181, 34.9771488, 0.0 ], [ 112.8714282, 34.9762698, 0.0 ], [ 112.871709, 34.9751515, 0.0 ], [ 112.8719794, 34.9740332, 0.0 ], [ 112.8719894, 34.9729045, 0.0 ], [ 112.8719894, 34.9717758, 0.0 ], [ 112.8717194, 34.9706568, 0.0 ], [ 112.8717295, 34.9695282, 0.0 ], [ 112.8714592, 34.9683991, 0.0 ], [ 112.8714592, 34.9672804, 0.0 ], [ 112.8711989, 34.9661514, 0.0 ], [ 112.8712093, 34.963894, 0.0 ], [ 112.8725813, 34.9632266, 0.0 ], [ 112.8739432, 34.9632284, 0.0 ], [ 112.8749846, 34.9635794, 0.0 ], [ 112.8753151, 34.9636898, 0.0 ], [ 112.8759358, 34.9636906, 0.0 ], [ 112.876677, 34.9636916, 0.0 ], [ 112.878049, 34.9637034, 0.0 ], [ 112.8794209, 34.9634755, 0.0 ], [ 112.8807929, 34.9625884, 0.0 ], [ 112.8816241, 34.9616905, 0.0 ], [ 112.8818945, 34.9605722, 0.0 ], [ 112.8814038, 34.9601621, 0.0 ], [ 112.8805326, 34.9594417, 0.0 ], [ 112.8786203, 34.9583005, 0.0 ], [ 112.8782196, 34.957471, 0.0 ], [ 112.8780695, 34.9574008, 0.0 ], [ 112.8780796, 34.9565019, 0.0 ], [ 112.8791812, 34.955145, 0.0 ], [ 112.8830468, 34.9528429, 0.0 ], [ 112.8832974, 34.9526934, 0.0 ], [ 112.8874032, 34.9515803, 0.0 ], [ 112.8909683, 34.951605, 0.0 ], [ 112.8939725, 34.9516091, 0.0 ], [ 112.8956249, 34.9500532, 0.0 ], [ 112.8964561, 34.947797, 0.0 ], [ 112.8967366, 34.9469084, 0.0 ], [ 112.896747, 34.9446511, 0.0 ], [ 112.8965368, 34.9437619, 0.0 ], [ 112.8965267, 34.9437219, 0.0 ], [ 112.8965166, 34.943672, 0.0 ], [ 112.8964867, 34.9435321, 0.0 ], [ 112.8961264, 34.9427725, 0.0 ], [ 112.8959359, 34.9424027, 0.0 ], [ 112.8956659, 34.9412637, 0.0 ], [ 112.8951151, 34.9401442, 0.0 ], [ 112.8948548, 34.9390153, 0.0 ], [ 112.8945845, 34.9378862, 0.0 ], [ 112.8948649, 34.936768, 0.0 ], [ 112.8954161, 34.9356401, 0.0 ], [ 112.8959568, 34.9349716, 0.0 ], [ 112.8970984, 34.9337846, 0.0 ], [ 112.8978896, 34.9329567, 0.0 ], [ 112.8978997, 34.9325072, 0.0 ], [ 112.8981701, 34.9313789, 0.0 ], [ 112.8981805, 34.9302603, 0.0 ], [ 112.8984509, 34.929132, 0.0 ], [ 112.8990017, 34.9280041, 0.0 ], [ 112.9003819, 34.9271157, 0.0 ], [ 112.9017388, 34.9266637, 0.0 ], [ 112.903115, 34.9262217, 0.0 ], [ 112.9044719, 34.9257597, 0.0 ], [ 112.9058482, 34.9253277, 0.0 ], [ 112.907205, 34.9250955, 0.0 ], [ 112.9085716, 34.9246435, 0.0 ], [ 112.9099381, 34.9244312, 0.0 ], [ 112.9106862, 34.9241801, 0.0 ], [ 112.9107859, 34.92415, 0.0 ], [ 112.9113047, 34.9239793, 0.0 ], [ 112.9126712, 34.9235272, 0.0 ], [ 112.9140378, 34.9228655, 0.0 ], [ 112.915404, 34.9224134, 0.0 ], [ 112.9167706, 34.9217417, 0.0 ], [ 112.919783, 34.9199483, 0.0 ], [ 112.9210801, 34.9176585, 0.0 ], [ 112.921429, 34.9170286, 0.0 ], [ 112.9214988, 34.9166389, 0.0 ], [ 112.9219877, 34.9138811, 0.0 ], [ 112.9220183, 34.9064496, 0.0 ], [ 112.9220183, 34.9060001, 0.0 ], [ 112.9222678, 34.9037723, 0.0 ], [ 112.9222976, 34.9035225, 0.0 ], [ 112.9225172, 34.9030826, 0.0 ], [ 112.9247716, 34.8983537, 0.0 ], [ 112.9280735, 34.8927438, 0.0 ], [ 112.9284425, 34.8922836, 0.0 ], [ 112.9303181, 34.890602, 0.0 ], [ 112.9310161, 34.8892322, 0.0 ], [ 112.927765, 34.8883094, 0.0 ], [ 112.9255405, 34.8887031, 0.0 ], [ 112.9237254, 34.8884068, 0.0 ], [ 112.9226382, 34.8868107, 0.0 ], [ 112.9227484, 34.882745, 0.0 ], [ 112.9228085, 34.8805574, 0.0 ], [ 112.922919, 34.8737049, 0.0 ], [ 112.9228794, 34.8682011, 0.0 ], [ 112.9236383, 34.8609079, 0.0 ], [ 112.9244767, 34.8528055, 0.0 ], [ 112.926254, 34.8355915, 0.0 ], [ 112.9287175, 34.8344582, 0.0 ], [ 112.928967, 34.8343979, 0.0 ], [ 112.931361, 34.8338342, 0.0 ], [ 112.9338346, 34.8335, 0.0 ], [ 112.9363182, 34.8334654, 0.0 ] ] ] } },
{ "type": "Feature", "properties": { "Name": "孟州市", "AdminCode": "410883", "Kind": "0137", "CityAdCode": "410800", "CityName": "焦作市", "ProName": "河南省", "Shape_Leng": 1.0717072946399999, "Shape_Area": 0.05052343356, "sheng": 410000 }, "geometry": { "type": "Polygon", "coordinates": [ [ [ 112.8422538, 34.8125844, 0.0 ], [ 112.8442165, 34.8128468, 0.0 ], [ 112.846009, 34.8134087, 0.0 ], [ 112.8474511, 34.8142598, 0.0 ], [ 112.8490834, 34.8154108, 0.0 ], [ 112.851256, 34.8174316, 0.0 ], [ 112.8534786, 34.8209209, 0.0 ], [ 112.8558719, 34.8247001, 0.0 ], [ 112.8595565, 34.830369, 0.0 ], [ 112.8612784, 34.8333182, 0.0 ], [ 112.8615988, 34.833858, 0.0 ], [ 112.8619894, 34.834398, 0.0 ], [ 112.8650832, 34.8386477, 0.0 ], [ 112.8671258, 34.8422865, 0.0 ], [ 112.8689579, 34.8447563, 0.0 ], [ 112.871331, 34.8473568, 0.0 ], [ 112.8733438, 34.8495272, 0.0 ], [ 112.8749857, 34.8508281, 0.0 ], [ 112.8757068, 34.8514085, 0.0 ], [ 112.8785908, 34.8531206, 0.0 ], [ 112.8818153, 34.8539542, 0.0 ], [ 112.8853901, 34.8544886, 0.0 ], [ 112.8903869, 34.8545655, 0.0 ], [ 112.8922096, 34.8541186, 0.0 ], [ 112.8928504, 34.8543093, 0.0 ], [ 112.8949434, 34.8534531, 0.0 ], [ 112.8974069, 34.8525476, 0.0 ], [ 112.9000604, 34.8517718, 0.0 ], [ 112.9028634, 34.8506977, 0.0 ], [ 112.9053168, 34.8496344, 0.0 ], [ 112.9074314, 34.8490112, 0.0 ], [ 112.9098852, 34.8480977, 0.0 ], [ 112.9119898, 34.8471748, 0.0 ], [ 112.9137354, 34.8459729, 0.0 ], [ 112.9158202, 34.8438914, 0.0 ], [ 112.9184039, 34.8410698, 0.0 ], [ 112.9213663, 34.8385372, 0.0 ], [ 112.9236307, 34.836745, 0.0 ], [ 112.9260845, 34.8356717, 0.0 ], [ 112.926254, 34.8355915, 0.0 ], [ 112.9244767, 34.8528055, 0.0 ], [ 112.9236383, 34.8609079, 0.0 ], [ 112.9228794, 34.8682011, 0.0 ], [ 112.922919, 34.8737049, 0.0 ], [ 112.9228085, 34.8805574, 0.0 ], [ 112.9227484, 34.882745, 0.0 ], [ 112.9226382, 34.8868107, 0.0 ], [ 112.9237254, 34.8884068, 0.0 ], [ 112.9255405, 34.8887031, 0.0 ], [ 112.927765, 34.8883094, 0.0 ], [ 112.9310161, 34.8892322, 0.0 ], [ 112.9303181, 34.890602, 0.0 ], [ 112.9284425, 34.8922836, 0.0 ], [ 112.9280735, 34.8927438, 0.0 ], [ 112.9247716, 34.8983537, 0.0 ], [ 112.9225172, 34.9030826, 0.0 ], [ 112.9222976, 34.9035225, 0.0 ], [ 112.9222678, 34.9037723, 0.0 ], [ 112.9220183, 34.9060001, 0.0 ], [ 112.9220183, 34.9064496, 0.0 ], [ 112.9219877, 34.9138811, 0.0 ], [ 112.9214988, 34.9166389, 0.0 ], [ 112.921429, 34.9170286, 0.0 ], [ 112.9210801, 34.9176585, 0.0 ], [ 112.919783, 34.9199483, 0.0 ], [ 112.9167706, 34.9217417, 0.0 ], [ 112.915404, 34.9224134, 0.0 ], [ 112.9140378, 34.9228655, 0.0 ], [ 112.9126712, 34.9235272, 0.0 ], [ 112.9113047, 34.9239793, 0.0 ], [ 112.9107859, 34.92415, 0.0 ], [ 112.9106862, 34.9241801, 0.0 ], [ 112.9099381, 34.9244312, 0.0 ], [ 112.9085716, 34.9246435, 0.0 ], [ 112.907205, 34.9250955, 0.0 ], [ 112.9058482, 34.9253277, 0.0 ], [ 112.9044719, 34.9257597, 0.0 ], [ 112.903115, 34.9262217, 0.0 ], [ 112.9017388, 34.9266637, 0.0 ], [ 112.9003819, 34.9271157, 0.0 ], [ 112.8990017, 34.9280041, 0.0 ], [ 112.8984509, 34.929132, 0.0 ], [ 112.8981805, 34.9302603, 0.0 ], [ 112.8981701, 34.9313789, 0.0 ], [ 112.8978997, 34.9325072, 0.0 ], [ 112.8978896, 34.9329567, 0.0 ], [ 112.8970984, 34.9337846, 0.0 ], [ 112.8959568, 34.9349716, 0.0 ], [ 112.8954161, 34.9356401, 0.0 ], [ 112.8948649, 34.936768, 0.0 ], [ 112.8945845, 34.9378862, 0.0 ], [ 112.8948548, 34.9390153, 0.0 ], [ 112.8951151, 34.9401442, 0.0 ], [ 112.8956659, 34.9412637, 0.0 ], [ 112.8959359, 34.9424027, 0.0 ], [ 112.8961264, 34.9427725, 0.0 ], [ 112.8964867, 34.9435321, 0.0 ], [ 112.8965166, 34.943672, 0.0 ], [ 112.8965267, 34.9437219, 0.0 ], [ 112.8965368, 34.9437619, 0.0 ], [ 112.896747, 34.9446511, 0.0 ], [ 112.8967366, 34.9469084, 0.0 ], [ 112.8964561, 34.947797, 0.0 ], [ 112.8956249, 34.9500532, 0.0 ], [ 112.8939725, 34.9516091, 0.0 ], [ 112.8909683, 34.951605, 0.0 ], [ 112.8874032, 34.9515803, 0.0 ], [ 112.8832974, 34.9526934, 0.0 ], [ 112.8830468, 34.9528429, 0.0 ], [ 112.8791812, 34.955145, 0.0 ], [ 112.8780796, 34.9565019, 0.0 ], [ 112.8780695, 34.9574008, 0.0 ], [ 112.8782196, 34.957471, 0.0 ], [ 112.8786203, 34.9583005, 0.0 ], [ 112.8805326, 34.9594417, 0.0 ], [ 112.8814038, 34.9601621, 0.0 ], [ 112.8818945, 34.9605722, 0.0 ], [ 112.8816241, 34.9616905, 0.0 ], [ 112.8807929, 34.9625884, 0.0 ], [ 112.8794209, 34.9634755, 0.0 ], [ 112.878049, 34.9637034, 0.0 ], [ 112.876677, 34.9636916, 0.0 ], [ 112.8759358, 34.9636906, 0.0 ], [ 112.8753151, 34.9636898, 0.0 ], [ 112.8749846, 34.9635794, 0.0 ], [ 112.8739432, 34.9632284, 0.0 ], [ 112.8725813, 34.9632266, 0.0 ], [ 112.8712093, 34.963894, 0.0 ], [ 112.8711989, 34.9661514, 0.0 ], [ 112.8714592, 34.9672804, 0.0 ], [ 112.8714592, 34.9683991, 0.0 ], [ 112.8717295, 34.9695282, 0.0 ], [ 112.8717194, 34.9706568, 0.0 ], [ 112.8719894, 34.9717758, 0.0 ], [ 112.8719894, 34.9729045, 0.0 ], [ 112.8719794, 34.9740332, 0.0 ], [ 112.871709, 34.9751515, 0.0 ], [ 112.8714282, 34.9762698, 0.0 ], [ 112.8714181, 34.9771488, 0.0 ], [ 112.8714181, 34.9773985, 0.0 ], [ 112.8711478, 34.9785268, 0.0 ], [ 112.8711276, 34.9792359, 0.0 ], [ 112.8711377, 34.9796455, 0.0 ], [ 112.870867, 34.9807739, 0.0 ], [ 112.870296, 34.9836997, 0.0 ], [ 112.8700256, 34.984818, 0.0 ], [ 112.8689438, 34.9853459, 0.0 ], [ 112.8686537, 34.9854854, 0.0 ], [ 112.8672817, 34.9857033, 0.0 ], [ 112.8659198, 34.9850224, 0.0 ], [ 112.8655894, 34.9848921, 0.0 ], [ 112.8645479, 34.9843514, 0.0 ], [ 112.863186, 34.9836703, 0.0 ], [ 112.8618241, 34.9838883, 0.0 ], [ 112.8604522, 34.9845657, 0.0 ], [ 112.8590701, 34.9854629, 0.0 ], [ 112.8576982, 34.9865698, 0.0 ], [ 112.856877, 34.9876974, 0.0 ], [ 112.8560555, 34.988815, 0.0 ], [ 112.855775, 34.9891243, 0.0 ], [ 112.8549539, 34.9899422, 0.0 ], [ 112.8544333, 34.9903711, 0.0 ], [ 112.8535819, 34.9910692, 0.0 ], [ 112.8533414, 34.9912687, 0.0 ], [ 112.85221, 34.9921761, 0.0 ], [ 112.8488648, 34.9961972, 0.0 ], [ 112.8469021, 34.9972434, 0.0 ], [ 112.8457904, 34.9972619, 0.0 ], [ 112.8437075, 34.9972991, 0.0 ], [ 112.8413344, 34.996487, 0.0 ], [ 112.838841, 34.9959044, 0.0 ], [ 112.8381498, 34.9957138, 0.0 ], [ 112.8359869, 34.9951415, 0.0 ], [ 112.8332833, 34.9946186, 0.0 ], [ 112.833103, 34.9945984, 0.0 ], [ 112.8328927, 34.9945881, 0.0 ], [ 112.8315506, 34.9944665, 0.0 ], [ 112.8306395, 34.9943855, 0.0 ], [ 112.8289072, 34.9935741, 0.0 ], [ 112.826484, 34.9922425, 0.0 ], [ 112.8237401, 34.9917693, 0.0 ], [ 112.8234197, 34.991719, 0.0 ], [ 112.8201451, 34.9916448, 0.0 ], [ 112.814437, 34.992816, 0.0 ], [ 112.8142267, 34.9928457, 0.0 ], [ 112.811643, 34.9933818, 0.0 ], [ 112.8081582, 34.9937668, 0.0 ], [ 112.8071668, 34.9941051, 0.0 ], [ 112.8057246, 34.9946127, 0.0 ], [ 112.8048232, 34.9962997, 0.0 ], [ 112.8040319, 34.997747, 0.0 ], [ 112.8039016, 34.9980964, 0.0 ], [ 112.8032107, 35.0000034, 0.0 ], [ 112.8031405, 35.0001932, 0.0 ], [ 112.8024594, 35.0004721, 0.0 ], [ 112.8016386, 35.0008007, 0.0 ], [ 112.7933384, 35.004145, 0.0 ], [ 112.78782, 35.0056136, 0.0 ], [ 112.7878603, 35.0089203, 0.0 ], [ 112.7875208, 35.0110283, 0.0 ], [ 112.7871709, 35.0117375, 0.0 ], [ 112.7862112, 35.0129463, 0.0 ], [ 112.7850116, 35.0139653, 0.0 ], [ 112.7835623, 35.0149843, 0.0 ], [ 112.7825924, 35.015284, 0.0 ], [ 112.7818728, 35.0156936, 0.0 ], [ 112.7810228, 35.0161032, 0.0 ], [ 112.7804231, 35.0168125, 0.0 ], [ 112.7800735, 35.0176216, 0.0 ], [ 112.7789838, 35.0179313, 0.0 ], [ 112.7782638, 35.0183409, 0.0 ], [ 112.777664, 35.0188504, 0.0 ], [ 112.7769343, 35.01926, 0.0 ], [ 112.7762147, 35.0197695, 0.0 ], [ 112.7756048, 35.0203689, 0.0 ], [ 112.772736, 35.0240152, 0.0 ], [ 112.7721362, 35.0245247, 0.0 ], [ 112.7706865, 35.0253339, 0.0 ], [ 112.769487, 35.0263529, 0.0 ], [ 112.7690071, 35.0269523, 0.0 ], [ 112.7682774, 35.0274618, 0.0 ], [ 112.7673277, 35.0286806, 0.0 ], [ 112.766598, 35.0290802, 0.0 ], [ 112.7653884, 35.0300992, 0.0 ], [ 112.7649186, 35.0307085, 0.0 ], [ 112.7639488, 35.0311082, 0.0 ], [ 112.7627392, 35.0321271, 0.0 ], [ 112.7618993, 35.0325367, 0.0 ], [ 112.7614198, 35.0331461, 0.0 ], [ 112.7606897, 35.0335557, 0.0 ], [ 112.75997, 35.0340552, 0.0 ], [ 112.7578007, 35.035274, 0.0 ], [ 112.756941, 35.0355937, 0.0 ], [ 112.7554913, 35.0364029, 0.0 ], [ 112.7546417, 35.0365127, 0.0 ], [ 112.7537917, 35.0368224, 0.0 ], [ 112.7529421, 35.0370322, 0.0 ], [ 112.7507728, 35.038251, 0.0 ], [ 112.7500628, 35.0387505, 0.0 ], [ 112.7483536, 35.0393699, 0.0 ], [ 112.7474935, 35.0397795, 0.0 ], [ 112.7438647, 35.0398094, 0.0 ], [ 112.7436048, 35.0398194, 0.0 ], [ 112.7427548, 35.0400292, 0.0 ], [ 112.741785, 35.0400392, 0.0 ], [ 112.7409253, 35.0401491, 0.0 ], [ 112.7399555, 35.040249, 0.0 ], [ 112.738986, 35.0405587, 0.0 ], [ 112.7380061, 35.0406786, 0.0 ], [ 112.7370463, 35.0408784, 0.0 ], [ 112.7360668, 35.041288, 0.0 ], [ 112.7352168, 35.0413979, 0.0 ], [ 112.7343672, 35.0417075, 0.0 ], [ 112.7336472, 35.0421071, 0.0 ], [ 112.7327976, 35.0423169, 0.0 ], [ 112.7319379, 35.0426166, 0.0 ], [ 112.7304882, 35.0434358, 0.0 ], [ 112.7296382, 35.0437455, 0.0 ], [ 112.7289884, 35.0438654, 0.0 ], [ 112.7284088, 35.0430462, 0.0 ], [ 112.7279189, 35.0424468, 0.0 ], [ 112.727309, 35.0418474, 0.0 ], [ 112.7266891, 35.0413579, 0.0 ], [ 112.726499, 35.0411281, 0.0 ], [ 112.7261891, 35.0407685, 0.0 ], [ 112.7249593, 35.0397695, 0.0 ], [ 112.7236399, 35.0381411, 0.0 ], [ 112.72298, 35.0373819, 0.0 ], [ 112.7217503, 35.0363829, 0.0 ], [ 112.7210206, 35.0359933, 0.0 ], [ 112.7197807, 35.0348044, 0.0 ], [ 112.7191709, 35.0343049, 0.0 ], [ 112.7176913, 35.0335058, 0.0 ], [ 112.7168413, 35.0331161, 0.0 ], [ 112.7158618, 35.0327265, 0.0 ], [ 112.7150021, 35.0324268, 0.0 ], [ 112.7142623, 35.0320372, 0.0 ], [ 112.7134123, 35.0317475, 0.0 ], [ 112.7125526, 35.0313479, 0.0 ], [ 112.711693, 35.0311581, 0.0 ], [ 112.7108329, 35.0308584, 0.0 ], [ 112.7098634, 35.0308584, 0.0 ], [ 112.7090034, 35.0309683, 0.0 ], [ 112.7081538, 35.0306786, 0.0 ], [ 112.7072941, 35.0304788, 0.0 ], [ 112.7065543, 35.0300792, 0.0 ], [ 112.7048346, 35.02929, 0.0 ], [ 112.703985, 35.0290103, 0.0 ], [ 112.7033752, 35.0285107, 0.0 ], [ 112.7026354, 35.0281112, 0.0 ], [ 112.7020255, 35.0276216, 0.0 ], [ 112.7010758, 35.0271122, 0.0 ], [ 112.7010355, 35.0270822, 0.0 ], [ 112.7005459, 35.0268224, 0.0 ], [ 112.6996866, 35.0265331, 0.0 ], [ 112.6979798, 35.0261358, 0.0 ], [ 112.6970017, 35.0257477, 0.0 ], [ 112.696263, 35.025349, 0.0 ], [ 112.6954048, 35.0250605, 0.0 ], [ 112.6945462, 35.0246722, 0.0 ], [ 112.693698, 35.0243736, 0.0 ], [ 112.6929593, 35.023975, 0.0 ], [ 112.6923404, 35.0234864, 0.0 ], [ 112.6914919, 35.0228882, 0.0 ], [ 112.6908731, 35.0222797, 0.0 ], [ 112.6902445, 35.021781, 0.0 ], [ 112.6887772, 35.0207941, 0.0 ], [ 112.6881684, 35.0203055, 0.0 ], [ 112.6873098, 35.0200069, 0.0 ], [ 112.6866913, 35.0195183, 0.0 ], [ 112.6859627, 35.0190198, 0.0 ], [ 112.6830182, 35.0174454, 0.0 ], [ 112.6810519, 35.0158598, 0.0 ], [ 112.6804331, 35.0152613, 0.0 ], [ 112.6799438, 35.0146625, 0.0 ], [ 112.679325, 35.0140541, 0.0 ], [ 112.678956, 35.0133552, 0.0 ], [ 112.678776, 35.0130757, 0.0 ], [ 112.6784567, 35.0127665, 0.0 ], [ 112.6780776, 35.0120677, 0.0 ], [ 112.6779476, 35.0113586, 0.0 ], [ 112.6779379, 35.0105594, 0.0 ], [ 112.677818, 35.0098603, 0.0 ], [ 112.6773288, 35.0091617, 0.0 ], [ 112.6771891, 35.0084626, 0.0 ], [ 112.6765804, 35.0077641, 0.0 ], [ 112.6762009, 35.0070654, 0.0 ], [ 112.6756919, 35.0056675, 0.0 ], [ 112.6755623, 35.0049684, 0.0 ], [ 112.6753128, 35.0042694, 0.0 ], [ 112.6751828, 35.0035703, 0.0 ], [ 112.6749334, 35.0028714, 0.0 ], [ 112.6748038, 35.0021722, 0.0 ], [ 112.6744243, 35.0013736, 0.0 ], [ 112.6737857, 35.0008349, 0.0 ], [ 112.6729973, 35.0001768, 0.0 ], [ 112.673007, 34.999987, 0.0 ], [ 112.6730272, 34.9993675, 0.0 ], [ 112.6717999, 34.9963323, 0.0 ], [ 112.6705622, 34.9945959, 0.0 ], [ 112.6686262, 34.9933199, 0.0 ], [ 112.66668, 34.9918942, 0.0 ], [ 112.6661609, 34.9915952, 0.0 ], [ 112.6641848, 34.9904391, 0.0 ], [ 112.6619791, 34.9888838, 0.0 ], [ 112.6603922, 34.9883167, 0.0 ], [ 112.6602227, 34.988257, 0.0 ], [ 112.6600229, 34.9881873, 0.0 ], [ 112.6571083, 34.9882214, 0.0 ], [ 112.6548328, 34.9880947, 0.0 ], [ 112.6529762, 34.9880174, 0.0 ], [ 112.6450717, 34.9841128, 0.0 ], [ 112.6405105, 34.9820713, 0.0 ], [ 112.6342127, 34.979483, 0.0 ], [ 112.631009, 34.9796974, 0.0 ], [ 112.6308593, 34.9796975, 0.0 ], [ 112.6307196, 34.9796977, 0.0 ], [ 112.6276052, 34.9797121, 0.0 ], [ 112.6249704, 34.979626, 0.0 ], [ 112.6244614, 34.9795368, 0.0 ], [ 112.621477, 34.9788917, 0.0 ], [ 112.6190318, 34.9787154, 0.0 ], [ 112.6189717, 34.9787055, 0.0 ], [ 112.6161572, 34.979169, 0.0 ], [ 112.6133323, 34.9796525, 0.0 ], [ 112.6107572, 34.9799757, 0.0 ], [ 112.6094098, 34.9804871, 0.0 ], [ 112.6069945, 34.9804705, 0.0 ], [ 112.6052579, 34.9799436, 0.0 ], [ 112.6046988, 34.9797746, 0.0 ], [ 112.6024729, 34.9790985, 0.0 ], [ 112.6016348, 34.9788699, 0.0 ], [ 112.5925034, 34.975113, 0.0 ], [ 112.5894773, 34.9745382, 0.0 ], [ 112.587764, 34.9742056, 0.0 ], [ 112.5833753, 34.9733786, 0.0 ], [ 112.579718, 34.9732721, 0.0 ], [ 112.577584, 34.9733282, 0.0 ], [ 112.5755698, 34.9731347, 0.0 ], [ 112.5739768, 34.9725625, 0.0 ], [ 112.5729547, 34.9721212, 0.0 ], [ 112.5723834, 34.9719104, 0.0 ], [ 112.5699088, 34.9684598, 0.0 ], [ 112.5687568, 34.9658205, 0.0 ], [ 112.5674345, 34.96422, 0.0 ], [ 112.5666832, 34.9633496, 0.0 ], [ 112.5646891, 34.9616778, 0.0 ], [ 112.5641282, 34.961557, 0.0 ], [ 112.5629658, 34.9600065, 0.0 ], [ 112.5629557, 34.9598866, 0.0 ], [ 112.5627257, 34.9587675, 0.0 ], [ 112.5630763, 34.9587681, 0.0 ], [ 112.5644692, 34.9589404, 0.0 ], [ 112.5645894, 34.9587808, 0.0 ], [ 112.5655114, 34.9576238, 0.0 ], [ 112.5656518, 34.9560757, 0.0 ], [ 112.5655916, 34.9536682, 0.0 ], [ 112.565592, 34.9508014, 0.0 ], [ 112.5660132, 34.9492639, 0.0 ], [ 112.5667847, 34.9487558, 0.0 ], [ 112.5685282, 34.9482894, 0.0 ], [ 112.5691895, 34.9479409, 0.0 ], [ 112.5701215, 34.9474432, 0.0 ], [ 112.5716645, 34.9462973, 0.0 ], [ 112.5721559, 34.945499, 0.0 ], [ 112.5721559, 34.9436011, 0.0 ], [ 112.5723665, 34.9416037, 0.0 ], [ 112.5728478, 34.9378786, 0.0 ], [ 112.5734195, 34.9343835, 0.0 ], [ 112.5736099, 34.9338544, 0.0 ], [ 112.5743314, 34.9318679, 0.0 ], [ 112.575033, 34.930141, 0.0 ], [ 112.5769068, 34.9289557, 0.0 ], [ 112.5791413, 34.9273615, 0.0 ], [ 112.581787, 34.9267869, 0.0 ], [ 112.5856847, 34.9263943, 0.0 ], [ 112.5891515, 34.9256514, 0.0 ], [ 112.5905544, 34.9253742, 0.0 ], [ 112.5948132, 34.9242331, 0.0 ], [ 112.5980197, 34.9236695, 0.0 ], [ 112.6015006, 34.9229914, 0.0 ], [ 112.6021093, 34.9228407, 0.0 ], [ 112.6023188, 34.9228104, 0.0 ], [ 112.6040656, 34.9224183, 0.0 ], [ 112.6064113, 34.9220852, 0.0 ], [ 112.606641, 34.9220549, 0.0 ], [ 112.6074096, 34.9219039, 0.0 ], [ 112.6107432, 34.92099, 0.0 ], [ 112.6154743, 34.9205834, 0.0 ], [ 112.6187978, 34.9205785, 0.0 ], [ 112.6190376, 34.9206081, 0.0 ], [ 112.6223413, 34.9209329, 0.0 ], [ 112.6242176, 34.9209002, 0.0 ], [ 112.6249762, 34.920889, 0.0 ], [ 112.626104, 34.9208674, 0.0 ], [ 112.6293678, 34.9211623, 0.0 ], [ 112.6327712, 34.9211572, 0.0 ], [ 112.6331906, 34.9203075, 0.0 ], [ 112.6328515, 34.9179006, 0.0 ], [ 112.6328717, 34.9176508, 0.0 ], [ 112.6329415, 34.9166418, 0.0 ], [ 112.6329714, 34.9156528, 0.0 ], [ 112.6327522, 34.9127862, 0.0 ], [ 112.632912, 34.912746, 0.0 ], [ 112.632912, 34.9126161, 0.0 ], [ 112.6328918, 34.9125562, 0.0 ], [ 112.6328321, 34.9124065, 0.0 ], [ 112.6327723, 34.9121968, 0.0 ], [ 112.6327622, 34.9120669, 0.0 ], [ 112.6327622, 34.9119471, 0.0 ], [ 112.6327723, 34.9118472, 0.0 ], [ 112.6327824, 34.9116973, 0.0 ], [ 112.6327921, 34.9116274, 0.0 ], [ 112.6328224, 34.9114974, 0.0 ], [ 112.6328522, 34.9114175, 0.0 ], [ 112.6329419, 34.9112376, 0.0 ], [ 112.6331518, 34.9108476, 0.0 ], [ 112.6332115, 34.9107377, 0.0 ], [ 112.6332616, 34.9106178, 0.0 ], [ 112.6333112, 34.9104478, 0.0 ], [ 112.6333512, 34.910258, 0.0 ], [ 112.6334012, 34.9099682, 0.0 ], [ 112.6334012, 34.9098683, 0.0 ], [ 112.6333915, 34.9097185, 0.0 ], [ 112.6333814, 34.9095687, 0.0 ], [ 112.6333714, 34.9094588, 0.0 ], [ 112.6333217, 34.9091293, 0.0 ], [ 112.6332914, 34.9088396, 0.0 ], [ 112.6332817, 34.9088097, 0.0 ], [ 112.6332518, 34.9083702, 0.0 ], [ 112.6332518, 34.9082703, 0.0 ], [ 112.6332418, 34.9080705, 0.0 ], [ 112.633222, 34.907691, 0.0 ], [ 112.6332018, 34.9075211, 0.0 ], [ 112.6332018, 34.9074113, 0.0 ], [ 112.6331122, 34.9074114, 0.0 ], [ 112.6331122, 34.9072316, 0.0 ], [ 112.6330722, 34.9071017, 0.0 ], [ 112.6320944, 34.9032373, 0.0 ], [ 112.6321747, 34.899741, 0.0 ], [ 112.6321747, 34.8977434, 0.0 ], [ 112.6337018, 34.897741, 0.0 ], [ 112.6350194, 34.897739, 0.0 ], [ 112.6363471, 34.8967682, 0.0 ], [ 112.6361376, 34.8950506, 0.0 ], [ 112.6364173, 34.8931624, 0.0 ], [ 112.6365574, 34.8904054, 0.0 ], [ 112.6360386, 34.8881887, 0.0 ], [ 112.6350706, 34.884085, 0.0 ], [ 112.6349312, 34.8801398, 0.0 ], [ 112.6342148, 34.8604838, 0.0 ], [ 112.6352232, 34.8559077, 0.0 ], [ 112.6359018, 34.855667, 0.0 ], [ 112.6381579, 34.8550745, 0.0 ], [ 112.6407431, 34.8543917, 0.0 ], [ 112.6434478, 34.8534191, 0.0 ], [ 112.6458036, 34.8526366, 0.0 ], [ 112.6489676, 34.8517533, 0.0 ], [ 112.6515528, 34.8512603, 0.0 ], [ 112.6544872, 34.8506569, 0.0 ], [ 112.6596773, 34.8497507, 0.0 ], [ 112.6641989, 34.8489454, 0.0 ], [ 112.66906, 34.8480397, 0.0 ], [ 112.6736813, 34.8471344, 0.0 ], [ 112.6772942, 34.8464402, 0.0 ], [ 112.6799993, 34.8460269, 0.0 ], [ 112.6821452, 34.8456244, 0.0 ], [ 112.6846307, 34.8450318, 0.0 ], [ 112.686547, 34.8445398, 0.0 ], [ 112.688114, 34.8438685, 0.0 ], [ 112.689292, 34.8433574, 0.0 ], [ 112.6894216, 34.8432175, 0.0 ], [ 112.6906096, 34.8419574, 0.0 ], [ 112.6918872, 34.8412965, 0.0 ], [ 112.6927454, 34.8404863, 0.0 ], [ 112.6947521, 34.8387858, 0.0 ], [ 112.6967483, 34.8368854, 0.0 ], [ 112.6994335, 34.8349843, 0.0 ], [ 112.7001524, 34.8343144, 0.0 ], [ 112.7012123, 34.8333357, 0.0 ], [ 112.7021022, 34.8325267, 0.0 ], [ 112.7043018, 34.8297003, 0.0 ], [ 112.7067512, 34.8270536, 0.0 ], [ 112.7096507, 34.8247763, 0.0 ], [ 112.7123298, 34.8230584, 0.0 ], [ 112.7159291, 34.8215201, 0.0 ], [ 112.7197681, 34.8203614, 0.0 ], [ 112.7235971, 34.8193724, 0.0 ], [ 112.7285654, 34.8185631, 0.0 ], [ 112.7353338, 34.8173442, 0.0 ], [ 112.7391725, 34.8167346, 0.0 ], [ 112.7432412, 34.8166745, 0.0 ], [ 112.7438813, 34.8167643, 0.0 ], [ 112.7468801, 34.8171836, 0.0 ], [ 112.7500592, 34.8180125, 0.0 ], [ 112.7502889, 34.8180723, 0.0 ], [ 112.7550874, 34.8198699, 0.0 ], [ 112.7607854, 34.822017, 0.0 ], [ 112.7649139, 34.8245738, 0.0 ], [ 112.7648941, 34.8247535, 0.0 ], [ 112.7669735, 34.8254726, 0.0 ], [ 112.770392, 34.826731, 0.0 ], [ 112.774041, 34.828349, 0.0 ], [ 112.7783894, 34.8307161, 0.0 ], [ 112.7824981, 34.8323241, 0.0 ], [ 112.7847373, 34.8333529, 0.0 ], [ 112.785237, 34.8335926, 0.0 ], [ 112.7890958, 34.8342817, 0.0 ], [ 112.7893057, 34.8343116, 0.0 ], [ 112.7927747, 34.8349708, 0.0 ], [ 112.7958937, 34.8351006, 0.0 ], [ 112.7997328, 34.8346609, 0.0 ], [ 112.8012844, 34.8343132, 0.0 ], [ 112.802436, 34.834065, 0.0 ], [ 112.803808, 34.8333377, 0.0 ], [ 112.8053401, 34.8325208, 0.0 ], [ 112.8102574, 34.8296509, 0.0 ], [ 112.8142732, 34.8271592, 0.0 ], [ 112.8235468, 34.8215484, 0.0 ], [ 112.8255599, 34.8196832, 0.0 ], [ 112.8268217, 34.8190157, 0.0 ], [ 112.827613, 34.8182376, 0.0 ], [ 112.8305974, 34.8164338, 0.0 ], [ 112.8325302, 34.8153777, 0.0 ], [ 112.834643, 34.8143218, 0.0 ], [ 112.8367562, 34.8135456, 0.0 ], [ 112.8390595, 34.8129295, 0.0 ], [ 112.8406518, 34.8126121, 0.0 ], [ 112.8422538, 34.8125844, 0.0 ] ] ] } },
{ "type": "Feature", "properties": { "Name": "范县", "AdminCode": "410926", "Kind": "0137", "CityAdCode": "410900", "CityName": "濮阳市", "ProName": "河南省", "Shape_Leng": 1.28524307134, "Shape_Area": 0.05927291426, "sheng": 410000 }, "geometry": { "type": "Polygon", "coordinates": [ [ [ 115.648263, 35.9282331, 0.0 ], [ 115.6472147, 35.926375, 0.0 ], [ 115.6454273, 35.9245579, 0.0 ], [ 115.6444189, 35.9230896, 0.0 ], [ 115.64356, 35.922241, 0.0 ], [ 115.6422622, 35.9207631, 0.0 ], [ 115.6400154, 35.9200465, 0.0 ], [ 115.6365907, 35.9188918, 0.0 ], [ 115.6356022, 35.9187833, 0.0 ], [ 115.6342043, 35.9186854, 0.0 ], [ 115.6328662, 35.9189273, 0.0 ], [ 115.6315381, 35.9191692, 0.0 ], [ 115.6293914, 35.9205322, 0.0 ], [ 115.6287424, 35.920923, 0.0 ], [ 115.6265755, 35.9215161, 0.0 ], [ 115.6252475, 35.921768, 0.0 ], [ 115.6249879, 35.9217785, 0.0 ], [ 115.6239796, 35.92183, 0.0 ], [ 115.6213033, 35.9218039, 0.0 ], [ 115.619616, 35.9219463, 0.0 ], [ 115.6193762, 35.9219767, 0.0 ], [ 115.6180784, 35.9221386, 0.0 ], [ 115.6164606, 35.922441, 0.0 ], [ 115.6151326, 35.9227428, 0.0 ], [ 115.6132357, 35.9229955, 0.0 ], [ 115.6124768, 35.9231367, 0.0 ], [ 115.6090817, 35.9236416, 0.0 ], [ 115.6082332, 35.9237628, 0.0 ], [ 115.6037598, 35.9244593, 0.0 ], [ 115.6030009, 35.9244304, 0.0 ], [ 115.6025218, 35.9245111, 0.0 ], [ 115.6021024, 35.9245417, 0.0 ], [ 115.6019126, 35.924542, 0.0 ], [ 115.6011037, 35.9244032, 0.0 ], [ 115.5988426, 35.9241429, 0.0 ], [ 115.5962963, 35.9237682, 0.0 ], [ 115.5939502, 35.9232139, 0.0 ], [ 115.591554, 35.9228395, 0.0 ], [ 115.5887269, 35.9225743, 0.0 ], [ 115.5867419, 35.9219106, 0.0 ], [ 115.5859297, 35.9216791, 0.0 ], [ 115.5846164, 35.9212967, 0.0 ], [ 115.5828416, 35.9206935, 0.0 ], [ 115.5802853, 35.9197289, 0.0 ], [ 115.5786509, 35.918786, 0.0 ], [ 115.5777685, 35.9181744, 0.0 ], [ 115.5769466, 35.917593, 0.0 ], [ 115.5757835, 35.916841, 0.0 ], [ 115.5754728, 35.9166404, 0.0 ], [ 115.5753022, 35.9165201, 0.0 ], [ 115.5737383, 35.9155673, 0.0 ], [ 115.5722443, 35.9146647, 0.0 ], [ 115.5706002, 35.9135418, 0.0 ], [ 115.569036, 35.912469, 0.0 ], [ 115.5678228, 35.9115069, 0.0 ], [ 115.5662485, 35.9102041, 0.0 ], [ 115.5648247, 35.9091916, 0.0 ], [ 115.5634013, 35.9082891, 0.0 ], [ 115.562619, 35.9074377, 0.0 ], [ 115.5614058, 35.9065956, 0.0 ], [ 115.5602027, 35.9060934, 0.0 ], [ 115.5589193, 35.9052511, 0.0 ], [ 115.5575657, 35.9045186, 0.0 ], [ 115.5558611, 35.9034456, 0.0 ], [ 115.5542371, 35.9028926, 0.0 ], [ 115.5531841, 35.9025206, 0.0 ], [ 115.5529033, 35.9024001, 0.0 ], [ 115.552292, 35.902119, 0.0 ], [ 115.5510385, 35.9013867, 0.0 ], [ 115.5496248, 35.9004142, 0.0 ], [ 115.5476196, 35.8989509, 0.0 ], [ 115.5462764, 35.8982286, 0.0 ], [ 115.5446424, 35.896976, 0.0 ], [ 115.5434994, 35.8959143, 0.0 ], [ 115.542076, 35.8951819, 0.0 ], [ 115.5407926, 35.8943397, 0.0 ], [ 115.5390984, 35.8934369, 0.0 ], [ 115.5371134, 35.8924835, 0.0 ], [ 115.5354793, 35.8917707, 0.0 ], [ 115.5338554, 35.8913877, 0.0 ], [ 115.5320906, 35.8910046, 0.0 ], [ 115.5299051, 35.8906306, 0.0 ], [ 115.5277897, 35.8904767, 0.0 ], [ 115.5251228, 35.8901717, 0.0 ], [ 115.5232883, 35.8899583, 0.0 ], [ 115.5215938, 35.8898651, 0.0 ], [ 115.5196987, 35.8896016, 0.0 ], [ 115.5178642, 35.8891583, 0.0 ], [ 115.5175834, 35.8891178, 0.0 ], [ 115.5156084, 35.8887942, 0.0 ], [ 115.513142, 35.8883597, 0.0 ], [ 115.5110267, 35.8878658, 0.0 ], [ 115.5089113, 35.887262, 0.0 ], [ 115.5069263, 35.8864886, 0.0 ], [ 115.5040992, 35.8855437, 0.0 ], [ 115.502054, 35.88494, 0.0 ], [ 115.5007008, 35.8845675, 0.0 ], [ 115.4996784, 35.8842758, 0.0 ], [ 115.4956396, 35.8827992, 0.0 ], [ 115.4941366, 35.8821267, 0.0 ], [ 115.4887949, 35.8797382, 0.0 ], [ 115.4865002, 35.8787445, 0.0 ], [ 115.4817698, 35.8776466, 0.0 ], [ 115.4798255, 35.8774432, 0.0 ], [ 115.4780518, 35.8771902, 0.0 ], [ 115.4765383, 35.8768177, 0.0 ], [ 115.4752355, 35.8762756, 0.0 ], [ 115.4738628, 35.8754835, 0.0 ], [ 115.4722291, 35.874421, 0.0 ], [ 115.4708863, 35.8734991, 0.0 ], [ 115.4683912, 35.8724551, 0.0 ], [ 115.4681305, 35.8723447, 0.0 ], [ 115.4679502, 35.8721944, 0.0 ], [ 115.46784, 35.8720643, 0.0 ], [ 115.4677496, 35.8717843, 0.0 ], [ 115.4673187, 35.8707839, 0.0 ], [ 115.4669281, 35.8701035, 0.0 ], [ 115.4667679, 35.8697134, 0.0 ], [ 115.465756, 35.8679424, 0.0 ], [ 115.4650745, 35.8677913, 0.0 ], [ 115.4641925, 35.8676598, 0.0 ], [ 115.4638418, 35.8675691, 0.0 ], [ 115.4626391, 35.8670473, 0.0 ], [ 115.4618575, 35.8665961, 0.0 ], [ 115.4608351, 35.8661045, 0.0 ], [ 115.4599132, 35.8656131, 0.0 ], [ 115.4593721, 35.8653323, 0.0 ], [ 115.4583198, 35.8650505, 0.0 ], [ 115.4577884, 35.8649196, 0.0 ], [ 115.4570872, 35.8647885, 0.0 ], [ 115.4562052, 35.864647, 0.0 ], [ 115.4553332, 35.8645155, 0.0 ], [ 115.4546316, 35.8646043, 0.0 ], [ 115.4537395, 35.8645327, 0.0 ], [ 115.4532186, 35.8643919, 0.0 ], [ 115.4523366, 35.8641104, 0.0 ], [ 115.4518052, 35.8639695, 0.0 ], [ 115.4512742, 35.8636987, 0.0 ], [ 115.4506129, 35.8633377, 0.0 ], [ 115.449691, 35.8628463, 0.0 ], [ 115.4491495, 35.8625655, 0.0 ], [ 115.4486887, 35.8622648, 0.0 ], [ 115.4482679, 35.8620142, 0.0 ], [ 115.4475562, 35.8615832, 0.0 ], [ 115.4468448, 35.861162, 0.0 ], [ 115.4461432, 35.860711, 0.0 ], [ 115.4454919, 35.8600202, 0.0 ], [ 115.4450812, 35.8595297, 0.0 ], [ 115.4445901, 35.8587092, 0.0 ], [ 115.44457, 35.8586792, 0.0 ], [ 115.4443396, 35.858239, 0.0 ], [ 115.4439486, 35.8576886, 0.0 ], [ 115.4433373, 35.8569378, 0.0 ], [ 115.4427361, 35.8561871, 0.0 ], [ 115.4423754, 35.8559066, 0.0 ], [ 115.4420147, 35.8554862, 0.0 ], [ 115.4414837, 35.8549155, 0.0 ], [ 115.4411327, 35.854625, 0.0 ], [ 115.440772, 35.8543545, 0.0 ], [ 115.440251, 35.8539038, 0.0 ], [ 115.4395195, 35.8532028, 0.0 ], [ 115.4388179, 35.852502, 0.0 ], [ 115.4382768, 35.8519413, 0.0 ], [ 115.4377458, 35.8512306, 0.0 ], [ 115.4373851, 35.8508002, 0.0 ], [ 115.4370341, 35.8503798, 0.0 ], [ 115.4366834, 35.8499094, 0.0 ], [ 115.436493, 35.8496591, 0.0 ], [ 115.4361323, 35.8492388, 0.0 ], [ 115.4357716, 35.8486683, 0.0 ], [ 115.4354209, 35.848238, 0.0 ], [ 115.4352305, 35.8479877, 0.0 ], [ 115.4346592, 35.8472071, 0.0 ], [ 115.4340781, 35.8464364, 0.0 ], [ 115.4335068, 35.8456658, 0.0 ], [ 115.4329358, 35.8448952, 0.0 ], [ 115.4323746, 35.8441246, 0.0 ], [ 115.4320139, 35.8438341, 0.0 ], [ 115.4316532, 35.8434136, 0.0 ], [ 115.4315027, 35.8431935, 0.0 ], [ 115.4311819, 35.8427531, 0.0 ], [ 115.4309414, 35.8424229, 0.0 ], [ 115.4304104, 35.8417122, 0.0 ], [ 115.4300497, 35.8412818, 0.0 ], [ 115.429689, 35.8408514, 0.0 ], [ 115.4291479, 35.8401408, 0.0 ], [ 115.4286166, 35.8394302, 0.0 ], [ 115.4282558, 35.8389998, 0.0 ], [ 115.4277148, 35.8382892, 0.0 ], [ 115.4272338, 35.8374188, 0.0 ], [ 115.4266726, 35.8366482, 0.0 ], [ 115.4261516, 35.8358576, 0.0 ], [ 115.425801, 35.8353572, 0.0 ], [ 115.42532, 35.8345568, 0.0 ], [ 115.4248391, 35.8337463, 0.0 ], [ 115.4246886, 35.8333763, 0.0 ], [ 115.4246587, 35.8333062, 0.0 ], [ 115.4246386, 35.8332563, 0.0 ], [ 115.4244784, 35.8328861, 0.0 ], [ 115.4241173, 35.8324557, 0.0 ], [ 115.4237666, 35.8320353, 0.0 ], [ 115.4234059, 35.8316149, 0.0 ], [ 115.4230553, 35.8313244, 0.0 ], [ 115.4226946, 35.8310439, 0.0 ], [ 115.4223436, 35.8307635, 0.0 ], [ 115.4219828, 35.8304729, 0.0 ], [ 115.4216322, 35.8301925, 0.0 ], [ 115.4211008, 35.8299117, 0.0 ], [ 115.4204093, 35.8296206, 0.0 ], [ 115.420199, 35.8295404, 0.0 ], [ 115.4193772, 35.829249, 0.0 ], [ 115.4146968, 35.8270121, 0.0 ], [ 115.4141654, 35.8267413, 0.0 ], [ 115.413394, 35.8260602, 0.0 ], [ 115.4123518, 35.8251389, 0.0 ], [ 115.4107782, 35.8229673, 0.0 ], [ 115.4086038, 35.8191854, 0.0 ], [ 115.4050463, 35.8140718, 0.0 ], [ 115.4043446, 35.8126313, 0.0 ], [ 115.403944, 35.8120309, 0.0 ], [ 115.4033125, 35.8112902, 0.0 ], [ 115.4026811, 35.8105495, 0.0 ], [ 115.4021299, 35.8099188, 0.0 ], [ 115.4014884, 35.8091781, 0.0 ], [ 115.4010377, 35.8089275, 0.0 ], [ 115.3999451, 35.808416, 0.0 ], [ 115.3987474, 35.8078378, 0.0 ], [ 115.3978391, 35.8073192, 0.0 ], [ 115.3969308, 35.8068107, 0.0 ], [ 115.3966212, 35.8066311, 0.0 ], [ 115.3957428, 35.8060926, 0.0 ], [ 115.3954534, 35.805973, 0.0 ], [ 115.3944652, 35.8055545, 0.0 ], [ 115.393946, 35.8052153, 0.0 ], [ 115.3931378, 35.8047266, 0.0 ], [ 115.3923592, 35.8043478, 0.0 ], [ 115.3912712, 35.8033597, 0.0 ], [ 115.3899835, 35.802192, 0.0 ], [ 115.3891753, 35.8015433, 0.0 ], [ 115.3881871, 35.8011448, 0.0 ], [ 115.3873285, 35.8008061, 0.0 ], [ 115.38648, 35.8004874, 0.0 ], [ 115.3857812, 35.8001784, 0.0 ], [ 115.3851224, 35.7998294, 0.0 ], [ 115.3842743, 35.7994205, 0.0 ], [ 115.3839946, 35.7993209, 0.0 ], [ 115.3829365, 35.7989823, 0.0 ], [ 115.3819483, 35.7985836, 0.0 ], [ 115.3810501, 35.7983648, 0.0 ], [ 115.3803712, 35.7979957, 0.0 ], [ 115.3791932, 35.7974474, 0.0 ], [ 115.3780855, 35.7970288, 0.0 ], [ 115.377836, 35.7967093, 0.0 ], [ 115.3767179, 35.7957008, 0.0 ], [ 115.3720465, 35.7915374, 0.0 ], [ 115.3704694, 35.7910996, 0.0 ], [ 115.3689919, 35.7906415, 0.0 ], [ 115.3680235, 35.7909728, 0.0 ], [ 115.3669158, 35.7908942, 0.0 ], [ 115.3663466, 35.790795, 0.0 ], [ 115.3657678, 35.7905857, 0.0 ], [ 115.3653185, 35.7899964, 0.0 ], [ 115.3651889, 35.7892067, 0.0 ], [ 115.3648094, 35.7885073, 0.0 ], [ 115.3645499, 35.7878077, 0.0 ], [ 115.364061, 35.7871084, 0.0 ], [ 115.3634321, 35.7865194, 0.0 ], [ 115.3629328, 35.7858201, 0.0 ], [ 115.3623139, 35.785321, 0.0 ], [ 115.3619446, 35.7846315, 0.0 ], [ 115.361685, 35.7839321, 0.0 ], [ 115.3612458, 35.7833127, 0.0 ], [ 115.3606871, 35.7825335, 0.0 ], [ 115.3601978, 35.7819342, 0.0 ], [ 115.359449, 35.7814353, 0.0 ], [ 115.3585807, 35.7809465, 0.0 ], [ 115.3579619, 35.7804474, 0.0 ], [ 115.3574726, 35.7798581, 0.0 ], [ 115.3574626, 35.7797982, 0.0 ], [ 115.3574129, 35.7796482, 0.0 ], [ 115.3572131, 35.7791585, 0.0 ], [ 115.3574528, 35.7785483, 0.0 ], [ 115.3574428, 35.7777485, 0.0 ], [ 115.3573128, 35.7770588, 0.0 ], [ 115.3568138, 35.7764594, 0.0 ], [ 115.356195, 35.7758704, 0.0 ], [ 115.3557058, 35.7754911, 0.0 ], [ 115.3517728, 35.7733666, 0.0 ], [ 115.3517328, 35.7732667, 0.0 ], [ 115.3514232, 35.7729772, 0.0 ], [ 115.3513033, 35.7728473, 0.0 ], [ 115.3504548, 35.7718286, 0.0 ], [ 115.3491372, 35.7704105, 0.0 ], [ 115.3485184, 35.7699215, 0.0 ], [ 115.3478995, 35.7693323, 0.0 ], [ 115.3472803, 35.7688333, 0.0 ], [ 115.3465319, 35.7683343, 0.0 ], [ 115.3459127, 35.7677352, 0.0 ], [ 115.345174, 35.7671463, 0.0 ], [ 115.344545, 35.7665472, 0.0 ], [ 115.3440461, 35.765948, 0.0 ], [ 115.3432674, 35.7653092, 0.0 ], [ 115.3424786, 35.7646803, 0.0 ], [ 115.3421993, 35.7644607, 0.0 ], [ 115.3415704, 35.7637117, 0.0 ], [ 115.341201, 35.7632622, 0.0 ], [ 115.3409414, 35.7625627, 0.0 ], [ 115.3405022, 35.7620433, 0.0 ], [ 115.3404522, 35.7619734, 0.0 ], [ 115.3406819, 35.7612732, 0.0 ], [ 115.3414206, 35.7607624, 0.0 ], [ 115.3424286, 35.760401, 0.0 ], [ 115.3431277, 35.7601602, 0.0 ], [ 115.3441058, 35.7598389, 0.0 ], [ 115.345094, 35.7594377, 0.0 ], [ 115.3459426, 35.7591265, 0.0 ], [ 115.3467115, 35.7584856, 0.0 ], [ 115.3474902, 35.7578446, 0.0 ], [ 115.3477696, 35.7576143, 0.0 ], [ 115.3484982, 35.7572134, 0.0 ], [ 115.348698, 35.7571131, 0.0 ], [ 115.349287, 35.7568324, 0.0 ], [ 115.3493568, 35.7568023, 0.0 ], [ 115.3503752, 35.756441, 0.0 ], [ 115.3505048, 35.7563908, 0.0 ], [ 115.3510639, 35.7561901, 0.0 ], [ 115.3515532, 35.7555895, 0.0 ], [ 115.3517926, 35.7548893, 0.0 ], [ 115.3519326, 35.7539992, 0.0 ], [ 115.3520024, 35.7535692, 0.0 ], [ 115.3520222, 35.7534792, 0.0 ], [ 115.3522519, 35.752679, 0.0 ], [ 115.3522519, 35.7517692, 0.0 ], [ 115.3522418, 35.7508693, 0.0 ], [ 115.3522321, 35.7502794, 0.0 ], [ 115.3521922, 35.7500195, 0.0 ], [ 115.352172, 35.7499696, 0.0 ], [ 115.3520122, 35.7493598, 0.0 ], [ 115.3518926, 35.7486601, 0.0 ], [ 115.3516331, 35.7478606, 0.0 ], [ 115.3514934, 35.7469709, 0.0 ], [ 115.3513735, 35.7462612, 0.0 ], [ 115.351114, 35.7455616, 0.0 ], [ 115.3509541, 35.744682, 0.0 ], [ 115.3508641, 35.7441621, 0.0 ], [ 115.3508044, 35.7440023, 0.0 ], [ 115.3506046, 35.7434726, 0.0 ], [ 115.3505948, 35.7426627, 0.0 ], [ 115.3504649, 35.7419731, 0.0 ], [ 115.3504552, 35.7410732, 0.0 ], [ 115.3498061, 35.7395743, 0.0 ], [ 115.349796, 35.7395343, 0.0 ], [ 115.3489475, 35.7352361, 0.0 ], [ 115.3489075, 35.7350562, 0.0 ], [ 115.3475197, 35.7280891, 0.0 ], [ 115.3459523, 35.7212723, 0.0 ], [ 115.3458126, 35.7204827, 0.0 ], [ 115.345683, 35.7195929, 0.0 ], [ 115.345683, 35.719563, 0.0 ], [ 115.345683, 35.719483, 0.0 ], [ 115.345683, 35.719443, 0.0 ], [ 115.345683, 35.719403, 0.0 ], [ 115.3456729, 35.7186831, 0.0 ], [ 115.3455329, 35.7179834, 0.0 ], [ 115.3455232, 35.7170836, 0.0 ], [ 115.3455232, 35.7163837, 0.0 ], [ 115.345633, 35.7156836, 0.0 ], [ 115.3459325, 35.7148134, 0.0 ], [ 115.346232, 35.7139431, 0.0 ], [ 115.3463018, 35.713743, 0.0 ], [ 115.3463515, 35.713583, 0.0 ], [ 115.3471802, 35.7129819, 0.0 ], [ 115.3480489, 35.7123608, 0.0 ], [ 115.3486282, 35.7117901, 0.0 ], [ 115.3486678, 35.7117501, 0.0 ], [ 115.3492668, 35.7109993, 0.0 ], [ 115.3496264, 35.7105488, 0.0 ], [ 115.3499857, 35.7097485, 0.0 ], [ 115.350475, 35.7090479, 0.0 ], [ 115.3509541, 35.7084473, 0.0 ], [ 115.3513235, 35.707737, 0.0 ], [ 115.3515334, 35.7075667, 0.0 ], [ 115.3519225, 35.7072362, 0.0 ], [ 115.3520323, 35.7065261, 0.0 ], [ 115.3521522, 35.7057361, 0.0 ], [ 115.3523819, 35.7050359, 0.0 ], [ 115.3525018, 35.7043258, 0.0 ], [ 115.3528513, 35.7036554, 0.0 ], [ 115.3528711, 35.7036254, 0.0 ], [ 115.3529809, 35.7029153, 0.0 ], [ 115.3532207, 35.7022251, 0.0 ], [ 115.3536998, 35.7016145, 0.0 ], [ 115.3540494, 35.7014141, 0.0 ], [ 115.3545484, 35.7011134, 0.0 ], [ 115.3552874, 35.7007025, 0.0 ], [ 115.3558865, 35.7001917, 0.0 ], [ 115.3566252, 35.6997908, 0.0 ], [ 115.3572343, 35.6992803, 0.0 ], [ 115.3579633, 35.6988794, 0.0 ], [ 115.3588219, 35.6984785, 0.0 ], [ 115.3598702, 35.6982172, 0.0 ], [ 115.360529, 35.6980564, 0.0 ], [ 115.3615075, 35.6977552, 0.0 ], [ 115.362576, 35.6975239, 0.0 ], [ 115.3636445, 35.6973025, 0.0 ], [ 115.364443, 35.6971315, 0.0 ], [ 115.3646626, 35.6971112, 0.0 ], [ 115.3654315, 35.6970201, 0.0 ], [ 115.36628, 35.6968091, 0.0 ], [ 115.367139, 35.696508, 0.0 ], [ 115.3679976, 35.696307, 0.0 ], [ 115.3688461, 35.695986, 0.0 ], [ 115.3689959, 35.6959658, 0.0 ], [ 115.3698347, 35.6958847, 0.0 ], [ 115.3706933, 35.6957835, 0.0 ], [ 115.3715418, 35.6955725, 0.0 ], [ 115.3725203, 35.6953612, 0.0 ], [ 115.3733789, 35.6951602, 0.0 ], [ 115.3742375, 35.6948591, 0.0 ], [ 115.3750266, 35.6945682, 0.0 ], [ 115.3752862, 35.6944579, 0.0 ], [ 115.3762646, 35.6940468, 0.0 ], [ 115.3769836, 35.693546, 0.0 ], [ 115.3778422, 35.6931351, 0.0 ], [ 115.3787008, 35.6928341, 0.0 ], [ 115.3791799, 35.6922238, 0.0 ], [ 115.3799089, 35.691823, 0.0 ], [ 115.380518, 35.6913125, 0.0 ], [ 115.381247, 35.6909117, 0.0 ], [ 115.3818461, 35.6904112, 0.0 ], [ 115.3820858, 35.6896013, 0.0 ], [ 115.3819559, 35.6889019, 0.0 ], [ 115.3819462, 35.6880025, 0.0 ], [ 115.3819462, 35.687093, 0.0 ], [ 115.3819364, 35.6865034, 0.0 ], [ 115.3813075, 35.6857547, 0.0 ], [ 115.3809382, 35.6853055, 0.0 ], [ 115.3801994, 35.6849267, 0.0 ], [ 115.3794604, 35.6844281, 0.0 ], [ 115.3787216, 35.6840294, 0.0 ], [ 115.3779829, 35.6835307, 0.0 ], [ 115.3771146, 35.683242, 0.0 ], [ 115.376256, 35.6828535, 0.0 ], [ 115.3753873, 35.6825649, 0.0 ], [ 115.375028, 35.6824754, 0.0 ], [ 115.3742591, 35.6823067, 0.0 ], [ 115.3736003, 35.6821476, 0.0 ], [ 115.3727417, 35.6820589, 0.0 ], [ 115.3716336, 35.6820704, 0.0 ], [ 115.370775, 35.6820817, 0.0 ], [ 115.3699261, 35.6821827, 0.0 ], [ 115.3690675, 35.6824938, 0.0 ], [ 115.3689977, 35.6825238, 0.0 ], [ 115.3682089, 35.6828947, 0.0 ], [ 115.3673503, 35.6831058, 0.0 ], [ 115.3667513, 35.6837063, 0.0 ], [ 115.3661422, 35.6842068, 0.0 ], [ 115.3652836, 35.6846178, 0.0 ], [ 115.3648339, 35.6849982, 0.0 ], [ 115.3645646, 35.6852284, 0.0 ], [ 115.3638256, 35.6856292, 0.0 ], [ 115.3632164, 35.6861298, 0.0 ], [ 115.3626174, 35.6868402, 0.0 ], [ 115.3621382, 35.6874505, 0.0 ], [ 115.3613992, 35.6878513, 0.0 ], [ 115.3603408, 35.6881026, 0.0 ], [ 115.359682, 35.6882634, 0.0 ], [ 115.3588234, 35.6885744, 0.0 ], [ 115.3579745, 35.6886856, 0.0 ], [ 115.3568664, 35.6886871, 0.0 ], [ 115.3560179, 35.6886983, 0.0 ], [ 115.3551492, 35.6883997, 0.0 ], [ 115.3542906, 35.6880011, 0.0 ], [ 115.3534223, 35.6875126, 0.0 ], [ 115.3526832, 35.6871239, 0.0 ], [ 115.3519844, 35.6866652, 0.0 ], [ 115.3519445, 35.6866252, 0.0 ], [ 115.3512058, 35.6862365, 0.0 ], [ 115.3509563, 35.6854273, 0.0 ], [ 115.3504472, 35.6847385, 0.0 ], [ 115.3501978, 35.6839393, 0.0 ], [ 115.3496887, 35.6831405, 0.0 ], [ 115.349539, 35.6827309, 0.0 ], [ 115.3494392, 35.6824413, 0.0 ], [ 115.3493096, 35.6817518, 0.0 ], [ 115.3492999, 35.6808425, 0.0 ], [ 115.3492999, 35.6801428, 0.0 ], [ 115.3494097, 35.6794431, 0.0 ], [ 115.3500188, 35.6789326, 0.0 ], [ 115.350628, 35.6782321, 0.0 ], [ 115.3511075, 35.6775319, 0.0 ], [ 115.3517166, 35.6767715, 0.0 ], [ 115.3520759, 35.6763212, 0.0 ], [ 115.352685, 35.6758207, 0.0 ], [ 115.3531642, 35.6752103, 0.0 ], [ 115.3535936, 35.6743803, 0.0 ], [ 115.3537736, 35.6740203, 0.0 ], [ 115.3538834, 35.6738102, 0.0 ], [ 115.3544926, 35.6732996, 0.0 ], [ 115.355331, 35.6727189, 0.0 ], [ 115.3559502, 35.6722882, 0.0 ], [ 115.3565694, 35.6716778, 0.0 ], [ 115.356919, 35.6709876, 0.0 ], [ 115.3571587, 35.6702777, 0.0 ], [ 115.3576379, 35.6695775, 0.0 ], [ 115.3581271, 35.6687773, 0.0 ], [ 115.3583669, 35.6679674, 0.0 ], [ 115.3586567, 35.6671076, 0.0 ], [ 115.3588064, 35.6666576, 0.0 ], [ 115.3588363, 35.6665676, 0.0 ], [ 115.3589562, 35.6658679, 0.0 ], [ 115.3590664, 35.6650682, 0.0 ], [ 115.3590563, 35.6641688, 0.0 ], [ 115.3590466, 35.6632693, 0.0 ], [ 115.3590365, 35.6624598, 0.0 ], [ 115.3586574, 35.6617707, 0.0 ], [ 115.3584677, 35.6612513, 0.0 ], [ 115.3583478, 35.6609017, 0.0 ], [ 115.3580386, 35.6600326, 0.0 ], [ 115.3578989, 35.6596731, 0.0 ], [ 115.3575295, 35.6588741, 0.0 ], [ 115.35727, 35.6581749, 0.0 ], [ 115.35737, 35.6573352, 0.0 ], [ 115.3573801, 35.6572852, 0.0 ], [ 115.35737, 35.6569355, 0.0 ], [ 115.35737, 35.6564758, 0.0 ], [ 115.3574899, 35.655676, 0.0 ], [ 115.35772, 35.6548762, 0.0 ], [ 115.35772, 35.6539767, 0.0 ], [ 115.3577102, 35.6531773, 0.0 ], [ 115.3578499, 35.6522775, 0.0 ], [ 115.3579399, 35.6517678, 0.0 ], [ 115.3580497, 35.6509681, 0.0 ], [ 115.3584094, 35.650158, 0.0 ], [ 115.3583996, 35.6493586, 0.0 ], [ 115.3585195, 35.6485589, 0.0 ], [ 115.3587492, 35.647859, 0.0 ], [ 115.358859, 35.6469693, 0.0 ], [ 115.3588493, 35.6460599, 0.0 ], [ 115.359089, 35.64526, 0.0 ], [ 115.359089, 35.6451501, 0.0 ], [ 115.3591988, 35.6445603, 0.0 ], [ 115.3593187, 35.6437607, 0.0 ], [ 115.3594285, 35.6430609, 0.0 ], [ 115.3595585, 35.6421613, 0.0 ], [ 115.3596586, 35.6414615, 0.0 ], [ 115.3600182, 35.6407514, 0.0 ], [ 115.3601381, 35.6400517, 0.0 ], [ 115.3603775, 35.6393518, 0.0 ], [ 115.360727, 35.6386417, 0.0 ], [ 115.3612163, 35.6379414, 0.0 ], [ 115.3618254, 35.637431, 0.0 ], [ 115.3626743, 35.63703, 0.0 ], [ 115.3636524, 35.6370286, 0.0 ], [ 115.3644512, 35.6376571, 0.0 ], [ 115.3648904, 35.6380163, 0.0 ], [ 115.3652695, 35.6387153, 0.0 ], [ 115.3657688, 35.6393043, 0.0 ], [ 115.3660183, 35.6400035, 0.0 ], [ 115.3663974, 35.6407025, 0.0 ], [ 115.3668866, 35.6414914, 0.0 ], [ 115.3673456, 35.6423103, 0.0 ], [ 115.3678846, 35.6430991, 0.0 ], [ 115.368264, 35.6437881, 0.0 ], [ 115.3688929, 35.6443869, 0.0 ], [ 115.3690027, 35.6445166, 0.0 ], [ 115.3695017, 35.6450755, 0.0 ], [ 115.370001, 35.6456745, 0.0 ], [ 115.3706198, 35.6462633, 0.0 ], [ 115.3714781, 35.6468418, 0.0 ], [ 115.372107, 35.6472607, 0.0 ], [ 115.372836, 35.6476494, 0.0 ], [ 115.3734649, 35.6481482, 0.0 ], [ 115.3741936, 35.6485469, 0.0 ], [ 115.3750223, 35.6491355, 0.0 ], [ 115.3756411, 35.6495543, 0.0 ], [ 115.37626, 35.6500432, 0.0 ], [ 115.3768687, 35.650642, 0.0 ], [ 115.3776175, 35.6510307, 0.0 ], [ 115.3782266, 35.6515295, 0.0 ], [ 115.3787256, 35.6521185, 0.0 ], [ 115.3793444, 35.6527173, 0.0 ], [ 115.3800832, 35.6533159, 0.0 ], [ 115.3807121, 35.6539046, 0.0 ], [ 115.3814908, 35.6545331, 0.0 ], [ 115.3834078, 35.6547204, 0.0 ], [ 115.3854943, 35.6549673, 0.0 ], [ 115.386223, 35.6544666, 0.0 ], [ 115.386952, 35.653856, 0.0 ], [ 115.3873112, 35.6530559, 0.0 ], [ 115.3876709, 35.6523458, 0.0 ], [ 115.3879607, 35.6514759, 0.0 ], [ 115.3881403, 35.650946, 0.0 ], [ 115.3882602, 35.6502462, 0.0 ], [ 115.3884899, 35.6495364, 0.0 ], [ 115.3886098, 35.6487367, 0.0 ], [ 115.3888693, 35.6478568, 0.0 ], [ 115.3890792, 35.647137, 0.0 ], [ 115.3894385, 35.646337, 0.0 ], [ 115.3896984, 35.6454571, 0.0 ], [ 115.3899079, 35.6447272, 0.0 ], [ 115.3900278, 35.6440275, 0.0 ], [ 115.3904472, 35.6431874, 0.0 ], [ 115.3908666, 35.6423574, 0.0 ], [ 115.3910963, 35.6419173, 0.0 ], [ 115.391336, 35.6411075, 0.0 ], [ 115.3914458, 35.6403078, 0.0 ], [ 115.3916856, 35.6396079, 0.0 ], [ 115.3922148, 35.6388276, 0.0 ], [ 115.3926443, 35.6381974, 0.0 ], [ 115.3931335, 35.637587, 0.0 ], [ 115.3937326, 35.6370865, 0.0 ], [ 115.3939522, 35.6370062, 0.0 ], [ 115.3945912, 35.6367755, 0.0 ], [ 115.3954397, 35.6366743, 0.0 ], [ 115.3962983, 35.6363734, 0.0 ], [ 115.3973966, 35.6363519, 0.0 ], [ 115.3985047, 35.6363503, 0.0 ], [ 115.3996031, 35.6363288, 0.0 ], [ 115.4004635, 35.6363293, 0.0 ], [ 115.4013156, 35.636221, 0.0 ], [ 115.402298, 35.636013, 0.0 ], [ 115.4031599, 35.6358047, 0.0 ], [ 115.404012, 35.6354966, 0.0 ], [ 115.4047439, 35.6350982, 0.0 ], [ 115.4053454, 35.6345897, 0.0 ], [ 115.406087, 35.6341914, 0.0 ], [ 115.4069392, 35.6338832, 0.0 ], [ 115.4079216, 35.6336753, 0.0 ], [ 115.4089343, 35.6333174, 0.0 ], [ 115.4096359, 35.6330689, 0.0 ], [ 115.4103577, 35.6325706, 0.0 ], [ 115.4112196, 35.6322624, 0.0 ], [ 115.4120717, 35.6321542, 0.0 ], [ 115.4130541, 35.6318463, 0.0 ], [ 115.4139163, 35.631728, 0.0 ], [ 115.4147684, 35.6315297, 0.0 ], [ 115.4156202, 35.6312316, 0.0 ], [ 115.4164723, 35.6308234, 0.0 ], [ 115.4175851, 35.6306157, 0.0 ], [ 115.4184473, 35.6311071, 0.0 ], [ 115.4188984, 35.6314677, 0.0 ], [ 115.4196799, 35.6320989, 0.0 ], [ 115.4204219, 35.6325001, 0.0 ], [ 115.4208028, 35.6331804, 0.0 ], [ 115.421414, 35.6336813, 0.0 ], [ 115.4217949, 35.6341318, 0.0 ], [ 115.4224163, 35.6348825, 0.0 ], [ 115.4227871, 35.6355729, 0.0 ], [ 115.423168, 35.6360233, 0.0 ], [ 115.4237893, 35.6367741, 0.0 ], [ 115.424401, 35.637265, 0.0 ], [ 115.4251426, 35.6376662, 0.0 ], [ 115.4255936, 35.6380269, 0.0 ], [ 115.4263853, 35.6386581, 0.0 ], [ 115.4272475, 35.6391394, 0.0 ], [ 115.4279891, 35.6396406, 0.0 ], [ 115.428731, 35.6400219, 0.0 ], [ 115.4293524, 35.6406327, 0.0 ], [ 115.4302142, 35.6410241, 0.0 ], [ 115.4309562, 35.6414253, 0.0 ], [ 115.431818, 35.6418168, 0.0 ], [ 115.43256, 35.642308, 0.0 ], [ 115.4330611, 35.6428986, 0.0 ], [ 115.4336724, 35.6434895, 0.0 ], [ 115.4341735, 35.6440901, 0.0 ], [ 115.4346746, 35.6447906, 0.0 ], [ 115.4349252, 35.6454807, 0.0 ], [ 115.4353061, 35.6461811, 0.0 ], [ 115.4358072, 35.6467718, 0.0 ], [ 115.436178, 35.647572, 0.0 ], [ 115.4363184, 35.647952, 0.0 ], [ 115.4366291, 35.6488122, 0.0 ], [ 115.4369398, 35.6496823, 0.0 ], [ 115.437451, 35.6505128, 0.0 ], [ 115.4380622, 35.6512636, 0.0 ], [ 115.4386836, 35.6520044, 0.0 ], [ 115.439305, 35.6527552, 0.0 ], [ 115.4399263, 35.6533461, 0.0 ], [ 115.4404177, 35.6539467, 0.0 ], [ 115.4409487, 35.6544474, 0.0 ], [ 115.4416705, 35.6551384, 0.0 ], [ 115.4421616, 35.6557291, 0.0 ], [ 115.4425324, 35.6564294, 0.0 ], [ 115.4429132, 35.65688, 0.0 ], [ 115.4435346, 35.6576207, 0.0 ], [ 115.444166, 35.6582317, 0.0 ], [ 115.4448979, 35.6589127, 0.0 ], [ 115.445399, 35.6595034, 0.0 ], [ 115.4460103, 35.6600043, 0.0 ], [ 115.446762, 35.6607454, 0.0 ], [ 115.4473834, 35.6614862, 0.0 ], [ 115.4480051, 35.6622369, 0.0 ], [ 115.4486264, 35.6629777, 0.0 ], [ 115.4490674, 35.6635883, 0.0 ], [ 115.4496186, 35.6643689, 0.0 ], [ 115.4498792, 35.6650591, 0.0 ], [ 115.45025, 35.6657694, 0.0 ], [ 115.4503804, 35.6661294, 0.0 ], [ 115.4505906, 35.6666996, 0.0 ], [ 115.4507008, 35.6669896, 0.0 ], [ 115.4510114, 35.6678498, 0.0 ], [ 115.4511418, 35.6685596, 0.0 ], [ 115.4513923, 35.6692497, 0.0 ], [ 115.4515327, 35.6699497, 0.0 ], [ 115.4519035, 35.67065, 0.0 ], [ 115.4519935, 35.6711599, 0.0 ], [ 115.4521638, 35.6720497, 0.0 ], [ 115.4524244, 35.6728498, 0.0 ], [ 115.4526149, 35.6733799, 0.0 ], [ 115.4529256, 35.67424, 0.0 ], [ 115.4530559, 35.6749399, 0.0 ], [ 115.4533162, 35.67565, 0.0 ], [ 115.4534465, 35.6763399, 0.0 ], [ 115.453697, 35.67703, 0.0 ], [ 115.4538274, 35.6777299, 0.0 ], [ 115.4542082, 35.6784303, 0.0 ], [ 115.4543987, 35.6789604, 0.0 ], [ 115.4547094, 35.6798205, 0.0 ], [ 115.4550902, 35.6805209, 0.0 ], [ 115.4555914, 35.6812214, 0.0 ], [ 115.4560824, 35.6818121, 0.0 ], [ 115.4565335, 35.6821728, 0.0 ], [ 115.4570548, 35.6825837, 0.0 ], [ 115.457315, 35.682804, 0.0 ], [ 115.4578162, 35.6834047, 0.0 ], [ 115.4586784, 35.6835963, 0.0 ], [ 115.4594102, 35.6839775, 0.0 ], [ 115.4599211, 35.6845783, 0.0 ], [ 115.4605428, 35.6850792, 0.0 ], [ 115.4607232, 35.6852794, 0.0 ], [ 115.4609136, 35.6855197, 0.0 ], [ 115.4615249, 35.6862705, 0.0 ], [ 115.4621462, 35.6867615, 0.0 ], [ 115.4622568, 35.6868916, 0.0 ], [ 115.4626474, 35.6873521, 0.0 ], [ 115.4630282, 35.6880625, 0.0 ], [ 115.4632691, 35.6883529, 0.0 ], [ 115.4638904, 35.6890936, 0.0 ], [ 115.4645118, 35.6898445, 0.0 ], [ 115.4648927, 35.6905349, 0.0 ], [ 115.4653837, 35.6911356, 0.0 ], [ 115.4660051, 35.6916265, 0.0 ], [ 115.466386, 35.6923269, 0.0 ], [ 115.4666365, 35.693017, 0.0 ], [ 115.4670174, 35.6937174, 0.0 ], [ 115.4675084, 35.694418, 0.0 ], [ 115.4677691, 35.6951182, 0.0 ], [ 115.4679293, 35.6954284, 0.0 ], [ 115.4683804, 35.6962488, 0.0 ], [ 115.4688214, 35.6970693, 0.0 ], [ 115.4688512, 35.6970893, 0.0 ], [ 115.4692724, 35.6978997, 0.0 ], [ 115.4697635, 35.6984904, 0.0 ], [ 115.4701444, 35.6991907, 0.0 ], [ 115.4703949, 35.6998809, 0.0 ], [ 115.4707657, 35.7003315, 0.0 ], [ 115.4713972, 35.7010826, 0.0 ], [ 115.4715073, 35.7016525, 0.0 ], [ 115.4715271, 35.7017726, 0.0 ], [ 115.4718979, 35.702473, 0.0 ], [ 115.4720884, 35.7030032, 0.0 ], [ 115.4724091, 35.7038636, 0.0 ], [ 115.47288, 35.7044744, 0.0 ], [ 115.4735215, 35.7050655, 0.0 ], [ 115.4742631, 35.7054568, 0.0 ], [ 115.4747642, 35.7060576, 0.0 ], [ 115.4756164, 35.7064392, 0.0 ], [ 115.4762377, 35.7069302, 0.0 ], [ 115.4764382, 35.7070206, 0.0 ], [ 115.4769894, 35.7073316, 0.0 ], [ 115.4774304, 35.7076823, 0.0 ], [ 115.4784726, 35.7085941, 0.0 ], [ 115.4799259, 35.7098765, 0.0 ], [ 115.4799558, 35.7099066, 0.0 ], [ 115.4801966, 35.7101969, 0.0 ], [ 115.4826821, 35.7126809, 0.0 ], [ 115.4832833, 35.7133619, 0.0 ], [ 115.4840749, 35.7139932, 0.0 ], [ 115.4848669, 35.7146146, 0.0 ], [ 115.4852075, 35.7148651, 0.0 ], [ 115.4856586, 35.7152459, 0.0 ], [ 115.4863904, 35.7156372, 0.0 ], [ 115.4868412, 35.715998, 0.0 ], [ 115.4876332, 35.7166292, 0.0 ], [ 115.4883647, 35.7170206, 0.0 ], [ 115.4889961, 35.7175216, 0.0 ], [ 115.4897276, 35.7180028, 0.0 ], [ 115.4936866, 35.7208694, 0.0 ], [ 115.4941675, 35.7212602, 0.0 ], [ 115.4942978, 35.7213704, 0.0 ], [ 115.4948594, 35.7216614, 0.0 ], [ 115.4957915, 35.722143, 0.0 ], [ 115.4964028, 35.722644, 0.0 ], [ 115.4967736, 35.7228946, 0.0 ], [ 115.4968938, 35.7229748, 0.0 ], [ 115.4984976, 35.7239175, 0.0 ], [ 115.4992892, 35.7243589, 0.0 ], [ 115.5000107, 35.72507, 0.0 ], [ 115.5007123, 35.7257309, 0.0 ], [ 115.502346, 35.7260337, 0.0 ], [ 115.5033785, 35.7263853, 0.0 ], [ 115.5054132, 35.7271386, 0.0 ], [ 115.507508, 35.7272023, 0.0 ], [ 115.5086305, 35.7271543, 0.0 ], [ 115.5101843, 35.7268771, 0.0 ], [ 115.5115775, 35.7269995, 0.0 ], [ 115.513051, 35.7267821, 0.0 ], [ 115.515437, 35.7261066, 0.0 ], [ 115.5169105, 35.7259392, 0.0 ], [ 115.5181032, 35.7259413, 0.0 ], [ 115.5195065, 35.7262437, 0.0 ], [ 115.52117, 35.727856, 0.0 ], [ 115.5217212, 35.7288866, 0.0 ], [ 115.5223325, 35.7305571, 0.0 ], [ 115.5227432, 35.7314675, 0.0 ], [ 115.5233646, 35.7326182, 0.0 ], [ 115.5248276, 35.7336004, 0.0 ], [ 115.5259404, 35.7339523, 0.0 ], [ 115.5270629, 35.7338942, 0.0 ], [ 115.5283963, 35.7337266, 0.0 ], [ 115.5309923, 35.7335713, 0.0 ], [ 115.5327466, 35.7332944, 0.0 ], [ 115.5353429, 35.7327992, 0.0 ], [ 115.5367462, 35.7325717, 0.0 ], [ 115.5385105, 35.732075, 0.0 ], [ 115.5401942, 35.7317981, 0.0 ], [ 115.541748, 35.731461, 0.0 ], [ 115.5431513, 35.7310236, 0.0 ], [ 115.544695, 35.7305664, 0.0 ], [ 115.5465194, 35.7299998, 0.0 ], [ 115.5482838, 35.729723, 0.0 ], [ 115.5496169, 35.7294554, 0.0 ], [ 115.5505993, 35.7289373, 0.0 ], [ 115.5519425, 35.7286597, 0.0 ], [ 115.5537666, 35.728273, 0.0 ], [ 115.5557416, 35.7280565, 0.0 ], [ 115.5570044, 35.7278388, 0.0 ], [ 115.557646, 35.7277999, 0.0 ], [ 115.5582173, 35.727781, 0.0 ], [ 115.5584178, 35.7277813, 0.0 ], [ 115.5588988, 35.7277822, 0.0 ], [ 115.560292, 35.7284245, 0.0 ], [ 115.5626777, 35.7294784, 0.0 ], [ 115.5647023, 35.7304017, 0.0 ], [ 115.5660955, 35.7312139, 0.0 ], [ 115.5674887, 35.7320161, 0.0 ], [ 115.568401, 35.7325976, 0.0 ], [ 115.5699346, 35.7335301, 0.0 ], [ 115.5711874, 35.734572, 0.0 ], [ 115.573072, 35.7354451, 0.0 ], [ 115.5744752, 35.7360174, 0.0 ], [ 115.5756679, 35.7364294, 0.0 ], [ 115.5772818, 35.7367822, 0.0 ], [ 115.5788957, 35.737085, 0.0 ], [ 115.5804293, 35.7374876, 0.0 ], [ 115.582113, 35.7378505, 0.0 ], [ 115.5847093, 35.738385, 0.0 ], [ 115.5873053, 35.7387395, 0.0 ], [ 115.588849, 35.7387522, 0.0 ], [ 115.5907537, 35.7387157, 0.0 ], [ 115.5932093, 35.7392499, 0.0 ], [ 115.5962264, 35.7393852, 0.0 ], [ 115.5981312, 35.7393986, 0.0 ], [ 115.5997447, 35.7395814, 0.0 ], [ 115.6029012, 35.7397677, 0.0 ], [ 115.6063259, 35.7400129, 0.0 ], [ 115.6092714, 35.7404386, 0.0 ], [ 115.6136152, 35.7408625, 0.0 ], [ 115.615642, 35.7413795, 0.0 ], [ 115.6171896, 35.7417373, 0.0 ], [ 115.6188672, 35.7420848, 0.0 ], [ 115.6193863, 35.7422341, 0.0 ], [ 115.6207543, 35.7426121, 0.0 ], [ 115.6218725, 35.7431305, 0.0 ], [ 115.62376, 35.7440576, 0.0 ], [ 115.6249778, 35.7444759, 0.0 ], [ 115.6250876, 35.7445156, 0.0 ], [ 115.6259963, 35.7450443, 0.0 ], [ 115.6269751, 35.7456728, 0.0 ], [ 115.6277437, 35.7463716, 0.0 ], [ 115.6287823, 35.74712, 0.0 ], [ 115.6297507, 35.7482084, 0.0 ], [ 115.6310687, 35.7497663, 0.0 ], [ 115.6313286, 35.7499858, 0.0 ], [ 115.6316281, 35.7502254, 0.0 ], [ 115.6333752, 35.7516626, 0.0 ], [ 115.6354024, 35.7527096, 0.0 ], [ 115.6365907, 35.7531079, 0.0 ], [ 115.6377686, 35.7533262, 0.0 ], [ 115.6396061, 35.7528437, 0.0 ], [ 115.640874, 35.752282, 0.0 ], [ 115.6420724, 35.7518305, 0.0 ], [ 115.6442591, 35.7509276, 0.0 ], [ 115.6452077, 35.7507163, 0.0 ], [ 115.6456372, 35.7514356, 0.0 ], [ 115.6459964, 35.751745, 0.0 ], [ 115.6467355, 35.7519539, 0.0 ], [ 115.6474742, 35.7523628, 0.0 ], [ 115.6480834, 35.7525719, 0.0 ], [ 115.6488221, 35.7527808, 0.0 ], [ 115.6498009, 35.7530894, 0.0 ], [ 115.6510289, 35.7534077, 0.0 ], [ 115.651638, 35.7536167, 0.0 ], [ 115.6526165, 35.7540353, 0.0 ], [ 115.6542041, 35.7546529, 0.0 ], [ 115.6556819, 35.7550708, 0.0 ], [ 115.658258, 35.7555071, 0.0 ], [ 115.6609642, 35.7560332, 0.0 ], [ 115.6637898, 35.7564692, 0.0 ], [ 115.6662562, 35.7567956, 0.0 ], [ 115.6687124, 35.7571321, 0.0 ], [ 115.6715381, 35.7573581, 0.0 ], [ 115.6740044, 35.7574946, 0.0 ], [ 115.6764708, 35.7577212, 0.0 ], [ 115.6781981, 35.7578387, 0.0 ], [ 115.680415, 35.7579656, 0.0 ], [ 115.6828712, 35.7583021, 0.0 ], [ 115.6850878, 35.7585189, 0.0 ], [ 115.6876639, 35.7590552, 0.0 ], [ 115.6897609, 35.7593822, 0.0 ], [ 115.6910789, 35.7596503, 0.0 ], [ 115.6912286, 35.7597001, 0.0 ], [ 115.6933156, 35.7603271, 0.0 ], [ 115.6944139, 35.7609354, 0.0 ], [ 115.6960015, 35.7614631, 0.0 ], [ 115.69711, 35.7617715, 0.0 ], [ 115.6978487, 35.7621804, 0.0 ], [ 115.6986976, 35.7627891, 0.0 ], [ 115.6995461, 35.7633078, 0.0 ], [ 115.7001556, 35.7637171, 0.0 ], [ 115.7006459, 35.764227, 0.0 ], [ 115.7003158, 35.7659067, 0.0 ], [ 115.6999457, 35.7674465, 0.0 ], [ 115.6997261, 35.7687664, 0.0 ], [ 115.6995763, 35.7700764, 0.0 ], [ 115.6994266, 35.7716763, 0.0 ], [ 115.6991368, 35.7731664, 0.0 ], [ 115.6992667, 35.7745459, 0.0 ], [ 115.699117, 35.7759158, 0.0 ], [ 115.6988873, 35.7772959, 0.0 ], [ 115.6986176, 35.778926, 0.0 ], [ 115.6984178, 35.7796161, 0.0 ], [ 115.6982681, 35.7802961, 0.0 ], [ 115.6981982, 35.7810261, 0.0 ], [ 115.6978588, 35.7825363, 0.0 ], [ 115.6976989, 35.7836063, 0.0 ], [ 115.6973494, 35.7849266, 0.0 ], [ 115.6969501, 35.7867367, 0.0 ], [ 115.6965509, 35.7885369, 0.0 ], [ 115.6961513, 35.7904371, 0.0 ], [ 115.6960015, 35.792047, 0.0 ], [ 115.6957218, 35.793947, 0.0 ], [ 115.6956818, 35.7965565, 0.0 ], [ 115.6952725, 35.7993665, 0.0 ], [ 115.6951228, 35.8006763, 0.0 ], [ 115.6950925, 35.8026853, 0.0 ], [ 115.6949428, 35.8039849, 0.0 ], [ 115.6948027, 35.8052845, 0.0 ], [ 115.6948924, 35.8070935, 0.0 ], [ 115.6948722, 35.8085028, 0.0 ], [ 115.6949719, 35.8099119, 0.0 ], [ 115.694942, 35.8116212, 0.0 ], [ 115.6949219, 35.8132204, 0.0 ], [ 115.695261, 35.815039, 0.0 ], [ 115.6953506, 35.8172478, 0.0 ], [ 115.6956901, 35.8190564, 0.0 ], [ 115.6960296, 35.8205652, 0.0 ], [ 115.696139, 35.8216744, 0.0 ], [ 115.6963687, 35.8226736, 0.0 ], [ 115.6964684, 35.8239829, 0.0 ], [ 115.696688, 35.8256917, 0.0 ], [ 115.6970372, 35.8271005, 0.0 ], [ 115.6972568, 35.8285095, 0.0 ], [ 115.697606, 35.8298184, 0.0 ], [ 115.6977158, 35.8310276, 0.0 ], [ 115.6977158, 35.8311175, 0.0 ], [ 115.6978955, 35.8333462, 0.0 ], [ 115.6979153, 35.8334361, 0.0 ], [ 115.6984643, 35.8350345, 0.0 ], [ 115.698614, 35.8363636, 0.0 ], [ 115.6989632, 35.8373726, 0.0 ], [ 115.6998121, 35.8381811, 0.0 ], [ 115.7005418, 35.8387905, 0.0 ], [ 115.700832, 35.8392703, 0.0 ], [ 115.6997718, 35.8402901, 0.0 ], [ 115.6973155, 35.841523, 0.0 ], [ 115.6957477, 35.8422149, 0.0 ], [ 115.6943398, 35.8430665, 0.0 ], [ 115.6938404, 35.8444965, 0.0 ], [ 115.6943894, 35.8454152, 0.0 ], [ 115.6950781, 35.8466236, 0.0 ], [ 115.695787, 35.8476521, 0.0 ], [ 115.6964062, 35.8484608, 0.0 ], [ 115.6973148, 35.849329, 0.0 ], [ 115.6983131, 35.8503271, 0.0 ], [ 115.6985028, 35.8505267, 0.0 ], [ 115.6996109, 35.8517845, 0.0 ], [ 115.7016409, 35.8534632, 0.0 ], [ 115.7022612, 35.8550824, 0.0 ], [ 115.7035813, 35.8563417, 0.0 ], [ 115.7039215, 35.8566816, 0.0 ], [ 115.704922, 35.8576111, 0.0 ], [ 115.705962, 35.8592203, 0.0 ], [ 115.7070024, 35.8612893, 0.0 ], [ 115.7075525, 35.8620889, 0.0 ], [ 115.7082527, 35.863758, 0.0 ], [ 115.7090126, 35.8648474, 0.0 ], [ 115.7094227, 35.8661169, 0.0 ], [ 115.7093028, 35.8664566, 0.0 ], [ 115.7094025, 35.8671964, 0.0 ], [ 115.7089025, 35.8687355, 0.0 ], [ 115.708392, 35.869705, 0.0 ], [ 115.7078916, 35.8706746, 0.0 ], [ 115.7072515, 35.871754, 0.0 ], [ 115.7062507, 35.8730634, 0.0 ], [ 115.7056106, 35.873923, 0.0 ], [ 115.7052802, 35.8741728, 0.0 ], [ 115.70476, 35.8745426, 0.0 ], [ 115.7038394, 35.8755621, 0.0 ], [ 115.702569, 35.8763018, 0.0 ], [ 115.7017086, 35.8771014, 0.0 ], [ 115.7004281, 35.8786906, 0.0 ], [ 115.6988693, 35.8802814, 0.0 ], [ 115.6980204, 35.8813121, 0.0 ], [ 115.6972414, 35.8823327, 0.0 ], [ 115.696732, 35.883423, 0.0 ], [ 115.6963424, 35.8840433, 0.0 ], [ 115.6961628, 35.8843333, 0.0 ], [ 115.6958233, 35.8852734, 0.0 ], [ 115.6958032, 35.8853934, 0.0 ], [ 115.6955836, 35.8865631, 0.0 ], [ 115.6954334, 35.8881026, 0.0 ], [ 115.6959126, 35.8894712, 0.0 ], [ 115.696462, 35.8903999, 0.0 ], [ 115.6972306, 35.8913183, 0.0 ], [ 115.6986983, 35.8925255, 0.0 ], [ 115.7003762, 35.8940729, 0.0 ], [ 115.7012766, 35.8949425, 0.0 ], [ 115.701907, 35.8959219, 0.0 ], [ 115.7028872, 35.8969514, 0.0 ], [ 115.7033671, 35.8985606, 0.0 ], [ 115.7034269, 35.8997101, 0.0 ], [ 115.7024966, 35.9013698, 0.0 ], [ 115.7012161, 35.9026697, 0.0 ], [ 115.7000058, 35.9034596, 0.0 ], [ 115.6992368, 35.9042006, 0.0 ], [ 115.6991069, 35.9042808, 0.0 ], [ 115.6972496, 35.9055634, 0.0 ], [ 115.6955522, 35.9067058, 0.0 ], [ 115.6930758, 35.9075994, 0.0 ], [ 115.6919576, 35.907701, 0.0 ], [ 115.6907596, 35.9078228, 0.0 ], [ 115.6893516, 35.907815, 0.0 ], [ 115.6871747, 35.9074582, 0.0 ], [ 115.6847882, 35.9071018, 0.0 ], [ 115.6831009, 35.9072644, 0.0 ], [ 115.6810439, 35.9079873, 0.0 ], [ 115.6798458, 35.908789, 0.0 ], [ 115.679137, 35.90958, 0.0 ], [ 115.6783478, 35.910551, 0.0 ], [ 115.6775692, 35.9114621, 0.0 ], [ 115.6767905, 35.912723, 0.0 ], [ 115.6762811, 35.9135837, 0.0 ], [ 115.6753526, 35.9151649, 0.0 ], [ 115.6751327, 35.9163751, 0.0 ], [ 115.674953, 35.9166553, 0.0 ], [ 115.6748832, 35.9167754, 0.0 ], [ 115.6742042, 35.9178463, 0.0 ], [ 115.6732855, 35.9188275, 0.0 ], [ 115.6723571, 35.9195088, 0.0 ], [ 115.6714484, 35.92035, 0.0 ], [ 115.6704397, 35.9213214, 0.0 ], [ 115.6693813, 35.9220629, 0.0 ], [ 115.6687423, 35.9230337, 0.0 ], [ 115.6678236, 35.9237749, 0.0 ], [ 115.6666856, 35.9247365, 0.0 ], [ 115.6658368, 35.9258176, 0.0 ], [ 115.6645487, 35.9273593, 0.0 ], [ 115.6625816, 35.9270023, 0.0 ], [ 115.6611038, 35.9270444, 0.0 ], [ 115.6589172, 35.9272676, 0.0 ], [ 115.6568004, 35.9276606, 0.0 ], [ 115.6549032, 35.9279334, 0.0 ], [ 115.6518079, 35.9279179, 0.0 ], [ 115.648263, 35.9282331, 0.0 ] ] ] } },
{ "type": "Feature", "properties": { "Name": "台前县", "AdminCode": "410927", "Kind": "0137", "CityAdCode": "410900", "CityName": "濮阳市", "ProName": "河南省", "Shape_Leng": 1.33407642113, "Shape_Area": 0.04148697321, "sheng": 410000 }, "geometry": { "type": "Polygon", "coordinates": [ [ [ 115.7428202, 35.8253172, 0.0 ], [ 115.7438606, 35.8253672, 0.0 ], [ 115.7442808, 35.8253972, 0.0 ], [ 115.7454112, 35.8254771, 0.0 ], [ 115.7462917, 35.825667, 0.0 ], [ 115.7475121, 35.8257271, 0.0 ], [ 115.7488326, 35.8261069, 0.0 ], [ 115.7496026, 35.8263767, 0.0 ], [ 115.7498831, 35.8264767, 0.0 ], [ 115.750053, 35.8265666, 0.0 ], [ 115.7507633, 35.8269565, 0.0 ], [ 115.7514235, 35.8272762, 0.0 ], [ 115.7520236, 35.8278259, 0.0 ], [ 115.7526238, 35.8283257, 0.0 ], [ 115.753054, 35.8287855, 0.0 ], [ 115.7534442, 35.8292353, 0.0 ], [ 115.7537142, 35.8296051, 0.0 ], [ 115.753874, 35.8300549, 0.0 ], [ 115.7541941, 35.8305547, 0.0 ], [ 115.7544644, 35.8310044, 0.0 ], [ 115.7550646, 35.8319139, 0.0 ], [ 115.7552744, 35.8324137, 0.0 ], [ 115.7555444, 35.8329135, 0.0 ], [ 115.7557244, 35.8333832, 0.0 ], [ 115.7557446, 35.8334332, 0.0 ], [ 115.7558047, 35.8335931, 0.0 ], [ 115.7563447, 35.8347425, 0.0 ], [ 115.7567148, 35.8360419, 0.0 ], [ 115.7574049, 35.8375411, 0.0 ], [ 115.758175, 35.8389104, 0.0 ], [ 115.758265, 35.8394102, 0.0 ], [ 115.7582448, 35.8405796, 0.0 ], [ 115.7584349, 35.8425186, 0.0 ], [ 115.7585846, 35.8436881, 0.0 ], [ 115.7586746, 35.8448675, 0.0 ], [ 115.7587146, 35.8459469, 0.0 ], [ 115.7587546, 35.8470364, 0.0 ], [ 115.7587942, 35.8480659, 0.0 ], [ 115.7588341, 35.8488855, 0.0 ], [ 115.7589342, 35.8496051, 0.0 ], [ 115.7589842, 35.8502348, 0.0 ], [ 115.759084, 35.8510444, 0.0 ], [ 115.7592942, 35.851684, 0.0 ], [ 115.759454, 35.8521738, 0.0 ], [ 115.7596643, 35.8526736, 0.0 ], [ 115.7599843, 35.8531733, 0.0 ], [ 115.7604145, 35.853903, 0.0 ], [ 115.7612947, 35.8545826, 0.0 ], [ 115.7618448, 35.8550424, 0.0 ], [ 115.7624449, 35.8554122, 0.0 ], [ 115.7632052, 35.855912, 0.0 ], [ 115.7639857, 35.8562818, 0.0 ], [ 115.7646859, 35.8568715, 0.0 ], [ 115.7654059, 35.8572413, 0.0 ], [ 115.7662865, 35.8575711, 0.0 ], [ 115.7672268, 35.8577111, 0.0 ], [ 115.7679871, 35.8579809, 0.0 ], [ 115.7688774, 35.8580809, 0.0 ], [ 115.7698177, 35.8582308, 0.0 ], [ 115.7710882, 35.8582908, 0.0 ], [ 115.7720285, 35.8584307, 0.0 ], [ 115.7728788, 35.8584407, 0.0 ], [ 115.77551, 35.8588305, 0.0 ], [ 115.7770505, 35.8591204, 0.0 ], [ 115.7789412, 35.8594802, 0.0 ], [ 115.7806919, 35.8596501, 0.0 ], [ 115.7825225, 35.8596501, 0.0 ], [ 115.7848438, 35.8595401, 0.0 ], [ 115.7875045, 35.8594402, 0.0 ], [ 115.7901257, 35.8596801, 0.0 ], [ 115.792897, 35.8597101, 0.0 ], [ 115.7964984, 35.8595901, 0.0 ], [ 115.7995595, 35.8593103, 0.0 ], [ 115.8031771, 35.858515, 0.0 ], [ 115.8061536, 35.8580193, 0.0 ], [ 115.8089299, 35.8575134, 0.0 ], [ 115.8112552, 35.8573166, 0.0 ], [ 115.8137608, 35.8565803, 0.0 ], [ 115.816828, 35.855485, 0.0 ], [ 115.8199952, 35.8543798, 0.0 ], [ 115.8226913, 35.8534239, 0.0 ], [ 115.8242749, 35.8530263, 0.0 ], [ 115.825207, 35.8525078, 0.0 ], [ 115.8259586, 35.852059, 0.0 ], [ 115.8273518, 35.8513213, 0.0 ], [ 115.8286651, 35.8505034, 0.0 ], [ 115.829968, 35.8498355, 0.0 ], [ 115.8314616, 35.8492478, 0.0 ], [ 115.8332155, 35.8485804, 0.0 ], [ 115.8345284, 35.8480724, 0.0 ], [ 115.8361924, 35.8477848, 0.0 ], [ 115.8383272, 35.8477277, 0.0 ], [ 115.8406322, 35.8480507, 0.0 ], [ 115.8429373, 35.8485235, 0.0 ], [ 115.8451524, 35.8491462, 0.0 ], [ 115.849562, 35.8514611, 0.0 ], [ 115.8508746, 35.8521026, 0.0 ], [ 115.8540415, 35.8539761, 0.0 ], [ 115.8548933, 35.8544371, 0.0 ], [ 115.8563668, 35.8549788, 0.0 ], [ 115.858481, 35.8560312, 0.0 ], [ 115.8611771, 35.8578841, 0.0 ], [ 115.8638728, 35.859527, 0.0 ], [ 115.8667589, 35.8610403, 0.0 ], [ 115.8685628, 35.8620922, 0.0 ], [ 115.8694546, 35.8627731, 0.0 ], [ 115.8707174, 35.8637344, 0.0 ], [ 115.8717697, 35.8641757, 0.0 ], [ 115.872862, 35.8652867, 0.0 ], [ 115.8737036, 35.8659276, 0.0 ], [ 115.8749863, 35.8669889, 0.0 ], [ 115.8750565, 35.8670489, 0.0 ], [ 115.8759882, 35.86775, 0.0 ], [ 115.8771708, 35.8688111, 0.0 ], [ 115.8784333, 35.8700023, 0.0 ], [ 115.8797862, 35.8711537, 0.0 ], [ 115.8820308, 35.8731059, 0.0 ], [ 115.8837545, 35.8745078, 0.0 ], [ 115.8854378, 35.8761893, 0.0 ], [ 115.8863497, 35.8772602, 0.0 ], [ 115.8867806, 35.8778705, 0.0 ], [ 115.8882937, 35.8796019, 0.0 ], [ 115.8897467, 35.8808433, 0.0 ], [ 115.8906082, 35.8818242, 0.0 ], [ 115.8909689, 35.8826443, 0.0 ], [ 115.8904577, 35.8835133, 0.0 ], [ 115.8896758, 35.8847617, 0.0 ], [ 115.8888938, 35.8855702, 0.0 ], [ 115.8880417, 35.8865287, 0.0 ], [ 115.8872598, 35.8876172, 0.0 ], [ 115.886057, 35.888925, 0.0 ], [ 115.8844331, 35.8898923, 0.0 ], [ 115.882258, 35.8914386, 0.0 ], [ 115.8803035, 35.8925855, 0.0 ], [ 115.8783692, 35.8933524, 0.0 ], [ 115.8759436, 35.8941087, 0.0 ], [ 115.8749813, 35.8946472, 0.0 ], [ 115.8735082, 35.8954647, 0.0 ], [ 115.8715634, 35.8968115, 0.0 ], [ 115.8696191, 35.8979782, 0.0 ], [ 115.8694488, 35.898088, 0.0 ], [ 115.8679152, 35.8991354, 0.0 ], [ 115.8657203, 35.9006819, 0.0 ], [ 115.8627938, 35.9026175, 0.0 ], [ 115.8618114, 35.9041759, 0.0 ], [ 115.8610597, 35.9057446, 0.0 ], [ 115.8607894, 35.9078939, 0.0 ], [ 115.8612404, 35.9100543, 0.0 ], [ 115.8619417, 35.912025, 0.0 ], [ 115.8626131, 35.9131558, 0.0 ], [ 115.8631744, 35.9140164, 0.0 ], [ 115.8638058, 35.9152272, 0.0 ], [ 115.8645575, 35.9165381, 0.0 ], [ 115.8646676, 35.9166482, 0.0 ], [ 115.8648484, 35.9168284, 0.0 ], [ 115.8653995, 35.9173992, 0.0 ], [ 115.8662412, 35.9181003, 0.0 ], [ 115.8675743, 35.919012, 0.0 ], [ 115.8686867, 35.9197034, 0.0 ], [ 115.8694484, 35.9201345, 0.0 ], [ 115.8700295, 35.9204553, 0.0 ], [ 115.8712823, 35.921137, 0.0 ], [ 115.8731867, 35.9215496, 0.0 ], [ 115.8749806, 35.9219722, 0.0 ], [ 115.8757121, 35.9221332, 0.0 ], [ 115.8781273, 35.9223965, 0.0 ], [ 115.882537, 35.9229728, 0.0 ], [ 115.8842909, 35.9233152, 0.0 ], [ 115.8859145, 35.9234975, 0.0 ], [ 115.8872674, 35.9236194, 0.0 ], [ 115.8887308, 35.9238015, 0.0 ], [ 115.8900736, 35.9238034, 0.0 ], [ 115.8913364, 35.9239751, 0.0 ], [ 115.8932808, 35.9241179, 0.0 ], [ 115.8951247, 35.9245105, 0.0 ], [ 115.8969787, 35.9246531, 0.0 ], [ 115.8988928, 35.9249258, 0.0 ], [ 115.9008037, 35.9259456, 0.0 ], [ 115.9022412, 35.9275225, 0.0 ], [ 115.9033792, 35.9286502, 0.0 ], [ 115.9038983, 35.9301991, 0.0 ], [ 115.9043872, 35.931068, 0.0 ], [ 115.9047266, 35.9320372, 0.0 ], [ 115.9049362, 35.9329467, 0.0 ], [ 115.9049261, 35.9342166, 0.0 ], [ 115.9049261, 35.9343266, 0.0 ], [ 115.9046366, 35.935697, 0.0 ], [ 115.9042075, 35.9366677, 0.0 ], [ 115.9035786, 35.9386788, 0.0 ], [ 115.9028399, 35.9400501, 0.0 ], [ 115.9024507, 35.9406708, 0.0 ], [ 115.9022909, 35.941421, 0.0 ], [ 115.9016623, 35.9423622, 0.0 ], [ 115.9011032, 35.9432932, 0.0 ], [ 115.9007141, 35.9441639, 0.0 ], [ 115.9003148, 35.9447946, 0.0 ], [ 115.8999952, 35.9456651, 0.0 ], [ 115.8995142, 35.9469144, 0.0 ], [ 115.899354, 35.9477942, 0.0 ], [ 115.8990232, 35.9492235, 0.0 ], [ 115.8988529, 35.9502932, 0.0 ], [ 115.8983719, 35.9514724, 0.0 ], [ 115.8980512, 35.9526618, 0.0 ], [ 115.8980411, 35.9534117, 0.0 ], [ 115.8979511, 35.9546714, 0.0 ], [ 115.8980112, 35.9556014, 0.0 ], [ 115.8981512, 35.9564815, 0.0 ], [ 115.8986023, 35.9573021, 0.0 ], [ 115.8994444, 35.9581232, 0.0 ], [ 115.9008937, 35.959142, 0.0 ], [ 115.9021811, 35.9598993, 0.0 ], [ 115.9040977, 35.9604154, 0.0 ], [ 115.9053253, 35.9608629, 0.0 ], [ 115.9067826, 35.9613099, 0.0 ], [ 115.9084595, 35.9617564, 0.0 ], [ 115.9101464, 35.9621529, 0.0 ], [ 115.9118334, 35.9626594, 0.0 ], [ 115.91352, 35.962926, 0.0 ], [ 115.915207, 35.9631926, 0.0 ], [ 115.9168241, 35.9634493, 0.0 ], [ 115.9185906, 35.9637157, 0.0 ], [ 115.9212755, 35.9640502, 0.0 ], [ 115.9231223, 35.9642464, 0.0 ], [ 115.9258871, 35.9644608, 0.0 ], [ 115.9312669, 35.9646998, 0.0 ], [ 115.9359584, 35.9652402, 0.0 ], [ 115.9414978, 35.9659089, 0.0 ], [ 115.9474867, 35.9671765, 0.0 ], [ 115.9536852, 35.9686136, 0.0 ], [ 115.9609313, 35.9704684, 0.0 ], [ 115.9662812, 35.9713873, 0.0 ], [ 115.9702038, 35.9723691, 0.0 ], [ 115.9738571, 35.9730514, 0.0 ], [ 115.9765319, 35.9737258, 0.0 ], [ 115.9801052, 35.9742684, 0.0 ], [ 115.9827901, 35.9743628, 0.0 ], [ 115.9860942, 35.974546, 0.0 ], [ 115.9889587, 35.9746501, 0.0 ], [ 115.9943386, 35.9744091, 0.0 ], [ 115.99889, 35.97401, 0.0 ], [ 116.0000082, 35.9738477, 0.0 ], [ 116.0031128, 35.9734026, 0.0 ], [ 116.0066966, 35.9727065, 0.0 ], [ 116.0113586, 35.9717387, 0.0 ], [ 116.015751, 35.9709015, 0.0 ], [ 116.0197841, 35.9700747, 0.0 ], [ 116.0236375, 35.9693782, 0.0 ], [ 116.0282099, 35.9685506, 0.0 ], [ 116.0319834, 35.9677142, 0.0 ], [ 116.0356568, 35.967388, 0.0 ], [ 116.0378831, 35.9673042, 0.0 ], [ 116.0385419, 35.9677829, 0.0 ], [ 116.0395301, 35.9682411, 0.0 ], [ 116.0405784, 35.969099, 0.0 ], [ 116.0411375, 35.9698979, 0.0 ], [ 116.0421955, 35.9712157, 0.0 ], [ 116.0426146, 35.9721347, 0.0 ], [ 116.0428144, 35.9731741, 0.0 ], [ 116.0436528, 35.9753521, 0.0 ], [ 116.0442817, 35.9765507, 0.0 ], [ 116.0447706, 35.9776396, 0.0 ], [ 116.0453297, 35.9792482, 0.0 ], [ 116.0458186, 35.9801572, 0.0 ], [ 116.0458884, 35.9812468, 0.0 ], [ 116.0460482, 35.9822163, 0.0 ], [ 116.0462977, 35.9835355, 0.0 ], [ 116.0463575, 35.9850849, 0.0 ], [ 116.0464972, 35.9864044, 0.0 ], [ 116.0467668, 35.9876037, 0.0 ], [ 116.0469763, 35.988853, 0.0 ], [ 116.0471858, 35.9901223, 0.0 ], [ 116.0473954, 35.9910317, 0.0 ], [ 116.0474652, 35.9921213, 0.0 ], [ 116.0477348, 35.9932206, 0.0 ], [ 116.0483634, 35.995049, 0.0 ], [ 116.0482936, 35.9960089, 0.0 ], [ 116.0482136, 35.9969288, 0.0 ], [ 116.0482734, 35.9985983, 0.0 ], [ 116.0486726, 35.9999073, 0.0 ], [ 116.0487126, 36.0000372, 0.0 ], [ 116.0487727, 36.000267, 0.0 ], [ 116.0496605, 36.0042248, 0.0 ], [ 116.0509576, 36.0096514, 0.0 ], [ 116.0528929, 36.0173566, 0.0 ], [ 116.0552682, 36.0240013, 0.0 ], [ 116.0572039, 36.0295969, 0.0 ], [ 116.0595695, 36.0352017, 0.0 ], [ 116.0619448, 36.0399267, 0.0 ], [ 116.066187, 36.0443687, 0.0 ], [ 116.0684032, 36.0469244, 0.0 ], [ 116.0735742, 36.0511148, 0.0 ], [ 116.0797932, 36.0556433, 0.0 ], [ 116.0859726, 36.059952, 0.0 ], [ 116.0879494, 36.0613283, 0.0 ], [ 116.092751, 36.0657793, 0.0 ], [ 116.0993995, 36.0716868, 0.0 ], [ 116.1027439, 36.0747992, 0.0 ], [ 116.1045972, 36.078191, 0.0 ], [ 116.1045972, 36.0793908, 0.0 ], [ 116.1045972, 36.0807806, 0.0 ], [ 116.1043261, 36.0831397, 0.0 ], [ 116.1043063, 36.0833496, 0.0 ], [ 116.1042559, 36.0837595, 0.0 ], [ 116.1030935, 36.0870172, 0.0 ], [ 116.1014296, 36.0917639, 0.0 ], [ 116.0997566, 36.0958415, 0.0 ], [ 116.0975797, 36.0996443, 0.0 ], [ 116.0952527, 36.1035771, 0.0 ], [ 116.0939243, 36.1068385, 0.0 ], [ 116.0932547, 36.1092789, 0.0 ], [ 116.0935938, 36.1114477, 0.0 ], [ 116.0937835, 36.1118472, 0.0 ], [ 116.0909082, 36.1117823, 0.0 ], [ 116.0879231, 36.1122373, 0.0 ], [ 116.086595, 36.1124395, 0.0 ], [ 116.0861159, 36.1124303, 0.0 ], [ 116.0845783, 36.1124429, 0.0 ], [ 116.0810644, 36.1114692, 0.0 ], [ 116.0808746, 36.1114097, 0.0 ], [ 116.0780594, 36.1104547, 0.0 ], [ 116.0765917, 36.1099773, 0.0 ], [ 116.074066, 36.1092719, 0.0 ], [ 116.0682754, 36.1080621, 0.0 ], [ 116.06544, 36.1074471, 0.0 ], [ 116.0620657, 36.106833, 0.0 ], [ 116.0588009, 36.1063587, 0.0 ], [ 116.0548376, 36.1056757, 0.0 ], [ 116.0529307, 36.105339, 0.0 ], [ 116.0518025, 36.104831, 0.0 ], [ 116.0513032, 36.1043719, 0.0 ], [ 116.0507441, 36.103623, 0.0 ], [ 116.0500352, 36.1026544, 0.0 ], [ 116.048398, 36.1005377, 0.0 ], [ 116.0450039, 36.0968841, 0.0 ], [ 116.0413906, 36.0924212, 0.0 ], [ 116.0372182, 36.0876292, 0.0 ], [ 116.0364992, 36.0868206, 0.0 ], [ 116.0340937, 36.0836153, 0.0 ], [ 116.0339141, 36.0833657, 0.0 ], [ 116.0338342, 36.0832459, 0.0 ], [ 116.0322772, 36.0810789, 0.0 ], [ 116.0317181, 36.08031, 0.0 ], [ 116.0307598, 36.0793318, 0.0 ], [ 116.0267468, 36.0756694, 0.0 ], [ 116.0229038, 36.0720067, 0.0 ], [ 116.0187214, 36.0679345, 0.0 ], [ 116.0142095, 36.064133, 0.0 ], [ 116.0139697, 36.0638934, 0.0 ], [ 116.0088192, 36.059873, 0.0 ], [ 116.0084099, 36.0595938, 0.0 ], [ 116.004816, 36.0572303, 0.0 ], [ 116.0004438, 36.0549082, 0.0 ], [ 116.0000046, 36.054629, 0.0 ], [ 115.9970108, 36.0527455, 0.0 ], [ 115.9943267, 36.0511913, 0.0 ], [ 115.9922509, 36.0499558, 0.0 ], [ 115.9895866, 36.0482516, 0.0 ], [ 115.9878701, 36.0470154, 0.0 ], [ 115.9871119, 36.0459372, 0.0 ], [ 115.9846369, 36.0448425, 0.0 ], [ 115.9806352, 36.0448407, 0.0 ], [ 115.9762536, 36.0445297, 0.0 ], [ 115.9724513, 36.0440577, 0.0 ], [ 115.9674916, 36.0426682, 0.0 ], [ 115.9636889, 36.0423461, 0.0 ], [ 115.9602656, 36.0420332, 0.0 ], [ 115.9556951, 36.0408029, 0.0 ], [ 115.9507451, 36.0392535, 0.0 ], [ 115.9446672, 36.0372365, 0.0 ], [ 115.9399166, 36.0353867, 0.0 ], [ 115.9394278, 36.0351978, 0.0 ], [ 115.9353457, 36.0336766, 0.0 ], [ 115.9313537, 36.0318353, 0.0 ], [ 115.9285194, 36.0298218, 0.0 ], [ 115.9250962, 36.0276494, 0.0 ], [ 115.924757, 36.0273302, 0.0 ], [ 115.9230103, 36.0256443, 0.0 ], [ 115.920166, 36.0236407, 0.0 ], [ 115.917691, 36.0214765, 0.0 ], [ 115.9144672, 36.0193138, 0.0 ], [ 115.9132198, 36.0186866, 0.0 ], [ 115.911004, 36.019521, 0.0 ], [ 115.909956, 36.0198631, 0.0 ], [ 115.9076304, 36.0208976, 0.0 ], [ 115.9066523, 36.0212995, 0.0 ], [ 115.9054546, 36.0218818, 0.0 ], [ 115.9042568, 36.0223342, 0.0 ], [ 115.9027798, 36.0229071, 0.0 ], [ 115.9008836, 36.0234808, 0.0 ], [ 115.8994742, 36.0241118, 0.0 ], [ 115.8977102, 36.0249091, 0.0 ], [ 115.8960067, 36.0257564, 0.0 ], [ 115.8940422, 36.0263334, 0.0 ], [ 115.8932606, 36.0264422, 0.0 ], [ 115.8924085, 36.026441, 0.0 ], [ 115.889522, 36.025577, 0.0 ], [ 115.8850922, 36.024251, 0.0 ], [ 115.8821258, 36.022987, 0.0 ], [ 115.8783174, 36.0215518, 0.0 ], [ 115.8749899, 36.0200974, 0.0 ], [ 115.8713521, 36.0185125, 0.0 ], [ 115.8694477, 36.0177699, 0.0 ], [ 115.8651583, 36.016094, 0.0 ], [ 115.8624824, 36.0143204, 0.0 ], [ 115.862342, 36.0138604, 0.0 ], [ 115.8623424, 36.0127705, 0.0 ], [ 115.862202, 36.0108808, 0.0 ], [ 115.8619313, 36.0097907, 0.0 ], [ 115.86123, 36.0081799, 0.0 ], [ 115.8604081, 36.007129, 0.0 ], [ 115.8601576, 36.0069386, 0.0 ], [ 115.8582136, 36.0054361, 0.0 ], [ 115.8559888, 36.0032233, 0.0 ], [ 115.8529421, 36.0026788, 0.0 ], [ 115.851659, 36.0026069, 0.0 ], [ 115.8494141, 36.0027935, 0.0 ], [ 115.8483517, 36.0028319, 0.0 ], [ 115.8458364, 36.0029082, 0.0 ], [ 115.8442729, 36.0033657, 0.0 ], [ 115.8426594, 36.0038232, 0.0 ], [ 115.8414667, 36.0042214, 0.0 ], [ 115.8414264, 36.0042314, 0.0 ], [ 115.8385, 36.0061067, 0.0 ], [ 115.8356837, 36.0081621, 0.0 ], [ 115.8329977, 36.0099978, 0.0 ], [ 115.8308827, 36.0114144, 0.0 ], [ 115.8284876, 36.0115309, 0.0 ], [ 115.8275754, 36.0112996, 0.0 ], [ 115.8263125, 36.0111278, 0.0 ], [ 115.823777, 36.010834, 0.0 ], [ 115.8208207, 36.0110696, 0.0 ], [ 115.8192068, 36.0112973, 0.0 ], [ 115.817864, 36.0113452, 0.0 ], [ 115.8173831, 36.0113945, 0.0 ], [ 115.8155489, 36.0115718, 0.0 ], [ 115.8143461, 36.0114601, 0.0 ], [ 115.8116, 36.0109461, 0.0 ], [ 115.8084432, 36.0101415, 0.0 ], [ 115.8069802, 36.0096594, 0.0 ], [ 115.8047752, 36.0089262, 0.0 ], [ 115.8037229, 36.0085846, 0.0 ], [ 115.8029514, 36.0078336, 0.0 ], [ 115.8025306, 36.0070931, 0.0 ], [ 115.8018991, 36.0065222, 0.0 ], [ 115.800777, 36.0044508, 0.0 ], [ 115.8002258, 36.0030801, 0.0 ], [ 115.7996653, 36.0018198, 0.0 ], [ 115.7993154, 36.00056, 0.0 ], [ 115.798505, 36.00023, 0.0 ], [ 115.7984348, 36.0000501, 0.0 ], [ 115.798415, 36.0000001, 0.0 ], [ 115.7980849, 35.9992203, 0.0 ], [ 115.7971244, 35.9972708, 0.0 ], [ 115.7944133, 35.9931418, 0.0 ], [ 115.7935028, 35.9918222, 0.0 ], [ 115.7926626, 35.9908524, 0.0 ], [ 115.7912723, 35.9897628, 0.0 ], [ 115.7895914, 35.9883132, 0.0 ], [ 115.788191, 35.9872335, 0.0 ], [ 115.7869404, 35.9862038, 0.0 ], [ 115.7852596, 35.9853341, 0.0 ], [ 115.7839992, 35.9848743, 0.0 ], [ 115.7825185, 35.9847445, 0.0 ], [ 115.7813183, 35.9854345, 0.0 ], [ 115.7794772, 35.9871543, 0.0 ], [ 115.7782169, 35.9872544, 0.0 ], [ 115.7767362, 35.9869646, 0.0 ], [ 115.7754758, 35.9867347, 0.0 ], [ 115.7742853, 35.9863249, 0.0 ], [ 115.7733648, 35.9854551, 0.0 ], [ 115.7726747, 35.9847153, 0.0 ], [ 115.7728648, 35.9838854, 0.0 ], [ 115.7728946, 35.9836854, 0.0 ], [ 115.7729749, 35.9826557, 0.0 ], [ 115.7736852, 35.9818657, 0.0 ], [ 115.7744552, 35.9811158, 0.0 ], [ 115.7760158, 35.9802059, 0.0 ], [ 115.7772164, 35.9794659, 0.0 ], [ 115.778767, 35.977816, 0.0 ], [ 115.7788573, 35.9768962, 0.0 ], [ 115.7778767, 35.9751766, 0.0 ], [ 115.7769662, 35.9742568, 0.0 ], [ 115.775996, 35.973287, 0.0 ], [ 115.7751558, 35.9724172, 0.0 ], [ 115.7737651, 35.9707576, 0.0 ], [ 115.7727848, 35.9692079, 0.0 ], [ 115.7720944, 35.9682382, 0.0 ], [ 115.7715443, 35.9667385, 0.0 ], [ 115.771054, 35.9657087, 0.0 ], [ 115.7693832, 35.9639291, 0.0 ], [ 115.768053, 35.9626094, 0.0 ], [ 115.7656018, 35.9607699, 0.0 ], [ 115.7641312, 35.96019, 0.0 ], [ 115.7627408, 35.9594402, 0.0 ], [ 115.7604898, 35.9585706, 0.0 ], [ 115.7568484, 35.957351, 0.0 ], [ 115.7527768, 35.9559614, 0.0 ], [ 115.7500656, 35.9551117, 0.0 ], [ 115.7498255, 35.9550317, 0.0 ], [ 115.7442732, 35.9531523, 0.0 ], [ 115.7439931, 35.9530523, 0.0 ], [ 115.7428026, 35.9525924, 0.0 ], [ 115.741332, 35.9518426, 0.0 ], [ 115.7392912, 35.9509829, 0.0 ], [ 115.7366304, 35.9498732, 0.0 ], [ 115.7351198, 35.9496032, 0.0 ], [ 115.7336089, 35.9493333, 0.0 ], [ 115.7306479, 35.9486336, 0.0 ], [ 115.7281268, 35.9475938, 0.0 ], [ 115.7265763, 35.947184, 0.0 ], [ 115.7250258, 35.9469441, 0.0 ], [ 115.7237651, 35.9467142, 0.0 ], [ 115.7219946, 35.9468142, 0.0 ], [ 115.7196733, 35.9470343, 0.0 ], [ 115.7177628, 35.9472443, 0.0 ], [ 115.7156518, 35.9475845, 0.0 ], [ 115.7127606, 35.9477246, 0.0 ], [ 115.71106, 35.9480646, 0.0 ], [ 115.7095094, 35.9483346, 0.0 ], [ 115.708379, 35.9485547, 0.0 ], [ 115.7071784, 35.9486647, 0.0 ], [ 115.705908, 35.9487648, 0.0 ], [ 115.7039374, 35.9487649, 0.0 ], [ 115.7023865, 35.948585, 0.0 ], [ 115.7003456, 35.9485051, 0.0 ], [ 115.6983779, 35.9484374, 0.0 ], [ 115.6968202, 35.9480297, 0.0 ], [ 115.6952826, 35.947622, 0.0 ], [ 115.6938048, 35.9470941, 0.0 ], [ 115.6919875, 35.9456569, 0.0 ], [ 115.6913586, 35.9449079, 0.0 ], [ 115.690919, 35.9440587, 0.0 ], [ 115.6907992, 35.9438689, 0.0 ], [ 115.6903999, 35.9421596, 0.0 ], [ 115.689641, 35.9403809, 0.0 ], [ 115.6893016, 35.9381417, 0.0 ], [ 115.689042, 35.9368322, 0.0 ], [ 115.6886924, 35.9355729, 0.0 ], [ 115.688353, 35.9347035, 0.0 ], [ 115.687724, 35.9337244, 0.0 ], [ 115.6863262, 35.9328066, 0.0 ], [ 115.6851277, 35.9322285, 0.0 ], [ 115.68366, 35.9315906, 0.0 ], [ 115.6826117, 35.9310123, 0.0 ], [ 115.6814932, 35.930594, 0.0 ], [ 115.6798757, 35.9301964, 0.0 ], [ 115.6774093, 35.9298301, 0.0 ], [ 115.674394, 35.9293045, 0.0 ], [ 115.6729162, 35.9291267, 0.0 ], [ 115.671578, 35.9288287, 0.0 ], [ 115.67038, 35.9285305, 0.0 ], [ 115.6685627, 35.9281233, 0.0 ], [ 115.6672944, 35.9278352, 0.0 ], [ 115.6645487, 35.9273593, 0.0 ], [ 115.6658368, 35.9258176, 0.0 ], [ 115.6666856, 35.9247365, 0.0 ], [ 115.6678236, 35.9237749, 0.0 ], [ 115.6687423, 35.9230337, 0.0 ], [ 115.6693813, 35.9220629, 0.0 ], [ 115.6704397, 35.9213214, 0.0 ], [ 115.6714484, 35.92035, 0.0 ], [ 115.6723571, 35.9195088, 0.0 ], [ 115.6732855, 35.9188275, 0.0 ], [ 115.6742042, 35.9178463, 0.0 ], [ 115.6748832, 35.9167754, 0.0 ], [ 115.674953, 35.9166553, 0.0 ], [ 115.6751327, 35.9163751, 0.0 ], [ 115.6753526, 35.9151649, 0.0 ], [ 115.6762811, 35.9135837, 0.0 ], [ 115.6767905, 35.912723, 0.0 ], [ 115.6775692, 35.9114621, 0.0 ], [ 115.6783478, 35.910551, 0.0 ], [ 115.679137, 35.90958, 0.0 ], [ 115.6798458, 35.908789, 0.0 ], [ 115.6810439, 35.9079873, 0.0 ], [ 115.6831009, 35.9072644, 0.0 ], [ 115.6847882, 35.9071018, 0.0 ], [ 115.6871747, 35.9074582, 0.0 ], [ 115.6893516, 35.907815, 0.0 ], [ 115.6907596, 35.9078228, 0.0 ], [ 115.6919576, 35.907701, 0.0 ], [ 115.6930758, 35.9075994, 0.0 ], [ 115.6955522, 35.9067058, 0.0 ], [ 115.6972496, 35.9055634, 0.0 ], [ 115.6991069, 35.9042808, 0.0 ], [ 115.6992368, 35.9042006, 0.0 ], [ 115.7000058, 35.9034596, 0.0 ], [ 115.7012161, 35.9026697, 0.0 ], [ 115.7024966, 35.9013698, 0.0 ], [ 115.7034269, 35.8997101, 0.0 ], [ 115.7033671, 35.8985606, 0.0 ], [ 115.7028872, 35.8969514, 0.0 ], [ 115.701907, 35.8959219, 0.0 ], [ 115.7012766, 35.8949425, 0.0 ], [ 115.7003762, 35.8940729, 0.0 ], [ 115.6986983, 35.8925255, 0.0 ], [ 115.6972306, 35.8913183, 0.0 ], [ 115.696462, 35.8903999, 0.0 ], [ 115.6959126, 35.8894712, 0.0 ], [ 115.6954334, 35.8881025, 0.0 ], [ 115.6955836, 35.8865631, 0.0 ], [ 115.6958032, 35.8853934, 0.0 ], [ 115.6958233, 35.8852734, 0.0 ], [ 115.6961628, 35.8843333, 0.0 ], [ 115.6963424, 35.8840433, 0.0 ], [ 115.696732, 35.883423, 0.0 ], [ 115.6972414, 35.8823327, 0.0 ], [ 115.6980204, 35.8813121, 0.0 ], [ 115.6988693, 35.8802814, 0.0 ], [ 115.7004281, 35.8786906, 0.0 ], [ 115.7017086, 35.8771014, 0.0 ], [ 115.702569, 35.8763018, 0.0 ], [ 115.7038394, 35.8755621, 0.0 ], [ 115.70476, 35.8745426, 0.0 ], [ 115.7052802, 35.8741728, 0.0 ], [ 115.7056106, 35.873923, 0.0 ], [ 115.7062507, 35.8730634, 0.0 ], [ 115.7072515, 35.871754, 0.0 ], [ 115.7078916, 35.8706746, 0.0 ], [ 115.708392, 35.869705, 0.0 ], [ 115.7089025, 35.8687355, 0.0 ], [ 115.7094025, 35.8671964, 0.0 ], [ 115.7093028, 35.8664567, 0.0 ], [ 115.7094227, 35.8661169, 0.0 ], [ 115.7090126, 35.8648474, 0.0 ], [ 115.7082527, 35.863758, 0.0 ], [ 115.7075525, 35.8620889, 0.0 ], [ 115.7070024, 35.8612893, 0.0 ], [ 115.705962, 35.8592203, 0.0 ], [ 115.704922, 35.8576111, 0.0 ], [ 115.7039215, 35.8566816, 0.0 ], [ 115.7035813, 35.8563417, 0.0 ], [ 115.7022612, 35.8550824, 0.0 ], [ 115.7016409, 35.8534632, 0.0 ], [ 115.6996109, 35.8517845, 0.0 ], [ 115.6985028, 35.8505267, 0.0 ], [ 115.6983131, 35.8503271, 0.0 ], [ 115.6973148, 35.849329, 0.0 ], [ 115.6964062, 35.8484608, 0.0 ], [ 115.695787, 35.8476521, 0.0 ], [ 115.6950781, 35.8466236, 0.0 ], [ 115.6943894, 35.8454152, 0.0 ], [ 115.6938404, 35.8444965, 0.0 ], [ 115.6943398, 35.8430665, 0.0 ], [ 115.6957477, 35.8422149, 0.0 ], [ 115.6973155, 35.841523, 0.0 ], [ 115.6997718, 35.8402901, 0.0 ], [ 115.700832, 35.8392703, 0.0 ], [ 115.701592, 35.8415092, 0.0 ], [ 115.7020722, 35.8425986, 0.0 ], [ 115.7029726, 35.843808, 0.0 ], [ 115.7040929, 35.8452373, 0.0 ], [ 115.704783, 35.8461068, 0.0 ], [ 115.7056834, 35.8470264, 0.0 ], [ 115.7065236, 35.8475062, 0.0 ], [ 115.7067936, 35.8479559, 0.0 ], [ 115.7071835, 35.8484257, 0.0 ], [ 115.7078938, 35.8489255, 0.0 ], [ 115.7088042, 35.8494552, 0.0 ], [ 115.7099947, 35.849825, 0.0 ], [ 115.7113451, 35.8498949, 0.0 ], [ 115.7125158, 35.849725, 0.0 ], [ 115.7136563, 35.8494652, 0.0 ], [ 115.7148868, 35.8491653, 0.0 ], [ 115.715997, 35.8487455, 0.0 ], [ 115.7169474, 35.8482758, 0.0 ], [ 115.7175277, 35.847886, 0.0 ], [ 115.7181883, 35.8474362, 0.0 ], [ 115.7187586, 35.8470464, 0.0 ], [ 115.7188784, 35.8468165, 0.0 ], [ 115.719989, 35.8461968, 0.0 ], [ 115.7216299, 35.8447175, 0.0 ], [ 115.7225501, 35.843868, 0.0 ], [ 115.7241809, 35.8424587, 0.0 ], [ 115.7252414, 35.8414292, 0.0 ], [ 115.7260619, 35.8403697, 0.0 ], [ 115.7264122, 35.8396301, 0.0 ], [ 115.7266325, 35.8392203, 0.0 ], [ 115.7267524, 35.8387305, 0.0 ], [ 115.7270425, 35.837831, 0.0 ], [ 115.7272229, 35.8372013, 0.0 ], [ 115.7274529, 35.8367515, 0.0 ], [ 115.7277931, 35.8359019, 0.0 ], [ 115.7280833, 35.8354522, 0.0 ], [ 115.7287136, 35.8343328, 0.0 ], [ 115.729214, 35.833713, 0.0 ], [ 115.7293739, 35.8334332, 0.0 ], [ 115.7294142, 35.8333732, 0.0 ], [ 115.7297242, 35.8328335, 0.0 ], [ 115.7303545, 35.8320739, 0.0 ], [ 115.7309147, 35.8314042, 0.0 ], [ 115.7315353, 35.8307446, 0.0 ], [ 115.7322056, 35.8302048, 0.0 ], [ 115.7327658, 35.8296251, 0.0 ], [ 115.733286, 35.8289054, 0.0 ], [ 115.7340064, 35.8284657, 0.0 ], [ 115.7347969, 35.827756, 0.0 ], [ 115.7356372, 35.8269565, 0.0 ], [ 115.7363676, 35.8265966, 0.0 ], [ 115.7370977, 35.8262468, 0.0 ], [ 115.7381482, 35.8260769, 0.0 ], [ 115.7392588, 35.8258669, 0.0 ], [ 115.7405994, 35.8256971, 0.0 ], [ 115.7418198, 35.8253972, 0.0 ], [ 115.7428202, 35.8253172, 0.0 ] ] ] } },
{ "type": "Feature", "properties": { "Name": "濮阳县", "AdminCode": "410928", "Kind": "0137", "CityAdCode": "410900", "CityName": "濮阳市", "ProName": "河南省", "Shape_Leng": 2.0825689914900001, "Shape_Area": 0.14289918142, "sheng": 410000 }, "geometry": { "type": "Polygon", "coordinates": [ [ [ 115.3574528, 35.7785483, 0.0 ], [ 115.3572131, 35.7791585, 0.0 ], [ 115.3562846, 35.7793798, 0.0 ], [ 115.3553764, 35.7798709, 0.0 ], [ 115.3552766, 35.779941, 0.0 ], [ 115.355047, 35.7801413, 0.0 ], [ 115.3547672, 35.7803816, 0.0 ], [ 115.3545678, 35.7805019, 0.0 ], [ 115.3540386, 35.7807925, 0.0 ], [ 115.3534298, 35.7813932, 0.0 ], [ 115.3525813, 35.7818943, 0.0 ], [ 115.3519621, 35.782395, 0.0 ], [ 115.3513832, 35.7831657, 0.0 ], [ 115.3503551, 35.7838169, 0.0 ], [ 115.349337, 35.7843582, 0.0 ], [ 115.3489378, 35.7848286, 0.0 ], [ 115.3479694, 35.7852398, 0.0 ], [ 115.3469812, 35.7856411, 0.0 ], [ 115.345993, 35.7860423, 0.0 ], [ 115.3451344, 35.7863534, 0.0 ], [ 115.3442858, 35.7867544, 0.0 ], [ 115.3435471, 35.7871654, 0.0 ], [ 115.3429384, 35.7876661, 0.0 ], [ 115.3423894, 35.7879668, 0.0 ], [ 115.341471, 35.7884779, 0.0 ], [ 115.3407424, 35.7889887, 0.0 ], [ 115.3400134, 35.7895896, 0.0 ], [ 115.3393848, 35.7900204, 0.0 ], [ 115.3385561, 35.7906113, 0.0 ], [ 115.3379372, 35.7912121, 0.0 ], [ 115.3373983, 35.7916627, 0.0 ], [ 115.3370088, 35.7918832, 0.0 ], [ 115.3365397, 35.7921338, 0.0 ], [ 115.3356314, 35.7926349, 0.0 ], [ 115.335212, 35.7928654, 0.0 ], [ 115.3343138, 35.7933965, 0.0 ], [ 115.3334153, 35.7939275, 0.0 ], [ 115.3326967, 35.7943484, 0.0 ], [ 115.3321477, 35.794809, 0.0 ], [ 115.3313492, 35.79525, 0.0 ], [ 115.3308002, 35.7955607, 0.0 ], [ 115.3298916, 35.7960718, 0.0 ], [ 115.3291032, 35.7967027, 0.0 ], [ 115.3286838, 35.7961733, 0.0 ], [ 115.328065, 35.7956742, 0.0 ], [ 115.3276855, 35.7949748, 0.0 ], [ 115.3271866, 35.7942756, 0.0 ], [ 115.3266872, 35.7936763, 0.0 ], [ 115.3261584, 35.7931771, 0.0 ], [ 115.3254496, 35.7924882, 0.0 ], [ 115.3249502, 35.791889, 0.0 ], [ 115.3242115, 35.7914, 0.0 ], [ 115.3235628, 35.790881, 0.0 ], [ 115.3227143, 35.7903022, 0.0 ], [ 115.322215, 35.7896029, 0.0 ], [ 115.3215961, 35.7891138, 0.0 ], [ 115.3209773, 35.7884148, 0.0 ], [ 115.3206979, 35.7881952, 0.0 ], [ 115.3199092, 35.7875563, 0.0 ], [ 115.3191204, 35.7869274, 0.0 ], [ 115.3186214, 35.7863382, 0.0 ], [ 115.3180022, 35.7858391, 0.0 ], [ 115.3172538, 35.7854402, 0.0 ], [ 115.3166346, 35.7848411, 0.0 ], [ 115.3157663, 35.7844423, 0.0 ], [ 115.315267, 35.7843929, 0.0 ], [ 115.3150376, 35.7842732, 0.0 ], [ 115.314858, 35.7842335, 0.0 ], [ 115.3139195, 35.7837548, 0.0 ], [ 115.3130508, 35.783466, 0.0 ], [ 115.3122923, 35.7830572, 0.0 ], [ 115.3114438, 35.7824784, 0.0 ], [ 115.3105852, 35.7819796, 0.0 ], [ 115.3098364, 35.7815906, 0.0 ], [ 115.308968, 35.7810918, 0.0 ], [ 115.3082293, 35.7807029, 0.0 ], [ 115.3073707, 35.7803042, 0.0 ], [ 115.3066219, 35.7799152, 0.0 ], [ 115.3057633, 35.7796164, 0.0 ], [ 115.3049051, 35.7794176, 0.0 ], [ 115.3040364, 35.7790288, 0.0 ], [ 115.3031778, 35.7789399, 0.0 ], [ 115.3021799, 35.7786413, 0.0 ], [ 115.3013213, 35.7784425, 0.0 ], [ 115.300872, 35.778353, 0.0 ], [ 115.3003428, 35.7782538, 0.0 ], [ 115.2993636, 35.7781644, 0.0 ], [ 115.2982537, 35.7781645, 0.0 ], [ 115.2971438, 35.7781746, 0.0 ], [ 115.296034, 35.7781847, 0.0 ], [ 115.295414, 35.7782548, 0.0 ], [ 115.2943142, 35.7783848, 0.0 ], [ 115.2933343, 35.7785949, 0.0 ], [ 115.2924847, 35.7789949, 0.0 ], [ 115.2918446, 35.7791949, 0.0 ], [ 115.2915048, 35.779305, 0.0 ], [ 115.2906347, 35.779515, 0.0 ], [ 115.2901548, 35.7802149, 0.0 ], [ 115.2897952, 35.7810148, 0.0 ], [ 115.2895651, 35.7817146, 0.0 ], [ 115.2895752, 35.7826144, 0.0 ], [ 115.2895853, 35.7835143, 0.0 ], [ 115.2893455, 35.7842242, 0.0 ], [ 115.2892555, 35.7847341, 0.0 ], [ 115.2891155, 35.785624, 0.0 ], [ 115.2891256, 35.7861238, 0.0 ], [ 115.2891256, 35.7870236, 0.0 ], [ 115.2891457, 35.7879235, 0.0 ], [ 115.2891558, 35.7888233, 0.0 ], [ 115.2891558, 35.7897231, 0.0 ], [ 115.289046, 35.7905229, 0.0 ], [ 115.2889859, 35.7907529, 0.0 ], [ 115.2890561, 35.7909029, 0.0 ], [ 115.2889362, 35.7914228, 0.0 ], [ 115.2889463, 35.7922327, 0.0 ], [ 115.2888361, 35.7929325, 0.0 ], [ 115.2878465, 35.7930326, 0.0 ], [ 115.2868565, 35.7930327, 0.0 ], [ 115.2862466, 35.7929627, 0.0 ], [ 115.2851368, 35.7928429, 0.0 ], [ 115.2844366, 35.792603, 0.0 ], [ 115.2834167, 35.7922632, 0.0 ], [ 115.2830369, 35.7920633, 0.0 ], [ 115.2827669, 35.7919333, 0.0 ], [ 115.2825469, 35.7918633, 0.0 ], [ 115.2821567, 35.7917234, 0.0 ], [ 115.2811368, 35.7913736, 0.0 ], [ 115.2801169, 35.7910338, 0.0 ], [ 115.279087, 35.7906839, 0.0 ], [ 115.2782273, 35.7902841, 0.0 ], [ 115.2773672, 35.7900942, 0.0 ], [ 115.2764975, 35.7896044, 0.0 ], [ 115.2757573, 35.7892045, 0.0 ], [ 115.2748876, 35.7888147, 0.0 ], [ 115.2742673, 35.7883049, 0.0 ], [ 115.2734076, 35.7878151, 0.0 ], [ 115.2729076, 35.7872252, 0.0 ], [ 115.2722876, 35.7867354, 0.0 ], [ 115.2719777, 35.7861555, 0.0 ], [ 115.2715374, 35.7853257, 0.0 ], [ 115.2714074, 35.7846359, 0.0 ], [ 115.2715176, 35.783936, 0.0 ], [ 115.2715075, 35.7830362, 0.0 ], [ 115.2714974, 35.7821264, 0.0 ], [ 115.2716072, 35.7814265, 0.0 ], [ 115.2716072, 35.7808266, 0.0 ], [ 115.2715972, 35.7799168, 0.0 ], [ 115.2715871, 35.779027, 0.0 ], [ 115.2714571, 35.7782271, 0.0 ], [ 115.271077, 35.7774274, 0.0 ], [ 115.2705769, 35.7768375, 0.0 ], [ 115.2697172, 35.7766376, 0.0 ], [ 115.2687272, 35.7765478, 0.0 ], [ 115.2678773, 35.7765478, 0.0 ], [ 115.2671476, 35.7765379, 0.0 ], [ 115.2667674, 35.776558, 0.0 ], [ 115.2656676, 35.7765681, 0.0 ], [ 115.2645577, 35.7765682, 0.0 ], [ 115.2634579, 35.7765783, 0.0 ], [ 115.262348, 35.7765784, 0.0 ], [ 115.2622181, 35.7765684, 0.0 ], [ 115.261488, 35.7764885, 0.0 ], [ 115.2606283, 35.7762986, 0.0 ], [ 115.2598784, 35.7758988, 0.0 ], [ 115.2588985, 35.7756089, 0.0 ], [ 115.2587286, 35.7755189, 0.0 ], [ 115.2580385, 35.7752091, 0.0 ], [ 115.2573286, 35.7749692, 0.0 ], [ 115.2565985, 35.7747693, 0.0 ], [ 115.2565787, 35.7746693, 0.0 ], [ 115.2563087, 35.7746194, 0.0 ], [ 115.2553288, 35.7744296, 0.0 ], [ 115.2544687, 35.7741397, 0.0 ], [ 115.2539089, 35.7738398, 0.0 ], [ 115.2528592, 35.77334, 0.0 ], [ 115.2518591, 35.7732501, 0.0 ], [ 115.2517594, 35.7732601, 0.0 ], [ 115.2510091, 35.7732602, 0.0 ], [ 115.2499493, 35.7732703, 0.0 ], [ 115.2487296, 35.7732604, 0.0 ], [ 115.2478696, 35.7733605, 0.0 ], [ 115.2468896, 35.7733705, 0.0 ], [ 115.24612, 35.7735506, 0.0 ], [ 115.24603, 35.7735706, 0.0 ], [ 115.2450601, 35.7737807, 0.0 ], [ 115.2444301, 35.7738608, 0.0 ], [ 115.2441202, 35.7738907, 0.0 ], [ 115.2433404, 35.7739908, 0.0 ], [ 115.2422406, 35.7741009, 0.0 ], [ 115.2413507, 35.774291, 0.0 ], [ 115.2402808, 35.774511, 0.0 ], [ 115.2400306, 35.774621, 0.0 ], [ 115.2394207, 35.7748211, 0.0 ], [ 115.2388109, 35.775431, 0.0 ], [ 115.2385808, 35.7761309, 0.0 ], [ 115.2385808, 35.7769207, 0.0 ], [ 115.2388411, 35.7776205, 0.0 ], [ 115.239101, 35.7784304, 0.0 ], [ 115.2394711, 35.7791202, 0.0 ], [ 115.2395708, 35.7794101, 0.0 ], [ 115.2396108, 35.77955, 0.0 ], [ 115.2396608, 35.77966, 0.0 ], [ 115.239721, 35.77982, 0.0 ], [ 115.2399708, 35.7806199, 0.0 ], [ 115.2401108, 35.7814197, 0.0 ], [ 115.240361, 35.7821195, 0.0 ], [ 115.2403711, 35.7828194, 0.0 ], [ 115.2403812, 35.7837192, 0.0 ], [ 115.2402912, 35.7839891, 0.0 ], [ 115.2400111, 35.7837192, 0.0 ], [ 115.2392612, 35.7832294, 0.0 ], [ 115.238651, 35.7827296, 0.0 ], [ 115.2379112, 35.7822297, 0.0 ], [ 115.2372913, 35.7815399, 0.0 ], [ 115.2367812, 35.7809501, 0.0 ], [ 115.2360414, 35.7804502, 0.0 ], [ 115.2360014, 35.7803903, 0.0 ], [ 115.2359014, 35.7802703, 0.0 ], [ 115.2355514, 35.7798505, 0.0 ], [ 115.2349315, 35.7792506, 0.0 ], [ 115.2343116, 35.7785608, 0.0 ], [ 115.2335718, 35.778061, 0.0 ], [ 115.2327218, 35.7774812, 0.0 ], [ 115.2316818, 35.7771214, 0.0 ], [ 115.2309719, 35.7768814, 0.0 ], [ 115.2302821, 35.7766516, 0.0 ], [ 115.229992, 35.7765917, 0.0 ], [ 115.2292522, 35.7762018, 0.0 ], [ 115.2283921, 35.7758919, 0.0 ], [ 115.2274122, 35.7757121, 0.0 ], [ 115.2264024, 35.7753523, 0.0 ], [ 115.2254426, 35.7749224, 0.0 ], [ 115.2244228, 35.7745726, 0.0 ], [ 115.2234727, 35.7740428, 0.0 ], [ 115.2226829, 35.773403, 0.0 ], [ 115.2222329, 35.7730431, 0.0 ], [ 115.2213728, 35.7725533, 0.0 ], [ 115.220943, 35.7723334, 0.0 ], [ 115.220453, 35.7720635, 0.0 ], [ 115.2198932, 35.7717636, 0.0 ], [ 115.2191534, 35.7712738, 0.0 ], [ 115.2182833, 35.770774, 0.0 ], [ 115.2176735, 35.7701842, 0.0 ], [ 115.2171634, 35.7693844, 0.0 ], [ 115.2164635, 35.7686946, 0.0 ], [ 115.2159336, 35.7681947, 0.0 ], [ 115.2152039, 35.767515, 0.0 ], [ 115.2151736, 35.7674949, 0.0 ], [ 115.2145638, 35.7669051, 0.0 ], [ 115.2140738, 35.7663153, 0.0 ], [ 115.2133538, 35.7656355, 0.0 ], [ 115.2125442, 35.7649857, 0.0 ], [ 115.211974, 35.7645259, 0.0 ], [ 115.2112342, 35.764026, 0.0 ], [ 115.2107341, 35.7633362, 0.0 ], [ 115.2101243, 35.7627364, 0.0 ], [ 115.2094943, 35.7622366, 0.0 ], [ 115.2087545, 35.7617567, 0.0 ], [ 115.2081446, 35.7612569, 0.0 ], [ 115.2074048, 35.760757, 0.0 ], [ 115.2066647, 35.7601673, 0.0 ], [ 115.2059249, 35.7597674, 0.0 ], [ 115.2052949, 35.7592676, 0.0 ], [ 115.2045551, 35.7587878, 0.0 ], [ 115.2037753, 35.7581579, 0.0 ], [ 115.2027353, 35.7576482, 0.0 ], [ 115.2019753, 35.7572983, 0.0 ], [ 115.2010454, 35.7568085, 0.0 ], [ 115.2004957, 35.7565186, 0.0 ], [ 115.199555, 35.7560382, 0.0 ], [ 115.1986136, 35.755487, 0.0 ], [ 115.1976622, 35.7550258, 0.0 ], [ 115.1969112, 35.7546348, 0.0 ], [ 115.1960497, 35.7541437, 0.0 ], [ 115.1953085, 35.7535427, 0.0 ], [ 115.1944571, 35.7531516, 0.0 ], [ 115.1935859, 35.7530604, 0.0 ], [ 115.1926045, 35.7526691, 0.0 ], [ 115.1915929, 35.7523078, 0.0 ], [ 115.1906414, 35.7518766, 0.0 ], [ 115.1896597, 35.7515852, 0.0 ], [ 115.1889088, 35.7511843, 0.0 ], [ 115.1878471, 35.7509528, 0.0 ], [ 115.1871858, 35.750802, 0.0 ], [ 115.1868553, 35.7506215, 0.0 ], [ 115.1866552, 35.7505113, 0.0 ], [ 115.186455, 35.750401, 0.0 ], [ 115.1860442, 35.7503105, 0.0 ], [ 115.185974, 35.7502903, 0.0 ], [ 115.1855935, 35.7502099, 0.0 ], [ 115.1849927, 35.750029, 0.0 ], [ 115.1846122, 35.7499185, 0.0 ], [ 115.1837406, 35.7496274, 0.0 ], [ 115.1827592, 35.7492361, 0.0 ], [ 115.1818978, 35.7490349, 0.0 ], [ 115.1810366, 35.7487338, 0.0 ], [ 115.179975, 35.7484823, 0.0 ], [ 115.1789533, 35.7483509, 0.0 ], [ 115.1778614, 35.7481795, 0.0 ], [ 115.1772505, 35.7480886, 0.0 ], [ 115.1771303, 35.7480584, 0.0 ], [ 115.17678, 35.7480079, 0.0 ], [ 115.1764895, 35.7479675, 0.0 ], [ 115.1754077, 35.7477861, 0.0 ], [ 115.1744062, 35.7475847, 0.0 ], [ 115.173545, 35.7472836, 0.0 ], [ 115.1724431, 35.7471821, 0.0 ], [ 115.1715719, 35.7471008, 0.0 ], [ 115.1704804, 35.7471094, 0.0 ], [ 115.1693683, 35.7471177, 0.0 ], [ 115.1682667, 35.7471262, 0.0 ], [ 115.1672854, 35.7472348, 0.0 ], [ 115.166434, 35.7473336, 0.0 ], [ 115.1659231, 35.7474729, 0.0 ], [ 115.1650717, 35.7476917, 0.0 ], [ 115.1641004, 35.7478502, 0.0 ], [ 115.163249, 35.748059, 0.0 ], [ 115.1623976, 35.7484677, 0.0 ], [ 115.1615462, 35.7487665, 0.0 ], [ 115.160805, 35.7492754, 0.0 ], [ 115.1599637, 35.7498641, 0.0 ], [ 115.1598136, 35.7499939, 0.0 ], [ 115.1597837, 35.7500237, 0.0 ], [ 115.1593427, 35.7503831, 0.0 ], [ 115.1587418, 35.7511321, 0.0 ], [ 115.1583714, 35.7515914, 0.0 ], [ 115.15752, 35.7521002, 0.0 ], [ 115.1570894, 35.7526395, 0.0 ], [ 115.157039, 35.7526994, 0.0 ], [ 115.1564281, 35.7532984, 0.0 ], [ 115.155697, 35.7538073, 0.0 ], [ 115.1548358, 35.7539161, 0.0 ], [ 115.1545853, 35.7544157, 0.0 ], [ 115.1544852, 35.7546154, 0.0 ], [ 115.1535636, 35.755124, 0.0 ], [ 115.1522615, 35.7558121, 0.0 ], [ 115.151931, 35.7560116, 0.0 ], [ 115.151891, 35.7560515, 0.0 ], [ 115.1516707, 35.7561312, 0.0 ], [ 115.150689, 35.7564397, 0.0 ], [ 115.1498279, 35.7567385, 0.0 ], [ 115.1490967, 35.7571474, 0.0 ], [ 115.1482554, 35.7572462, 0.0 ], [ 115.1473838, 35.7575649, 0.0 ], [ 115.1465324, 35.7577737, 0.0 ], [ 115.1455612, 35.7580723, 0.0 ], [ 115.1453106, 35.7581419, 0.0 ], [ 115.1446896, 35.758281, 0.0 ], [ 115.1437583, 35.7587696, 0.0 ], [ 115.1426567, 35.7590381, 0.0 ], [ 115.1420054, 35.7591971, 0.0 ], [ 115.1412743, 35.759596, 0.0 ], [ 115.1403329, 35.7600846, 0.0 ], [ 115.1394012, 35.7605632, 0.0 ], [ 115.13858, 35.7610219, 0.0 ], [ 115.1377589, 35.7616207, 0.0 ], [ 115.136627, 35.762129, 0.0 ], [ 115.1357756, 35.7626277, 0.0 ], [ 115.1349242, 35.7630464, 0.0 ], [ 115.1340628, 35.7632452, 0.0 ], [ 115.1333316, 35.7637441, 0.0 ], [ 115.1326206, 35.7644429, 0.0 ], [ 115.131749, 35.7648616, 0.0 ], [ 115.1308879, 35.7651603, 0.0 ], [ 115.1301564, 35.7656692, 0.0 ], [ 115.1293054, 35.7659779, 0.0 ], [ 115.1284439, 35.7661767, 0.0 ], [ 115.1277026, 35.7665856, 0.0 ], [ 115.126731, 35.7668941, 0.0 ], [ 115.1260402, 35.7670532, 0.0 ], [ 115.1258699, 35.767093, 0.0 ], [ 115.1258198, 35.7670328, 0.0 ], [ 115.1253691, 35.7664024, 0.0 ], [ 115.1250286, 35.765752, 0.0 ], [ 115.1249987, 35.765702, 0.0 ], [ 115.1247481, 35.7650018, 0.0 ], [ 115.1242474, 35.7642013, 0.0 ], [ 115.1236364, 35.7635105, 0.0 ], [ 115.1231357, 35.7629, 0.0 ], [ 115.1224146, 35.7622291, 0.0 ], [ 115.1217137, 35.7614882, 0.0 ], [ 115.1210326, 35.7609074, 0.0 ], [ 115.1208623, 35.7607372, 0.0 ], [ 115.1207222, 35.760597, 0.0 ], [ 115.1204119, 35.7603167, 0.0 ], [ 115.1198611, 35.759536, 0.0 ], [ 115.1191699, 35.7587352, 0.0 ], [ 115.1189996, 35.7585151, 0.0 ], [ 115.1185691, 35.7579545, 0.0 ], [ 115.1179182, 35.7572338, 0.0 ], [ 115.1175478, 35.7564335, 0.0 ], [ 115.117047, 35.7557429, 0.0 ], [ 115.1169667, 35.7556127, 0.0 ], [ 115.1165063, 35.7549522, 0.0 ], [ 115.115805, 35.7541414, 0.0 ], [ 115.1151844, 35.7535507, 0.0 ], [ 115.1144633, 35.7528598, 0.0 ], [ 115.1142228, 35.7526295, 0.0 ], [ 115.1137321, 35.7521589, 0.0 ], [ 115.1130211, 35.7514681, 0.0 ], [ 115.1125906, 35.7510476, 0.0 ], [ 115.1119696, 35.7503468, 0.0 ], [ 115.1115487, 35.7500163, 0.0 ], [ 115.1114288, 35.7499262, 0.0 ], [ 115.1111783, 35.7497258, 0.0 ], [ 115.1103971, 35.7490849, 0.0 ], [ 115.1098664, 35.7486642, 0.0 ], [ 115.1092454, 35.7480635, 0.0 ], [ 115.1086244, 35.7475727, 0.0 ], [ 115.1077532, 35.7470816, 0.0 ], [ 115.1068118, 35.7466004, 0.0 ], [ 115.1060306, 35.7460794, 0.0 ], [ 115.10554, 35.7459088, 0.0 ], [ 115.1054096, 35.7458585, 0.0 ], [ 115.1052797, 35.7458184, 0.0 ], [ 115.105009, 35.7457181, 0.0 ], [ 115.1041781, 35.745187, 0.0 ], [ 115.1034368, 35.744796, 0.0 ], [ 115.1025754, 35.7444949, 0.0 ], [ 115.101594, 35.7443035, 0.0 ], [ 115.1007228, 35.7441024, 0.0 ], [ 115.0996324, 35.743982, 0.0 ], [ 115.0990139, 35.7439131, 0.0 ], [ 115.0980264, 35.743625, 0.0 ], [ 115.0975181, 35.7434461, 0.0 ], [ 115.0971689, 35.7433268, 0.0 ], [ 115.0961915, 35.7430387, 0.0 ], [ 115.0953336, 35.7427404, 0.0 ], [ 115.094466, 35.7422422, 0.0 ], [ 115.0942068, 35.7421226, 0.0 ], [ 115.0940372, 35.742033, 0.0 ], [ 115.0935286, 35.741774, 0.0 ], [ 115.0926908, 35.7411258, 0.0 ], [ 115.0923816, 35.7408664, 0.0 ], [ 115.0921224, 35.740657, 0.0 ], [ 115.0916238, 35.740068, 0.0 ], [ 115.0911349, 35.7392692, 0.0 ], [ 115.0906363, 35.7386802, 0.0 ], [ 115.0900182, 35.7380816, 0.0 ], [ 115.0895495, 35.7377225, 0.0 ], [ 115.0878442, 35.7361562, 0.0 ], [ 115.0873758, 35.7334077, 0.0 ], [ 115.0863786, 35.7319599, 0.0 ], [ 115.0860492, 35.7315007, 0.0 ], [ 115.0855906, 35.7306817, 0.0 ], [ 115.0851917, 35.7297528, 0.0 ], [ 115.0848029, 35.7289137, 0.0 ], [ 115.0845437, 35.7282143, 0.0 ], [ 115.083437, 35.726137, 0.0 ], [ 115.0815121, 35.7257109, 0.0 ], [ 115.0745206, 35.7264042, 0.0 ], [ 115.0724959, 35.7265882, 0.0 ], [ 115.0636691, 35.7273752, 0.0 ], [ 115.0635492, 35.7273953, 0.0 ], [ 115.0603578, 35.7276915, 0.0 ], [ 115.0533961, 35.7283148, 0.0 ], [ 115.050334, 35.7286207, 0.0 ], [ 115.0501543, 35.728621, 0.0 ], [ 115.0477207, 35.7288656, 0.0 ], [ 115.0397618, 35.7296709, 0.0 ], [ 115.0396222, 35.7296811, 0.0 ], [ 115.0389238, 35.7297524, 0.0 ], [ 115.0328898, 35.730054, 0.0 ], [ 115.0258082, 35.7305876, 0.0 ], [ 115.0238135, 35.7308014, 0.0 ], [ 115.0215991, 35.7310355, 0.0 ], [ 115.0215196, 35.7310357, 0.0 ], [ 115.02139, 35.731006, 0.0 ], [ 115.0213, 35.7310062, 0.0 ], [ 115.0145377, 35.7317789, 0.0 ], [ 115.0123932, 35.7318331, 0.0 ], [ 115.0081045, 35.7319313, 0.0 ], [ 115.007486, 35.7319725, 0.0 ], [ 115.004903, 35.7321675, 0.0 ], [ 115.002599, 35.7323418, 0.0 ], [ 115.0025191, 35.732352, 0.0 ], [ 115.0023895, 35.7323522, 0.0 ], [ 115.0023197, 35.7323624, 0.0 ], [ 115.0012624, 35.7324444, 0.0 ], [ 115.0000157, 35.7325068, 0.0 ], [ 114.9942492, 35.7327974, 0.0 ], [ 114.9932718, 35.7324194, 0.0 ], [ 114.9921047, 35.7319617, 0.0 ], [ 114.9905596, 35.7275963, 0.0 ], [ 114.9905196, 35.7274864, 0.0 ], [ 114.9904696, 35.7273266, 0.0 ], [ 114.9861341, 35.7117404, 0.0 ], [ 114.9849976, 35.7092033, 0.0 ], [ 114.9839107, 35.7067762, 0.0 ], [ 114.9833725, 35.704638, 0.0 ], [ 114.9832836, 35.7008196, 0.0 ], [ 114.9832638, 35.7007197, 0.0 ], [ 114.9821064, 35.6955638, 0.0 ], [ 114.9813778, 35.6933261, 0.0 ], [ 114.9804598, 35.6912486, 0.0 ], [ 114.9787235, 35.6889227, 0.0 ], [ 114.978105, 35.6888539, 0.0 ], [ 114.9774764, 35.688785, 0.0 ], [ 114.9763889, 35.6885671, 0.0 ], [ 114.9755008, 35.6883888, 0.0 ], [ 114.9744035, 35.6883907, 0.0 ], [ 114.9735355, 35.6882024, 0.0 ], [ 114.9724282, 35.6881945, 0.0 ], [ 114.9712009, 35.6880067, 0.0 ], [ 114.9700936, 35.6880087, 0.0 ], [ 114.9691457, 35.6880204, 0.0 ], [ 114.9689959, 35.6880207, 0.0 ], [ 114.9678785, 35.6880227, 0.0 ], [ 114.9675192, 35.6880234, 0.0 ], [ 114.9666613, 35.6883248, 0.0 ], [ 114.9656735, 35.6883366, 0.0 ], [ 114.9646957, 35.6884383, 0.0 ], [ 114.9637183, 35.6884301, 0.0 ], [ 114.9626405, 35.688632, 0.0 ], [ 114.9616328, 35.6888436, 0.0 ], [ 114.9606551, 35.6891453, 0.0 ], [ 114.9597972, 35.6893467, 0.0 ], [ 114.9588097, 35.6895585, 0.0 ], [ 114.957832, 35.6898601, 0.0 ], [ 114.9567743, 35.6901119, 0.0 ], [ 114.9557069, 35.6903637, 0.0 ], [ 114.955258, 35.6904645, 0.0 ], [ 114.9543299, 35.6909459, 0.0 ], [ 114.953422, 35.6912774, 0.0 ], [ 114.9526937, 35.6916785, 0.0 ], [ 114.951676, 35.6920402, 0.0 ], [ 114.9506683, 35.6923919, 0.0 ], [ 114.9501197, 35.6925928, 0.0 ], [ 114.9495012, 35.6930937, 0.0 ], [ 114.948653, 35.6934951, 0.0 ], [ 114.9477952, 35.6937965, 0.0 ], [ 114.946947, 35.6942078, 0.0 ], [ 114.9459595, 35.6944095, 0.0 ], [ 114.9451013, 35.6947109, 0.0 ], [ 114.9442434, 35.6948124, 0.0 ], [ 114.9432656, 35.6949241, 0.0 ], [ 114.9421583, 35.6949261, 0.0 ], [ 114.9410606, 35.6949281, 0.0 ], [ 114.9402028, 35.6949296, 0.0 ], [ 114.9393445, 35.6947312, 0.0 ], [ 114.9386065, 35.6943428, 0.0 ], [ 114.9379877, 35.6938441, 0.0 ], [ 114.9377584, 35.6937546, 0.0 ], [ 114.9370002, 35.6934362, 0.0 ], [ 114.936142, 35.6932478, 0.0 ], [ 114.9350843, 35.6929698, 0.0 ], [ 114.9339571, 35.692762, 0.0 ], [ 114.933069, 35.6926636, 0.0 ], [ 114.9320912, 35.6923655, 0.0 ], [ 114.9313529, 35.691967, 0.0 ], [ 114.9308442, 35.691728, 0.0 ], [ 114.9304849, 35.6915787, 0.0 ], [ 114.929627, 35.6912805, 0.0 ], [ 114.9287688, 35.6908822, 0.0 ], [ 114.9284297, 35.6907629, 0.0 ], [ 114.9279109, 35.6905839, 0.0 ], [ 114.9269231, 35.6903858, 0.0 ], [ 114.9260652, 35.6901974, 0.0 ], [ 114.925207, 35.690099, 0.0 ], [ 114.9242292, 35.6899009, 0.0 ], [ 114.9231319, 35.6898029, 0.0 ], [ 114.922274, 35.6897145, 0.0 ], [ 114.9214057, 35.6896161, 0.0 ], [ 114.920428, 35.6894279, 0.0 ], [ 114.9195701, 35.6893295, 0.0 ], [ 114.9184728, 35.6892416, 0.0 ], [ 114.9180934, 35.6892422, 0.0 ], [ 114.9179537, 35.6892425, 0.0 ], [ 114.9173651, 35.6892436, 0.0 ], [ 114.9162678, 35.6891256, 0.0 ], [ 114.9153998, 35.6890472, 0.0 ], [ 114.9133745, 35.6894507, 0.0 ], [ 114.9130552, 35.6861629, 0.0 ], [ 114.9130451, 35.6852633, 0.0 ], [ 114.913035, 35.6843638, 0.0 ], [ 114.913035, 35.6834543, 0.0 ], [ 114.913035, 35.6825547, 0.0 ], [ 114.9130253, 35.6816551, 0.0 ], [ 114.9130253, 35.6807556, 0.0 ], [ 114.9130152, 35.679856, 0.0 ], [ 114.9130051, 35.6789565, 0.0 ], [ 114.9130051, 35.678057, 0.0 ], [ 114.9130051, 35.6774572, 0.0 ], [ 114.9131149, 35.6766574, 0.0 ], [ 114.9132344, 35.6757576, 0.0 ], [ 114.9132344, 35.674958, 0.0 ], [ 114.9133442, 35.6741581, 0.0 ], [ 114.9133442, 35.6732586, 0.0 ], [ 114.9133342, 35.6723591, 0.0 ], [ 114.9133244, 35.6714495, 0.0 ], [ 114.913454, 35.6705498, 0.0 ], [ 114.9135638, 35.66966, 0.0 ], [ 114.9136834, 35.6688501, 0.0 ], [ 114.9138331, 35.6679603, 0.0 ], [ 114.913913, 35.6674505, 0.0 ], [ 114.9139127, 35.6669607, 0.0 ], [ 114.9139127, 35.6666408, 0.0 ], [ 114.9139127, 35.6665508, 0.0 ], [ 114.913903, 35.6657413, 0.0 ], [ 114.913773, 35.6650519, 0.0 ], [ 114.9134141, 35.6643528, 0.0 ], [ 114.913035, 35.6635539, 0.0 ], [ 114.9122966, 35.6630555, 0.0 ], [ 114.9114586, 35.6624773, 0.0 ], [ 114.9105805, 35.6619592, 0.0 ], [ 114.909593, 35.6616712, 0.0 ], [ 114.9085253, 35.6614832, 0.0 ], [ 114.9076375, 35.661175, 0.0 ], [ 114.9066598, 35.6609868, 0.0 ], [ 114.9056719, 35.6606988, 0.0 ], [ 114.905183, 35.6603899, 0.0 ], [ 114.904814, 35.6602007, 0.0 ], [ 114.9041956, 35.6596021, 0.0 ], [ 114.9035771, 35.6591035, 0.0 ], [ 114.9030882, 35.6585146, 0.0 ], [ 114.9025493, 35.657726, 0.0 ], [ 114.9021004, 35.6568073, 0.0 ], [ 114.9017911, 35.6559484, 0.0 ], [ 114.9016014, 35.655419, 0.0 ], [ 114.9016014, 35.6545194, 0.0 ], [ 114.9015917, 35.6536099, 0.0 ], [ 114.9015816, 35.6527103, 0.0 ], [ 114.9015416, 35.6519607, 0.0 ], [ 114.9015816, 35.6518108, 0.0 ], [ 114.9015715, 35.6517908, 0.0 ], [ 114.9013321, 35.6510116, 0.0 ], [ 114.9009631, 35.6502128, 0.0 ], [ 114.9002248, 35.6496143, 0.0 ], [ 114.8992042, 35.649264, 0.0 ], [ 114.8985032, 35.649023, 0.0 ], [ 114.8975215, 35.6488317, 0.0 ], [ 114.8965301, 35.6485305, 0.0 ], [ 114.8956686, 35.6481394, 0.0 ], [ 114.8945969, 35.647918, 0.0 ], [ 114.8937055, 35.6477368, 0.0 ], [ 114.892844, 35.6476456, 0.0 ], [ 114.8918627, 35.6475443, 0.0 ], [ 114.8910012, 35.647443, 0.0 ], [ 114.8898992, 35.6473515, 0.0 ], [ 114.8887976, 35.6473598, 0.0 ], [ 114.887686, 35.6473583, 0.0 ], [ 114.886584, 35.6472667, 0.0 ], [ 114.8853823, 35.6470651, 0.0 ], [ 114.8843707, 35.6468638, 0.0 ], [ 114.8835092, 35.6465726, 0.0 ], [ 114.8825275, 35.6462714, 0.0 ], [ 114.8821369, 35.645951, 0.0 ], [ 114.8819166, 35.6457707, 0.0 ], [ 114.8812956, 35.6450802, 0.0 ], [ 114.8807948, 35.6442799, 0.0 ], [ 114.8804244, 35.6434698, 0.0 ], [ 114.8801742, 35.6426798, 0.0 ], [ 114.8800439, 35.64198, 0.0 ], [ 114.8796932, 35.64112, 0.0 ], [ 114.8794229, 35.64038, 0.0 ], [ 114.8791525, 35.6396299, 0.0 ], [ 114.8791828, 35.6395801, 0.0 ], [ 114.878862, 35.63872, 0.0 ], [ 114.8785517, 35.63788, 0.0 ], [ 114.8781913, 35.6371799, 0.0 ], [ 114.8775703, 35.6365793, 0.0 ], [ 114.8768291, 35.6359885, 0.0 ], [ 114.8762081, 35.635388, 0.0 ], [ 114.8757174, 35.6346876, 0.0 ], [ 114.8749762, 35.6339869, 0.0 ], [ 114.874195, 35.6333561, 0.0 ], [ 114.8737442, 35.6329957, 0.0 ], [ 114.8731236, 35.6323951, 0.0 ], [ 114.8723424, 35.6317643, 0.0 ], [ 114.8715511, 35.6311235, 0.0 ], [ 114.8710403, 35.6305031, 0.0 ], [ 114.8704394, 35.6297426, 0.0 ], [ 114.8699185, 35.6290023, 0.0 ], [ 114.8696784, 35.6281324, 0.0 ], [ 114.8694278, 35.6275224, 0.0 ], [ 114.8693177, 35.6272524, 0.0 ], [ 114.8690473, 35.6265124, 0.0 ], [ 114.8690376, 35.6256129, 0.0 ], [ 114.8690376, 35.6247133, 0.0 ], [ 114.8690376, 35.6238138, 0.0 ], [ 114.8694282, 35.6232246, 0.0 ], [ 114.8696186, 35.6229451, 0.0 ], [ 114.8702497, 35.6223063, 0.0 ], [ 114.8709809, 35.6217077, 0.0 ], [ 114.871712, 35.6212989, 0.0 ], [ 114.8726934, 35.6209006, 0.0 ], [ 114.8735549, 35.620492, 0.0 ], [ 114.874286, 35.6199933, 0.0 ], [ 114.8749769, 35.6196644, 0.0 ], [ 114.8751371, 35.6195947, 0.0 ], [ 114.8758783, 35.619196, 0.0 ], [ 114.8761087, 35.6184767, 0.0 ], [ 114.8766998, 35.6177179, 0.0 ], [ 114.8772506, 35.6168991, 0.0 ], [ 114.8774411, 35.6158899, 0.0 ], [ 114.8774411, 35.6149804, 0.0 ], [ 114.8774411, 35.6148904, 0.0 ], [ 114.877431, 35.6147005, 0.0 ], [ 114.877431, 35.6140808, 0.0 ], [ 114.877431, 35.6132812, 0.0 ], [ 114.877301, 35.6125814, 0.0 ], [ 114.8770505, 35.6117815, 0.0 ], [ 114.8768104, 35.6109016, 0.0 ], [ 114.8767902, 35.609982, 0.0 ], [ 114.8767902, 35.6090725, 0.0 ], [ 114.8767902, 35.608173, 0.0 ], [ 114.8769004, 35.6073736, 0.0 ], [ 114.8769007, 35.606474, 0.0 ], [ 114.8770206, 35.6056746, 0.0 ], [ 114.8771408, 35.6048753, 0.0 ], [ 114.8772514, 35.6041758, 0.0 ], [ 114.8775516, 35.6033166, 0.0 ], [ 114.8778522, 35.6024475, 0.0 ], [ 114.8779825, 35.6020779, 0.0 ], [ 114.8783429, 35.6013788, 0.0 ], [ 114.8784631, 35.6006693, 0.0 ], [ 114.8789441, 35.5999703, 0.0 ], [ 114.8799553, 35.599612, 0.0 ], [ 114.8809669, 35.5992636, 0.0 ], [ 114.8815177, 35.5990645, 0.0 ], [ 114.8823691, 35.5988659, 0.0 ], [ 114.8833508, 35.5984575, 0.0 ], [ 114.884212, 35.598059, 0.0 ], [ 114.8848229, 35.5975502, 0.0 ], [ 114.885554, 35.5970516, 0.0 ], [ 114.8862852, 35.5966528, 0.0 ], [ 114.8870164, 35.5960443, 0.0 ], [ 114.8878476, 35.5954558, 0.0 ], [ 114.8884787, 35.5949471, 0.0 ], [ 114.8892098, 35.5945484, 0.0 ], [ 114.8900612, 35.59404, 0.0 ], [ 114.8908025, 35.5935413, 0.0 ], [ 114.8915736, 35.5929028, 0.0 ], [ 114.8921446, 35.592434, 0.0 ], [ 114.8928757, 35.5919253, 0.0 ], [ 114.8937671, 35.5913969, 0.0 ], [ 114.8942178, 35.5911278, 0.0 ], [ 114.8948287, 35.590629, 0.0 ], [ 114.8956898, 35.5901206, 0.0 ], [ 114.896421, 35.5897219, 0.0 ], [ 114.8972526, 35.5891334, 0.0 ], [ 114.8978833, 35.5886147, 0.0 ], [ 114.8986145, 35.588216, 0.0 ], [ 114.8995962, 35.5878176, 0.0 ], [ 114.9004555, 35.5874075, 0.0 ], [ 114.9010639, 35.5869068, 0.0 ], [ 114.902032, 35.5864952, 0.0 ], [ 114.9028898, 35.5861938, 0.0 ], [ 114.9037477, 35.5859923, 0.0 ], [ 114.9047154, 35.5857807, 0.0 ], [ 114.9057032, 35.5856789, 0.0 ], [ 114.9067606, 35.585457, 0.0 ], [ 114.9076487, 35.5852655, 0.0 ], [ 114.9084965, 35.5851639, 0.0 ], [ 114.9095941, 35.5850519, 0.0 ], [ 114.9105816, 35.5849601, 0.0 ], [ 114.9116692, 35.5848182, 0.0 ], [ 114.9127567, 35.5846863, 0.0 ], [ 114.9131459, 35.5846356, 0.0 ], [ 114.9142532, 35.5846334, 0.0 ], [ 114.9153505, 35.5846214, 0.0 ], [ 114.9164478, 35.5845294, 0.0 ], [ 114.917306, 35.5844179, 0.0 ], [ 114.9182834, 35.5842162, 0.0 ], [ 114.9191316, 35.5841147, 0.0 ], [ 114.920239, 35.5841026, 0.0 ], [ 114.9210968, 35.584101, 0.0 ], [ 114.9221844, 35.5839691, 0.0 ], [ 114.9228029, 35.5838879, 0.0 ], [ 114.9239005, 35.5837859, 0.0 ], [ 114.9248779, 35.5836841, 0.0 ], [ 114.9252372, 35.5836435, 0.0 ], [ 114.9259756, 35.5835722, 0.0 ], [ 114.9268435, 35.5833707, 0.0 ], [ 114.9275318, 35.5832895, 0.0 ], [ 114.9278213, 35.583269, 0.0 ], [ 114.9286792, 35.5831574, 0.0 ], [ 114.9296569, 35.5829557, 0.0 ], [ 114.9307542, 35.5829537, 0.0 ], [ 114.931273, 35.5829627, 0.0 ], [ 114.9318518, 35.5829416, 0.0 ], [ 114.9329592, 35.5829395, 0.0 ], [ 114.9340565, 35.5829375, 0.0 ], [ 114.9351638, 35.5829253, 0.0 ], [ 114.9359022, 35.582924, 0.0 ], [ 114.93688, 35.5828222, 0.0 ], [ 114.9378574, 35.5828204, 0.0 ], [ 114.9389449, 35.5827184, 0.0 ], [ 114.9399328, 35.5826066, 0.0 ], [ 114.9409105, 35.582405, 0.0 ], [ 114.9417684, 35.5823034, 0.0 ], [ 114.9427462, 35.5821017, 0.0 ], [ 114.9438434, 35.5819897, 0.0 ], [ 114.9447017, 35.5817883, 0.0 ], [ 114.9457792, 35.5815864, 0.0 ], [ 114.9466669, 35.5813849, 0.0 ], [ 114.9475151, 35.5810835, 0.0 ], [ 114.9485627, 35.5807918, 0.0 ], [ 114.9493507, 35.5803706, 0.0 ], [ 114.9501989, 35.5800692, 0.0 ], [ 114.951037, 35.5794781, 0.0 ], [ 114.9517753, 35.5787772, 0.0 ], [ 114.9525238, 35.5782562, 0.0 ], [ 114.9530029, 35.5775558, 0.0 ], [ 114.9535814, 35.5767854, 0.0 ], [ 114.9540408, 35.5759251, 0.0 ], [ 114.95434, 35.575355, 0.0 ], [ 114.9548191, 35.5745447, 0.0 ], [ 114.9551885, 35.5737546, 0.0 ], [ 114.9554282, 35.5729448, 0.0 ], [ 114.9560366, 35.572444, 0.0 ], [ 114.9563959, 35.5716439, 0.0 ], [ 114.9566458, 35.5708441, 0.0 ], [ 114.9567556, 35.5700345, 0.0 ], [ 114.9569953, 35.5691547, 0.0 ], [ 114.9571152, 35.5683451, 0.0 ], [ 114.9573546, 35.5676452, 0.0 ], [ 114.9576941, 35.5667852, 0.0 ], [ 114.9578341, 35.5659356, 0.0 ], [ 114.9581333, 35.5650756, 0.0 ], [ 114.9583133, 35.5645357, 0.0 ], [ 114.9584231, 35.5638361, 0.0 ], [ 114.9585829, 35.5630064, 0.0 ], [ 114.9586628, 35.5629563, 0.0 ], [ 114.9589123, 35.5622364, 0.0 ], [ 114.9591319, 35.5613567, 0.0 ], [ 114.9594912, 35.5604766, 0.0 ], [ 114.9596312, 35.5597269, 0.0 ], [ 114.9598408, 35.5589871, 0.0 ], [ 114.9598609, 35.5589271, 0.0 ], [ 114.9598609, 35.5580278, 0.0 ], [ 114.9601007, 35.557228, 0.0 ], [ 114.9602105, 35.5565283, 0.0 ], [ 114.9602108, 35.555629, 0.0 ], [ 114.9602108, 35.5547297, 0.0 ], [ 114.960191, 35.5541901, 0.0 ], [ 114.9602011, 35.5538304, 0.0 ], [ 114.9601914, 35.552921, 0.0 ], [ 114.9601817, 35.5520318, 0.0 ], [ 114.9601817, 35.5511325, 0.0 ], [ 114.9600524, 35.5500435, 0.0 ], [ 114.9600524, 35.5492341, 0.0 ], [ 114.9599228, 35.5485349, 0.0 ], [ 114.9599131, 35.5476356, 0.0 ], [ 114.9599034, 35.5467363, 0.0 ], [ 114.9599034, 35.545837, 0.0 ], [ 114.9598937, 35.5449277, 0.0 ], [ 114.9601334, 35.5441279, 0.0 ], [ 114.9604927, 35.5433278, 0.0 ], [ 114.9606126, 35.5425282, 0.0 ], [ 114.9610518, 35.541698, 0.0 ], [ 114.9615806, 35.5410275, 0.0 ], [ 114.9619403, 35.5403274, 0.0 ], [ 114.9621898, 35.5395276, 0.0 ], [ 114.962549, 35.5387774, 0.0 ], [ 114.962539, 35.5387275, 0.0 ], [ 114.9626588, 35.5380179, 0.0 ], [ 114.9629087, 35.537228, 0.0 ], [ 114.962899, 35.5363287, 0.0 ], [ 114.9628889, 35.5355194, 0.0 ], [ 114.9630088, 35.5348196, 0.0 ], [ 114.9630091, 35.5339203, 0.0 ], [ 114.9629994, 35.533021, 0.0 ], [ 114.9629994, 35.5325115, 0.0 ], [ 114.9629897, 35.5321118, 0.0 ], [ 114.96298, 35.5312225, 0.0 ], [ 114.96298, 35.5303131, 0.0 ], [ 114.9629803, 35.5294139, 0.0 ], [ 114.9629706, 35.5285146, 0.0 ], [ 114.9629605, 35.5276152, 0.0 ], [ 114.9629508, 35.5269258, 0.0 ], [ 114.9631906, 35.5260461, 0.0 ], [ 114.9633403, 35.5251264, 0.0 ], [ 114.9634901, 35.5242369, 0.0 ], [ 114.9636499, 35.5233472, 0.0 ], [ 114.9637799, 35.5225276, 0.0 ], [ 114.9637802, 35.5216283, 0.0 ], [ 114.9637705, 35.520729, 0.0 ], [ 114.9638803, 35.5200194, 0.0 ], [ 114.9638807, 35.51912, 0.0 ], [ 114.9638807, 35.5182207, 0.0 ], [ 114.9637511, 35.5175215, 0.0 ], [ 114.9636215, 35.5167223, 0.0 ], [ 114.9633623, 35.5159234, 0.0 ], [ 114.9632428, 35.5150243, 0.0 ], [ 114.9628838, 35.5141756, 0.0 ], [ 114.9627445, 35.5133265, 0.0 ], [ 114.962485, 35.5126275, 0.0 ], [ 114.9623557, 35.5117384, 0.0 ], [ 114.9622362, 35.5109293, 0.0 ], [ 114.9619867, 35.5101304, 0.0 ], [ 114.9618571, 35.5094211, 0.0 ], [ 114.9616379, 35.5085421, 0.0 ], [ 114.9613488, 35.5076334, 0.0 ], [ 114.9608502, 35.5068349, 0.0 ], [ 114.9604909, 35.5061261, 0.0 ], [ 114.9597727, 35.5054478, 0.0 ], [ 114.959254, 35.5049392, 0.0 ], [ 114.9582661, 35.5045413, 0.0 ], [ 114.9574082, 35.5042531, 0.0 ], [ 114.95655, 35.5038449, 0.0 ], [ 114.9554826, 35.503607, 0.0 ], [ 114.955353, 35.5035473, 0.0 ], [ 114.9544249, 35.5033591, 0.0 ], [ 114.953976, 35.50326, 0.0 ], [ 114.9529982, 35.5030619, 0.0 ], [ 114.9520104, 35.5029638, 0.0 ], [ 114.9509426, 35.5027559, 0.0 ], [ 114.9500549, 35.5025676, 0.0 ], [ 114.9491966, 35.5024792, 0.0 ], [ 114.9483388, 35.5021809, 0.0 ], [ 114.9474805, 35.5017928, 0.0 ], [ 114.9466424, 35.5012047, 0.0 ], [ 114.9457547, 35.5006967, 0.0 ], [ 114.9449962, 35.5003384, 0.0 ], [ 114.9449566, 35.5002784, 0.0 ], [ 114.9444475, 35.4999596, 0.0 ], [ 114.9440785, 35.4997004, 0.0 ], [ 114.9436696, 35.4994015, 0.0 ], [ 114.9431306, 35.4990127, 0.0 ], [ 114.9414548, 35.4979066, 0.0 ], [ 114.9407165, 35.4974084, 0.0 ], [ 114.9399882, 35.4970201, 0.0 ], [ 114.9392498, 35.4965218, 0.0 ], [ 114.9384618, 35.4958837, 0.0 ], [ 114.9380129, 35.4955248, 0.0 ], [ 114.9374045, 35.4949264, 0.0 ], [ 114.9369055, 35.4943278, 0.0 ], [ 114.936417, 35.4936393, 0.0 ], [ 114.935918, 35.4930407, 0.0 ], [ 114.935549, 35.492342, 0.0 ], [ 114.9350605, 35.4916334, 0.0 ], [ 114.934811, 35.4908345, 0.0 ], [ 114.9347714, 35.4906847, 0.0 ], [ 114.9345518, 35.4901456, 0.0 ], [ 114.9344222, 35.4893465, 0.0 ], [ 114.9343031, 35.4884474, 0.0 ], [ 114.9340536, 35.4876485, 0.0 ], [ 114.9339244, 35.4868394, 0.0 ], [ 114.9337948, 35.4861502, 0.0 ], [ 114.9336652, 35.4853411, 0.0 ], [ 114.9335456, 35.484652, 0.0 ], [ 114.9335359, 35.4837427, 0.0 ], [ 114.9335359, 35.4830533, 0.0 ], [ 114.9336461, 35.4821539, 0.0 ], [ 114.9340054, 35.4813439, 0.0 ], [ 114.934784, 35.480703, 0.0 ], [ 114.9352229, 35.4803424, 0.0 ], [ 114.9361409, 35.4798412, 0.0 ], [ 114.9369592, 35.4794, 0.0 ], [ 114.9370492, 35.4793399, 0.0 ], [ 114.9374182, 35.4791294, 0.0 ], [ 114.9382764, 35.4788281, 0.0 ], [ 114.9391246, 35.4786267, 0.0 ], [ 114.9401023, 35.4784251, 0.0 ], [ 114.9410902, 35.4783133, 0.0 ], [ 114.9421874, 35.4783113, 0.0 ], [ 114.9432851, 35.4783093, 0.0 ], [ 114.9442628, 35.4783075, 0.0 ], [ 114.9451207, 35.4784058, 0.0 ], [ 114.945979, 35.478694, 0.0 ], [ 114.9468368, 35.4787924, 0.0 ], [ 114.9475752, 35.4791907, 0.0 ], [ 114.948423, 35.4794889, 0.0 ], [ 114.949291, 35.4795773, 0.0 ], [ 114.9502687, 35.4796754, 0.0 ], [ 114.9513462, 35.4798732, 0.0 ], [ 114.9523542, 35.4799713, 0.0 ], [ 114.953332, 35.4799595, 0.0 ], [ 114.9544192, 35.4800674, 0.0 ], [ 114.9555366, 35.4800553, 0.0 ], [ 114.9565144, 35.4802534, 0.0 ], [ 114.9573726, 35.4803518, 0.0 ], [ 114.9582305, 35.48055, 0.0 ], [ 114.959318, 35.480658, 0.0 ], [ 114.9604157, 35.4807558, 0.0 ], [ 114.9611738, 35.4808344, 0.0 ], [ 114.9621516, 35.4808326, 0.0 ], [ 114.9629998, 35.4809309, 0.0 ], [ 114.9638378, 35.4809194, 0.0 ], [ 114.9641071, 35.480929, 0.0 ], [ 114.9650849, 35.4809172, 0.0 ], [ 114.9659431, 35.4806257, 0.0 ], [ 114.9665418, 35.4800152, 0.0 ], [ 114.9670307, 35.4794147, 0.0 ], [ 114.9666617, 35.4786161, 0.0 ], [ 114.9660731, 35.4778477, 0.0 ], [ 114.9654247, 35.4770695, 0.0 ], [ 114.9650557, 35.4766205, 0.0 ], [ 114.9646565, 35.4757819, 0.0 ], [ 114.9643076, 35.4750331, 0.0 ], [ 114.9639584, 35.4741744, 0.0 ], [ 114.9636791, 35.4733256, 0.0 ], [ 114.9635596, 35.4725264, 0.0 ], [ 114.9635495, 35.4723266, 0.0 ], [ 114.9632802, 35.4716576, 0.0 ], [ 114.9630509, 35.4709386, 0.0 ], [ 114.9629213, 35.4701294, 0.0 ], [ 114.9626822, 35.4692506, 0.0 ], [ 114.9625526, 35.4683416, 0.0 ], [ 114.962423, 35.4676323, 0.0 ], [ 114.9621736, 35.4669333, 0.0 ], [ 114.9621739, 35.4660341, 0.0 ], [ 114.9620443, 35.4652348, 0.0 ], [ 114.9620342, 35.4643256, 0.0 ], [ 114.9620245, 35.4634263, 0.0 ], [ 114.9620148, 35.462527, 0.0 ], [ 114.9621347, 35.4616375, 0.0 ], [ 114.9623741, 35.4609376, 0.0 ], [ 114.962494, 35.4600381, 0.0 ], [ 114.9624842, 35.4591288, 0.0 ], [ 114.9624742, 35.4583394, 0.0 ], [ 114.9623845, 35.4579399, 0.0 ], [ 114.9623546, 35.4576302, 0.0 ], [ 114.9619558, 35.4567916, 0.0 ], [ 114.9616066, 35.4560428, 0.0 ], [ 114.961108, 35.4552444, 0.0 ], [ 114.9606191, 35.4545458, 0.0 ], [ 114.9601205, 35.4537474, 0.0 ], [ 114.959632, 35.4530389, 0.0 ], [ 114.959133, 35.4522505, 0.0 ], [ 114.9587543, 35.4515517, 0.0 ], [ 114.958395, 35.450753, 0.0 ], [ 114.9578964, 35.4500545, 0.0 ], [ 114.9575173, 35.4493558, 0.0 ], [ 114.9571685, 35.4485071, 0.0 ], [ 114.9567797, 35.4477585, 0.0 ], [ 114.9565302, 35.4469595, 0.0 ], [ 114.9564006, 35.4461604, 0.0 ], [ 114.9563909, 35.4452612, 0.0 ], [ 114.9563909, 35.4443619, 0.0 ], [ 114.9565108, 35.4436622, 0.0 ], [ 114.9568502, 35.4428022, 0.0 ], [ 114.9573492, 35.4419619, 0.0 ], [ 114.9574788, 35.4417518, 0.0 ], [ 114.9578381, 35.4412516, 0.0 ], [ 114.9586164, 35.4406105, 0.0 ], [ 114.9592946, 35.4400497, 0.0 ], [ 114.9600229, 35.4395487, 0.0 ], [ 114.9609308, 35.4390473, 0.0 ], [ 114.9614795, 35.4387465, 0.0 ], [ 114.9623374, 35.438535, 0.0 ], [ 114.9633551, 35.4381834, 0.0 ], [ 114.9640535, 35.4379322, 0.0 ], [ 114.9649013, 35.4377407, 0.0 ], [ 114.9660086, 35.4377286, 0.0 ], [ 114.9669464, 35.4376068, 0.0 ], [ 114.9669864, 35.4376268, 0.0 ], [ 114.9679541, 35.437425, 0.0 ], [ 114.9689315, 35.4371134, 0.0 ], [ 114.9697894, 35.4369119, 0.0 ], [ 114.9708668, 35.43671, 0.0 ], [ 114.9717449, 35.4364985, 0.0 ], [ 114.9727622, 35.4361468, 0.0 ], [ 114.9734606, 35.4359057, 0.0 ], [ 114.9743084, 35.4353944, 0.0 ], [ 114.9750868, 35.4347534, 0.0 ], [ 114.975765, 35.4341925, 0.0 ], [ 114.9761344, 35.4334923, 0.0 ], [ 114.9763637, 35.4327924, 0.0 ], [ 114.9766232, 35.4319125, 0.0 ], [ 114.9768925, 35.4310426, 0.0 ], [ 114.9770923, 35.4305726, 0.0 ], [ 114.9770923, 35.4303827, 0.0 ], [ 114.9772021, 35.4296831, 0.0 ], [ 114.9773216, 35.4287935, 0.0 ], [ 114.9774415, 35.4278939, 0.0 ], [ 114.9775412, 35.4269944, 0.0 ], [ 114.9778408, 35.4260245, 0.0 ], [ 114.9780305, 35.4254846, 0.0 ], [ 114.9782699, 35.4246847, 0.0 ], [ 114.9785093, 35.4239847, 0.0 ], [ 114.9786292, 35.423285, 0.0 ], [ 114.9788686, 35.4225751, 0.0 ], [ 114.9789784, 35.4216756, 0.0 ], [ 114.9792178, 35.4208856, 0.0 ], [ 114.9793376, 35.420186, 0.0 ], [ 114.979577, 35.4193861, 0.0 ], [ 114.9798064, 35.4185062, 0.0 ], [ 114.9801757, 35.4177761, 0.0 ], [ 114.9802952, 35.4170064, 0.0 ], [ 114.9802952, 35.4169864, 0.0 ], [ 114.9802855, 35.4166567, 0.0 ], [ 114.9802855, 35.4160771, 0.0 ], [ 114.9803953, 35.4151776, 0.0 ], [ 114.9801458, 35.4144785, 0.0 ], [ 114.9796573, 35.4136801, 0.0 ], [ 114.9788095, 35.4131123, 0.0 ], [ 114.978181, 35.4126838, 0.0 ], [ 114.977443, 35.4122955, 0.0 ], [ 114.9765851, 35.4117976, 0.0 ], [ 114.9758672, 35.4111095, 0.0 ], [ 114.9753485, 35.410491, 0.0 ], [ 114.97473, 35.4098028, 0.0 ], [ 114.9740021, 35.4091946, 0.0 ], [ 114.9733937, 35.4087761, 0.0 ], [ 114.9731543, 35.4086167, 0.0 ], [ 114.972516, 35.4078586, 0.0 ], [ 114.9716682, 35.4070408, 0.0 ], [ 114.9708006, 35.4064131, 0.0 ], [ 114.9700126, 35.4057852, 0.0 ], [ 114.9693246, 35.4052169, 0.0 ], [ 114.9687061, 35.4046186, 0.0 ], [ 114.9678486, 35.4040508, 0.0 ], [ 114.9675494, 35.4038415, 0.0 ], [ 114.9672402, 35.4036323, 0.0 ], [ 114.9663722, 35.4031344, 0.0 ], [ 114.9657941, 35.4027259, 0.0 ], [ 114.9655248, 35.4025565, 0.0 ], [ 114.9648962, 35.4021381, 0.0 ], [ 114.9641086, 35.4015002, 0.0 ], [ 114.9636697, 35.4011413, 0.0 ], [ 114.9630512, 35.400543, 0.0 ], [ 114.9624432, 35.3998448, 0.0 ], [ 114.9618247, 35.3992467, 0.0 ], [ 114.9614456, 35.3985581, 0.0 ], [ 114.9613859, 35.3984583, 0.0 ], [ 114.9608974, 35.39777, 0.0 ], [ 114.9604585, 35.3971615, 0.0 ], [ 114.9599696, 35.3963633, 0.0 ], [ 114.959421, 35.3955751, 0.0 ], [ 114.9588526, 35.3946571, 0.0 ], [ 114.9584836, 35.3939586, 0.0 ], [ 114.957995, 35.3933701, 0.0 ], [ 114.957257, 35.3927722, 0.0 ], [ 114.9566386, 35.392174, 0.0 ], [ 114.9560201, 35.391476, 0.0 ], [ 114.9555316, 35.3907777, 0.0 ], [ 114.9549131, 35.3900297, 0.0 ], [ 114.9545441, 35.3895809, 0.0 ], [ 114.9538061, 35.3889829, 0.0 ], [ 114.9531876, 35.3882849, 0.0 ], [ 114.9526292, 35.3878364, 0.0 ], [ 114.9524096, 35.387657, 0.0 ], [ 114.951622, 35.3870193, 0.0 ], [ 114.9512227, 35.3866903, 0.0 ], [ 114.9503652, 35.3863024, 0.0 ], [ 114.9498763, 35.385704, 0.0 ], [ 114.9492578, 35.3851059, 0.0 ], [ 114.9483305, 35.3846083, 0.0 ], [ 114.9477818, 35.3843096, 0.0 ], [ 114.9474128, 35.3836111, 0.0 ], [ 114.9468044, 35.3831127, 0.0 ], [ 114.9463058, 35.3823145, 0.0 ], [ 114.945817, 35.3816162, 0.0 ], [ 114.9458072, 35.3815862, 0.0 ], [ 114.9455279, 35.3812972, 0.0 ], [ 114.9460265, 35.3808666, 0.0 ], [ 114.9463858, 35.3801566, 0.0 ], [ 114.9466252, 35.3794667, 0.0 ], [ 114.9470341, 35.3791063, 0.0 ], [ 114.9472436, 35.3789461, 0.0 ], [ 114.9476724, 35.3782859, 0.0 ], [ 114.9477023, 35.3782358, 0.0 ], [ 114.9483308, 35.3776551, 0.0 ], [ 114.9488197, 35.3769449, 0.0 ], [ 114.9492085, 35.3764446, 0.0 ], [ 114.9492982, 35.3763545, 0.0 ], [ 114.949458, 35.3760645, 0.0 ], [ 114.9499069, 35.3757539, 0.0 ], [ 114.9503857, 35.3750437, 0.0 ], [ 114.9509941, 35.3743431, 0.0 ], [ 114.9517721, 35.3737022, 0.0 ], [ 114.9522109, 35.3733417, 0.0 ], [ 114.9529392, 35.3728408, 0.0 ], [ 114.953009, 35.3727308, 0.0 ], [ 114.9534878, 35.3720605, 0.0 ], [ 114.9539166, 35.3714302, 0.0 ], [ 114.9545254, 35.3709295, 0.0 ], [ 114.9549739, 35.3703592, 0.0 ], [ 114.9551237, 35.3701691, 0.0 ], [ 114.9554927, 35.3697187, 0.0 ], [ 114.955852, 35.3690187, 0.0 ], [ 114.9559416, 35.3687788, 0.0 ], [ 114.9561014, 35.368319, 0.0 ], [ 114.9564503, 35.367619, 0.0 ], [ 114.9566998, 35.3669192, 0.0 ], [ 114.957059, 35.3662192, 0.0 ], [ 114.957428, 35.3654192, 0.0 ], [ 114.9576574, 35.3647094, 0.0 ], [ 114.9577772, 35.36401, 0.0 ], [ 114.9580166, 35.3633101, 0.0 ], [ 114.9581365, 35.3626106, 0.0 ], [ 114.9583061, 35.3621108, 0.0 ], [ 114.9583759, 35.3619108, 0.0 ], [ 114.9585055, 35.3610214, 0.0 ], [ 114.9586153, 35.360312, 0.0 ], [ 114.9588547, 35.3596122, 0.0 ], [ 114.959084, 35.3588125, 0.0 ], [ 114.9594534, 35.3580125, 0.0 ], [ 114.9597526, 35.3571429, 0.0 ], [ 114.9599322, 35.356603, 0.0 ], [ 114.9604211, 35.3560027, 0.0 ], [ 114.961149, 35.3555017, 0.0 ], [ 114.9618773, 35.3551006, 0.0 ], [ 114.9622862, 35.3549599, 0.0 ], [ 114.9627251, 35.3547993, 0.0 ], [ 114.963583, 35.354388, 0.0 ], [ 114.964321, 35.3539868, 0.0 ], [ 114.965159, 35.3538953, 0.0 ], [ 114.9652987, 35.353885, 0.0 ], [ 114.9661465, 35.3537834, 0.0 ], [ 114.9670044, 35.3535719, 0.0 ], [ 114.9680916, 35.3534799, 0.0 ], [ 114.9689592, 35.3532583, 0.0 ], [ 114.969937, 35.3530666, 0.0 ], [ 114.9707848, 35.3528651, 0.0 ], [ 114.9717622, 35.3526533, 0.0 ], [ 114.9727698, 35.3522917, 0.0 ], [ 114.9730092, 35.3522412, 0.0 ], [ 114.9739366, 35.3520496, 0.0 ], [ 114.9748146, 35.351848, 0.0 ], [ 114.9756523, 35.3512669, 0.0 ], [ 114.9762809, 35.3508461, 0.0 ], [ 114.9770488, 35.3502052, 0.0 ], [ 114.9774581, 35.3498747, 0.0 ], [ 114.977488, 35.3498347, 0.0 ], [ 114.9779765, 35.3492343, 0.0 ], [ 114.9784556, 35.3485341, 0.0 ], [ 114.9789442, 35.3479337, 0.0 ], [ 114.979433, 35.3471335, 0.0 ], [ 114.9799716, 35.3466829, 0.0 ], [ 114.9800414, 35.3466328, 0.0 ], [ 114.9805202, 35.3460225, 0.0 ], [ 114.9812186, 35.3453317, 0.0 ], [ 114.9817475, 35.3448212, 0.0 ], [ 114.9824758, 35.3442203, 0.0 ], [ 114.9829546, 35.34362, 0.0 ], [ 114.9837325, 35.342979, 0.0 ], [ 114.9842912, 35.3425084, 0.0 ], [ 114.9845605, 35.3422481, 0.0 ], [ 114.9848996, 35.3419079, 0.0 ], [ 114.985508, 35.3414071, 0.0 ], [ 114.9861168, 35.3406567, 0.0 ], [ 114.9867151, 35.3399062, 0.0 ], [ 114.9869646, 35.339596, 0.0 ], [ 114.9878124, 35.3390249, 0.0 ], [ 114.9884309, 35.3385941, 0.0 ], [ 114.9891491, 35.338193, 0.0 ], [ 114.9897377, 35.3374326, 0.0 ], [ 114.9902464, 35.3367922, 0.0 ], [ 114.9908551, 35.3362815, 0.0 ], [ 114.9910844, 35.3361512, 0.0 ], [ 114.9917029, 35.3357804, 0.0 ], [ 114.9927106, 35.3354287, 0.0 ], [ 114.9934187, 35.3351775, 0.0 ], [ 114.9942863, 35.3350858, 0.0 ], [ 114.9943961, 35.3350757, 0.0 ], [ 114.9947053, 35.3350451, 0.0 ], [ 114.995254, 35.3349641, 0.0 ], [ 114.9961018, 35.3347626, 0.0 ], [ 114.9969596, 35.334661, 0.0 ], [ 114.9980569, 35.3346588, 0.0 ], [ 114.9990343, 35.3345569, 0.0 ], [ 115.0000121, 35.3343851, 0.0 ], [ 115.0000819, 35.334375, 0.0 ], [ 115.0009398, 35.3341637, 0.0 ], [ 115.0019176, 35.3338722, 0.0 ], [ 115.0025861, 35.3337012, 0.0 ], [ 115.0029749, 35.3336106, 0.0 ], [ 115.0036333, 35.3334595, 0.0 ], [ 115.0044016, 35.3334082, 0.0 ], [ 115.0045013, 35.3333481, 0.0 ], [ 115.0053293, 35.3331568, 0.0 ], [ 115.006307, 35.3331551, 0.0 ], [ 115.0071649, 35.3328439, 0.0 ], [ 115.0082525, 35.332712, 0.0 ], [ 115.008881, 35.3326409, 0.0 ], [ 115.0097288, 35.3323397, 0.0 ], [ 115.0107066, 35.3322281, 0.0 ], [ 115.0116844, 35.3319366, 0.0 ], [ 115.0129613, 35.331225, 0.0 ], [ 115.0127118, 35.3333633, 0.0 ], [ 115.0126618, 35.3336831, 0.0 ], [ 115.0126517, 35.333793, 0.0 ], [ 115.0125916, 35.3364904, 0.0 ], [ 115.0121225, 35.3392885, 0.0 ], [ 115.0115832, 35.3453234, 0.0 ], [ 115.0109636, 35.3546052, 0.0 ], [ 115.0118309, 35.3619563, 0.0 ], [ 115.0138156, 35.3673974, 0.0 ], [ 115.0162294, 35.3712191, 0.0 ], [ 115.0182842, 35.3733034, 0.0 ], [ 115.0201098, 35.374409, 0.0 ], [ 115.0254868, 35.3755882, 0.0 ], [ 115.0302355, 35.3759892, 0.0 ], [ 115.0397327, 35.3758323, 0.0 ], [ 115.0455388, 35.3759217, 0.0 ], [ 115.0607326, 35.3745558, 0.0 ], [ 115.066399, 35.3747454, 0.0 ], [ 115.0683642, 35.3751016, 0.0 ], [ 115.0695313, 35.3759886, 0.0 ], [ 115.0718353, 35.3789315, 0.0 ], [ 115.0756556, 35.3842892, 0.0 ], [ 115.0789572, 35.3892983, 0.0 ], [ 115.0813609, 35.3935498, 0.0 ], [ 115.0819794, 35.3957565, 0.0 ], [ 115.0819394, 35.3959962, 0.0 ], [ 115.0817897, 35.3968856, 0.0 ], [ 115.0815503, 35.3975854, 0.0 ], [ 115.0814704, 35.398085, 0.0 ], [ 115.081191, 35.3990945, 0.0 ], [ 115.0810812, 35.399894, 0.0 ], [ 115.0807219, 35.400594, 0.0 ], [ 115.0805322, 35.4011338, 0.0 ], [ 115.0802428, 35.4020036, 0.0 ], [ 115.0797636, 35.4026039, 0.0 ], [ 115.0795141, 35.4033038, 0.0 ], [ 115.079035, 35.4040141, 0.0 ], [ 115.0786757, 35.4047041, 0.0 ], [ 115.0784363, 35.4054139, 0.0 ], [ 115.078077, 35.4062139, 0.0 ], [ 115.0778873, 35.4067538, 0.0 ], [ 115.0775975, 35.4076235, 0.0 ], [ 115.0775377, 35.4079434, 0.0 ], [ 115.0773977, 35.4088328, 0.0 ], [ 115.0772382, 35.4097224, 0.0 ], [ 115.0772479, 35.4105117, 0.0 ], [ 115.0777465, 35.4112202, 0.0 ], [ 115.0781252, 35.4119189, 0.0 ], [ 115.0787336, 35.4124074, 0.0 ], [ 115.0792225, 35.413006, 0.0 ], [ 115.0798806, 35.4135244, 0.0 ], [ 115.0808184, 35.4139923, 0.0 ], [ 115.0816363, 35.4144604, 0.0 ], [ 115.0825338, 35.4149782, 0.0 ], [ 115.0833917, 35.4153763, 0.0 ], [ 115.0843691, 35.4156743, 0.0 ], [ 115.085237, 35.4160724, 0.0 ], [ 115.0860848, 35.4162606, 0.0 ], [ 115.0871821, 35.4162487, 0.0 ], [ 115.0878006, 35.4161776, 0.0 ], [ 115.0888882, 35.4160457, 0.0 ], [ 115.0898558, 35.415934, 0.0 ], [ 115.0908332, 35.4157224, 0.0 ], [ 115.0913822, 35.4154217, 0.0 ], [ 115.0922999, 35.4149204, 0.0 ], [ 115.093148, 35.4147091, 0.0 ], [ 115.0938864, 35.4143081, 0.0 ], [ 115.0943652, 35.4137078, 0.0 ], [ 115.0946546, 35.4134574, 0.0 ], [ 115.0965702, 35.4132041, 0.0 ], [ 115.097877, 35.4134316, 0.0 ], [ 115.1001018, 35.4141174, 0.0 ], [ 115.1027258, 35.4148105, 0.0 ], [ 115.1060008, 35.4158341, 0.0 ], [ 115.1090453, 35.4166876, 0.0 ], [ 115.1092858, 35.4167479, 0.0 ], [ 115.1095162, 35.4167981, 0.0 ], [ 115.113222, 35.4174628, 0.0 ], [ 115.1146739, 35.4178145, 0.0 ], [ 115.1182494, 35.4186587, 0.0 ], [ 115.1190508, 35.4188397, 0.0 ], [ 115.1250397, 35.4202467, 0.0 ], [ 115.1270129, 35.4207092, 0.0 ], [ 115.1356763, 35.4226794, 0.0 ], [ 115.1430174, 35.4244181, 0.0 ], [ 115.1494574, 35.4254862, 0.0 ], [ 115.1580107, 35.4261476, 0.0 ], [ 115.1639201, 35.4265055, 0.0 ], [ 115.1648716, 35.4264969, 0.0 ], [ 115.165723, 35.4262982, 0.0 ], [ 115.1665744, 35.4261895, 0.0 ], [ 115.1671856, 35.4260305, 0.0 ], [ 115.1705308, 35.4266546, 0.0 ], [ 115.1742164, 35.4264999, 0.0 ], [ 115.1779226, 35.4261254, 0.0 ], [ 115.1816288, 35.4256311, 0.0 ], [ 115.1849344, 35.4250363, 0.0 ], [ 115.18826, 35.423782, 0.0 ], [ 115.1918561, 35.4222184, 0.0 ], [ 115.193389, 35.4213214, 0.0 ], [ 115.1954626, 35.4201154, 0.0 ], [ 115.1988188, 35.4173525, 0.0 ], [ 115.1993297, 35.4169237, 0.0 ], [ 115.1996202, 35.4166743, 0.0 ], [ 115.2021809, 35.4144865, 0.0 ], [ 115.2044914, 35.4112791, 0.0 ], [ 115.2065117, 35.4091408, 0.0 ], [ 115.2085216, 35.4078718, 0.0 ], [ 115.2103612, 35.4080115, 0.0 ], [ 115.2134802, 35.4095598, 0.0 ], [ 115.216349, 35.4121971, 0.0 ], [ 115.2171288, 35.4128265, 0.0 ], [ 115.2177484, 35.4135158, 0.0 ], [ 115.2180983, 35.4137056, 0.0 ], [ 115.2214067, 35.4166426, 0.0 ], [ 115.2217166, 35.4169223, 0.0 ], [ 115.2234259, 35.4184408, 0.0 ], [ 115.2303235, 35.4225364, 0.0 ], [ 115.2361919, 35.4253134, 0.0 ], [ 115.2441691, 35.4302981, 0.0 ], [ 115.2450389, 35.4308375, 0.0 ], [ 115.2499572, 35.4343139, 0.0 ], [ 115.2534859, 35.4367913, 0.0 ], [ 115.2567349, 35.4391089, 0.0 ], [ 115.2585544, 35.4403176, 0.0 ], [ 115.2597139, 35.4414165, 0.0 ], [ 115.2611431, 35.4427352, 0.0 ], [ 115.2624226, 35.4444835, 0.0 ], [ 115.2649717, 35.4465514, 0.0 ], [ 115.2660215, 35.4471708, 0.0 ], [ 115.2763373, 35.4586294, 0.0 ], [ 115.2796262, 35.4612567, 0.0 ], [ 115.280266, 35.462036, 0.0 ], [ 115.2819554, 35.4638841, 0.0 ], [ 115.2829649, 35.4656225, 0.0 ], [ 115.2840046, 35.4668313, 0.0 ], [ 115.2850442, 35.4677104, 0.0 ], [ 115.2873634, 35.4702279, 0.0 ], [ 115.2924318, 35.4745135, 0.0 ], [ 115.2964807, 35.4770608, 0.0 ], [ 115.3011776, 35.4796166, 0.0 ], [ 115.3081145, 35.4826347, 0.0 ], [ 115.3162498, 35.4852317, 0.0 ], [ 115.3197929, 35.4864759, 0.0 ], [ 115.3222783, 35.4873719, 0.0 ], [ 115.3242547, 35.487729, 0.0 ], [ 115.3255824, 35.4874175, 0.0 ], [ 115.3268104, 35.4866665, 0.0 ], [ 115.327679, 35.4861859, 0.0 ], [ 115.3282781, 35.4854657, 0.0 ], [ 115.3288872, 35.4849754, 0.0 ], [ 115.3293664, 35.4843652, 0.0 ], [ 115.3300954, 35.4838647, 0.0 ], [ 115.3305846, 35.4832446, 0.0 ], [ 115.3310638, 35.4826544, 0.0 ], [ 115.331553, 35.4819444, 0.0 ], [ 115.3320325, 35.4813543, 0.0 ], [ 115.3323817, 35.4806445, 0.0 ], [ 115.3325718, 35.4801047, 0.0 ], [ 115.3328612, 35.4792351, 0.0 ], [ 115.3329512, 35.4787354, 0.0 ], [ 115.3330913, 35.477846, 0.0 ], [ 115.3332112, 35.4770366, 0.0 ], [ 115.3334412, 35.4762269, 0.0 ], [ 115.3335611, 35.4754274, 0.0 ], [ 115.3339106, 35.4746277, 0.0 ], [ 115.3343999, 35.4739277, 0.0 ], [ 115.335378, 35.4738164, 0.0 ], [ 115.3362366, 35.4740052, 0.0 ], [ 115.3368454, 35.4746138, 0.0 ], [ 115.3370448, 35.4751431, 0.0 ], [ 115.337354, 35.4760119, 0.0 ], [ 115.337444, 35.4765114, 0.0 ], [ 115.3376132, 35.4774004, 0.0 ], [ 115.3376132, 35.4779999, 0.0 ], [ 115.337633, 35.4788991, 0.0 ], [ 115.3376428, 35.4798083, 0.0 ], [ 115.3375528, 35.480318, 0.0 ], [ 115.3374127, 35.4812073, 0.0 ], [ 115.3374127, 35.4818068, 0.0 ], [ 115.3374224, 35.4827061, 0.0 ], [ 115.3374322, 35.4836053, 0.0 ], [ 115.3374419, 35.4845145, 0.0 ], [ 115.3375816, 35.4853036, 0.0 ], [ 115.3375913, 35.486003, 0.0 ], [ 115.3375913, 35.4869123, 0.0 ], [ 115.3377209, 35.4876015, 0.0 ], [ 115.33797, 35.4883005, 0.0 ], [ 115.3380996, 35.4889998, 0.0 ], [ 115.3383592, 35.4896988, 0.0 ], [ 115.3387282, 35.4903978, 0.0 ], [ 115.3386979, 35.4920364, 0.0 ], [ 115.3389474, 35.4927954, 0.0 ], [ 115.3397257, 35.4935637, 0.0 ], [ 115.3432591, 35.4951277, 0.0 ], [ 115.3498068, 35.497697, 0.0 ], [ 115.3528106, 35.4994717, 0.0 ], [ 115.3532398, 35.5000206, 0.0 ], [ 115.3533096, 35.5001005, 0.0 ], [ 115.3535893, 35.5004499, 0.0 ], [ 115.3534291, 35.5018492, 0.0 ], [ 115.3529698, 35.5048678, 0.0 ], [ 115.3516914, 35.5089568, 0.0 ], [ 115.3470384, 35.5170976, 0.0 ], [ 115.3453608, 35.5213971, 0.0 ], [ 115.3438628, 35.5256762, 0.0 ], [ 115.343064, 35.5274462, 0.0 ], [ 115.3408072, 35.5316965, 0.0 ], [ 115.3386904, 35.5363464, 0.0 ], [ 115.336413, 35.5429352, 0.0 ], [ 115.3358539, 35.5451245, 0.0 ], [ 115.3371607, 35.5499497, 0.0 ], [ 115.3402348, 35.5535333, 0.0 ], [ 115.3416622, 35.5549904, 0.0 ], [ 115.3420711, 35.5558493, 0.0 ], [ 115.3435086, 35.5572464, 0.0 ], [ 115.3487786, 35.5616065, 0.0 ], [ 115.3557058, 35.5671134, 0.0 ], [ 115.3618448, 35.570203, 0.0 ], [ 115.3650791, 35.5712779, 0.0 ], [ 115.3679141, 35.5712241, 0.0 ], [ 115.3690121, 35.5708928, 0.0 ], [ 115.3698109, 35.5706518, 0.0 ], [ 115.3716278, 35.56965, 0.0 ], [ 115.3734149, 35.5692478, 0.0 ], [ 115.3748621, 35.5701353, 0.0 ], [ 115.375032, 35.5703449, 0.0 ], [ 115.3753513, 35.5707342, 0.0 ], [ 115.3758503, 35.571433, 0.0 ], [ 115.3760501, 35.5719624, 0.0 ], [ 115.3763593, 35.5728314, 0.0 ], [ 115.3767388, 35.5735304, 0.0 ], [ 115.3769882, 35.5742295, 0.0 ], [ 115.3773572, 35.5749186, 0.0 ], [ 115.3778566, 35.5756074, 0.0 ], [ 115.378106, 35.5763166, 0.0 ], [ 115.378475, 35.5767558, 0.0 ], [ 115.379104, 35.5775045, 0.0 ], [ 115.3797228, 35.5780032, 0.0 ], [ 115.3800922, 35.5784524, 0.0 ], [ 115.380711, 35.5791911, 0.0 ], [ 115.3813298, 35.5796899, 0.0 ], [ 115.3818292, 35.5802788, 0.0 ], [ 115.3824379, 35.5808776, 0.0 ], [ 115.3828174, 35.5813168, 0.0 ], [ 115.3834362, 35.5820654, 0.0 ], [ 115.3838851, 35.5824245, 0.0 ], [ 115.3846739, 35.583053, 0.0 ], [ 115.3848636, 35.5833325, 0.0 ], [ 115.3851628, 35.5837518, 0.0 ], [ 115.3857917, 35.5845004, 0.0 ], [ 115.3864105, 35.5852391, 0.0 ], [ 115.3870294, 35.5859878, 0.0 ], [ 115.3876583, 35.5867363, 0.0 ], [ 115.3880276, 35.5875353, 0.0 ], [ 115.3883268, 35.5880945, 0.0 ], [ 115.3887761, 35.5889233, 0.0 ], [ 115.389275, 35.5895222, 0.0 ], [ 115.3896444, 35.5902212, 0.0 ], [ 115.3901437, 35.59091, 0.0 ], [ 115.3907626, 35.5914088, 0.0 ], [ 115.3912615, 35.5919977, 0.0 ], [ 115.3920002, 35.5924963, 0.0 ], [ 115.3924895, 35.5930952, 0.0 ], [ 115.3930082, 35.5934343, 0.0 ], [ 115.3938568, 35.5940027, 0.0 ], [ 115.3947154, 35.5945712, 0.0 ], [ 115.395574, 35.5948597, 0.0 ], [ 115.3964322, 35.5952482, 0.0 ], [ 115.3970514, 35.5957471, 0.0 ], [ 115.39778, 35.5961458, 0.0 ], [ 115.3985288, 35.5966344, 0.0 ], [ 115.3991477, 35.5971332, 0.0 ], [ 115.3998864, 35.597512, 0.0 ], [ 115.4005074, 35.5980225, 0.0 ], [ 115.401159, 35.5986433, 0.0 ], [ 115.4019308, 35.5992843, 0.0 ], [ 115.4023618, 35.5997148, 0.0 ], [ 115.4027326, 35.6001552, 0.0 ], [ 115.4031635, 35.6004559, 0.0 ], [ 115.4049178, 35.6016485, 0.0 ], [ 115.4066314, 35.6047998, 0.0 ], [ 115.4076134, 35.6098687, 0.0 ], [ 115.4082042, 35.6150168, 0.0 ], [ 115.4089055, 35.6191158, 0.0 ], [ 115.4089854, 35.6201653, 0.0 ], [ 115.4093962, 35.623564, 0.0 ], [ 115.4096366, 35.6238644, 0.0 ], [ 115.4103883, 35.6247653, 0.0 ], [ 115.41101, 35.6253561, 0.0 ], [ 115.4116314, 35.625857, 0.0 ], [ 115.4122528, 35.6264479, 0.0 ], [ 115.4127539, 35.6270385, 0.0 ], [ 115.4131747, 35.627459, 0.0 ], [ 115.4138965, 35.6281501, 0.0 ], [ 115.4146082, 35.628841, 0.0 ], [ 115.4153498, 35.6292322, 0.0 ], [ 115.4159813, 35.6298131, 0.0 ], [ 115.4167232, 35.6302143, 0.0 ], [ 115.4175851, 35.6306157, 0.0 ], [ 115.4164723, 35.6308234, 0.0 ], [ 115.4156202, 35.6312316, 0.0 ], [ 115.4147684, 35.6315297, 0.0 ], [ 115.4139163, 35.631728, 0.0 ], [ 115.4130541, 35.6318463, 0.0 ], [ 115.4120717, 35.6321542, 0.0 ], [ 115.4112196, 35.6322624, 0.0 ], [ 115.4103577, 35.6325706, 0.0 ], [ 115.4096359, 35.6330689, 0.0 ], [ 115.4089343, 35.6333174, 0.0 ], [ 115.4079216, 35.6336753, 0.0 ], [ 115.4069392, 35.6338832, 0.0 ], [ 115.406087, 35.6341914, 0.0 ], [ 115.4053454, 35.6345897, 0.0 ], [ 115.4047439, 35.6350982, 0.0 ], [ 115.404012, 35.6354966, 0.0 ], [ 115.4031599, 35.6358047, 0.0 ], [ 115.402298, 35.636013, 0.0 ], [ 115.4013156, 35.636221, 0.0 ], [ 115.4004635, 35.6363293, 0.0 ], [ 115.3996031, 35.6363288, 0.0 ], [ 115.3985047, 35.6363503, 0.0 ], [ 115.3973966, 35.6363519, 0.0 ], [ 115.3962983, 35.6363734, 0.0 ], [ 115.3954397, 35.6366743, 0.0 ], [ 115.3945912, 35.6367755, 0.0 ], [ 115.3939522, 35.6370062, 0.0 ], [ 115.3937326, 35.6370865, 0.0 ], [ 115.3931335, 35.637587, 0.0 ], [ 115.3926443, 35.6381974, 0.0 ], [ 115.3922148, 35.6388276, 0.0 ], [ 115.3916856, 35.6396079, 0.0 ], [ 115.3914458, 35.6403078, 0.0 ], [ 115.391336, 35.6411075, 0.0 ], [ 115.3910963, 35.6419173, 0.0 ], [ 115.3908666, 35.6423574, 0.0 ], [ 115.3904472, 35.6431874, 0.0 ], [ 115.3900278, 35.6440275, 0.0 ], [ 115.3899079, 35.6447272, 0.0 ], [ 115.3896984, 35.6454572, 0.0 ], [ 115.3894385, 35.646337, 0.0 ], [ 115.3890792, 35.647137, 0.0 ], [ 115.3888693, 35.6478568, 0.0 ], [ 115.3886098, 35.6487367, 0.0 ], [ 115.3884899, 35.6495364, 0.0 ], [ 115.3882602, 35.6502462, 0.0 ], [ 115.3881403, 35.650946, 0.0 ], [ 115.3879607, 35.6514759, 0.0 ], [ 115.3876709, 35.6523458, 0.0 ], [ 115.3873112, 35.6530559, 0.0 ], [ 115.386952, 35.653856, 0.0 ], [ 115.386223, 35.6544666, 0.0 ], [ 115.3854943, 35.6549673, 0.0 ], [ 115.3834078, 35.6547204, 0.0 ], [ 115.3814908, 35.6545331, 0.0 ], [ 115.3807121, 35.6539046, 0.0 ], [ 115.3800832, 35.6533159, 0.0 ], [ 115.3793444, 35.6527173, 0.0 ], [ 115.3787256, 35.6521185, 0.0 ], [ 115.3782266, 35.6515295, 0.0 ], [ 115.3776175, 35.6510307, 0.0 ], [ 115.3768687, 35.650642, 0.0 ], [ 115.37626, 35.6500432, 0.0 ], [ 115.3756411, 35.6495543, 0.0 ], [ 115.3750223, 35.6491355, 0.0 ], [ 115.3741936, 35.6485469, 0.0 ], [ 115.3734649, 35.6481482, 0.0 ], [ 115.372836, 35.6476494, 0.0 ], [ 115.372107, 35.6472607, 0.0 ], [ 115.3714781, 35.6468418, 0.0 ], [ 115.3706198, 35.6462633, 0.0 ], [ 115.370001, 35.6456745, 0.0 ], [ 115.3695017, 35.6450755, 0.0 ], [ 115.3690027, 35.6445166, 0.0 ], [ 115.3688929, 35.6443869, 0.0 ], [ 115.368264, 35.6437881, 0.0 ], [ 115.3678846, 35.6430991, 0.0 ], [ 115.3673456, 35.6423103, 0.0 ], [ 115.3668866, 35.6414914, 0.0 ], [ 115.3663974, 35.6407025, 0.0 ], [ 115.3660183, 35.6400035, 0.0 ], [ 115.3657688, 35.6393043, 0.0 ], [ 115.3652695, 35.6387153, 0.0 ], [ 115.3648904, 35.6380163, 0.0 ], [ 115.3644512, 35.6376571, 0.0 ], [ 115.3636524, 35.6370286, 0.0 ], [ 115.3626743, 35.63703, 0.0 ], [ 115.3618254, 35.637431, 0.0 ], [ 115.3612163, 35.6379414, 0.0 ], [ 115.360727, 35.6386417, 0.0 ], [ 115.3603775, 35.6393518, 0.0 ], [ 115.3601381, 35.6400517, 0.0 ], [ 115.3600182, 35.6407514, 0.0 ], [ 115.3596586, 35.6414615, 0.0 ], [ 115.3595585, 35.6421613, 0.0 ], [ 115.3594285, 35.6430609, 0.0 ], [ 115.3593187, 35.6437607, 0.0 ], [ 115.3591988, 35.6445603, 0.0 ], [ 115.359089, 35.6451501, 0.0 ], [ 115.359089, 35.64526, 0.0 ], [ 115.3588493, 35.6460599, 0.0 ], [ 115.358859, 35.6469693, 0.0 ], [ 115.3587492, 35.647859, 0.0 ], [ 115.3585195, 35.6485589, 0.0 ], [ 115.3583996, 35.6493586, 0.0 ], [ 115.3584094, 35.650158, 0.0 ], [ 115.3580497, 35.6509681, 0.0 ], [ 115.3579399, 35.6517678, 0.0 ], [ 115.3578499, 35.6522775, 0.0 ], [ 115.3577102, 35.6531773, 0.0 ], [ 115.35772, 35.6539767, 0.0 ], [ 115.35772, 35.6548762, 0.0 ], [ 115.3574899, 35.655676, 0.0 ], [ 115.35737, 35.6564758, 0.0 ], [ 115.35737, 35.6569355, 0.0 ], [ 115.3573801, 35.6572852, 0.0 ], [ 115.35737, 35.6573352, 0.0 ], [ 115.35727, 35.6581749, 0.0 ], [ 115.3575295, 35.6588741, 0.0 ], [ 115.3578989, 35.6596731, 0.0 ], [ 115.3580386, 35.6600327, 0.0 ], [ 115.3583478, 35.6609017, 0.0 ], [ 115.3584677, 35.6612513, 0.0 ], [ 115.3586574, 35.6617707, 0.0 ], [ 115.3590365, 35.6624598, 0.0 ], [ 115.3590466, 35.6632693, 0.0 ], [ 115.3590563, 35.6641688, 0.0 ], [ 115.3590664, 35.6650682, 0.0 ], [ 115.3589562, 35.6658679, 0.0 ], [ 115.3588363, 35.6665676, 0.0 ], [ 115.3588064, 35.6666576, 0.0 ], [ 115.3586567, 35.6671076, 0.0 ], [ 115.3583669, 35.6679674, 0.0 ], [ 115.3581271, 35.6687773, 0.0 ], [ 115.3576379, 35.6695775, 0.0 ], [ 115.3571587, 35.6702777, 0.0 ], [ 115.356919, 35.6709876, 0.0 ], [ 115.3565694, 35.6716777, 0.0 ], [ 115.3559502, 35.6722882, 0.0 ], [ 115.355331, 35.6727189, 0.0 ], [ 115.3544926, 35.6732996, 0.0 ], [ 115.3538834, 35.6738102, 0.0 ], [ 115.3537736, 35.6740203, 0.0 ], [ 115.3535936, 35.6743803, 0.0 ], [ 115.3531642, 35.6752103, 0.0 ], [ 115.352685, 35.6758207, 0.0 ], [ 115.3520759, 35.6763212, 0.0 ], [ 115.3517166, 35.6767715, 0.0 ], [ 115.3511075, 35.6775319, 0.0 ], [ 115.350628, 35.6782321, 0.0 ], [ 115.3500188, 35.6789326, 0.0 ], [ 115.3494097, 35.6794431, 0.0 ], [ 115.3492999, 35.6801428, 0.0 ], [ 115.3492999, 35.6808425, 0.0 ], [ 115.3493096, 35.6817518, 0.0 ], [ 115.3494392, 35.6824413, 0.0 ], [ 115.349539, 35.6827309, 0.0 ], [ 115.3496887, 35.6831405, 0.0 ], [ 115.3501978, 35.6839393, 0.0 ], [ 115.3504472, 35.6847385, 0.0 ], [ 115.3509563, 35.6854273, 0.0 ], [ 115.3512058, 35.6862365, 0.0 ], [ 115.3519445, 35.6866252, 0.0 ], [ 115.3519844, 35.6866652, 0.0 ], [ 115.3526832, 35.6871239, 0.0 ], [ 115.3534223, 35.6875126, 0.0 ], [ 115.3542906, 35.6880011, 0.0 ], [ 115.3551492, 35.6883997, 0.0 ], [ 115.3560179, 35.6886983, 0.0 ], [ 115.3568664, 35.6886871, 0.0 ], [ 115.3579745, 35.6886856, 0.0 ], [ 115.3588234, 35.6885744, 0.0 ], [ 115.359682, 35.6882634, 0.0 ], [ 115.3603408, 35.6881026, 0.0 ], [ 115.3613992, 35.6878513, 0.0 ], [ 115.3621382, 35.6874505, 0.0 ], [ 115.3626174, 35.6868402, 0.0 ], [ 115.3632164, 35.6861298, 0.0 ], [ 115.3638256, 35.6856292, 0.0 ], [ 115.3645646, 35.6852284, 0.0 ], [ 115.3648339, 35.6849982, 0.0 ], [ 115.3652836, 35.6846178, 0.0 ], [ 115.3661422, 35.6842068, 0.0 ], [ 115.3667513, 35.6837063, 0.0 ], [ 115.3673503, 35.6831058, 0.0 ], [ 115.3682089, 35.6828947, 0.0 ], [ 115.3689977, 35.6825238, 0.0 ], [ 115.3690675, 35.6824938, 0.0 ], [ 115.3699261, 35.6821827, 0.0 ], [ 115.370775, 35.6820817, 0.0 ], [ 115.3716336, 35.6820704, 0.0 ], [ 115.3727417, 35.6820589, 0.0 ], [ 115.3736003, 35.6821476, 0.0 ], [ 115.3742591, 35.6823067, 0.0 ], [ 115.375028, 35.6824754, 0.0 ], [ 115.3753873, 35.6825649, 0.0 ], [ 115.376256, 35.6828535, 0.0 ], [ 115.3771146, 35.683242, 0.0 ], [ 115.3779829, 35.6835307, 0.0 ], [ 115.3787216, 35.6840294, 0.0 ], [ 115.3794604, 35.684428, 0.0 ], [ 115.3801994, 35.6849267, 0.0 ], [ 115.3809382, 35.6853055, 0.0 ], [ 115.3813075, 35.6857547, 0.0 ], [ 115.3819364, 35.6865034, 0.0 ], [ 115.3819462, 35.687093, 0.0 ], [ 115.3819462, 35.6880025, 0.0 ], [ 115.3819559, 35.6889019, 0.0 ], [ 115.3820858, 35.6896013, 0.0 ], [ 115.3818461, 35.6904112, 0.0 ], [ 115.381247, 35.6909117, 0.0 ], [ 115.380518, 35.6913125, 0.0 ], [ 115.3799089, 35.691823, 0.0 ], [ 115.3791799, 35.6922238, 0.0 ], [ 115.3787008, 35.6928341, 0.0 ], [ 115.3778422, 35.6931351, 0.0 ], [ 115.3769836, 35.693546, 0.0 ], [ 115.3762646, 35.6940468, 0.0 ], [ 115.3752862, 35.6944579, 0.0 ], [ 115.3750266, 35.6945682, 0.0 ], [ 115.3742375, 35.6948591, 0.0 ], [ 115.3733789, 35.6951602, 0.0 ], [ 115.3725203, 35.6953612, 0.0 ], [ 115.3715418, 35.6955725, 0.0 ], [ 115.3706933, 35.6957835, 0.0 ], [ 115.3698347, 35.6958847, 0.0 ], [ 115.3689959, 35.6959658, 0.0 ], [ 115.3688461, 35.695986, 0.0 ], [ 115.3679976, 35.696307, 0.0 ], [ 115.367139, 35.696508, 0.0 ], [ 115.36628, 35.6968091, 0.0 ], [ 115.3654315, 35.6970201, 0.0 ], [ 115.3646626, 35.6971112, 0.0 ], [ 115.364443, 35.6971315, 0.0 ], [ 115.3636445, 35.6973025, 0.0 ], [ 115.362576, 35.6975239, 0.0 ], [ 115.3615075, 35.6977552, 0.0 ], [ 115.360529, 35.6980564, 0.0 ], [ 115.3598702, 35.6982172, 0.0 ], [ 115.3588219, 35.6984785, 0.0 ], [ 115.3579633, 35.6988794, 0.0 ], [ 115.3572343, 35.6992803, 0.0 ], [ 115.3566252, 35.6997908, 0.0 ], [ 115.3558865, 35.7001917, 0.0 ], [ 115.3552874, 35.7007025, 0.0 ], [ 115.3545484, 35.7011134, 0.0 ], [ 115.3540494, 35.7014141, 0.0 ], [ 115.3536998, 35.7016145, 0.0 ], [ 115.3532207, 35.7022251, 0.0 ], [ 115.3529809, 35.7029153, 0.0 ], [ 115.3528711, 35.7036254, 0.0 ], [ 115.3528513, 35.7036554, 0.0 ], [ 115.3525018, 35.7043258, 0.0 ], [ 115.3523819, 35.7050359, 0.0 ], [ 115.3521522, 35.7057361, 0.0 ], [ 115.3520323, 35.7065261, 0.0 ], [ 115.3519225, 35.7072362, 0.0 ], [ 115.3515334, 35.7075667, 0.0 ], [ 115.3513235, 35.707737, 0.0 ], [ 115.3509541, 35.7084473, 0.0 ], [ 115.350475, 35.7090479, 0.0 ], [ 115.3499857, 35.7097485, 0.0 ], [ 115.3496264, 35.7105488, 0.0 ], [ 115.3492668, 35.7109993, 0.0 ], [ 115.3486678, 35.7117501, 0.0 ], [ 115.3486282, 35.7117901, 0.0 ], [ 115.3480489, 35.7123608, 0.0 ], [ 115.3471802, 35.7129819, 0.0 ], [ 115.3463515, 35.713583, 0.0 ], [ 115.3463018, 35.713743, 0.0 ], [ 115.346232, 35.7139431, 0.0 ], [ 115.3459325, 35.7148134, 0.0 ], [ 115.345633, 35.7156836, 0.0 ], [ 115.3455232, 35.7163837, 0.0 ], [ 115.3455232, 35.7170836, 0.0 ], [ 115.3455329, 35.7179834, 0.0 ], [ 115.3456729, 35.7186831, 0.0 ], [ 115.345683, 35.719403, 0.0 ], [ 115.345683, 35.719443, 0.0 ], [ 115.345683, 35.719483, 0.0 ], [ 115.345683, 35.719563, 0.0 ], [ 115.345683, 35.7195929, 0.0 ], [ 115.3458126, 35.7204827, 0.0 ], [ 115.3459523, 35.7212723, 0.0 ], [ 115.3475197, 35.7280891, 0.0 ], [ 115.3489075, 35.7350562, 0.0 ], [ 115.3489475, 35.7352361, 0.0 ], [ 115.349796, 35.7395343, 0.0 ], [ 115.3498061, 35.7395743, 0.0 ], [ 115.3504552, 35.7410732, 0.0 ], [ 115.3504649, 35.7419731, 0.0 ], [ 115.3505948, 35.7426627, 0.0 ], [ 115.3506046, 35.7434726, 0.0 ], [ 115.3508044, 35.7440023, 0.0 ], [ 115.3508641, 35.7441621, 0.0 ], [ 115.3509541, 35.744682, 0.0 ], [ 115.351114, 35.7455616, 0.0 ], [ 115.3513735, 35.7462612, 0.0 ], [ 115.3514934, 35.7469708, 0.0 ], [ 115.3516331, 35.7478606, 0.0 ], [ 115.3518926, 35.7486601, 0.0 ], [ 115.3520122, 35.7493598, 0.0 ], [ 115.352172, 35.7499696, 0.0 ], [ 115.3521922, 35.7500195, 0.0 ], [ 115.3522321, 35.7502794, 0.0 ], [ 115.3522418, 35.7508693, 0.0 ], [ 115.3522519, 35.7517692, 0.0 ], [ 115.3522519, 35.752679, 0.0 ], [ 115.3520222, 35.7534792, 0.0 ], [ 115.3520024, 35.7535692, 0.0 ], [ 115.3519326, 35.7539992, 0.0 ], [ 115.3517926, 35.7548893, 0.0 ], [ 115.3515532, 35.7555895, 0.0 ], [ 115.3510639, 35.7561901, 0.0 ], [ 115.3505048, 35.7563908, 0.0 ], [ 115.3503752, 35.756441, 0.0 ], [ 115.3493568, 35.7568023, 0.0 ], [ 115.349287, 35.7568324, 0.0 ], [ 115.348698, 35.7571131, 0.0 ], [ 115.3484982, 35.7572134, 0.0 ], [ 115.3477696, 35.7576143, 0.0 ], [ 115.3474902, 35.7578446, 0.0 ], [ 115.3467115, 35.7584856, 0.0 ], [ 115.3459426, 35.7591265, 0.0 ], [ 115.345094, 35.7594376, 0.0 ], [ 115.3441058, 35.7598389, 0.0 ], [ 115.3431277, 35.7601602, 0.0 ], [ 115.3424286, 35.760401, 0.0 ], [ 115.3414206, 35.7607624, 0.0 ], [ 115.3406819, 35.7612732, 0.0 ], [ 115.3404522, 35.7619734, 0.0 ], [ 115.3405022, 35.7620433, 0.0 ], [ 115.3409414, 35.7625627, 0.0 ], [ 115.341201, 35.7632622, 0.0 ], [ 115.3415704, 35.7637117, 0.0 ], [ 115.3421993, 35.7644607, 0.0 ], [ 115.3424786, 35.7646803, 0.0 ], [ 115.3432674, 35.7653092, 0.0 ], [ 115.3440461, 35.765948, 0.0 ], [ 115.344545, 35.7665472, 0.0 ], [ 115.345174, 35.7671463, 0.0 ], [ 115.3459127, 35.7677352, 0.0 ], [ 115.3465319, 35.7683343, 0.0 ], [ 115.3472803, 35.7688333, 0.0 ], [ 115.3478995, 35.7693323, 0.0 ], [ 115.3485184, 35.7699215, 0.0 ], [ 115.3491372, 35.7704105, 0.0 ], [ 115.3504548, 35.7718286, 0.0 ], [ 115.3513033, 35.7728473, 0.0 ], [ 115.3514232, 35.7729772, 0.0 ], [ 115.3517328, 35.7732667, 0.0 ], [ 115.3517728, 35.7733666, 0.0 ], [ 115.3557058, 35.7754911, 0.0 ], [ 115.356195, 35.7758704, 0.0 ], [ 115.3568138, 35.7764594, 0.0 ], [ 115.3573128, 35.7770588, 0.0 ], [ 115.3574428, 35.7777485, 0.0 ], [ 115.3574528, 35.7785483, 0.0 ] ] ] } }
]
}
